district,mandal,date,rainfall_mm,humidity_min,humidity_max
Adilabad,Bheempoor,2019-10-01,0.0,66.9,97.7
Adilabad,Jainad,2019-10-01,0.0,68.95,97.1
Adilabad,Bela,2019-10-01,0.0,74.45,97.25
Adilabad,Gadiguda,2019-10-01,0.0,84.2,99.9
Adilabad,Narnoor,2019-10-01,0.0,76.2,96.2
Adilabad,Inderavelly,2019-10-01,0.0,66.2,97.3
Adilabad,Gudihathnur,2019-10-01,0.0,58.8,96.2
Adilabad,"Adilabad Rural",2019-10-01,0.0,65.8,96.9
Adilabad,"Adilabad Urban",2019-10-01,0.0,65.25,96.85
Adilabad,Mavala,2019-10-01,0.0,61.8,94.0
Adilabad,Tamsi,2019-10-01,0.0,60.9,99.0
Adilabad,Talamadugu,2019-10-01,0.2,68.4,93.65
Adilabad,Bazarhathnoor,2019-10-01,0.0,70.2,100.0
Adilabad,Boath,2019-10-01,0.0,64.75,93.25
Adilabad,Neradigonda,2019-10-01,0.0,65.9,99.7
Adilabad,Ichoda,2019-10-01,0.0,68.9,99.9
Adilabad,Sirikonda,2019-10-01,0.0,68.5,98.7
Adilabad,Utnur,2019-10-01,0.0,76.2,98.1
"Komaram Bheem-Asifabad",Jainoor,2019-10-01,0.0,76.2,92.7
"Komaram Bheem-Asifabad",Sirpur_U,2019-10-01,0.0,80.5,95.3
"Komaram Bheem-Asifabad",Lingapur,2019-10-01,0.0,77.7,87.7
"Komaram Bheem-Asifabad",Tiryani,2019-10-01,0.0,78.1,97.9
"Komaram Bheem-Asifabad",Rebbana,2019-10-01,0.0,74.2,95.55
"Komaram Bheem-Asifabad",Asifabad,2019-10-01,0.0,75.9,99.7
"Komaram Bheem-Asifabad",Kerameri,2019-10-01,0.0,66.6,97.9
"Komaram Bheem-Asifabad",Wankdi,2019-10-01,0.0,57.4,99.9
"Komaram Bheem-Asifabad",Kagaznagar,2019-10-01,0.0,67.45,94.95
"Komaram Bheem-Asifabad",Sirpur_T,2019-10-01,0.0,66.6666666666667,90.2666666666667
"Komaram Bheem-Asifabad",Kouthala,2019-10-01,0.0,70.0,99.9
"Komaram Bheem-Asifabad",Chintalamanepally,2019-10-01,0.0,72.2,94.0
"Komaram Bheem-Asifabad",Bejjur,2019-10-01,0.0,68.9,95.7
"Komaram Bheem-Asifabad",Penchikalpet,2019-10-01,0.0,71.8,97.6
"Komaram Bheem-Asifabad",Dahegaon,2019-10-01,0.0,73.9,97.6
Mancherial,Jannaram,2019-10-01,0.0,74.25,92.75
Mancherial,Dandepalle,2019-10-01,0.5,95.65,100.0
Mancherial,Luxettipet,2019-10-01,0.0,71.3,98.9
Mancherial,Hajipur,2019-10-01,0.0,91.05,99.95
Mancherial,Kasipet,2019-10-01,0.0,78.9,95.3
Mancherial,Tandur,2019-10-01,0.0,56.5,87.7
Mancherial,Bheemini,2019-10-01,0.0,78.7,98.8
Mancherial,Kannepalli,2019-10-01,0.0,79.4,98.6
Mancherial,Vemanpalle,2019-10-01,0.0,67.3,87.9
Mancherial,Nennal,2019-10-01,0.0,76.4,99.2
Mancherial,Bellampalle,2019-10-01,0.0,82.3,98.8
Mancherial,Mandamarri,2019-10-01,0.0,82.1,99.0
Mancherial,Mancherial,2019-10-01,0.0,77.8,99.7
Mancherial,Naspur,2019-10-01,0.0,73.2,99.9
Mancherial,Jaipur,2019-10-01,0.0,72.25,94.0
Mancherial,Bhimaram,2019-10-01,0.0,74.4,100.0
Mancherial,Chennur,2019-10-01,0.3,76.35,94.7
Mancherial,Kotapalle,2019-10-01,0.0,79.3,96.6
Nirmal,Kubeer,2019-10-01,0.0,62.6,97.6
Nirmal,Tanur,2019-10-01,0.0,58.8,86.2
Nirmal,Basar,2019-10-01,0.0,70.5,89.2
Nirmal,Mudhole,2019-10-01,0.0,81.05,98.25
Nirmal,Bhainsa,2019-10-01,0.0,74.3,95.05
Nirmal,Kuntala,2019-10-01,0.0,64.2,91.3
Nirmal,Narsapur_G,2019-10-01,0.0,70.0,95.0
Nirmal,Lokeswaram,2019-10-01,0.0,70.3,94.7
Nirmal,Dilawarpur,2019-10-01,1.7,69.3,97.2
Nirmal,Sarangapur,2019-10-01,0.0,75.6,95.8
Nirmal,Nirmal,2019-10-01,0.0,77.7,99.9
Nirmal,Nirmal_Rural,2019-10-01,0.0,74.55,97.5
Nirmal,Soan,2019-10-01,0.0,72.0,96.1
Nirmal,Laxmanchanda,2019-10-01,0.0,73.5,99.3
Nirmal,Mamda,2019-10-01,0.0,65.8,98.2
Nirmal,Pembi,2019-10-01,0.0,73.5,99.2
Nirmal,Khanpur,2019-10-01,0.0,68.7,92.45
Nirmal,Kaddampeddur,2019-10-01,0.0,70.9,84.2
Nirmal,Dastuarabad,2019-10-01,0.0,74.6,92.8
Nizamabad,Navipet,2019-10-01,0.3,89.1,100.0
Nizamabad,Nandipet,2019-10-01,1.7,78.35,98.25
Nizamabad,Armur,2019-10-01,3.9,63.9,98.56
Nizamabad,Balkonda,2019-10-01,0.0,74.0,84.6
Nizamabad,Mupkal,2019-10-01,0.0,74.2,91.2
Nizamabad,Mendora,2019-10-01,0.0,74.3,97.7
Nizamabad,Yergatla,2019-10-01,0.5,82.0,100.0
Nizamabad,Kammarpalle,2019-10-01,14.8,71.0,97.65
Nizamabad,Mortad,2019-10-01,30.1,96.4,100.0
Nizamabad,Vailpur,2019-10-01,23.5,71.3,96.6
Nizamabad,Jakranpalle,2019-10-01,0.8,76.7,93.8
Nizamabad,Makloor,2019-10-01,19.5,68.6,98.55
Nizamabad,Nizamabad_North,2019-10-01,0.5,67.4,95.0
Nizamabad,Yeda_Palle,2019-10-01,0.3,76.6,98.7
Nizamabad,Ranjal,2019-10-01,0.0,81.9,100.0
Nizamabad,Bodhan,2019-10-01,0.0,75.025,97.4
Nizamabad,Kotgiri,2019-10-01,0.0,80.9,98.2
Nizamabad,Rudrur,2019-10-01,0.0,81.3,100.0
Nizamabad,Varni,2019-10-01,1.7,71.5,98.1
Nizamabad,Nizamabad_Rural,2019-10-01,0.0,84.0,100.0
Nizamabad,Nizamabad_South,2019-10-01,1.2,60.8,100.0
Nizamabad,Mugpal,2019-10-01,2.3,56.7,90.4
Nizamabad,Dichpalle,2019-10-01,17.9,64.5,86.7
Nizamabad,Indalwai,2019-10-01,14.5,89.6,100.0
Nizamabad,Dharpalle,2019-10-01,0.0,71.2,97.0
Nizamabad,Bheemgal,2019-10-01,2.9,73.9,94.5
Nizamabad,Sirkonda,2019-10-01,0.0,81.1,99.0
Nizamabad,Mosra,2019-10-01,18.5,73.6,96.2
Nizamabad,Chandur,2019-10-01,0.0,81.3,100.0
Jagtial,Ibrahimpatnam,2019-10-01,8.1,84.9,100.0
Jagtial,Mallapur,2019-10-01,5.8,82.95,100.0
Jagtial,Raikal,2019-10-01,4.1,72.65,99.35
Jagtial,Beerpur,2019-10-01,10.5,70.5,99.9
Jagtial,Sarangapur,2019-10-01,3.9,64.3,100.0
Jagtial,Dharmapuri,2019-10-01,2.8,84.7333333333333,97.9
Jagtial,Buggaram,2019-10-01,1.8,91.0,99.9
Jagtial,Jagityal_Rural,2019-10-01,26.3,77.2,99.9
Jagtial,Jagtial,2019-10-01,0.0,70.2,98.6
Jagtial,Medipalle,2019-10-01,13.3,77.2333333333333,99.8333333333333
Jagtial,Koratla,2019-10-01,12.8,82.75,99.15
Jagtial,Metpalle,2019-10-01,1.2,81.45,100.0
Jagtial,Kathlapur,2019-10-01,35.5,75.5,98.6
Jagtial,Kodimial,2019-10-01,0.9,79.35,100.0
Jagtial,Malial,2019-10-01,0.4,76.95,99.65
Jagtial,Pegadapalle,2019-10-01,0.5,68.2,93.7
Jagtial,Gollapalle,2019-10-01,1.9,74.2,99.9
Jagtial,Velgatoor,2019-10-01,0.0,82.6333333333333,98.8
Peddapalli,Dharmaram,2019-10-01,0.3,82.6,97.2
Peddapalli,Palakurthy,2019-10-01,0.0,72.95,96.6
Peddapalli,Antargoan,2019-10-01,0.0,65.8,87.0
Peddapalli,Ramagundam,2019-10-01,0.0,72.7,98.65
Peddapalli,Ramagiri,2019-10-01,0.5,72.3,99.9
Peddapalli,Kamanpur,2019-10-01,0.0,75.2,98.0
Peddapalli,Peddapalle,2019-10-01,0.3,70.5,97.6
Peddapalli,Julapalle,2019-10-01,0.0,97.8,99.9
Peddapalli,Elgaid,2019-10-01,0.0,92.2,100.0
Peddapalli,Sultanabad,2019-10-01,0.8,73.65,97.15
Peddapalli,Odela,2019-10-01,0.9,78.7,100.0
Peddapalli,Srirampur,2019-10-01,1.1,75.15,96.6
Peddapalli,Mutharam_Manthani,2019-10-01,0.5,73.6,96.5
Peddapalli,Manthani,2019-10-01,0.8,66.55,92.75
Jayashankar-Bhupalpally,Mahadevpur,2019-10-01,0.0,78.7,99.9
Jayashankar-Bhupalpally,Palmela,2019-10-01,0.0,73.0,99.9
Jayashankar-Bhupalpally,Mutharam_Mahadevpur,2019-10-01,0.7,78.0,99.9
Jayashankar-Bhupalpally,Kataram,2019-10-01,1.3,75.8,100.0
Jayashankar-Bhupalpally,Malharrao,2019-10-01,1.3,68.6333333333333,100.0
Jayashankar-Bhupalpally,Chityal,2019-10-01,7.5,77.6,99.9
Jayashankar-Bhupalpally,Tekumatla,2019-10-01,2.0,74.7,99.0
Jayashankar-Bhupalpally,Mogullapalle,2019-10-01,3.6,67.6,100.0
Jayashankar-Bhupalpally,Regonda,2019-10-01,3.2,71.3,99.9
Jayashankar-Bhupalpally,Ghanapur_Mulug,2019-10-01,0.8,80.1,99.9
Jayashankar-Bhupalpally,Bhupalpalle,2019-10-01,0.7,77.4,100.0
Bhadradri-Kothagudem,Karakagudem,2019-10-01,0.0,64.8,96.2
Bhadradri-Kothagudem,Pinapaka,2019-10-01,0.0,63.5,93.2
Bhadradri-Kothagudem,Cherla,2019-10-01,13.1,67.0,90.3
Bhadradri-Kothagudem,Dummugudem,2019-10-01,17.7,66.7,99.9
Bhadradri-Kothagudem,Aswapuram,2019-10-01,0.0,62.5,90.4
Bhadradri-Kothagudem,Manuguru,2019-10-01,5.0,66.7,99.9
Bhadradri-Kothagudem,Allapalli,2019-10-01,0.5,66.9,99.9
Bhadradri-Kothagudem,Gundala,2019-10-01,0.0,56.5,98.1
Bhadradri-Kothagudem,Yellandu,2019-10-01,7.7,63.4,77.9
Bhadradri-Kothagudem,Tekulapalle,2019-10-01,0.9,62.2,75.3
Bhadradri-Kothagudem,Julurpad,2019-10-01,6.5,70.9,99.9
Bhadradri-Kothagudem,Chandrugonda,2019-10-01,5.1,85.7,99.9
Bhadradri-Kothagudem,Annapureddipalle,2019-10-01,1.0,86.5,99.9
Bhadradri-Kothagudem,Chunchupally,2019-10-01,20.3,88.8,100.0
Bhadradri-Kothagudem,Sujathanagar,2019-10-01,63.8,77.5,100.0
Bhadradri-Kothagudem,Kothagudem,2019-10-01,36.9,83.2,100.0
Bhadradri-Kothagudem,Laxmidevipalli,2019-10-01,18.3,83.2,100.0
Bhadradri-Kothagudem,Palawancha,2019-10-01,7.3,71.95,98.25
Bhadradri-Kothagudem,Burgampadu,2019-10-01,12.8,64.5,99.9
Bhadradri-Kothagudem,Bhadrachalam,2019-10-01,9.3,64.5,99.1
Bhadradri-Kothagudem,Mulakalapalle,2019-10-01,12.1,64.5,99.3
Bhadradri-Kothagudem,Dammapeta,2019-10-01,0.2,63.62,99.84
Bhadradri-Kothagudem,Aswaraopeta,2019-10-01,0.0,58.0,100.0
Mahabubabad,Kothaguda,2019-10-01,4.0,76.9,99.9
Mahabubabad,Ganagavaram,2019-10-01,3.3,76.6,99.2
Mahabubabad,Bayyaram,2019-10-01,5.3,63.7,99.9
Mahabubabad,Garla,2019-10-01,22.5,80.8,98.5
Mahabubabad,Dornakal,2019-10-01,2.5,76.75,98.45
Mahabubabad,Kuravi,2019-10-01,8.4,62.35,96.3
Mahabubabad,Mahabubabad,2019-10-01,32.1,78.9666666666667,98.7666666666667
Mahabubabad,Gudur,2019-10-01,22.7,88.7,98.4
Mahabubabad,Kesamudram,2019-10-01,9.7,74.35,99.9
Mahabubabad,Nellikudur,2019-10-01,0.5,68.05,97.6
Mahabubabad,Narsimhulapet,2019-10-01,0.2,64.15,99.2
Mahabubabad,Chinnagudur,2019-10-01,0.5,66.4,99.9
Mahabubabad,Maripeda,2019-10-01,0.0,83.0,100.0
Mahabubabad,Danthalapalle,2019-10-01,0.0,72.9,100.0
Mahabubabad,Thorrur,2019-10-01,13.7,64.3,96.4
Mahabubabad,Peddavangara,2019-10-01,0.0,97.0,100.0
"Warangal Rural",Parkal,2019-10-01,3.0,78.9,100.0
"Warangal Rural",Shayampet,2019-10-01,0.7,77.5,100.0
"Warangal Rural",Damera,2019-10-01,0.4,74.4,99.85
"Warangal Rural",Geesugonda,2019-10-01,0.0,71.4,95.3
"Warangal Rural",Atmakur,2019-10-01,0.8,78.1,99.9
"Warangal Rural",Duggondi,2019-10-01,0.4,74.0,99.9
"Warangal Rural",Nallabelly,2019-10-01,0.2,88.05,100.0
"Warangal Rural",Narsampet,2019-10-01,2.5,87.0,99.9
"Warangal Rural",Khanapur,2019-10-01,4.4,82.9,97.1
"Warangal Rural",Chennaraopeta,2019-10-01,0.5,84.0,98.8
"Warangal Rural",Sangem,2019-10-01,0.0,87.2,99.95
"Warangal Rural",Wardhannapet,2019-10-01,0.0,84.0,99.9
"Warangal Rural",Raiparthy,2019-10-01,0.0,73.3,86.1
"Warangal Rural",Parvathagiri,2019-10-01,40.5,83.4,99.35
"Warangal Rural",Nekkonda,2019-10-01,1.8,83.1,93.6
"Warangal Rural",Nadikuda,2019-10-01,1.5,71.0,98.3
"Warangal Urban",Bheemadevarapalle,2019-10-01,0.3,77.2,99.3
"Warangal Urban",Velair,2019-10-01,0.0,98.0,100.0
"Warangal Urban",Elkathurthi,2019-10-01,0.4,77.0,97.6
"Warangal Urban",Kamalapur,2019-10-01,2.2,79.4,100.0
"Warangal Urban",Hasanparthy,2019-10-01,1.3,76.25,96.45
"Warangal Urban",Dharmasagar,2019-10-01,0.0,83.15,98.15
"Warangal Urban",Khazipet,2019-10-01,0.0,75.0,97.6
"Warangal Urban",Hanamkonda,2019-10-01,0.0,77.1,99.9
"Warangal Urban",Warangal,2019-10-01,0.0,77.1,99.9
"Warangal Urban",Khilla_Warangal,2019-10-01,0.0,77.1,98.4
"Warangal Urban",Inole,2019-10-01,0.0,77.3,99.1
Karimnagar,Gangadhara,2019-10-01,3.5,84.45,100.0
Karimnagar,Ramadugu,2019-10-01,0.4,85.7,100.0
Karimnagar,Choppadandi,2019-10-01,0.0,86.6,100.0
Karimnagar,Karimnagar_Rural,2019-10-01,0.8,74.0,99.4
Karimnagar,Kothapalle,2019-10-01,0.0,73.6,97.7
Karimnagar,Gannervaram,2019-10-01,0.0,67.7,98.6
Karimnagar,Karimnagar,2019-10-01,0.7,69.8,99.8
Karimnagar,Manakondur,2019-10-01,0.7,80.875,99.075
Karimnagar,Thimmapur,2019-10-01,0.5,93.05,100.0
Karimnagar,Chigurumamidi,2019-10-01,0.2,80.55,100.0
Karimnagar,V_Saidapur,2019-10-01,1.3,81.0,97.3
Karimnagar,Shankarapatnam,2019-10-01,0.8,85.0,99.95
Karimnagar,Veenavanka,2019-10-01,1.4,74.7,96.2
Karimnagar,Huzurabad,2019-10-01,0.9,78.1,92.1
Karimnagar,Jammikunta,2019-10-01,1.8,72.8333333333333,99.6
Karimnagar,Ellandakunta,2019-10-01,3.0,79.2,100.0
Rajanna-Siricilla,Rudrangi,2019-10-01,1.0,72.45,100.0
Rajanna-Siricilla,Chandurthi,2019-10-01,30.9,87.8,100.0
Rajanna-Siricilla,Vemulawada_Rural,2019-10-01,27.4,83.45,100.0
Rajanna-Siricilla,Boinpalle,2019-10-01,12.6,86.9,100.0
Rajanna-Siricilla,Vemulawada,2019-10-01,0.9,87.4,100.0
Rajanna-Siricilla,Sirsilla,2019-10-01,1.3,77.85,98.9
Rajanna-Siricilla,Konaraopeta,2019-10-01,32.2,73.1,99.55
Rajanna-Siricilla,Veernapalle,2019-10-01,5.5,73.0,95.2
Rajanna-Siricilla,Yellareddypeta,2019-10-01,3.6,70.2,100.0
Rajanna-Siricilla,Gambhiraopeta,2019-10-01,4.6,76.9,100.0
Rajanna-Siricilla,Mustabad,2019-10-01,0.0,67.45,95.0
Rajanna-Siricilla,Thangallapalle,2019-10-01,0.0,60.9,97.2
Rajanna-Siricilla,Ellanthakunta,2019-10-01,4.5,68.9666666666667,97.3666666666667
Kamareddy,Madnur,2019-10-01,0.9,78.475,100.0
Kamareddy,Jukkal,2019-10-01,7.9,86.1,100.0
Kamareddy,"Pedda Kodapgal",2019-10-01,33.8,58.8,92.1
Kamareddy,Bichkunda,2019-10-01,14.0,71.35,99.2
Kamareddy,Birkoor,2019-10-01,10.9,70.0,99.9
Kamareddy,Nasurullabad,2019-10-01,1.5,70.0,99.9
Kamareddy,Banswada,2019-10-01,22.0,70.0,99.9
Kamareddy,Pitlam,2019-10-01,0.9,72.9,97.1
Kamareddy,Nizamsagar,2019-10-01,0.3,62.7,95.6
Kamareddy,Naga_Reddipet,2019-10-01,2.0,75.8,93.7
Kamareddy,Yellareddy,2019-10-01,3.2,80.8,96.8
Kamareddy,Lingampet,2019-10-01,0.0,62.7,98.6
Kamareddy,Gandhari,2019-10-01,0.0,75.8,98.8
Kamareddy,Sadasivanagar,2019-10-01,0.0,59.2,85.1
Kamareddy,Tadwai,2019-10-01,0.0,63.7,85.1
Kamareddy,Rajampet,2019-10-01,9.0,89.6,100.0
Kamareddy,Bhiknur,2019-10-01,0.0,59.2,98.4
Kamareddy,Kamareddy,2019-10-01,11.4,70.1,97.9
Kamareddy,Ramareddy,2019-10-01,0.0,67.2,99.9
Kamareddy,Machareddy,2019-10-01,1.7,69.55,100.0
Kamareddy,Domakonda,2019-10-01,0.0,59.8,95.8
Kamareddy,Bibipet,2019-10-01,0.0,57.6,99.9
Sangareddy,Kangti,2019-10-01,1.1,60.2,99.9
Sangareddy,Sirgapoor,2019-10-01,0.0,61.9,99.5
Sangareddy,Kalher,2019-10-01,0.0,60.9,88.8
Sangareddy,Narayankhed,2019-10-01,4.3,62.8,95.1
Sangareddy,Nagalgidda,2019-10-01,1.5,65.5,97.0
Sangareddy,Manoor,2019-10-01,1.0,73.5,100.0
Sangareddy,Raikode,2019-10-01,0.6,60.3,99.0
Sangareddy,Naykal,2019-10-01,0.0,62.1,99.9
Sangareddy,Zahirabad,2019-10-01,0.0,70.6,97.725
Sangareddy,Mogdampalle,2019-10-01,0.0,60.0,98.6
Sangareddy,Kohir,2019-10-01,0.0,80.6,100.0
Sangareddy,Jharasangam,2019-10-01,0.0,62.1,100.0
Sangareddy,Munipalli,2019-10-01,0.2,75.2,95.5
Sangareddy,Watpalle,2019-10-01,1.0,74.5,99.9
Sangareddy,Andhole,2019-10-01,1.7,69.85,95.9
Sangareddy,Pulkal,2019-10-01,1.1,65.15,96.3
Sangareddy,Sadasivpet,2019-10-01,0.0,64.8,97.8
Sangareddy,Kondapur,2019-10-01,0.3,66.9,94.6
Sangareddy,Sangareddy,2019-10-01,4.7,66.1,99.9
Sangareddy,Hathanoora,2019-10-01,1.7,66.0,96.65
Sangareddy,Gummadidala,2019-10-01,35.1,68.65,98.6
Sangareddy,Jinnaram,2019-10-01,20.5,76.0,100.0
Sangareddy,Kandi,2019-10-01,5.8,78.6,100.0
Sangareddy,Patancheruvu,2019-10-01,3.1,70.675,96.7
Sangareddy,Ameenapur,2019-10-01,18.5,65.3,98.5
Sangareddy,Ramachandrapuram,2019-10-01,5.4,63.45,95.0
Medak,Shankarampet_A,2019-10-01,6.5,75.0,99.9
Medak,Regode,2019-10-01,1.1,76.9,99.9
Medak,Alladurg,2019-10-01,2.5,73.6,99.9
Medak,Tekmal,2019-10-01,22.4,65.95,95.55
Medak,Papannapet,2019-10-01,16.9,71.6,99.5
Medak,Havelighanpur,2019-10-01,17.9,65.6666666666667,97.5
Medak,Ramayampet,2019-10-01,3.7,85.4666666666667,99.7666666666667
Medak,Nizampet,2019-10-01,0.0,84.6,98.8
Medak,Chegunta,2019-10-01,0.0,71.7,97.6
Medak,Narsingi,2019-10-01,14.3,77.0,100.0
Medak,Shankarampet_R,2019-10-01,0.7,77.8,99.9
Medak,Medak,2019-10-01,0.0,75.3333333333333,97.4333333333333
Medak,Kulcharam,2019-10-01,5.5,67.6,96.9
Medak,Chilipched,2019-10-01,11.5,73.8,99.4
Medak,Kowdipalle,2019-10-01,0.5,62.65,99.9
Medak,Narsapur,2019-10-01,14.4,81.4666666666667,99.9666666666667
Medak,Shivampet,2019-10-01,14.0,71.25,99.4
Medak,Yeldurthy,2019-10-01,31.1,73.4,99.95
Medak,Tupran,2019-10-01,14.3,75.1,100.0
Medak,Manoharabad,2019-10-01,16.0,80.6,100.0
Siddipet,Dubbak,2019-10-01,4.7,75.4,100.0
Siddipet,Siddipet_Rural,2019-10-01,0.0,68.9,93.2
Siddipet,Chinnakodur,2019-10-01,3.5,70.3,98.1
Siddipet,Bejjanki,2019-10-01,0.0,76.4,99.9
Siddipet,Koheda,2019-10-01,0.1,83.7333333333333,99.5
Siddipet,Husnabad,2019-10-01,0.8,85.4,100.0
Siddipet,Anthakkapeta,2019-10-01,0.0,74.6,93.3
Siddipet,Nanganur,2019-10-01,0.0,92.0,100.0
Siddipet,Siddipet_Urban,2019-10-01,0.4,69.3,97.3
Siddipet,Thoguta,2019-10-01,5.7,82.525,100.0
Siddipet,Mirdoddi,2019-10-01,17.5,91.9,100.0
Siddipet,Doultabad,2019-10-01,21.4,74.4,96.5
Siddipet,Rayapole,2019-10-01,4.9,77.45,100.0
Siddipet,Wargal,2019-10-01,0.0,78.8,99.9
Siddipet,Mulug,2019-10-01,1.0,77.75,99.55
Siddipet,Markook,2019-10-01,18.5,81.2,99.7
Siddipet,Jagadevpur,2019-10-01,0.3,77.15,98.2
Siddipet,Gajwel,2019-10-01,4.8,77.5,99.9666666666667
Siddipet,Kondapak,2019-10-01,0.0,69.1,99.05
Siddipet,Komaravelly,2019-10-01,0.0,77.7,97.0
Siddipet,Cheriyal,2019-10-01,0.0,82.7,99.95
Siddipet,Maddur,2019-10-01,0.0,77.8,98.8
Siddipet,Narayanraopet,2019-10-01,3.3,66.8,97.6
Jangaon,Tharigoppula,2019-10-01,0.0,74.5,99.5
Jangaon,Chilpur,2019-10-01,0.0,95.3,100.0
Jangaon,Zaffergadh,2019-10-01,0.0,80.7,96.8
Jangaon,Ganpur_Stn,2019-10-01,0.2,88.7,99.1
Jangaon,Raghunathpalle,2019-10-01,0.0,64.7,98.8
Jangaon,Narmetta,2019-10-01,0.0,78.4,99.1
Jangaon,Bachannapeta,2019-10-01,0.0,66.2,100.0
Jangaon,Jangaon,2019-10-01,0.0,74.45,98.7
Jangaon,Lingalaghanpur,2019-10-01,0.0,79.6,99.9
Jangaon,Devaruppala,2019-10-01,0.0,63.9,91.6
Jangaon,Palakurthi,2019-10-01,0.2,93.3666666666667,99.9666666666667
Jangaon,Kodakandla,2019-10-01,0.0,79.0,92.3
Yadadri-Bhongir,Turkapalle_M,2019-10-01,0.0,70.5,97.9
Yadadri-Bhongir,Rajapet,2019-10-01,0.0,63.75,93.25
Yadadri-Bhongir,Alair,2019-10-01,0.0,75.6333333333333,97.8333333333333
Yadadri-Bhongir,Mootakondur,2019-10-01,0.0,64.5,94.9
Yadadri-Bhongir,Yadagirigutta,2019-10-01,0.0,67.6,94.7
Yadadri-Bhongir,Bhongiri,2019-10-01,0.0,63.6,98.45
Yadadri-Bhongir,Bommalaramaram,2019-10-01,0.0,70.15,96.0
Yadadri-Bhongir,Bibinagar,2019-10-01,0.8,82.35,99.25
Yadadri-Bhongir,Pochampalle,2019-10-01,1.7,72.8,100.0
Yadadri-Bhongir,Choutuppal,2019-10-01,0.0,79.35,99.4
Yadadri-Bhongir,Narayanapur,2019-10-01,0.0,64.15,100.0
Yadadri-Bhongir,Ramannapeta,2019-10-01,0.0,74.65,99.95
Yadadri-Bhongir,Valigonda,2019-10-01,0.0,78.15,100.0
Yadadri-Bhongir,Atmakur_M,2019-10-01,0.0,60.5,97.0
Yadadri-Bhongir,Mothkur,2019-10-01,0.0,69.1,96.15
Yadadri-Bhongir,Addagudur,2019-10-01,0.0,63.9,97.9
Yadadri-Bhongir,Gundala,2019-10-01,0.0,72.2,97.7
Medchal-Malkajgiri,Medchel,2019-10-01,8.9,70.7,98.95
Medchal-Malkajgiri,Dundigal_Gandimaisamma,2019-10-01,24.3,68.3,96.4
Medchal-Malkajgiri,Bachpalle,2019-10-01,16.5,70.0,90.2
Medchal-Malkajgiri,Quthbullapur,2019-10-01,24.3,67.24,94.36
Medchal-Malkajgiri,Kukatpally,2019-10-01,25.3,62.4555555555555,96.0222222222222
Medchal-Malkajgiri,Balanagar,2019-10-01,19.0,64.48,94.64
Medchal-Malkajgiri,Alwal,2019-10-01,34.5,76.5666666666667,98.7666666666667
Medchal-Malkajgiri,Malkajgiri,2019-10-01,4.6,69.4555555555556,94.3555555555556
Medchal-Malkajgiri,Uppal,2019-10-01,0.3,63.0636363636364,92.9818181818182
Medchal-Malkajgiri,Medipally,2019-10-01,0.0,65.85,93.35
Medchal-Malkajgiri,Kapra,2019-10-01,9.2,68.34,95.64
Medchal-Malkajgiri,Shamirpet,2019-10-01,22.2,59.55,92.05
Medchal-Malkajgiri,Keesara,2019-10-01,9.0,65.65,92.25
Medchal-Malkajgiri,Ghatkesar,2019-10-01,0.3,71.4666666666667,99.0333333333333
Medchal-Malkajgiri,Muduchinthalapally,2019-10-01,29.0,81.7,100.0
Hyderabad,Shaikpet,2019-10-01,21.8,65.75,94.875
Hyderabad,Ameerpet,2019-10-01,17.2,63.9,89.3
Hyderabad,Secunderabad,2019-10-01,45.5,70.1666666666667,96.2
Hyderabad,Tirumalgiri,2019-10-01,38.0,64.5,96.9
Hyderabad,Maredpally,2019-10-01,34.1,69.6,95.8333333333333
Hyderabad,Musheerabad,2019-10-01,20.3,69.7,94.1
Hyderabad,Amberpet,2019-10-01,0.0,68.7,88.4333333333333
Hyderabad,Himayatnagar,2019-10-01,17.1,65.7666666666667,95.5333333333333
Hyderabad,Nampally,2019-10-01,24.7,66.14,91.02
Hyderabad,Khairatabad,2019-10-01,20.0,67.7,94.4
Hyderabad,Asifnagar,2019-10-01,4.9,66.8285714285714,92.7714285714286
Hyderabad,Golkonda,2019-10-01,1.0,65.3,95.65
Hyderabad,Bahadurpura,2019-10-01,0.0,61.94,88.08
Hyderabad,Bandlaguda,2019-10-01,0.0,60.68,91.14
Hyderabad,Charminar,2019-10-01,0.0,58.575,88.225
Hyderabad,Saidabad,2019-10-01,0.0,61.7,91.625
Rangareddy,Shankarpalle,2019-10-01,0.6,74.6,99.55
Rangareddy,Serilingampally,2019-10-01,23.5,63.9818181818182,94.0545454545455
Rangareddy,Gandipet,2019-10-01,13.2,64.0,91.75
Rangareddy,Rajendranagar,2019-10-01,0.0,65.7,93.0714285714286
Rangareddy,Balapur,2019-10-01,1.3,63.8,98.9
Rangareddy,Saroornagar,2019-10-01,0.3,68.2166666666667,92.8333333333333
Rangareddy,Hayathnagar,2019-10-01,0.0,68.78,95.14
Rangareddy,Abdullapurmet,2019-10-01,0.4,72.3166666666667,96.0333333333333
Rangareddy,Ibrahimpatnam,2019-10-01,10.7,75.7,99.2
Rangareddy,Manchal,2019-10-01,18.6,62.15,92.8
Rangareddy,Yacharam,2019-10-01,0.5,64.3,93.5666666666667
Rangareddy,Madgul,2019-10-01,15.8,60.65,99.95
Rangareddy,Amangal,2019-10-01,8.4,79.5,100.0
Rangareddy,Talakondapalle,2019-10-01,0.8,67.35,99.95
Rangareddy,Keshampeta,2019-10-01,0.5,69.7666666666667,95.6
Rangareddy,Kadthal,2019-10-01,6.0,81.1,100.0
Rangareddy,Kandukur,2019-10-01,45.2,70.6666666666667,97.7666666666667
Rangareddy,Maheshwaram,2019-10-01,7.1,72.2333333333333,97.1666666666667
Rangareddy,Shamshabad,2019-10-01,0.0,73.2,98.4
Rangareddy,Moinabad,2019-10-01,0.3,70.125,98.575
Rangareddy,Chevella,2019-10-01,0.3,79.1,100.0
Rangareddy,Shabad,2019-10-01,0.0,75.1333333333333,97.5333333333333
Rangareddy,Kothur,2019-10-01,0.0,73.9,99.9
Rangareddy,Nandigam,2019-10-01,0.0,72.4,99.9
Rangareddy,Farooqnagar,2019-10-01,0.0,80.95,99.95
Rangareddy,Kondurg,2019-10-01,0.0,76.6,97.3
Rangareddy,Chowdergudem,2019-10-01,0.0,70.7,92.0
Vikarabad,Marpalle,2019-10-01,0.0,81.1,95.3
Vikarabad,Mominpet,2019-10-01,0.0,66.6,97.5
Vikarabad,Nawabpet,2019-10-01,0.0,75.7,96.1
Vikarabad,Vikarabad,2019-10-01,0.0,80.9333333333333,97.0666666666667
Vikarabad,Pudur,2019-10-01,0.0,77.5,98.85
Vikarabad,Pargi,2019-10-01,0.0,80.65,96.85
Vikarabad,Kulkacharla,2019-10-01,0.3,81.6333333333333,98.5333333333333
Vikarabad,Doma,2019-10-01,0.0,63.4,98.2
Vikarabad,Bomraspeta,2019-10-01,0.0,67.5,99.05
Vikarabad,Dharur,2019-10-01,0.0,68.3,96.9
Vikarabad,Kotepally,2019-10-01,0.0,81.0,100.0
Vikarabad,Bantwaram,2019-10-01,0.0,69.65,96.95
Vikarabad,Peddemul,2019-10-01,0.0,63.4,81.5
Vikarabad,Tandur,2019-10-01,0.0,66.9,99.9
Vikarabad,Basheerabad,2019-10-01,0.0,62.65,96.85
Vikarabad,Yelal,2019-10-01,0.0,69.3333333333333,91.7666666666667
Vikarabad,Kodangal,2019-10-01,0.0,73.4,100.0
Vikarabad,Doulatabad,2019-10-01,0.0,71.2,97.9
Mahabubnagar,Chinna_Chintha_Kunta,2019-10-01,0.0,60.1,93.25
Mahabubnagar,Koilkonda,2019-10-01,0.0,68.65,99.85
Mahabubnagar,Gandeed,2019-10-01,0.0,73.2,99.3
Mahabubnagar,Hanwada,2019-10-01,0.0,64.9,99.3
Mahabubnagar,Mahabubnagar_Rural,2019-10-01,0.0,53.8,85.0
Mahabubnagar,Devarkadara,2019-10-01,0.0,59.5,81.8
Mahabubnagar,Addakal,2019-10-01,0.0,68.8,95.5
Mahabubnagar,Musapet,2019-10-01,0.0,60.3,90.9
Mahabubnagar,Bhoothpur,2019-10-01,0.0,70.3,92.7
Mahabubnagar,Mahabubnagar_Urban,2019-10-01,0.0,59.45,91.05
Mahabubnagar,Nawabpet,2019-10-01,0.0,84.65,99.9
Mahabubnagar,Balanagar,2019-10-01,0.0,75.25,99.1
Mahabubnagar,Rajapur,2019-10-01,0.0,78.7,94.8
Mahabubnagar,Jadcherla,2019-10-01,0.0,58.4,93.4
Mahabubnagar,Midjil,2019-10-01,0.0,59.3666666666667,98.5666666666667
Jogulamba-Gadwal,Kaloor_Timmanadoddi,2019-10-01,0.0,58.9,95.0
Jogulamba-Gadwal,Dharur,2019-10-01,0.0,65.6666666666667,98.1
Jogulamba-Gadwal,Gadwal,2019-10-01,0.0,55.8,94.4
Jogulamba-Gadwal,Itikyal,2019-10-01,0.0,59.35,99.25
Jogulamba-Gadwal,Maldakal,2019-10-01,0.0,54.8,80.5
Jogulamba-Gadwal,Ghattu,2019-10-01,0.0,62.5,76.6
Jogulamba-Gadwal,Aiza,2019-10-01,0.0,63.45,91.8
Jogulamba-Gadwal,Rajoli,2019-10-01,0.0,59.2,99.9
Jogulamba-Gadwal,Waddepalle,2019-10-01,0.0,57.6,89.1
Jogulamba-Gadwal,Manopad,2019-10-01,0.0,53.8,92.1
Jogulamba-Gadwal,Undavelli,2019-10-01,0.0,61.75,99.9
Jogulamba-Gadwal,Alampur,2019-10-01,0.0,59.0,90.0
Wanaparthy,Amarchinta,2019-10-01,0.0,59.2,95.5
Wanaparthy,Madanapur,2019-10-01,0.0,52.9,92.8
Wanaparthy,Peddamandadi,2019-10-01,0.0,62.4,96.3
Wanaparthy,Ghanpur,2019-10-01,0.0,75.65,99.95
Wanaparthy,Gopalpeta,2019-10-01,0.0,62.7,99.9
Wanaparthy,Revelly,2019-10-01,0.0,59.8,98.1
Wanaparthy,Pangal,2019-10-01,0.0,64.2333333333333,97.2666666666667
Wanaparthy,Wanaparthy,2019-10-01,0.0,59.0,99.9
Wanaparthy,Kothakota,2019-10-01,0.0,55.85,97.15
Wanaparthy,Atmakur,2019-10-01,0.0,66.6,100.0
Wanaparthy,Pebbair,2019-10-01,0.0,63.6,99.9
Wanaparthy,Srirangapur,2019-10-01,0.0,58.0,94.0
Wanaparthy,Veepangandla,2019-10-01,0.4,77.5,99.9
Wanaparthy,Chinnambavi,2019-10-01,0.0,57.0,97.75
Nagarkurnool,Thimmajipeta,2019-10-01,0.0,61.4,95.9
Nagarkurnool,Bijinapalle,2019-10-01,0.3,58.6666666666667,94.5666666666667
Nagarkurnool,Nagar_Kurnool,2019-10-01,0.2,63.975,98.475
Nagarkurnool,Tadoor,2019-10-01,0.0,56.8,96.8
Nagarkurnool,Urkonda,2019-10-01,0.0,64.0,100.0
Nagarkurnool,Veldanda,2019-10-01,0.2,64.8,98.75
Nagarkurnool,Charakonda,2019-10-01,0.0,68.3,100.0
Nagarkurnool,Vangoor,2019-10-01,17.5,46.9,99.9
Nagarkurnool,Kalwakurthy,2019-10-01,0.0,51.6666666666667,97.1666666666667
Nagarkurnool,Telkapalle,2019-10-01,0.0,55.6,98.85
Nagarkurnool,Uppunuthala,2019-10-01,0.0,51.0,97.3
Nagarkurnool,Achampet,2019-10-01,3.5,58.8666666666667,98.2333333333333
Nagarkurnool,Amrabad,2019-10-01,0.0,55.4,94.1
Nagarkurnool,Padra,2019-10-01,0.0,76.3,100.0
Nagarkurnool,Balmoor,2019-10-01,0.0,61.5,94.55
Nagarkurnool,Lingal,2019-10-01,0.0,60.2,97.9
Nagarkurnool,Peddakothapalle,2019-10-01,0.0,53.15,97.8
Nagarkurnool,Kodair,2019-10-01,0.0,57.1,99.9
Nagarkurnool,Kollapur,2019-10-01,0.0,58.5,99.0
Nagarkurnool,Pentlavelli,2019-10-01,0.0,59.2,100.0
Nalgonda,Chityala,2019-10-01,0.0,70.9,98.6
Nalgonda,Narketpalle,2019-10-01,0.4,80.8,98.1333333333333
Nalgonda,Kattangoor,2019-10-01,0.2,65.3333333333333,97.1
Nalgonda,Saligouraram,2019-10-01,0.0,69.4,97.9
Nalgonda,Nakrekal,2019-10-01,0.0,67.3,96.6
Nalgonda,Kethepalle,2019-10-01,0.0,74.9,97.7
