district,mandal,date,rainfall_mm,humidity_min,humidity_max
Adilabad,"Adilabad (Urban)",2019-04-01,0.0,12.2,42.8
Adilabad,"Adilabad (Urban)",2019-04-02,0.0,14.7,19.5
Adilabad,"Adilabad (Urban)",2019-04-03,0.0,16.0,50.5
Adilabad,"Adilabad (Urban)",2019-04-04,0.0,15.8,59.2
Adilabad,"Adilabad (Urban)",2019-04-05,0.0,20.4,49.5
Adilabad,"Adilabad (Urban)",2019-04-06,0.0,18.4,41.2
Adilabad,"Adilabad (Urban)",2019-04-07,0.0,13.2,53.5
Adilabad,"Adilabad (Urban)",2019-04-08,0.0,13.0,46.5
Adilabad,"Adilabad (Urban)",2019-04-09,0.0,12.0,48.4
Adilabad,"Adilabad (Urban)",2019-04-10,0.0,11.0,50.8
Adilabad,"Adilabad (Urban)",2019-04-11,0.0,10.8,53.5
Adilabad,"Adilabad (Urban)",2019-04-12,0.0,11.6,37.4
Adilabad,"Adilabad (Urban)",2019-04-13,0.0,14.8,42.3
Adilabad,"Adilabad (Urban)",2019-04-14,0.0,13.5,43.6
Adilabad,"Adilabad (Urban)",2019-04-15,0.0,13.1,36.7
Adilabad,"Adilabad (Urban)",2019-04-16,8.3,16.2,82.3
Adilabad,"Adilabad (Urban)",2019-04-17,0.0,22.6,79.3
Adilabad,"Adilabad (Urban)",2019-04-18,0.0,26.8,57.4
Adilabad,"Adilabad (Urban)",2019-04-19,0.0,20.9,64.7
Adilabad,"Adilabad (Urban)",2019-04-20,0.0,14.9,58.4
Adilabad,"Adilabad (Urban)",2019-04-21,0.0,21.6,57.8
Adilabad,"Adilabad (Urban)",2019-04-22,0.0,19.2,56.7
Adilabad,"Adilabad (Urban)",2019-04-23,0.0,35.7,55.0
Adilabad,"Adilabad (Urban)",2019-04-24,0.0,13.3,50.8
Adilabad,"Adilabad (Urban)",2019-04-25,0.0,14.5,42.4
Adilabad,"Adilabad (Urban)",2019-04-26,0.0,11.8,37.5
Adilabad,"Adilabad (Urban)",2019-04-27,0.0,12.8,35.9
Adilabad,"Adilabad (Urban)",2019-04-28,0.0,14.7,40.5
Adilabad,"Adilabad (Urban)",2019-04-29,0.0,15.2,40.1
Adilabad,"Adilabad (Urban)",2019-04-30,0.0,14.8,39.8
Adilabad,"Adilabad (Urban)",2019-05-01,0.0,9.4,44.3
Adilabad,"Adilabad (Urban)",2019-05-02,0.0,11.2,39.4
Adilabad,"Adilabad (Urban)",2019-05-03,0.0,10.3,29.0
Adilabad,"Adilabad (Urban)",2019-05-04,0.0,17.8,26.7
Adilabad,"Adilabad (Urban)",2019-05-05,0.0,13.2,38.3
Adilabad,"Adilabad (Urban)",2019-05-06,0.0,12.6,35.5
Adilabad,"Adilabad (Urban)",2019-05-07,0.0,11.5,30.4
Adilabad,"Adilabad (Urban)",2019-05-08,0.0,10.2,27.3
Adilabad,"Adilabad (Urban)",2019-05-09,0.0,11.1,30.5
Adilabad,"Adilabad (Urban)",2019-05-10,0.0,13.2,35.7
Adilabad,"Adilabad (Urban)",2019-05-11,0.0,13.8,40.5
Adilabad,"Adilabad (Urban)",2019-05-12,0.0,17.8,46.8
Adilabad,"Adilabad (Urban)",2019-05-13,0.0,12.4,37.3
Adilabad,"Adilabad (Urban)",2019-05-14,0.0,12.8,31.4
Adilabad,"Adilabad (Urban)",2019-05-15,0.0,14.2,41.2
Adilabad,"Adilabad (Urban)",2019-05-16,0.0,11.8,44.5
Adilabad,"Adilabad (Urban)",2019-05-17,0.0,14.2,32.9
Adilabad,"Adilabad (Urban)",2019-05-18,0.0,12.6,34.2
Adilabad,"Adilabad (Urban)",2019-05-19,0.0,14.5,31.2
Adilabad,"Adilabad (Urban)",2019-05-20,0.0,13.0,38.6
Adilabad,"Adilabad (Urban)",2019-05-21,0.0,13.9,38.0
Adilabad,"Adilabad (Urban)",2019-05-22,0.0,12.2,38.8
Adilabad,"Adilabad (Urban)",2019-05-23,0.0,14.6,43.3
Adilabad,"Adilabad (Urban)",2019-05-24,0.0,15.6,44.3
Adilabad,"Adilabad (Urban)",2019-05-25,0.0,15.8,31.9
Adilabad,"Adilabad (Urban)",2019-05-26,0.0,14.8,39.6
Adilabad,"Adilabad (Urban)",2019-05-27,0.0,13.8,29.1
Adilabad,"Adilabad (Urban)",2019-05-28,0.0,13.2,28.8
Adilabad,"Adilabad (Urban)",2019-05-29,0.0,12.3,29.4
Adilabad,"Adilabad (Urban)",2019-05-30,0.0,10.6,48.9
Adilabad,"Adilabad (Urban)",2019-05-31,0.0,19.9,50.7
Adilabad,"Adilabad (Urban)",2019-04-01,0.0,11.9,24.8
Adilabad,"Adilabad (Urban)",2019-04-02,0.0,13.8,17.0
Adilabad,"Adilabad (Urban)",2019-04-03,0.0,14.6,46.3
Adilabad,"Adilabad (Urban)",2019-04-04,0.0,14.3,47.0
Adilabad,"Adilabad (Urban)",2019-04-05,0.0,17.1,40.1
Adilabad,"Adilabad (Urban)",2019-04-06,0.0,17.5,36.9
Adilabad,"Adilabad (Urban)",2019-04-07,0.0,13.2,53.5
Adilabad,"Adilabad (Urban)",2019-04-08,0.0,14.3,39.4
Adilabad,"Adilabad (Urban)",2019-04-09,0.0,12.7,45.5
Adilabad,"Adilabad (Urban)",2019-04-10,0.0,11.6,46.8
Adilabad,"Adilabad (Urban)",2019-04-11,0.0,10.5,50.4
Adilabad,"Adilabad (Urban)",2019-04-12,0.0,11.9,39.3
Adilabad,"Adilabad (Urban)",2019-04-13,0.0,15.3,40.5
Adilabad,"Adilabad (Urban)",2019-04-14,0.0,14.0,44.0
Adilabad,"Adilabad (Urban)",2019-04-15,0.0,13.3,25.4
Adilabad,"Adilabad (Urban)",2019-04-16,7.5,14.3,71.4
Adilabad,"Adilabad (Urban)",2019-04-17,0.0,22.6,66.4
Adilabad,"Adilabad (Urban)",2019-04-18,0.0,25.6,58.3
Adilabad,"Adilabad (Urban)",2019-04-19,0.0,18.3,33.5
Adilabad,"Adilabad (Urban)",2019-04-20,0.0,14.9,55.6
Adilabad,"Adilabad (Urban)",2019-04-21,0.0,22.5,55.9
Adilabad,"Adilabad (Urban)",2019-04-22,0.0,21.2,55.7
Adilabad,"Adilabad (Urban)",2019-04-23,0.0,13.4,55.0
Adilabad,"Adilabad (Urban)",2019-04-24,0.0,12.7,46.3
Adilabad,"Adilabad (Urban)",2019-04-25,0.0,10.4,24.0
Adilabad,"Adilabad (Urban)",2019-04-26,0.0,11.8,33.0
Adilabad,"Adilabad (Urban)",2019-04-27,0.0,12.8,30.7
Adilabad,"Adilabad (Urban)",2019-04-28,0.0,10.6,33.4
Adilabad,"Adilabad (Urban)",2019-04-29,0.0,10.7,22.6
Adilabad,"Adilabad (Urban)",2019-04-30,0.0,12.3,35.7
Adilabad,"Adilabad (Urban)",2019-05-01,0.0,6.2,38.8
Adilabad,"Adilabad (Urban)",2019-05-02,0.0,5.5,19.4
Adilabad,"Adilabad (Urban)",2019-05-03,0.0,6.3,26.2
Adilabad,"Adilabad (Urban)",2019-05-04,0.0,5.5,24.3
Adilabad,"Adilabad (Urban)",2019-05-05,0.0,6.2,17.2
Adilabad,"Adilabad (Urban)",2019-05-06,0.0,10.7,30.9
Adilabad,"Adilabad (Urban)",2019-05-07,0.0,5.5,16.5
Adilabad,"Adilabad (Urban)",2019-05-08,0.0,7.0,22.9
Adilabad,"Adilabad (Urban)",2019-05-09,0.0,5.5,17.0
Adilabad,"Adilabad (Urban)",2019-05-10,0.0,6.2,20.6
Adilabad,"Adilabad (Urban)",2019-05-11,0.0,5.6,18.7
Adilabad,"Adilabad (Urban)",2019-05-12,0.0,15.2,42.8
Adilabad,"Adilabad (Urban)",2019-05-13,0.0,6.2,18.7
Adilabad,"Adilabad (Urban)",2019-05-14,0.0,7.8,30.6
Adilabad,"Adilabad (Urban)",2019-05-15,0.0,14.4,39.4
Adilabad,"Adilabad (Urban)",2019-05-16,0.0,9.6,40.7
Adilabad,"Adilabad (Urban)",2019-05-17,0.0,14.3,30.7
Adilabad,"Adilabad (Urban)",2019-05-18,0.0,14.1,30.7
Adilabad,"Adilabad (Urban)",2019-05-19,0.0,14.3,30.7
Adilabad,"Adilabad (Urban)",2019-05-20,0.0,14.2,30.6
Adilabad,"Adilabad (Urban)",2019-05-21,0.0,12.0,38.1
Adilabad,"Adilabad (Urban)",2019-05-22,0.0,9.5,39.4
Adilabad,"Adilabad (Urban)",2019-05-23,0.0,14.4,42.7
Adilabad,"Adilabad (Urban)",2019-05-24,0.0,14.6,43.6
Adilabad,"Adilabad (Urban)",2019-05-25,0.0,14.4,31.2
Adilabad,"Adilabad (Urban)",2019-05-26,0.0,14.2,34.2
Adilabad,"Adilabad (Urban)",2019-05-27,0.0,14.2,28.0
Adilabad,"Adilabad (Urban)",2019-05-28,0.0,14.3,30.7
Adilabad,"Adilabad (Urban)",2019-05-29,0.0,14.3,30.7
Adilabad,"Adilabad (Urban)",2019-05-30,0.0,8.3,48.4
Adilabad,"Adilabad (Urban)",2019-05-31,0.0,16.5,50.5
Adilabad,"Adilabad Rural",2019-04-01,0.0,12.8,33.8
Adilabad,"Adilabad Rural",2019-04-02,0.0,10.4,47.1
Adilabad,"Adilabad Rural",2019-04-03,0.0,14.0,36.3
Adilabad,"Adilabad Rural",2019-04-04,0.0,17.9,52.1
Adilabad,"Adilabad Rural",2019-04-05,0.0,18.5,41.8
Adilabad,"Adilabad Rural",2019-04-06,0.0,16.1,33.1
Adilabad,"Adilabad Rural",2019-04-07,0.0,13.2,26.4
Adilabad,"Adilabad Rural",2019-04-08,0.0,13.9,42.3
Adilabad,"Adilabad Rural",2019-04-09,0.0,13.6,57.8
Adilabad,"Adilabad Rural",2019-04-10,0.0,12.3,60.8
Adilabad,"Adilabad Rural",2019-04-11,0.0,10.0,54.9
Adilabad,"Adilabad Rural",2019-04-12,0.0,11.2,40.3
Adilabad,"Adilabad Rural",2019-04-13,0.0,16.1,38.9
Adilabad,"Adilabad Rural",2019-04-14,0.0,12.6,35.9
Adilabad,"Adilabad Rural",2019-04-15,0.0,12.8,33.4
Adilabad,"Adilabad Rural",2019-04-16,2.3,17.2,68.4
Adilabad,"Adilabad Rural",2019-04-17,0.0,20.9,57.5
Adilabad,"Adilabad Rural",2019-04-18,0.0,25.5,49.8
Adilabad,"Adilabad Rural",2019-04-19,0.0,21.0,54.8
Adilabad,"Adilabad Rural",2019-04-20,0.0,15.3,53.8
Adilabad,"Adilabad Rural",2019-04-21,0.0,23.3,55.9
Adilabad,"Adilabad Rural",2019-04-22,0.0,15.2,55.4
Adilabad,"Adilabad Rural",2019-04-23,0.0,21.9,45.5
Adilabad,"Adilabad Rural",2019-04-24,0.0,17.1,47.6
Adilabad,"Adilabad Rural",2019-04-25,0.0,10.1,25.5
Adilabad,"Adilabad Rural",2019-04-26,0.0,10.6,35.3
Adilabad,"Adilabad Rural",2019-04-27,0.0,13.3,31.5
Adilabad,"Adilabad Rural",2019-04-28,0.0,13.3,38.2
Adilabad,"Adilabad Rural",2019-04-29,0.0,13.3,31.7
Adilabad,"Adilabad Rural",2019-04-30,0.0,14.7,38.5
Adilabad,"Adilabad Rural",2019-05-01,0.0,7.6,37.6
Adilabad,"Adilabad Rural",2019-05-02,0.0,7.9,22.0
Adilabad,"Adilabad Rural",2019-05-03,0.0,8.8,24.7
Adilabad,"Adilabad Rural",2019-05-04,0.0,8.2,24.9
Adilabad,"Adilabad Rural",2019-05-05,0.0,8.7,21.3
Adilabad,"Adilabad Rural",2019-05-06,0.0,10.8,28.1
Adilabad,"Adilabad Rural",2019-05-07,0.0,8.0,20.3
Adilabad,"Adilabad Rural",2019-05-08,0.0,8.2,18.4
Adilabad,"Adilabad Rural",2019-05-09,0.0,8.8,18.4
Adilabad,"Adilabad Rural",2019-05-10,0.0,9.5,24.4
Adilabad,"Adilabad Rural",2019-05-11,0.0,9.2,23.5
Adilabad,"Adilabad Rural",2019-05-12,0.0,14.9,44.9
Adilabad,"Adilabad Rural",2019-05-13,0.0,8.8,24.8
Adilabad,"Adilabad Rural",2019-05-14,0.0,11.4,37.8
Adilabad,"Adilabad Rural",2019-05-15,0.0,12.9,34.7
Adilabad,"Adilabad Rural",2019-05-16,0.0,10.0,40.2
Adilabad,"Adilabad Rural",2019-05-17,0.0,11.2,28.2
Adilabad,"Adilabad Rural",2019-05-18,0.0,11.2,27.4
Adilabad,"Adilabad Rural",2019-05-19,0.0,12.5,28.6
Adilabad,"Adilabad Rural",2019-05-20,0.0,11.2,28.0
Adilabad,"Adilabad Rural",2019-05-21,0.0,11.2,32.9
Adilabad,"Adilabad Rural",2019-05-22,0.0,11.8,37.1
Adilabad,"Adilabad Rural",2019-05-23,0.0,13.1,41.1
Adilabad,"Adilabad Rural",2019-05-24,0.0,15.0,44.2
Adilabad,"Adilabad Rural",2019-05-25,0.0,14.3,32.6
Adilabad,"Adilabad Rural",2019-05-26,0.0,13.5,30.7
Adilabad,"Adilabad Rural",2019-05-27,0.0,12.5,26.4
Adilabad,"Adilabad Rural",2019-05-28,0.0,11.8,22.9
Adilabad,"Adilabad Rural",2019-05-29,0.0,13.6,39.9
Adilabad,"Adilabad Rural",2019-05-30,0.0,11.5,48.7
Adilabad,"Adilabad Rural",2019-05-31,0.0,20.0,53.2
Adilabad,Bazarhathnoor,2019-04-01,0.0,16.7,29.2
Adilabad,Bazarhathnoor,2019-04-02,0.0,13.5,42.3
Adilabad,Bazarhathnoor,2019-04-03,0.0,16.9,50.9
Adilabad,Bazarhathnoor,2019-04-04,0.0,23.3,61.9
Adilabad,Bazarhathnoor,2019-04-05,0.0,23.4,56.4
Adilabad,Bazarhathnoor,2019-04-06,0.0,19.2,41.0
Adilabad,Bazarhathnoor,2019-04-07,0.0,19.0,54.0
Adilabad,Bazarhathnoor,2019-04-08,0.0,17.1,46.3
Adilabad,Bazarhathnoor,2019-04-09,0.0,15.9,50.7
Adilabad,Bazarhathnoor,2019-04-10,0.0,15.8,49.4
Adilabad,Bazarhathnoor,2019-04-11,0.0,14.6,48.7
Adilabad,Bazarhathnoor,2019-04-12,0.0,14.1,54.8
Adilabad,Bazarhathnoor,2019-04-13,1.8,20.5,50.6
Adilabad,Bazarhathnoor,2019-04-14,0.0,18.6,41.9
Adilabad,Bazarhathnoor,2019-04-15,0.0,17.6,38.3
Adilabad,Bazarhathnoor,2019-04-16,6.3,17.6,80.0
Adilabad,Bazarhathnoor,2019-04-17,0.0,24.4,77.2
Adilabad,Bazarhathnoor,2019-04-18,0.0,31.7,60.3
Adilabad,Bazarhathnoor,2019-04-19,0.0,26.5,57.5
Adilabad,Bazarhathnoor,2019-04-20,0.0,16.2,63.4
Adilabad,Bazarhathnoor,2019-04-21,0.0,21.3,55.1
Adilabad,Bazarhathnoor,2019-04-22,0.0,23.6,61.9
Adilabad,Bazarhathnoor,2019-04-23,0.5,26.1,59.5
Adilabad,Bazarhathnoor,2019-04-24,0.0,18.6,51.6
Adilabad,Bazarhathnoor,2019-04-25,0.0,18.3,41.0
Adilabad,Bazarhathnoor,2019-04-26,0.0,19.0,38.4
Adilabad,Bazarhathnoor,2019-04-27,0.0,14.4,35.9
Adilabad,Bazarhathnoor,2019-04-28,0.0,15.8,33.3
Adilabad,Bazarhathnoor,2019-04-29,0.0,16.2,38.4
Adilabad,Bazarhathnoor,2019-04-30,0.0,19.1,39.5
Adilabad,Bazarhathnoor,2019-05-01,0.0,11.8,38.4
Adilabad,Bazarhathnoor,2019-05-02,0.0,14.4,28.9
Adilabad,Bazarhathnoor,2019-05-03,0.0,12.4,27.5
Adilabad,Bazarhathnoor,2019-05-04,0.0,12.1,28.8
Adilabad,Bazarhathnoor,2019-05-05,0.0,14.3,31.1
Adilabad,Bazarhathnoor,2019-05-06,0.0,15.3,27.9
Adilabad,Bazarhathnoor,2019-05-07,0.0,12.7,26.0
Adilabad,Bazarhathnoor,2019-05-08,0.0,12.4,19.9
Adilabad,Bazarhathnoor,2019-05-09,0.0,13.8,24.9
Adilabad,Bazarhathnoor,2019-05-10,0.0,15.8,31.5
Adilabad,Bazarhathnoor,2019-05-11,0.0,16.2,37.2
Adilabad,Bazarhathnoor,2019-05-12,0.0,19.8,43.9
Adilabad,Bazarhathnoor,2019-05-13,0.0,14.4,31.5
Adilabad,Bazarhathnoor,2019-05-14,0.0,16.9,34.5
Adilabad,Bazarhathnoor,2019-05-15,0.0,15.7,33.5
Adilabad,Bazarhathnoor,2019-05-16,0.0,12.5,36.4
Adilabad,Bazarhathnoor,2019-05-17,0.0,12.5,28.7
Adilabad,Bazarhathnoor,2019-05-18,0.0,13.2,32.8
Adilabad,Bazarhathnoor,2019-05-19,0.0,13.8,22.6
Adilabad,Bazarhathnoor,2019-05-20,0.0,11.8,24.8
Adilabad,Bazarhathnoor,2019-05-21,0.0,12.0,33.4
Adilabad,Bazarhathnoor,2019-05-22,0.0,14.5,48.4
Adilabad,Bazarhathnoor,2019-05-23,0.0,17.8,42.1
Adilabad,Bazarhathnoor,2019-05-24,0.0,17.8,56.8
Adilabad,Bazarhathnoor,2019-05-25,0.0,23.6,36.3
Adilabad,Bazarhathnoor,2019-05-26,0.0,20.0,40.8
Adilabad,Bazarhathnoor,2019-05-27,0.0,14.6,33.9
Adilabad,Bazarhathnoor,2019-05-28,0.0,18.9,50.8
Adilabad,Bazarhathnoor,2019-05-29,0.0,18.6,37.5
Adilabad,Bazarhathnoor,2019-05-30,0.0,13.9,57.0
Adilabad,Bazarhathnoor,2019-05-31,0.0,25.4,62.7
Adilabad,Bela,2019-04-01,0.0,14.1,33.5
Adilabad,Bela,2019-04-02,0.0,11.7,48.5
Adilabad,Bela,2019-04-03,0.0,18.1,40.9
Adilabad,Bela,2019-04-04,0.0,22.5,48.4
Adilabad,Bela,2019-04-05,0.0,22.5,46.7
Adilabad,Bela,2019-04-06,0.0,18.6,32.9
Adilabad,Bela,2019-04-07,0.0,15.4,39.5
Adilabad,Bela,2019-04-08,0.0,15.0,52.7
Adilabad,Bela,2019-04-09,0.0,16.2,58.6
Adilabad,Bela,2019-04-10,0.0,23.1,66.4
Adilabad,Bela,2019-04-11,0.0,11.1,63.6
Adilabad,Bela,2019-04-12,0.0,11.9,41.2
Adilabad,Bela,2019-04-13,0.0,20.7,50.2
Adilabad,Bela,2019-04-14,0.0,14.2,40.7
Adilabad,Bela,2019-04-15,0.0,14.8,38.6
Adilabad,Bela,2019-04-16,0.0,17.6,60.1
Adilabad,Bela,2019-04-17,0.0,22.8,60.1
Adilabad,Bela,2019-04-18,0.0,27.2,45.4
Adilabad,Bela,2019-04-19,0.0,21.5,56.7
Adilabad,Bela,2019-04-20,0.0,20.9,56.9
Adilabad,Bela,2019-04-21,0.0,23.3,55.9
Adilabad,Bela,2019-04-22,0.0,15.2,55.4
Adilabad,Bela,2019-04-23,0.0,21.9,54.3
Adilabad,Bela,2019-04-24,0.0,15.5,55.4
Adilabad,Bela,2019-04-25,0.0,18.5,46.5
Adilabad,Bela,2019-04-26,0.0,15.2,40.3
Adilabad,Bela,2019-04-27,0.0,15.5,41.5
Adilabad,Bela,2019-04-28,0.0,15.2,46.8
Adilabad,Bela,2019-04-29,0.0,18.3,56.3
Adilabad,Bela,2019-04-30,0.0,19.2,46.6
Adilabad,Bela,2019-05-01,0.0,10.0,46.6
Adilabad,Bela,2019-05-02,0.0,13.6,26.5
Adilabad,Bela,2019-05-03,0.0,10.0,42.3
Adilabad,Bela,2019-05-04,0.0,10.6,32.2
Adilabad,Bela,2019-05-05,0.0,11.7,31.4
Adilabad,Bela,2019-05-06,0.0,12.9,26.1
Adilabad,Bela,2019-05-07,0.0,11.5,25.4
Adilabad,Bela,2019-05-08,0.0,10.0,23.1
Adilabad,Bela,2019-05-09,0.0,11.6,30.7
Adilabad,Bela,2019-05-10,0.0,15.8,31.8
Adilabad,Bela,2019-05-11,0.0,24.1,30.9
Adilabad,Bela,2019-05-12,0.0,17.4,48.8
Adilabad,Bela,2019-05-13,0.0,11.7,34.1
Adilabad,Bela,2019-05-14,0.0,13.8,37.8
Adilabad,Bela,2019-05-15,0.0,12.9,34.7
Adilabad,Bela,2019-05-16,0.0,10.0,40.2
Adilabad,Bela,2019-05-17,0.0,12.7,28.2
Adilabad,Bela,2019-05-18,0.0,13.6,25.7
Adilabad,Bela,2019-05-19,0.0,15.8,23.0
Adilabad,Bela,2019-05-20,0.0,12.5,26.3
Adilabad,Bela,2019-05-21,0.0,12.7,35.0
Adilabad,Bela,2019-05-22,0.0,13.8,43.7
Adilabad,Bela,2019-05-23,0.0,15.0,35.0
Adilabad,Bela,2019-05-24,0.0,17.6,48.9
Adilabad,Bela,2019-05-25,0.0,15.6,32.6
Adilabad,Bela,2019-05-26,0.0,13.7,27.3
Adilabad,Bela,2019-05-27,0.0,12.9,22.8
Adilabad,Bela,2019-05-28,0.0,12.3,27.8
Adilabad,Bela,2019-05-29,0.0,11.6,29.4
Adilabad,Bela,2019-05-30,0.0,10.5,46.4
Adilabad,Bela,2019-05-31,0.0,22.7,53.5
Adilabad,Bela,2019-04-01,0.0,12.0,48.3
Adilabad,Bela,2019-04-02,0.0,13.5,42.5
Adilabad,Bela,2019-04-03,0.0,16.2,53.2
Adilabad,Bela,2019-04-04,0.0,19.3,60.1
Adilabad,Bela,2019-04-05,0.0,16.8,63.0
Adilabad,Bela,2019-04-06,0.0,16.7,46.5
Adilabad,Bela,2019-04-07,0.0,24.5,68.2
Adilabad,Bela,2019-04-08,0.0,12.1,50.9
Adilabad,Bela,2019-04-09,0.0,13.2,53.4
Adilabad,Bela,2019-04-10,0.0,12.7,59.3
Adilabad,Bela,2019-04-11,0.0,11.3,57.3
Adilabad,Bela,2019-04-12,0.0,11.3,51.3
Adilabad,Bela,2019-04-13,0.0,16.6,50.0
Adilabad,Bela,2019-04-14,0.0,14.6,45.8
Adilabad,Bela,2019-04-15,0.0,13.7,42.8
Adilabad,Bela,2019-04-16,0.0,16.5,75.5
Adilabad,Bela,2019-04-17,0.0,19.9,61.6
Adilabad,Bela,2019-04-18,0.0,24.4,47.4
Adilabad,Bela,2019-04-19,0.0,19.1,50.6
Adilabad,Bela,2019-04-20,0.0,14.6,57.0
Adilabad,Bela,2019-04-21,0.0,21.6,60.2
Adilabad,Bela,2019-04-22,0.0,18.7,56.3
Adilabad,Bela,2019-04-23,0.0,32.9,59.1
Adilabad,Bela,2019-04-24,0.0,13.7,48.5
Adilabad,Bela,2019-04-25,0.0,13.0,47.7
Adilabad,Bela,2019-04-26,0.0,11.7,43.1
Adilabad,Bela,2019-04-27,0.0,13.2,39.3
Adilabad,Bela,2019-04-28,0.0,13.8,42.4
Adilabad,Bela,2019-04-29,0.0,16.4,46.2
Adilabad,Bela,2019-04-30,0.0,14.8,49.4
Adilabad,Bela,2019-05-01,0.0,9.0,38.8
Adilabad,Bela,2019-05-02,0.0,10.3,47.1
Adilabad,Bela,2019-05-03,0.0,9.6,33.6
Adilabad,Bela,2019-05-04,0.0,24.3,31.0
Adilabad,Bela,2019-05-05,0.0,10.6,31.8
Adilabad,Bela,2019-05-06,0.0,12.4,28.8
Adilabad,Bela,2019-05-07,0.0,11.0,24.1
Adilabad,Bela,2019-05-08,0.0,9.9,32.7
Adilabad,Bela,2019-05-09,0.0,10.7,34.2
Adilabad,Bela,2019-05-10,0.0,12.7,29.4
Adilabad,Bela,2019-05-11,0.0,13.2,31.7
Adilabad,Bela,2019-05-12,0.0,17.9,46.1
Adilabad,Bela,2019-05-13,0.0,12.2,48.1
Adilabad,Bela,2019-05-14,0.0,15.5,45.3
Adilabad,Bela,2019-05-15,2.0,14.3,46.2
Adilabad,Bela,2019-05-16,0.0,11.9,45.5
Adilabad,Bela,2019-05-17,0.0,13.2,47.0
Adilabad,Bela,2019-05-18,0.0,12.0,42.1
Adilabad,Bela,2019-05-19,0.0,14.8,35.6
Adilabad,Bela,2019-05-20,0.0,12.4,33.6
Adilabad,Bela,2019-05-21,0.0,13.3,42.2
Adilabad,Bela,2019-05-22,0.0,12.9,44.3
Adilabad,Bela,2019-05-23,0.0,15.7,45.7
Adilabad,Bela,2019-05-24,0.0,16.1,48.2
Adilabad,Bela,2019-05-25,0.0,14.8,51.8
Adilabad,Bela,2019-05-26,0.0,14.5,44.5
Adilabad,Bela,2019-05-27,0.0,12.7,41.7
Adilabad,Bela,2019-05-28,0.0,13.0,44.9
Adilabad,Bela,2019-05-29,0.0,11.7,45.9
Adilabad,Bela,2019-05-30,0.0,10.0,47.0
Adilabad,Bela,2019-05-31,0.0,19.7,54.6
Adilabad,Bheempoor,2019-04-01,0.0,12.0,34.1
Adilabad,Bheempoor,2019-04-02,0.0,13.1,19.4
Adilabad,Bheempoor,2019-04-03,0.0,13.1,48.2
Adilabad,Bheempoor,2019-04-04,0.0,13.5,57.8
Adilabad,Bheempoor,2019-04-05,0.0,18.3,43.1
Adilabad,Bheempoor,2019-04-06,0.0,15.5,32.0
Adilabad,Bheempoor,2019-04-07,0.0,12.9,53.5
Adilabad,Bheempoor,2019-04-08,0.0,13.2,45.4
Adilabad,Bheempoor,2019-04-09,0.0,12.3,43.7
Adilabad,Bheempoor,2019-04-10,0.0,10.8,50.1
Adilabad,Bheempoor,2019-04-11,0.0,10.2,36.2
Adilabad,Bheempoor,2019-04-12,0.0,12.0,33.8
Adilabad,Bheempoor,2019-04-13,1.3,14.5,44.1
Adilabad,Bheempoor,2019-04-14,0.0,13.3,37.6
Adilabad,Bheempoor,2019-04-15,0.0,12.4,32.2
Adilabad,Bheempoor,2019-04-16,3.8,15.9,84.8
Adilabad,Bheempoor,2019-04-17,0.0,24.0,91.2
Adilabad,Bheempoor,2019-04-18,0.0,27.4,71.4
Adilabad,Bheempoor,2019-04-19,0.0,20.5,48.1
Adilabad,Bheempoor,2019-04-20,0.0,13.6,52.9
Adilabad,Bheempoor,2019-04-21,0.0,16.2,51.5
Adilabad,Bheempoor,2019-04-22,0.0,18.4,52.0
Adilabad,Bheempoor,2019-04-23,0.3,24.4,55.2
Adilabad,Bheempoor,2019-04-24,0.0,13.0,46.0
Adilabad,Bheempoor,2019-04-25,0.0,13.4,32.9
Adilabad,Bheempoor,2019-04-26,0.0,11.0,33.6
Adilabad,Bheempoor,2019-04-27,0.0,12.2,33.4
Adilabad,Bheempoor,2019-04-28,0.0,13.6,28.6
Adilabad,Bheempoor,2019-04-29,0.0,14.0,38.0
Adilabad,Bheempoor,2019-04-30,0.0,11.5,34.5
Adilabad,Bheempoor,2019-05-01,0.0,9.6,25.8
Adilabad,Bheempoor,2019-05-02,0.0,11.9,29.3
Adilabad,Bheempoor,2019-05-03,0.0,10.8,30.0
Adilabad,Bheempoor,2019-05-04,0.0,18.5,29.3
Adilabad,Bheempoor,2019-05-05,0.0,11.9,31.9
Adilabad,Bheempoor,2019-05-06,0.0,12.6,28.3
Adilabad,Bheempoor,2019-05-07,0.0,11.2,26.6
Adilabad,Bheempoor,2019-05-08,0.0,10.1,24.0
Adilabad,Bheempoor,2019-05-09,0.0,11.9,25.1
Adilabad,Bheempoor,2019-05-10,0.0,14.2,32.3
Adilabad,Bheempoor,2019-05-11,0.0,14.8,35.3
Adilabad,Bheempoor,2019-05-12,0.0,17.6,44.4
Adilabad,Bheempoor,2019-05-13,0.0,13.3,26.7
Adilabad,Bheempoor,2019-05-14,0.0,13.6,25.1
Adilabad,Bheempoor,2019-05-15,2.3,14.6,28.9
Adilabad,Bheempoor,2019-05-16,0.0,13.4,30.4
Adilabad,Bheempoor,2019-05-17,0.0,13.4,32.7
Adilabad,Bheempoor,2019-05-18,0.0,12.5,29.3
Adilabad,Bheempoor,2019-05-19,0.0,14.7,27.4
Adilabad,Bheempoor,2019-05-20,0.0,12.7,28.8
Adilabad,Bheempoor,2019-05-21,0.0,13.6,29.9
Adilabad,Bheempoor,2019-05-22,0.0,12.3,38.3
Adilabad,Bheempoor,2019-05-23,0.0,13.9,31.2
Adilabad,Bheempoor,2019-05-24,0.0,14.2,37.7
Adilabad,Bheempoor,2019-05-25,0.0,15.5,33.4
Adilabad,Bheempoor,2019-05-26,0.0,14.0,31.6
Adilabad,Bheempoor,2019-05-27,0.0,13.5,28.4
Adilabad,Bheempoor,2019-05-28,0.0,12.9,28.9
Adilabad,Bheempoor,2019-05-29,0.0,12.6,27.8
Adilabad,Bheempoor,2019-05-30,0.0,9.1,44.7
Adilabad,Bheempoor,2019-05-31,0.0,17.9,56.8
Adilabad,Boath,2019-04-01,0.0,18.1,38.5
Adilabad,Boath,2019-04-02,0.0,13.5,45.6
Adilabad,Boath,2019-04-03,0.0,17.4,54.2
Adilabad,Boath,2019-04-04,0.0,22.7,62.9
Adilabad,Boath,2019-04-05,1.5,24.5,77.9
Adilabad,Boath,2019-04-06,0.0,23.6,47.9
Adilabad,Boath,2019-04-07,0.0,23.2,54.1
Adilabad,Boath,2019-04-08,0.0,19.1,54.3
Adilabad,Boath,2019-04-09,0.0,19.6,55.9
Adilabad,Boath,2019-04-10,0.0,18.8,49.4
Adilabad,Boath,2019-04-11,0.0,17.3,50.8
Adilabad,Boath,2019-04-12,0.0,14.1,62.6
Adilabad,Boath,2019-04-13,0.3,21.2,57.0
Adilabad,Boath,2019-04-14,0.0,18.7,46.2
Adilabad,Boath,2019-04-15,0.0,20.1,42.8
Adilabad,Boath,2019-04-16,3.8,15.8,82.6
Adilabad,Boath,2019-04-17,0.0,19.9,69.4
Adilabad,Boath,2019-04-18,0.0,30.0,56.8
Adilabad,Boath,2019-04-19,0.0,28.7,61.4
Adilabad,Boath,2019-04-20,0.0,23.2,69.6
Adilabad,Boath,2019-04-21,0.0,23.2,63.2
Adilabad,Boath,2019-04-22,0.0,23.1,65.4
Adilabad,Boath,2019-04-23,0.0,34.1,63.1
Adilabad,Boath,2019-04-24,0.0,23.4,54.6
Adilabad,Boath,2019-04-25,0.0,19.0,47.0
Adilabad,Boath,2019-04-26,0.0,23.2,42.6
Adilabad,Boath,2019-04-27,0.0,14.7,41.4
Adilabad,Boath,2019-04-28,0.0,15.8,34.7
Adilabad,Boath,2019-04-29,0.0,16.4,39.7
Adilabad,Boath,2019-04-30,0.0,19.0,41.4
Adilabad,Boath,2019-05-01,0.0,11.8,39.7
Adilabad,Boath,2019-05-02,0.0,13.6,31.5
Adilabad,Boath,2019-05-03,0.0,12.7,25.2
Adilabad,Boath,2019-05-04,0.0,11.1,29.4
Adilabad,Boath,2019-05-05,0.0,13.6,33.2
Adilabad,Boath,2019-05-06,0.0,15.6,27.9
Adilabad,Boath,2019-05-07,0.0,12.4,25.4
Adilabad,Boath,2019-05-08,0.0,12.2,19.1
Adilabad,Boath,2019-05-09,0.0,14.8,25.5
Adilabad,Boath,2019-05-10,0.0,15.5,30.3
Adilabad,Boath,2019-05-11,0.0,15.7,34.2
Adilabad,Boath,2019-05-12,0.0,19.5,40.5
Adilabad,Boath,2019-05-13,0.0,14.7,30.7
Adilabad,Boath,2019-05-14,0.0,16.4,35.8
Adilabad,Boath,2019-05-15,0.0,15.6,35.2
Adilabad,Boath,2019-05-16,0.0,15.1,33.5
Adilabad,Boath,2019-05-17,0.0,13.3,26.2
Adilabad,Boath,2019-05-18,0.0,13.3,27.2
Adilabad,Boath,2019-05-19,0.0,14.3,22.6
Adilabad,Boath,2019-05-20,0.0,12.0,23.4
Adilabad,Boath,2019-05-21,0.0,12.7,39.4
Adilabad,Boath,2019-05-22,0.0,15.9,48.1
Adilabad,Boath,2019-05-23,0.0,16.1,46.6
Adilabad,Boath,2019-05-24,0.0,19.7,55.0
Adilabad,Boath,2019-05-25,0.0,23.6,40.5
Adilabad,Boath,2019-05-26,0.0,19.8,39.1
Adilabad,Boath,2019-05-27,0.0,14.7,39.7
Adilabad,Boath,2019-05-28,0.0,22.5,47.1
Adilabad,Boath,2019-05-29,0.0,19.0,47.5
Adilabad,Boath,2019-05-30,0.0,13.0,58.9
Adilabad,Boath,2019-05-31,0.0,27.8,59.0
Adilabad,Boath,2019-04-01,0.0,14.7,48.3
Adilabad,Boath,2019-04-02,0.0,14.7,42.5
Adilabad,Boath,2019-04-03,0.0,15.4,53.2
Adilabad,Boath,2019-04-04,0.0,17.3,61.9
Adilabad,Boath,2019-04-05,0.0,22.6,63.0
Adilabad,Boath,2019-04-06,0.0,17.4,46.5
Adilabad,Boath,2019-04-07,0.0,24.5,68.2
Adilabad,Boath,2019-04-08,0.0,13.6,50.9
Adilabad,Boath,2019-04-09,0.0,12.8,53.4
Adilabad,Boath,2019-04-10,0.0,11.4,59.3
Adilabad,Boath,2019-04-11,0.0,10.8,57.0
Adilabad,Boath,2019-04-12,0.0,10.3,62.7
