slno,invoiceamt,registrationno,vehicleclass,taxamt,dateoftransaction,officecd,fromdate,todate
71495,0.00,AP07BJ2463,"MOTOR CAR",95600.00,01/10/2020,"RTA MAHABOOBNAGAR",01/10/2020,02/10/2020
490417,0.00,AP22AA0147,"MOTOR CYCLE",3930.00,01/10/2020,"RTA MAHABOOBNAGAR",01/10/2020,02/10/2020
556547,0.00,AP22AA4459,"MOTOR CAR",63070.00,01/10/2020,"RTA MAHABOOBNAGAR",01/10/2020,02/10/2020
1469034,37465.00,TS06FA2734,"MOTOR CYCLE",3380.00,01/10/2020,"RTA MAHABOOBNAGAR",01/10/2020,02/10/2020
2155865,46584.00,TS06FB3302,"MOTOR CYCLE",4200.00,01/10/2020,"RTA MAHABOOBNAGAR",01/10/2020,02/10/2020
3637793,52980.00,TS06FB3345,"MOTOR CYCLE",4770.00,01/10/2020,"RTA MAHABOOBNAGAR",01/10/2020,02/10/2020
4764473,58900.00,TS06FB3311,"MOTOR CYCLE",5310.00,01/10/2020,"RTA MAHABOOBNAGAR",01/10/2020,02/10/2020
4764474,58900.00,TS06FB3361,"MOTOR CYCLE",5310.00,01/10/2020,"RTA MAHABOOBNAGAR",01/10/2020,02/10/2020
543708,0.00,AP22L2768,"MOTOR CYCLE",3910.00,01/10/2020,"RTA MAHABOOBNAGAR",01/10/2020,02/10/2020
586816,0.00,AP22K0083,"MOTOR CYCLE",3600.00,01/10/2020,"RTA MAHABOOBNAGAR",01/10/2020,02/10/2020
656998,0.00,AP22S1771,"MOTOR CYCLE",3460.00,01/10/2020,"RTA MAHABOOBNAGAR",01/10/2020,02/10/2020
1804987,44630.00,TS06FA2521,"MOTOR CYCLE",6250.00,01/10/2020,"RTA MAHABOOBNAGAR",01/10/2020,02/10/2020
1987069,37840.00,TS06FA3767,"MOTOR CYCLE",3410.00,01/10/2020,"RTA MAHABOOBNAGAR",01/10/2020,02/10/2020
2008992,46584.00,TS06FB3349,"MOTOR CYCLE",4200.00,01/10/2020,"RTA MAHABOOBNAGAR",01/10/2020,02/10/2020
4886663,57987.00,TS06EZ9045,"MOTOR CYCLE",8120.00,01/10/2020,"RTA MAHABOOBNAGAR",01/10/2020,02/10/2020
5353374,66060.00,TS06FB3351,"MOTOR CYCLE",5950.00,01/10/2020,"RTA MAHABOOBNAGAR",01/10/2020,02/10/2020
5353375,66060.00,TS06FB3356,"MOTOR CYCLE",5950.00,01/10/2020,"RTA MAHABOOBNAGAR",01/10/2020,02/10/2020
2147469,47584.00,TS06FB3367,"MOTOR CYCLE",4290.00,01/10/2020,"RTA MAHABOOBNAGAR",01/10/2020,02/10/2020
2573951,45304.00,TS06FB3362,"MOTOR CYCLE",4080.00,01/10/2020,"RTA MAHABOOBNAGAR",01/10/2020,02/10/2020
4509771,57575.00,TS06FB3354,"MOTOR CYCLE",5190.00,01/10/2020,"RTA MAHABOOBNAGAR",01/10/2020,02/10/2020
4618461,58900.00,TS06FB3325,"MOTOR CYCLE",5310.00,01/10/2020,"RTA MAHABOOBNAGAR",01/10/2020,02/10/2020
4772953,57700.00,TS06FB3335,"MOTOR CYCLE",5200.00,01/10/2020,"RTA MAHABOOBNAGAR",01/10/2020,02/10/2020
5137167,66065.00,TS06FB3329,"MOTOR CYCLE",5950.00,01/10/2020,"RTA MAHABOOBNAGAR",01/10/2020,02/10/2020
5269525,68519.00,TS06FB3307,"MOTOR CYCLE",6170.00,01/10/2020,"RTA MAHABOOBNAGAR",01/10/2020,02/10/2020
1929891,44576.00,MH12LK4520,"MOTOR CYCLE",1790.00,01/10/2020,"RTA MAHABOOBNAGAR",01/10/2020,02/10/2020
5345634,70230.00,TS06FB3350,"MOTOR CYCLE",6330.00,01/10/2020,"RTA MAHABOOBNAGAR",01/10/2020,02/10/2020
5428902,64214.00,TS06FA0863,"MOTOR CYCLE",5780.00,01/10/2020,"RTA MAHABOOBNAGAR",01/10/2020,02/10/2020
5378934,62900.00,TS06FB3315,"MOTOR CYCLE",5670.00,01/10/2020,"RTA MAHABOOBNAGAR",01/10/2020,02/10/2020
5378935,62900.00,TS06FB3332,"MOTOR CYCLE",5670.00,01/10/2020,"RTA MAHABOOBNAGAR",01/10/2020,02/10/2020
5560881,68519.00,TS06FB3323,"MOTOR CYCLE",6170.00,01/10/2020,"RTA MAHABOOBNAGAR",01/10/2020,02/10/2020
5560882,68519.00,TS06FB3352,"MOTOR CYCLE",6170.00,01/10/2020,"RTA MAHABOOBNAGAR",01/10/2020,02/10/2020
5560889,68519.00,TS06FB4256,"MOTOR CYCLE",6170.00,01/10/2020,"RTA MAHABOOBNAGAR",01/10/2020,02/10/2020
5515446,73829.00,TS06FB3368,"MOTOR CYCLE",10340.00,01/10/2020,"RTA MAHABOOBNAGAR",01/10/2020,02/10/2020
5373153,71021.00,TS06FB3341,"MOTOR CYCLE",9950.00,01/10/2020,"RTA MAHABOOBNAGAR",01/10/2020,02/10/2020
5373154,71021.00,TS06FB3343,"MOTOR CYCLE",6400.00,01/10/2020,"RTA MAHABOOBNAGAR",01/10/2020,02/10/2020
5415473,67019.00,TS06FB3295,"MOTOR CYCLE",6040.00,01/10/2020,"RTA MAHABOOBNAGAR",01/10/2020,02/10/2020
5415474,67019.00,TS06FB3342,"MOTOR CYCLE",9390.00,01/10/2020,"RTA MAHABOOBNAGAR",01/10/2020,02/10/2020
5651524,70230.00,TS06FB3331,"MOTOR CYCLE",6330.00,01/10/2020,"RTA MAHABOOBNAGAR",01/10/2020,02/10/2020
5675779,78642.00,TS06FB3327,"MOTOR CYCLE",7080.00,01/10/2020,"RTA MAHABOOBNAGAR",01/10/2020,02/10/2020
5902344,96186.00,TS06FB3377,"MOTOR CYCLE",8660.00,01/10/2020,"RTA MAHABOOBNAGAR",01/10/2020,02/10/2020
5929764,98854.00,TS06FB3304,"MOTOR CYCLE",8900.00,01/10/2020,"RTA MAHABOOBNAGAR",01/10/2020,02/10/2020
6334239,97664.00,TS06FB3359,"MOTOR CYCLE",8790.00,01/10/2020,"RTA MAHABOOBNAGAR",01/10/2020,02/10/2020
6394963,57575.00,TS06FB3313,"MOTOR CYCLE",8070.00,01/10/2020,"RTA MAHABOOBNAGAR",01/10/2020,02/10/2020
6583915,618932.00,TS06FB3363,"MOTOR CAR",74280.00,01/10/2020,"RTA MAHABOOBNAGAR",01/10/2020,02/10/2020
6761850,58900.00,TS06FB3300,"MOTOR CYCLE",5310.00,01/10/2020,"RTA MAHABOOBNAGAR",01/10/2020,02/10/2020
5480449,65574.00,TS06FA2679,"MOTOR CYCLE",5910.00,01/10/2020,"RTA MAHABOOBNAGAR",01/10/2020,02/10/2020
6072660,77504.00,TS06EZ9195,"MOTOR CYCLE",6980.00,01/10/2020,"RTA MAHABOOBNAGAR",01/10/2020,02/10/2020
6249024,96222.00,TS06FB3309,"MOTOR CYCLE",8660.00,01/10/2020,"RTA MAHABOOBNAGAR",01/10/2020,02/10/2020
6489385,161688.00,TS06FB3372,"MOTOR CYCLE",14560.00,01/10/2020,"RTA MAHABOOBNAGAR",01/10/2020,02/10/2020
7258001,64010.00,TS06FB3294,"MOTOR CYCLE",5770.00,01/10/2020,"RTA MAHABOOBNAGAR",01/10/2020,02/10/2020
7258002,64010.00,TS06FB3296,"MOTOR CYCLE",5770.00,01/10/2020,"RTA MAHABOOBNAGAR",01/10/2020,02/10/2020
5736261,70100.00,TS06FB3326,"MOTOR CYCLE",6310.00,01/10/2020,"RTA MAHABOOBNAGAR",01/10/2020,02/10/2020
5739572,70230.00,TS06FB3375,"MOTOR CYCLE",6330.00,01/10/2020,"RTA MAHABOOBNAGAR",01/10/2020,02/10/2020
5803905,71750.00,TS06FB3308,"MOTOR CYCLE",6460.00,01/10/2020,"RTA MAHABOOBNAGAR",01/10/2020,02/10/2020
6345434,98662.00,TS06FB3346,"MOTOR CYCLE",8880.00,01/10/2020,"RTA MAHABOOBNAGAR",01/10/2020,02/10/2020
6701767,683775.00,TS06FB3305,"MOTOR CAR",82060.00,01/10/2020,"RTA MAHABOOBNAGAR",01/10/2020,02/10/2020
7142794,61600.00,TS06FB3378,"MOTOR CYCLE",5550.00,01/10/2020,"RTA MAHABOOBNAGAR",01/10/2020,02/10/2020
7414607,67400.00,TS06FB3360,"MOTOR CYCLE",6070.00,01/10/2020,"RTA MAHABOOBNAGAR",01/10/2020,02/10/2020
5775941,71021.00,TS06FB3340,"MOTOR CYCLE",6400.00,01/10/2020,"RTA MAHABOOBNAGAR",01/10/2020,02/10/2020
6277375,98662.00,TS06FB3328,"MOTOR CYCLE",8880.00,01/10/2020,"RTA MAHABOOBNAGAR",01/10/2020,02/10/2020
6370177,102752.00,TS06FB3380,"MOTOR CYCLE",9250.00,01/10/2020,"RTA MAHABOOBNAGAR",01/10/2020,02/10/2020
7139264,1649800.00,TS06FB3303,"MOTOR CAR",230980.00,01/10/2020,"RTA MAHABOOBNAGAR",01/10/2020,02/10/2020
7352554,66065.00,TS06FB3358,"MOTOR CYCLE",5950.00,01/10/2020,"RTA MAHABOOBNAGAR",01/10/2020,02/10/2020
7393755,67019.00,TS06FB3310,"MOTOR CYCLE",6040.00,01/10/2020,"RTA MAHABOOBNAGAR",01/10/2020,02/10/2020
7393756,67019.00,TS06FB3324,"MOTOR CYCLE",6040.00,01/10/2020,"RTA MAHABOOBNAGAR",01/10/2020,02/10/2020
7332803,1034194.00,TS06FB4059,"MOTOR CAR",144790.00,01/10/2020,"RTA MAHABOOBNAGAR",01/10/2020,02/10/2020
7734267,164095.00,TS06EZ9150,"MOTOR CYCLE",22980.00,01/10/2020,"RTA MAHABOOBNAGAR",01/10/2020,02/10/2020
7792813,449174.00,TS06FB3369,"MOTOR CAR",62890.00,01/10/2020,"RTA MAHABOOBNAGAR",01/10/2020,02/10/2020
7507053,70230.00,TS06FB3301,"MOTOR CYCLE",6330.00,01/10/2020,"RTA MAHABOOBNAGAR",01/10/2020,02/10/2020
7507054,70230.00,TS06FB3337,"MOTOR CYCLE",6330.00,01/10/2020,"RTA MAHABOOBNAGAR",01/10/2020,02/10/2020
7675814,98662.00,TS06FB3321,"MOTOR CYCLE",8880.00,01/10/2020,"RTA MAHABOOBNAGAR",01/10/2020,02/10/2020
7688812,112606.00,TS06FB3306,"MOTOR CYCLE",10140.00,01/10/2020,"RTA MAHABOOBNAGAR",01/10/2020,02/10/2020
709587,0.00,AP24L4198,"MOTOR CYCLE",3060.00,01/10/2020,"RTA NALGONDA",01/10/2020,02/10/2020
1834357,46284.00,TS05FG2807,"MOTOR CYCLE",4170.00,01/10/2020,"RTA NALGONDA",01/10/2020,02/10/2020
1174634,0.00,AP37AD6910,"MOTOR CYCLE",2790.00,01/10/2020,"RTA NALGONDA",01/10/2020,02/10/2020
1944995,46284.00,TS05FG2771,"MOTOR CYCLE",4170.00,01/10/2020,"RTA NALGONDA",01/10/2020,02/10/2020
1944996,46284.00,TS05FG2806,"MOTOR CYCLE",4170.00,01/10/2020,"RTA NALGONDA",01/10/2020,02/10/2020
4772896,57700.00,TS05FG2773,"MOTOR CYCLE",5200.00,01/10/2020,"RTA NALGONDA",01/10/2020,02/10/2020
2666622,46284.00,TS05FG2787,"MOTOR CYCLE",4170.00,01/10/2020,"RTA NALGONDA",01/10/2020,02/10/2020
2666623,46284.00,TS05FG2903,"MOTOR CYCLE",4170.00,01/10/2020,"RTA NALGONDA",01/10/2020,02/10/2020
3137009,48324.00,TS05FG2774,"MOTOR CYCLE",4350.00,01/10/2020,"RTA NALGONDA",01/10/2020,02/10/2020
4255618,55860.00,TS05FE3362,"MOTOR CYCLE",5030.00,01/10/2020,"RTA NALGONDA",01/10/2020,02/10/2020
4625953,57200.00,TS05FG2788,"MOTOR CYCLE",5150.00,01/10/2020,"RTA NALGONDA",01/10/2020,02/10/2020
5305867,69210.00,TS05FG2764,"MOTOR CYCLE",6230.00,01/10/2020,"RTA NALGONDA",01/10/2020,02/10/2020
5305868,69210.00,TS05FG2793,"MOTOR CYCLE",6230.00,01/10/2020,"RTA NALGONDA",01/10/2020,02/10/2020
726428,0.00,AP24AK1166,"MOTOR CYCLE",4840.00,01/10/2020,"RTA NALGONDA",01/10/2020,02/10/2020
1696373,40397.00,TS05FE0917,"MOTOR CYCLE",3640.00,01/10/2020,"RTA NALGONDA",01/10/2020,02/10/2020
5237168,64010.00,TS05FG3017,"MOTOR CYCLE",5770.00,01/10/2020,"RTA NALGONDA",01/10/2020,02/10/2020
5239135,67940.00,TS05FG2791,"MOTOR CYCLE",6120.00,01/10/2020,"RTA NALGONDA",01/10/2020,02/10/2020
2200531,47994.00,TS05FG2780,"MOTOR CYCLE",4320.00,01/10/2020,"RTA NALGONDA",01/10/2020,02/10/2020
4327646,57489.00,TS05FE3365,"MOTOR CYCLE",5180.00,01/10/2020,"RTA NALGONDA",01/10/2020,02/10/2020
5167117,66610.00,TS05FG2796,"MOTOR CYCLE",6000.00,01/10/2020,"RTA NALGONDA",01/10/2020,02/10/2020
5113635,62100.00,TS05FG2798,"MOTOR CYCLE",5590.00,01/10/2020,"RTA NALGONDA",01/10/2020,02/10/2020
5157956,66357.00,TS05FG2778,"MOTOR CYCLE",5980.00,01/10/2020,"RTA NALGONDA",01/10/2020,02/10/2020
5620013,69393.00,TS05FG2758,"MOTOR CYCLE",9720.00,01/10/2020,"RTA NALGONDA",01/10/2020,02/10/2020
5620728,69434.00,TS05FG2757,"MOTOR CYCLE",9730.00,01/10/2020,"RTA NALGONDA",01/10/2020,02/10/2020
5711055,69484.00,TS05FG2759,"MOTOR CYCLE",6260.00,01/10/2020,"RTA NALGONDA",01/10/2020,02/10/2020
5352893,66060.00,TS05FG2795,"MOTOR CYCLE",5950.00,01/10/2020,"RTA NALGONDA",01/10/2020,02/10/2020
5538696,66357.00,TS05FG2779,"MOTOR CYCLE",5980.00,01/10/2020,"RTA NALGONDA",01/10/2020,02/10/2020
5681484,71021.00,TS05FG3417,"MOTOR CYCLE",6400.00,01/10/2020,"RTA NALGONDA",01/10/2020,02/10/2020
5357965,70600.00,TS05FG4031,"MOTOR CYCLE",6360.00,01/10/2020,"RTA NALGONDA",01/10/2020,02/10/2020
5358636,66087.00,TS05FG2777,"MOTOR CYCLE",5950.00,01/10/2020,"RTA NALGONDA",01/10/2020,02/10/2020
5495412,67707.00,TS05FG2809,"MOTOR CYCLE",6100.00,01/10/2020,"RTA NALGONDA",01/10/2020,02/10/2020
5702887,69265.00,TS05FG2801,"MOTOR CYCLE",6240.00,01/10/2020,"RTA NALGONDA",01/10/2020,02/10/2020
5952123,76019.00,TS05FG2849,"MOTOR CYCLE",6850.00,01/10/2020,"RTA NALGONDA",01/10/2020,02/10/2020
5509812,66060.00,TS05FG2775,"MOTOR CYCLE",5950.00,01/10/2020,"RTA NALGONDA",01/10/2020,02/10/2020
5509813,66060.00,TS05FG2804,"MOTOR CYCLE",5950.00,01/10/2020,"RTA NALGONDA",01/10/2020,02/10/2020
6319367,96222.00,TS05FG2756,"MOTOR CYCLE",8660.00,01/10/2020,"RTA NALGONDA",01/10/2020,02/10/2020
6345106,98662.00,TS05FG2802,"MOTOR CYCLE",8880.00,01/10/2020,"RTA NALGONDA",01/10/2020,02/10/2020
7074074,662232.00,TS05FG2808,"MOTOR CAR",79470.00,01/10/2020,"RTA NALGONDA",01/10/2020,02/10/2020
7096176,1276998.00,TS05FG1116,"MOTOR CAR",178780.00,01/10/2020,"RTA NALGONDA",01/10/2020,02/10/2020
7347069,66060.00,TS05FG3304,"MOTOR CYCLE",5950.00,01/10/2020,"RTA NALGONDA",01/10/2020,02/10/2020
7434540,67759.00,TS05FG2794,"MOTOR CYCLE",6100.00,01/10/2020,"RTA NALGONDA",01/10/2020,02/10/2020
6614698,358042.00,TS05FG2765,"MOTOR CAR",50130.00,01/10/2020,"RTA NALGONDA",01/10/2020,02/10/2020
7372293,66494.00,TS05FG2781,"MOTOR CYCLE",5990.00,01/10/2020,"RTA NALGONDA",01/10/2020,02/10/2020
7416284,67499.00,TS05FG2792,"MOTOR CYCLE",6080.00,01/10/2020,"RTA NALGONDA",01/10/2020,02/10/2020
6310345,95166.00,TS05FG2790,"MOTOR CYCLE",8570.00,01/10/2020,"RTA NALGONDA",01/10/2020,02/10/2020
6394616,57575.00,TS05FG2800,"MOTOR CYCLE",5190.00,01/10/2020,"RTA NALGONDA",01/10/2020,02/10/2020
7312524,65384.00,TS05FG2769,"MOTOR CYCLE",5890.00,01/10/2020,"RTA NALGONDA",01/10/2020,02/10/2020
7675767,98662.00,TS05FG2776,"MOTOR CYCLE",8880.00,01/10/2020,"RTA NALGONDA",01/10/2020,02/10/2020
7677021,98854.00,TS05FG2811,"MOTOR CYCLE",8900.00,01/10/2020,"RTA NALGONDA",01/10/2020,02/10/2020
7675848,98662.00,TS07HK5083,"MOTOR CYCLE",8880.00,01/10/2020,"RTA RANGAREDDY",01/10/2020,02/10/2020
7717764,140500.00,TS07HK5062,"MOTOR CYCLE",12650.00,01/10/2020,"RTA RANGAREDDY",01/10/2020,02/10/2020
7853820,623000.00,TS07HK5218,"MOTOR CAR",87220.00,01/10/2020,"RTA RANGAREDDY",01/10/2020,02/10/2020
7844253,604000.00,TS07HK5022,"MOTOR CAR",72480.00,01/10/2020,"RTA RANGAREDDY",01/10/2020,02/10/2020
7844899,605850.00,TS07HK5169,"MOTOR CAR",72710.00,01/10/2020,"RTA RANGAREDDY",01/10/2020,02/10/2020
7975027,1120000.00,TS07HK5112,"MOTOR CAR",156800.00,01/10/2020,"RTA RANGAREDDY",01/10/2020,02/10/2020
8002239,2094000.00,TS07HK5999,"Omnibus for Private Use",293160.00,01/10/2020,"RTA RANGAREDDY",01/10/2020,02/10/2020
7759464,326430.00,TS07HK5066,"MOTOR CAR",45710.00,01/10/2020,"RTA RANGAREDDY",01/10/2020,02/10/2020
7783893,418656.00,AP07BC2799,"MOTOR CAR",31400.00,01/10/2020,"RTA RANGAREDDY",01/10/2020,02/10/2020
7951995,964110.00,TS07HK5135,"MOTOR CAR",115700.00,01/10/2020,"RTA RANGAREDDY",01/10/2020,02/10/2020
7961800,999000.00,TS07HK5082,"MOTOR CAR",119880.00,01/10/2020,"RTA RANGAREDDY",01/10/2020,02/10/2020
7961801,999000.00,TS07HK5165,"MOTOR CAR",119880.00,01/10/2020,"RTA RANGAREDDY",01/10/2020,02/10/2020
8007884,2656771.00,TS07HK9586,"Vehicle Fitted with Construction Equipment",199260.00,01/10/2020,"RTA RANGAREDDY",01/10/2020,02/10/2020
8010274,3240000.00,TS07HK5205,"MOTOR CAR",453600.00,01/10/2020,"RTA RANGAREDDY",01/10/2020,02/10/2020
6867395,826786.00,TS07HK5151,"MOTOR CAR",99220.00,01/10/2020,"RTA RANGAREDDY",01/10/2020,02/10/2020
6867768,827112.00,TS07HK5141,"MOTOR CAR",99260.00,01/10/2020,"RTA RANGAREDDY",01/10/2020,02/10/2020
6869428,829534.00,TS07HK5587,"MOTOR CAR",116140.00,01/10/2020,"RTA RANGAREDDY",01/10/2020,02/10/2020
6875926,585500.00,TS07HK5160,"MOTOR CAR",70260.00,01/10/2020,"RTA RANGAREDDY",01/10/2020,02/10/2020
6757246,715850.00,TS07HK5109,"MOTOR CAR",85910.00,01/10/2020,"RTA RANGAREDDY",01/10/2020,02/10/2020
6842248,795993.00,TS07HK6000,"MOTOR CAR",111440.00,01/10/2020,"RTA RANGAREDDY",01/10/2020,02/10/2020
6980305,619349.00,TS07HK5176,"MOTOR CAR",74330.00,01/10/2020,"RTA RANGAREDDY",01/10/2020,02/10/2020
7178320,789000.00,TS07HK5070,"MOTOR CAR",94680.00,01/10/2020,"RTA RANGAREDDY",01/10/2020,02/10/2020
7182773,793257.00,TS07HK5020,"MOTOR CAR",95200.00,01/10/2020,"RTA RANGAREDDY",01/10/2020,02/10/2020
7204262,739000.00,TS07HK5167,"MOTOR CAR",103460.00,01/10/2020,"RTA RANGAREDDY",01/10/2020,02/10/2020
7339448,949464.00,TS07HK9795,"MOTOR CAR",113940.00,01/10/2020,"RTA RANGAREDDY",01/10/2020,02/10/2020
645187,0.00,AP22K0104,"MOTOR CAR",31040.00,01/10/2020,"RTA MEDCHAL",01/10/2020,02/10/2020
1892113,46574.00,TS07HJ9355,"MOTOR CYCLE",6530.00,01/10/2020,"RTA MEDCHAL",01/10/2020,02/10/2020
2062613,46994.00,TS07HJ9554,"MOTOR CYCLE",4230.00,01/10/2020,"RTA MEDCHAL",01/10/2020,02/10/2020
2089738,47994.00,TS07HJ9486,"MOTOR CYCLE",4320.00,01/10/2020,"RTA MEDCHAL",01/10/2020,02/10/2020
962860,0.00,AP29H3390,"MOTOR CYCLE",4010.00,01/10/2020,"RTA MEDCHAL",01/10/2020,02/10/2020
2200540,47994.00,TS07HJ9538,"MOTOR CYCLE",4320.00,01/10/2020,"RTA MEDCHAL",01/10/2020,02/10/2020
2347109,43504.00,TS07HJ9840,"MOTOR CYCLE",3920.00,01/10/2020,"RTA MEDCHAL",01/10/2020,02/10/2020
3998648,56254.00,TS07HG3484,"MOTOR CYCLE",5070.00,01/10/2020,"RTA MEDCHAL",01/10/2020,02/10/2020
2966887,51675.00,TS07HD8227,"MOTOR CYCLE",4660.00,01/10/2020,"RTA MEDCHAL",01/10/2020,02/10/2020
5190389,67055.00,TS07HJ9425,"MOTOR CYCLE",6040.00,01/10/2020,"RTA MEDCHAL",01/10/2020,02/10/2020
5190390,67055.00,TS07HJ9526,"MOTOR CYCLE",6040.00,01/10/2020,"RTA MEDCHAL",01/10/2020,02/10/2020
5190396,67055.00,TS07HJ9679,"MOTOR CYCLE",6040.00,01/10/2020,"RTA MEDCHAL",01/10/2020,02/10/2020
5231215,67698.00,TS07HJ9334,"MOTOR CYCLE",6100.00,01/10/2020,"RTA MEDCHAL",01/10/2020,02/10/2020
4764889,58900.00,TS07HJ9556,"MOTOR CYCLE",5310.00,01/10/2020,"RTA MEDCHAL",01/10/2020,02/10/2020
5098967,65646.00,TS07HL0642,"MOTOR CYCLE",5910.00,01/10/2020,"RTA MEDCHAL",01/10/2020,02/10/2020
816021,0.00,AP28AU7799,"MOTOR CAR",52650.00,01/10/2020,"RTA MEDCHAL",01/10/2020,02/10/2020
1040464,0.00,AP29BE1580,"MOTOR CYCLE",3790.00,01/10/2020,"RTA MEDCHAL",01/10/2020,02/10/2020
1040850,0.00,AP29Q7064,"MOTOR CYCLE",3810.00,01/10/2020,"RTA MEDCHAL",01/10/2020,02/10/2020
1041280,0.00,AP29Q8766,"MOTOR CAR",30650.00,01/10/2020,"RTA MEDCHAL",01/10/2020,02/10/2020
1084665,0.00,AP29L8405,"MOTOR CYCLE",5020.00,01/10/2020,"RTA MEDCHAL",01/10/2020,02/10/2020
1235512,0.00,AP29G8529,"MOTOR CYCLE",3340.00,01/10/2020,"RTA MEDCHAL",01/10/2020,02/10/2020
1831144,45034.00,TS07HJ9704,"MOTOR CYCLE",4060.00,01/10/2020,"RTA MEDCHAL",01/10/2020,02/10/2020
2186137,46784.00,TS07HJ9416,"MOTOR CYCLE",4220.00,01/10/2020,"RTA MEDCHAL",01/10/2020,02/10/2020
3391450,53452.00,TS07HJ9528,"MOTOR CYCLE",7490.00,01/10/2020,"RTA MEDCHAL",01/10/2020,02/10/2020
5014980,64010.00,TS07HJ9353,"MOTOR CYCLE",5770.00,01/10/2020,"RTA MEDCHAL",01/10/2020,02/10/2020
5036791,64187.00,TS07HJ9490,"MOTOR CYCLE",5780.00,01/10/2020,"RTA MEDCHAL",01/10/2020,02/10/2020
5058271,64582.00,TS07HL1015,"MOTOR CYCLE",5820.00,01/10/2020,"RTA MEDCHAL",01/10/2020,02/10/2020
5061428,64691.00,TS07HJ9401,"MOTOR CYCLE",5830.00,01/10/2020,"RTA MEDCHAL",01/10/2020,02/10/2020
5333297,70021.00,TS07HJ9418,"MOTOR CYCLE",6310.00,01/10/2020,"RTA MEDCHAL",01/10/2020,02/10/2020
5237948,64010.00,TS07HJ9381,"MOTOR CYCLE",5770.00,01/10/2020,"RTA MEDCHAL",01/10/2020,02/10/2020
5373688,71021.00,TS07HJ9407,"MOTOR CYCLE",6400.00,01/10/2020,"RTA MEDCHAL",01/10/2020,02/10/2020
930205,0.00,AP29BE1705,"MOTOR CYCLE",3600.00,01/10/2020,"RTA MEDCHAL",01/10/2020,02/10/2020
978458,0.00,AP29BC4830,"MOTOR CYCLE",5020.00,01/10/2020,"RTA MEDCHAL",01/10/2020,02/10/2020
1021287,0.00,AP29J3046,"MOTOR CYCLE",3740.00,01/10/2020,"RTA MEDCHAL",01/10/2020,02/10/2020
1459819,0.00,TS12EG0451,"MOTOR CYCLE",1000.00,01/10/2020,"RTA MEDCHAL",01/10/2020,02/10/2020
1834364,46284.00,TS07HJ9382,"MOTOR CYCLE",4170.00,01/10/2020,"RTA MEDCHAL",01/10/2020,02/10/2020
5116382,62131.00,TS07HL0149,"MOTOR CYCLE",5600.00,01/10/2020,"RTA MEDCHAL",01/10/2020,02/10/2020
5139212,66100.00,TS07HJ9476,"MOTOR CYCLE",5950.00,01/10/2020,"RTA MEDCHAL",01/10/2020,02/10/2020
5272546,68555.00,TS07HJ9470,"MOTOR CYCLE",6170.00,01/10/2020,"RTA MEDCHAL",01/10/2020,02/10/2020
5272547,68555.00,TS07HJ9503,"MOTOR CYCLE",6170.00,01/10/2020,"RTA MEDCHAL",01/10/2020,02/10/2020
5432988,67055.00,TS07HJ9347,"MOTOR CYCLE",6040.00,01/10/2020,"RTA MEDCHAL",01/10/2020,02/10/2020
5432990,67055.00,TS07HJ9383,"MOTOR CYCLE",6040.00,01/10/2020,"RTA MEDCHAL",01/10/2020,02/10/2020
5432991,67055.00,TS07HJ9384,"MOTOR CYCLE",6040.00,01/10/2020,"RTA MEDCHAL",01/10/2020,02/10/2020
5432993,67055.00,TS07HJ9461,"MOTOR CYCLE",9390.00,01/10/2020,"RTA MEDCHAL",01/10/2020,02/10/2020
5432997,67055.00,TS07HJ9545,"MOTOR CYCLE",6040.00,01/10/2020,"RTA MEDCHAL",01/10/2020,02/10/2020
5432998,67055.00,TS07HJ9550,"MOTOR CYCLE",6040.00,01/10/2020,"RTA MEDCHAL",01/10/2020,02/10/2020
5433004,67055.00,TS07HJ9832,"MOTOR CYCLE",6040.00,01/10/2020,"RTA MEDCHAL",01/10/2020,02/10/2020
5326561,65698.00,TS07HJ9370,"MOTOR CYCLE",5920.00,01/10/2020,"RTA MEDCHAL",01/10/2020,02/10/2020
5347671,70266.00,TS07HL1367,"MOTOR CYCLE",6330.00,01/10/2020,"RTA MEDCHAL",01/10/2020,02/10/2020
5491903,67698.00,TS07HJ9340,"MOTOR CYCLE",6100.00,01/10/2020,"RTA MEDCHAL",01/10/2020,02/10/2020
5577375,67055.00,TS07HJ9352,"MOTOR CYCLE",6040.00,01/10/2020,"RTA MEDCHAL",01/10/2020,02/10/2020
5577376,67055.00,TS07HJ9361,"MOTOR CYCLE",6040.00,01/10/2020,"RTA MEDCHAL",01/10/2020,02/10/2020
5577380,67055.00,TS07HJ9468,"MOTOR CYCLE",6040.00,01/10/2020,"RTA MEDCHAL",01/10/2020,02/10/2020
5577381,67055.00,TS07HJ9533,"MOTOR CYCLE",6040.00,01/10/2020,"RTA MEDCHAL",01/10/2020,02/10/2020
5510360,66060.00,TS07HJ9447,"MOTOR CYCLE",5950.00,01/10/2020,"RTA MEDCHAL",01/10/2020,02/10/2020
919131,0.00,AP29BB0622,"MOTOR CYCLE",3500.00,01/10/2020,"RTA MEDCHAL",01/10/2020,02/10/2020
1121069,0.00,AP29AG7937,"MOTOR CYCLE",3700.00,01/10/2020,"RTA MEDCHAL",01/10/2020,02/10/2020
2323198,47797.00,TS07HG4405,"MOTOR CYCLE",4310.00,01/10/2020,"RTA MEDCHAL",01/10/2020,02/10/2020
3158366,52270.00,TS07HJ9434,"MOTOR CYCLE",4710.00,01/10/2020,"RTA MEDCHAL",01/10/2020,02/10/2020
4355329,57570.00,TS07HG2427,"MOTOR CYCLE",5190.00,01/10/2020,"RTA MEDCHAL",01/10/2020,02/10/2020
5133855,66060.00,TS07HJ9344,"MOTOR CYCLE",5950.00,01/10/2020,"RTA MEDCHAL",01/10/2020,02/10/2020
5133856,66060.00,TS07HJ9417,"MOTOR CYCLE",5950.00,01/10/2020,"RTA MEDCHAL",01/10/2020,02/10/2020
5133858,66060.00,TS07HJ9513,"MOTOR CYCLE",5950.00,01/10/2020,"RTA MEDCHAL",01/10/2020,02/10/2020
5133996,66060.00,TS07HL0121,"MOTOR CYCLE",5950.00,01/10/2020,"RTA MEDCHAL",01/10/2020,02/10/2020
5222961,67601.00,TS07HJ9398,"MOTOR CYCLE",6090.00,01/10/2020,"RTA MEDCHAL",01/10/2020,02/10/2020
5324332,65646.00,TS07HL0874,"MOTOR CYCLE",5910.00,01/10/2020,"RTA MEDCHAL",01/10/2020,02/10/2020
5347303,70266.00,TS07HJ9478,"MOTOR CYCLE",6330.00,01/10/2020,"RTA MEDCHAL",01/10/2020,02/10/2020
5347304,70266.00,TS07HJ9488,"MOTOR CYCLE",6330.00,01/10/2020,"RTA MEDCHAL",01/10/2020,02/10/2020
5361125,66100.00,TS07HJ9445,"MOTOR CYCLE",9260.00,01/10/2020,"RTA MEDCHAL",01/10/2020,02/10/2020
5566031,68555.00,TS07HL0151,"MOTOR CYCLE",9600.00,01/10/2020,"RTA MEDCHAL",01/10/2020,02/10/2020
5566045,68555.00,TS07HL0760,"MOTOR CYCLE",6170.00,01/10/2020,"RTA MEDCHAL",01/10/2020,02/10/2020
5386240,63136.00,TS07HJ9534,"MOTOR CYCLE",8840.00,01/10/2020,"RTA MEDCHAL",01/10/2020,02/10/2020
5523854,66101.00,TS07HJ9314,"MOTOR CYCLE",5950.00,01/10/2020,"RTA MEDCHAL",01/10/2020,02/10/2020
5666311,68555.00,TS07HL0133,"MOTOR CYCLE",6170.00,01/10/2020,"RTA MEDCHAL",01/10/2020,02/10/2020
5666315,68555.00,TS07HL0225,"MOTOR CYCLE",6170.00,01/10/2020,"RTA MEDCHAL",01/10/2020,02/10/2020
5740819,70266.00,TS07HJ9458,"MOTOR CYCLE",6330.00,01/10/2020,"RTA MEDCHAL",01/10/2020,02/10/2020
5740823,70266.00,TS07HJ9687,"MOTOR CYCLE",6330.00,01/10/2020,"RTA MEDCHAL",01/10/2020,02/10/2020
7702323,129018.00,TS06FB3418,"MOTOR CYCLE",11620.00,01/10/2020,"RTA MAHABOOBNAGAR",01/10/2020,02/10/2020
7465831,68519.00,TS06FB3347,"MOTOR CYCLE",6170.00,01/10/2020,"RTA MAHABOOBNAGAR",01/10/2020,02/10/2020
7465832,68519.00,TS06FB3381,"MOTOR CYCLE",6170.00,01/10/2020,"RTA MAHABOOBNAGAR",01/10/2020,02/10/2020
7514364,70600.00,TS06FB3357,"MOTOR CYCLE",6360.00,01/10/2020,"RTA MAHABOOBNAGAR",01/10/2020,02/10/2020
7669177,96186.00,TS06FB3365,"MOTOR CYCLE",8660.00,01/10/2020,"RTA MAHABOOBNAGAR",01/10/2020,02/10/2020
7668878,96128.00,TS11ET9714,"MOTOR CYCLE",8660.00,01/10/2020,RTA-HYDERABAD-EZ,01/10/2020,02/10/2020
7669755,96222.00,TS11ET9940,"MOTOR CYCLE",8660.00,01/10/2020,RTA-HYDERABAD-EZ,01/10/2020,02/10/2020
7918112,790782.00,TS11EU0066,"MOTOR CAR",110710.00,01/10/2020,RTA-HYDERABAD-EZ,01/10/2020,02/10/2020
7586488,75541.00,TS11ET9705,"MOTOR CYCLE",6800.00,01/10/2020,RTA-HYDERABAD-EZ,01/10/2020,02/10/2020
7901789,728000.00,TS11ET9737,"MOTOR CAR",87360.00,01/10/2020,RTA-HYDERABAD-EZ,01/10/2020,02/10/2020
7730552,158300.00,TS11ET1999,"MOTOR CYCLE",22170.00,01/10/2020,RTA-HYDERABAD-EZ,01/10/2020,02/10/2020
7507720,3325000.00,TS11ET9919,"MOTOR CAR",465500.00,01/10/2020,RTA-HYDERABAD-EZ,01/10/2020,02/10/2020
7508771,70266.00,TS11ET9710,"MOTOR CYCLE",6330.00,01/10/2020,RTA-HYDERABAD-EZ,01/10/2020,02/10/2020
7547443,73042.00,TS11ET4184,"MOTOR CYCLE",10230.00,01/10/2020,RTA-HYDERABAD-EZ,01/10/2020,02/10/2020
7578155,75043.00,TS11ET9895,"MOTOR CYCLE",6760.00,01/10/2020,RTA-HYDERABAD-EZ,01/10/2020,02/10/2020
7977615,1157647.00,TS11EU0234,"MOTOR CAR",162080.00,01/10/2020,RTA-HYDERABAD-EZ,01/10/2020,02/10/2020
7245755,792493.00,TS11ET9729,"MOTOR CAR",110950.00,01/10/2020,RTA-HYDERABAD-EZ,01/10/2020,02/10/2020
7683326,103700.00,TS11EU0468,"MOTOR CYCLE",14520.00,01/10/2020,RTA-HYDERABAD-EZ,01/10/2020,02/10/2020
7403305,67055.00,TS11ET9716,"MOTOR CYCLE",9390.00,01/10/2020,RTA-HYDERABAD-EZ,01/10/2020,02/10/2020
7403306,67055.00,TS11ET9726,"MOTOR CYCLE",9390.00,01/10/2020,RTA-HYDERABAD-EZ,01/10/2020,02/10/2020
7403307,67055.00,TS11ET9731,"MOTOR CYCLE",6040.00,01/10/2020,RTA-HYDERABAD-EZ,01/10/2020,02/10/2020
7403320,67055.00,TS11EU0170,"MOTOR CYCLE",9390.00,01/10/2020,RTA-HYDERABAD-EZ,01/10/2020,02/10/2020
7610092,78678.00,TS11ET9715,"MOTOR CYCLE",11020.00,01/10/2020,RTA-HYDERABAD-EZ,01/10/2020,02/10/2020
7353474,1114500.00,TS11ET9739,"MOTOR CAR",156030.00,01/10/2020,RTA-HYDERABAD-EZ,01/10/2020,02/10/2020
7424200,1720000.00,TS11EU0027,"MOTOR CAR",240800.00,01/10/2020,RTA-HYDERABAD-EZ,01/10/2020,02/10/2020
7588004,75715.00,TS11ET9695,"MOTOR CYCLE",10610.00,01/10/2020,RTA-HYDERABAD-EZ,01/10/2020,02/10/2020
7204560,62351.00,TS11ET9712,"MOTOR CYCLE",8730.00,01/10/2020,RTA-HYDERABAD-EZ,01/10/2020,02/10/2020
7250611,799493.00,TS11ET9741,"MOTOR CAR",95940.00,01/10/2020,RTA-HYDERABAD-EZ,01/10/2020,02/10/2020
5689658,68995.00,TS11ET9697,"MOTOR CYCLE",6210.00,01/10/2020,RTA-HYDERABAD-EZ,01/10/2020,02/10/2020
5690142,68996.00,TS11ET9706,"MOTOR CYCLE",6210.00,01/10/2020,RTA-HYDERABAD-EZ,01/10/2020,02/10/2020
6723233,695088.00,TS11ET9996,"MOTOR CAR",83420.00,01/10/2020,RTA-HYDERABAD-EZ,01/10/2020,02/10/2020
6436248,141754.00,TS11ET9698,"MOTOR CYCLE",12760.00,01/10/2020,RTA-HYDERABAD-EZ,01/10/2020,02/10/2020
6788557,469307.00,TS11ET9694,"MOTOR CAR",65710.00,01/10/2020,RTA-HYDERABAD-EZ,01/10/2020,02/10/2020
7189906,727406.00,AP28CL1001,"MOTOR CAR",61830.00,01/10/2020,RTA-HYDERABAD-EZ,01/10/2020,02/10/2020
6727727,465700.00,TS11ET9747,"MOTOR CAR",55890.00,01/10/2020,RTA-HYDERABAD-EZ,01/10/2020,02/10/2020
6936838,591906.00,TS11UC7322,"Motor Cab",71030.00,01/10/2020,RTA-HYDERABAD-EZ,01/10/2020,02/10/2020
6075182,141754.00,TS11ET9771,"MOTOR CYCLE",12760.00,01/10/2020,RTA-HYDERABAD-EZ,01/10/2020,02/10/2020
6095153,78492.00,TS11ET9724,"MOTOR CYCLE",7070.00,01/10/2020,RTA-HYDERABAD-EZ,01/10/2020,02/10/2020
5388017,71443.00,TS11ET9856,"MOTOR CYCLE",6430.00,01/10/2020,RTA-HYDERABAD-EZ,01/10/2020,02/10/2020
5569624,68555.00,TS11ET9742,"MOTOR CYCLE",6170.00,01/10/2020,RTA-HYDERABAD-EZ,01/10/2020,02/10/2020
5687557,71021.00,TS11ET9735,"MOTOR CYCLE",6400.00,01/10/2020,RTA-HYDERABAD-EZ,01/10/2020,02/10/2020
5741615,70266.00,TS11ET9725,"MOTOR CYCLE",6330.00,01/10/2020,RTA-HYDERABAD-EZ,01/10/2020,02/10/2020
6586232,186940.00,TS11ET0661,"MOTOR CYCLE",16830.00,01/10/2020,RTA-HYDERABAD-EZ,01/10/2020,02/10/2020
6542103,591906.00,TS11UC7321,"Motor Cab",71030.00,01/10/2020,RTA-HYDERABAD-EZ,01/10/2020,02/10/2020
6139751,177170.00,TS11EU0036,"MOTOR CYCLE",24810.00,01/10/2020,RTA-HYDERABAD-EZ,01/10/2020,02/10/2020
6309515,107540.00,TS11ET9711,"MOTOR CYCLE",9680.00,01/10/2020,RTA-HYDERABAD-EZ,01/10/2020,02/10/2020
5974706,74966.00,TS11ET9952,"MOTOR CYCLE",6750.00,01/10/2020,RTA-HYDERABAD-EZ,01/10/2020,02/10/2020
5654393,70266.00,TS11ET9722,"MOTOR CYCLE",6330.00,01/10/2020,RTA-HYDERABAD-EZ,01/10/2020,02/10/2020
5748488,81948.00,TS11ET9732,"MOTOR CYCLE",11480.00,01/10/2020,RTA-HYDERABAD-EZ,01/10/2020,02/10/2020
5581887,67055.00,TS11ET9821,"MOTOR CYCLE",6040.00,01/10/2020,RTA-HYDERABAD-EZ,01/10/2020,02/10/2020
5440373,67055.00,TS11ET9762,"MOTOR CYCLE",6040.00,01/10/2020,RTA-HYDERABAD-EZ,01/10/2020,02/10/2020
5440374,67055.00,TS11ET9782,"MOTOR CYCLE",6040.00,01/10/2020,RTA-HYDERABAD-EZ,01/10/2020,02/10/2020
5440376,67055.00,TS11ET9864,"MOTOR CYCLE",6040.00,01/10/2020,RTA-HYDERABAD-EZ,01/10/2020,02/10/2020
5440382,67055.00,TS11EU0125,"MOTOR CYCLE",6040.00,01/10/2020,RTA-HYDERABAD-EZ,01/10/2020,02/10/2020
5348558,70266.00,TS11ET9750,"MOTOR CYCLE",9840.00,01/10/2020,RTA-HYDERABAD-EZ,01/10/2020,02/10/2020
5348559,70266.00,TS11ET9881,"MOTOR CYCLE",6330.00,01/10/2020,RTA-HYDERABAD-EZ,01/10/2020,02/10/2020
3704902,54655.00,TS11ET0896,"MOTOR CYCLE",4920.00,01/10/2020,RTA-HYDERABAD-EZ,01/10/2020,02/10/2020
5033147,59053.00,TS11ET0278,"MOTOR CYCLE",5320.00,01/10/2020,RTA-HYDERABAD-EZ,01/10/2020,02/10/2020
5317084,65548.00,TS11EU0190,"MOTOR CYCLE",5900.00,01/10/2020,RTA-HYDERABAD-EZ,01/10/2020,02/10/2020
333771,0.00,AP11AG9258,"MOTOR CAR",16200.00,01/10/2020,RTA-HYDERABAD-EZ,01/10/2020,02/10/2020
356168,0.00,AP11P8353,"MOTOR CYCLE",3060.00,01/10/2020,RTA-HYDERABAD-EZ,01/10/2020,02/10/2020
695375,0.00,AP24M8255,"MOTOR CYCLE",3430.00,01/10/2020,RTA-HYDERABAD-EZ,01/10/2020,02/10/2020
4011257,54652.00,TS11ET9703,"MOTOR CYCLE",4920.00,01/10/2020,RTA-HYDERABAD-EZ,01/10/2020,02/10/2020
1131361,0.00,AP29AJ6196,"MOTOR CYCLE",5180.00,01/10/2020,RTA-HYDERABAD-EZ,01/10/2020,02/10/2020
1592559,41917.00,TS11ET4416,"MOTOR CYCLE",3780.00,01/10/2020,RTA-HYDERABAD-EZ,01/10/2020,02/10/2020
5196007,67055.00,TS11ET9721,"MOTOR CYCLE",6040.00,01/10/2020,RTA-HYDERABAD-EZ,01/10/2020,02/10/2020
5196010,67055.00,TS11ET9834,"MOTOR CYCLE",6040.00,01/10/2020,RTA-HYDERABAD-EZ,01/10/2020,02/10/2020
4765190,58900.00,TS11ET9867,"MOTOR CYCLE",5310.00,01/10/2020,RTA-HYDERABAD-EZ,01/10/2020,02/10/2020
283749,0.00,AP11AA4406,"MOTOR CYCLE",3450.00,01/10/2020,RTA-HYDERABAD-EZ,01/10/2020,02/10/2020
326037,0.00,AP11AF4176,"MOTOR CYCLE",3940.00,01/10/2020,RTA-HYDERABAD-EZ,01/10/2020,02/10/2020
361364,0.00,AP11Q5898,"MOTOR CYCLE",4970.00,01/10/2020,RTA-HYDERABAD-EZ,01/10/2020,02/10/2020
4020629,56420.00,TS11ET4173,"MOTOR CYCLE",7900.00,01/10/2020,RTA-HYDERABAD-EZ,01/10/2020,02/10/2020
22457,0.00,AP01AE5196,"MOTOR CYCLE",3790.00,01/10/2020,"RTA ADILABAD",01/10/2020,02/10/2020
4363543,57575.00,TS01EN8573,"MOTOR CYCLE",5190.00,01/10/2020,"RTA ADILABAD",01/10/2020,02/10/2020
4715027,58490.00,TS01EN8601,"MOTOR CYCLE",5270.00,01/10/2020,"RTA ADILABAD",01/10/2020,02/10/2020
5024602,58899.00,TS01EN8577,"MOTOR CYCLE",5310.00,01/10/2020,"RTA ADILABAD",01/10/2020,02/10/2020
5352207,66059.00,TS01EN8594,"MOTOR CYCLE",5950.00,01/10/2020,"RTA ADILABAD",01/10/2020,02/10/2020
11465,0.00,AP01AA8917,"MOTOR CYCLE",3700.00,01/10/2020,"RTA ADILABAD",01/10/2020,02/10/2020
32706,0.00,AP01L1073,"MOTOR CYCLE",3860.00,01/10/2020,"RTA ADILABAD",01/10/2020,02/10/2020
4336383,57076.00,TS01EN8590,"MOTOR CYCLE",5140.00,01/10/2020,"RTA ADILABAD",01/10/2020,02/10/2020
4971393,58449.00,TS01EN3841,"MOTOR CYCLE",5270.00,01/10/2020,"RTA ADILABAD",01/10/2020,02/10/2020
5236880,64010.00,TS01EN8588,"MOTOR CYCLE",5770.00,01/10/2020,"RTA ADILABAD",01/10/2020,02/10/2020
14708,0.00,AP01AC0779,"MOTOR CYCLE",4170.00,01/10/2020,"RTA ADILABAD",01/10/2020,02/10/2020
2296317,48587.00,TS01EN3581,"MOTOR CYCLE",4380.00,01/10/2020,"RTA ADILABAD",01/10/2020,02/10/2020
4763870,58900.00,TS01EN8610,"MOTOR CYCLE",5310.00,01/10/2020,"RTA ADILABAD",01/10/2020,02/10/2020
5509114,66059.00,TS01EN8581,"MOTOR CYCLE",9250.00,01/10/2020,"RTA ADILABAD",01/10/2020,02/10/2020
5509115,66059.00,TS01EN8583,"MOTOR CYCLE",5950.00,01/10/2020,"RTA ADILABAD",01/10/2020,02/10/2020
5701712,69230.00,TS01EN8593,"MOTOR CYCLE",6240.00,01/10/2020,"RTA ADILABAD",01/10/2020,02/10/2020
5718748,69877.00,TS01EN8578,"MOTOR CYCLE",6290.00,01/10/2020,"RTA ADILABAD",01/10/2020,02/10/2020
5790460,71496.00,TS01EN2480,"MOTOR CYCLE",10010.00,01/10/2020,"RTA ADILABAD",01/10/2020,02/10/2020
6011863,78289.00,TS01EN8595,"MOTOR CYCLE",7050.00,01/10/2020,"RTA ADILABAD",01/10/2020,02/10/2020
6333104,97664.00,TS01EN8582,"MOTOR CYCLE",13680.00,01/10/2020,"RTA ADILABAD",01/10/2020,02/10/2020
6760674,58900.00,TS01EN8572,"MOTOR CYCLE",5310.00,01/10/2020,"RTA ADILABAD",01/10/2020,02/10/2020
5632403,69877.00,TS01EN8596,"MOTOR CYCLE",6290.00,01/10/2020,"RTA ADILABAD",01/10/2020,02/10/2020
5647988,70100.00,TS01EN8580,"MOTOR CYCLE",6310.00,01/10/2020,"RTA ADILABAD",01/10/2020,02/10/2020
5541675,66666.00,TS01EN8571,"MOTOR CYCLE",6000.00,01/10/2020,"RTA ADILABAD",01/10/2020,02/10/2020
5541676,66666.00,TS01EN8579,"MOTOR CYCLE",6000.00,01/10/2020,"RTA ADILABAD",01/10/2020,02/10/2020
5803889,71750.00,TS01EN8575,"MOTOR CYCLE",10050.00,01/10/2020,"RTA ADILABAD",01/10/2020,02/10/2020
6000574,77657.00,TS01EN8592,"MOTOR CYCLE",6990.00,01/10/2020,"RTA ADILABAD",01/10/2020,02/10/2020
7346246,66059.00,TS01EN8591,"MOTOR CYCLE",9250.00,01/10/2020,"RTA ADILABAD",01/10/2020,02/10/2020
6018948,75891.00,TS01EN8570,"MOTOR CYCLE",6840.00,01/10/2020,"RTA ADILABAD",01/10/2020,02/10/2020
7499642,69877.00,TS01EN8576,"MOTOR CYCLE",6290.00,01/10/2020,"RTA ADILABAD",01/10/2020,02/10/2020
7500265,69933.00,TS01EN8587,"MOTOR CYCLE",6300.00,01/10/2020,"RTA ADILABAD",01/10/2020,02/10/2020
7525145,71600.00,TS01EN8589,"MOTOR CYCLE",6450.00,01/10/2020,"RTA ADILABAD",01/10/2020,02/10/2020
7607456,78104.00,TS01EN8584,"MOTOR CYCLE",7030.00,01/10/2020,"RTA ADILABAD",01/10/2020,02/10/2020
7793345,451000.00,GA06D1726,"Omnibus for Private Use",27060.00,01/10/2020,"RTA ADILABAD",01/10/2020,02/10/2020
7564378,74089.00,TS01EN8574,"MOTOR CYCLE",6670.00,01/10/2020,"RTA ADILABAD",01/10/2020,02/10/2020
7477996,68743.00,TS02FD6907,"MOTOR CYCLE",6190.00,01/10/2020,"RTA KARIMNAGAR",01/10/2020,02/10/2020
7590276,76019.00,TS02FD6853,"MOTOR CYCLE",6850.00,01/10/2020,"RTA KARIMNAGAR",01/10/2020,02/10/2020
7590277,76019.00,TS02FD6857,"MOTOR CYCLE",6850.00,01/10/2020,"RTA KARIMNAGAR",01/10/2020,02/10/2020
7223189,759000.00,TS02FD6885,"MOTOR CAR",91080.00,01/10/2020,"RTA KARIMNAGAR",01/10/2020,02/10/2020
7263340,819666.00,TS02FD6852,"MOTOR CAR",98360.00,01/10/2020,"RTA KARIMNAGAR",01/10/2020,02/10/2020
7403685,1067285.00,TS02FD7786,"MOTOR CAR",149420.00,01/10/2020,"RTA KARIMNAGAR",01/10/2020,02/10/2020
7452500,68369.00,TS02FD6993,"MOTOR CYCLE",6160.00,01/10/2020,"RTA KARIMNAGAR",01/10/2020,02/10/2020
7269717,827499.00,TS02FD7789,"MOTOR CAR",115850.00,01/10/2020,"RTA KARIMNAGAR",01/10/2020,02/10/2020
7423949,1720000.00,TS02FD8888,"MOTOR CAR",240800.00,01/10/2020,"RTA KARIMNAGAR",01/10/2020,02/10/2020
7424014,1154470.00,TS02FD7677,"MOTOR CAR",161630.00,01/10/2020,"RTA KARIMNAGAR",01/10/2020,02/10/2020
7668514,95969.00,TS02FD6890,"MOTOR CYCLE",8640.00,01/10/2020,"RTA KARIMNAGAR",01/10/2020,02/10/2020
7668515,95969.00,TS02FD6897,"MOTOR CYCLE",8640.00,01/10/2020,"RTA KARIMNAGAR",01/10/2020,02/10/2020
5990745,56873.00,TS02FD1161,"MOTOR CYCLE",5120.00,01/10/2020,"RTA KARIMNAGAR",01/10/2020,02/10/2020
6226819,349990.00,TS02FD6916,"MOTOR CAR",42000.00,01/10/2020,"RTA KARIMNAGAR",01/10/2020,02/10/2020
6382158,107322.00,TS02FD6911,"MOTOR CYCLE",9660.00,01/10/2020,"RTA KARIMNAGAR",01/10/2020,02/10/2020
6911350,603306.00,TS02FD6858,"MOTOR CAR",72400.00,01/10/2020,"RTA KARIMNAGAR",01/10/2020,02/10/2020
5691644,79735.00,TS02FD6891,"MOTOR CYCLE",11170.00,01/10/2020,"RTA KARIMNAGAR",01/10/2020,02/10/2020
6317024,95969.00,TS02FD6875,"MOTOR CYCLE",8640.00,01/10/2020,"RTA KARIMNAGAR",01/10/2020,02/10/2020
6317028,95969.00,TS02FD7781,"MOTOR CYCLE",8640.00,01/10/2020,"RTA KARIMNAGAR",01/10/2020,02/10/2020
7165969,2252500.00,TS02FC7777,"MOTOR CAR",315350.00,01/10/2020,"RTA KARIMNAGAR",01/10/2020,02/10/2020
7257362,64010.00,TS02FD6865,"MOTOR CYCLE",5770.00,01/10/2020,"RTA KARIMNAGAR",01/10/2020,02/10/2020
7274727,946097.00,TS02FD7773,"MOTOR CAR",132460.00,01/10/2020,"RTA KARIMNAGAR",01/10/2020,02/10/2020
6968620,609625.00,TS02FD6900,"MOTOR CAR",85350.00,01/10/2020,"RTA KARIMNAGAR",01/10/2020,02/10/2020
7094744,1269000.00,TS02FD7799,"MOTOR CAR",177660.00,01/10/2020,"RTA KARIMNAGAR",01/10/2020,02/10/2020
6652660,397910.00,TS02FD6903,"MOTOR CAR",47750.00,01/10/2020,"RTA KARIMNAGAR",01/10/2020,02/10/2020
6676303,361518.00,TS02FD6874,"MOTOR CAR",43390.00,01/10/2020,"RTA KARIMNAGAR",01/10/2020,02/10/2020
6108477,79315.00,TS02FD6864,"MOTOR CYCLE",7140.00,01/10/2020,"RTA KARIMNAGAR",01/10/2020,02/10/2020
6280051,98854.00,TS02FD6887,"MOTOR CYCLE",8900.00,01/10/2020,"RTA KARIMNAGAR",01/10/2020,02/10/2020
6424109,121043.00,TS02FD6944,"MOTOR CYCLE",10900.00,01/10/2020,"RTA KARIMNAGAR",01/10/2020,02/10/2020
6992688,647695.00,TS02FD6886,"MOTOR CAR",77730.00,01/10/2020,"RTA KARIMNAGAR",01/10/2020,02/10/2020
7131243,736995.00,TS02FD6872,"MOTOR CAR",88440.00,01/10/2020,"RTA KARIMNAGAR",01/10/2020,02/10/2020
5399217,71690.00,TS02FC7746,"MOTOR CYCLE",10040.00,01/10/2020,"RTA KARIMNAGAR",01/10/2020,02/10/2020
6394254,57575.00,TS02FD6860,"MOTOR CYCLE",5190.00,01/10/2020,"RTA KARIMNAGAR",01/10/2020,02/10/2020
6011214,78240.00,TS02FD6889,"MOTOR CYCLE",7050.00,01/10/2020,"RTA KARIMNAGAR",01/10/2020,02/10/2020
5794673,56109.00,TS02FD0449,"MOTOR CYCLE",7860.00,01/10/2020,"RTA KARIMNAGAR",01/10/2020,02/10/2020
5929611,98854.00,TS02FD6861,"MOTOR CYCLE",8900.00,01/10/2020,"RTA KARIMNAGAR",01/10/2020,02/10/2020
5929612,98854.00,TS02FD6876,"MOTOR CYCLE",8900.00,01/10/2020,"RTA KARIMNAGAR",01/10/2020,02/10/2020
5717995,71750.00,TS02FD6895,"MOTOR CYCLE",6460.00,01/10/2020,"RTA KARIMNAGAR",01/10/2020,02/10/2020
5504077,66000.00,TS02FD6904,"MOTOR CYCLE",5940.00,01/10/2020,"RTA KARIMNAGAR",01/10/2020,02/10/2020
4022424,54655.00,TS11ET1082,"MOTOR CYCLE",4920.00,01/10/2020,RTA-HYDERABAD-EZ,01/10/2020,02/10/2020
273485,0.00,AP11Q4597,"MOTOR CYCLE",3600.00,01/10/2020,RTA-HYDERABAD-EZ,01/10/2020,02/10/2020
327387,0.00,AP11Q5216,"MOTOR CYCLE",3580.00,01/10/2020,RTA-HYDERABAD-EZ,01/10/2020,02/10/2020
330637,0.00,AP11S1917,"MOTOR CYCLE",3740.00,01/10/2020,RTA-HYDERABAD-EZ,01/10/2020,02/10/2020
465295,0.00,AP15BE4046,"MOTOR CYCLE",3700.00,01/10/2020,"RTA NIRMAL",01/10/2020,02/10/2020
2300014,47574.00,TS18E5282,"MOTOR CYCLE",4290.00,01/10/2020,"RTA NIRMAL",01/10/2020,02/10/2020
2153408,46574.00,TS18E5314,"MOTOR CYCLE",4200.00,01/10/2020,"RTA NIRMAL",01/10/2020,02/10/2020
4380261,57700.00,TS18E5317,"MOTOR CYCLE",5200.00,01/10/2020,"RTA NIRMAL",01/10/2020,02/10/2020
4619727,58900.00,TS18E5323,"MOTOR CYCLE",5310.00,01/10/2020,"RTA NIRMAL",01/10/2020,02/10/2020
4619728,58900.00,TS18E5327,"MOTOR CYCLE",5310.00,01/10/2020,"RTA NIRMAL",01/10/2020,02/10/2020
6954,0.00,AP01AA3983,"MOTOR CYCLE",3720.00,01/10/2020,"RTA NIRMAL",01/10/2020,02/10/2020
1944177,46940.00,TS18E0040,"MOTOR CYCLE",4230.00,01/10/2020,"RTA NIRMAL",01/10/2020,02/10/2020
4968531,60800.00,TS18D8887,"MOTOR CYCLE",5480.00,01/10/2020,"RTA NIRMAL",01/10/2020,02/10/2020
5036909,59117.00,TS18E5313,"MOTOR CYCLE",5330.00,01/10/2020,"RTA NIRMAL",01/10/2020,02/10/2020
2144385,47574.00,TS18E5296,"MOTOR CYCLE",4290.00,01/10/2020,"RTA NIRMAL",01/10/2020,02/10/2020
2938974,47574.00,TS18E5337,"MOTOR CYCLE",4290.00,01/10/2020,"RTA NIRMAL",01/10/2020,02/10/2020
3425480,52998.00,TS18D8898,"MOTOR CYCLE",0.00,01/10/2020,"RTA NIRMAL",01/10/2020,02/10/2020
4239432,55840.00,TS18D6943,"MOTOR CYCLE",5030.00,01/10/2020,"RTA NIRMAL",01/10/2020,02/10/2020
4756464,57575.00,TS18E5308,"MOTOR CYCLE",5190.00,01/10/2020,"RTA NIRMAL",01/10/2020,02/10/2020
4510018,57575.00,TS18E5318,"MOTOR CYCLE",5190.00,01/10/2020,"RTA NIRMAL",01/10/2020,02/10/2020
5247992,68110.00,TS18E5321,"MOTOR CYCLE",6130.00,01/10/2020,"RTA NIRMAL",01/10/2020,02/10/2020
5042905,53107.00,TS18E5288,"MOTOR CYCLE",4780.00,01/10/2020,"RTA NIRMAL",01/10/2020,02/10/2020
5130671,66059.00,TS18E5307,"MOTOR CYCLE",5950.00,01/10/2020,"RTA NIRMAL",01/10/2020,02/10/2020
3274136,52998.00,TS18D8898,"MOTOR CYCLE",4770.00,01/10/2020,"RTA NIRMAL",01/10/2020,02/10/2020
3373081,52300.00,AP01J1612,"MOTOR CYCLE",3690.00,01/10/2020,"RTA NIRMAL",01/10/2020,02/10/2020
3499343,53708.00,TS18D6989,"MOTOR CYCLE",4840.00,01/10/2020,"RTA NIRMAL",01/10/2020,02/10/2020
5030465,58983.00,TS18D7762,"MOTOR CYCLE",8260.00,01/10/2020,"RTA NIRMAL",01/10/2020,02/10/2020
5326370,69877.00,TS18E5335,"MOTOR CYCLE",6290.00,01/10/2020,"RTA NIRMAL",01/10/2020,02/10/2020
5469733,65257.00,TS18E5342,"MOTOR CYCLE",5880.00,01/10/2020,"RTA NIRMAL",01/10/2020,02/10/2020
5509136,66059.00,TS18E5328,"MOTOR CYCLE",5950.00,01/10/2020,"RTA NIRMAL",01/10/2020,02/10/2020
5541695,66666.00,TS18E5339,"MOTOR CYCLE",6000.00,01/10/2020,"RTA NIRMAL",01/10/2020,02/10/2020
5718223,69821.00,TS18E5298,"MOTOR CYCLE",6290.00,01/10/2020,"RTA NIRMAL",01/10/2020,02/10/2020
5719020,69877.00,TS18E5287,"MOTOR CYCLE",6290.00,01/10/2020,"RTA NIRMAL",01/10/2020,02/10/2020
5719021,69877.00,TS18E5303,"MOTOR CYCLE",6290.00,01/10/2020,"RTA NIRMAL",01/10/2020,02/10/2020
5719022,69877.00,TS18E5320,"MOTOR CYCLE",6290.00,01/10/2020,"RTA NIRMAL",01/10/2020,02/10/2020
5392526,71615.00,TS18E5285,"MOTOR CYCLE",10030.00,01/10/2020,"RTA NIRMAL",01/10/2020,02/10/2020
5948539,75891.00,TS18E5319,"MOTOR CYCLE",6840.00,01/10/2020,"RTA NIRMAL",01/10/2020,02/10/2020
6329071,116134.00,TS18E5305,"MOTOR CYCLE",10460.00,01/10/2020,"RTA NIRMAL",01/10/2020,02/10/2020
5763201,72566.00,TS18E5329,"MOTOR CYCLE",6540.00,01/10/2020,"RTA NIRMAL",01/10/2020,02/10/2020
5637176,69877.00,TS18E5291,"MOTOR CYCLE",6290.00,01/10/2020,"RTA NIRMAL",01/10/2020,02/10/2020
5637177,69877.00,TS18E5302,"MOTOR CYCLE",6290.00,01/10/2020,"RTA NIRMAL",01/10/2020,02/10/2020
5637178,69877.00,TS18E5311,"MOTOR CYCLE",6290.00,01/10/2020,"RTA NIRMAL",01/10/2020,02/10/2020
6613455,631939.00,TS18E5757,"MOTOR CAR",75840.00,01/10/2020,"RTA NIRMAL",01/10/2020,02/10/2020
6363682,127200.00,TS18E5332,"MOTOR CYCLE",11450.00,01/10/2020,"RTA NIRMAL",01/10/2020,02/10/2020
6289440,100832.00,TS18E5309,"MOTOR CYCLE",9080.00,01/10/2020,"RTA NIRMAL",01/10/2020,02/10/2020
6346570,98662.00,TS18E5341,"MOTOR CYCLE",8880.00,01/10/2020,"RTA NIRMAL",01/10/2020,02/10/2020
6350350,98854.00,TS18E5286,"MOTOR CYCLE",8900.00,01/10/2020,"RTA NIRMAL",01/10/2020,02/10/2020
5714720,55655.00,TS18E5315,"MOTOR CYCLE",5010.00,01/10/2020,"RTA NIRMAL",01/10/2020,02/10/2020
5644202,68337.00,TS18E5340,"MOTOR CYCLE",6160.00,01/10/2020,"RTA NIRMAL",01/10/2020,02/10/2020
7365973,990719.00,TS18E5858,"MOTOR CAR",118890.00,01/10/2020,"RTA NIRMAL",01/10/2020,02/10/2020
7074588,662775.00,TS18E5292,"MOTOR CAR",92790.00,01/10/2020,"RTA NIRMAL",01/10/2020,02/10/2020
7121475,688431.00,TS18E5558,"MOTOR CAR",82620.00,01/10/2020,"RTA NIRMAL",01/10/2020,02/10/2020
6316731,95833.00,TS18E5599,"MOTOR CYCLE",8630.00,01/10/2020,"RTA NIRMAL",01/10/2020,02/10/2020
5975199,74969.00,TS18E5310,"MOTOR CYCLE",6750.00,01/10/2020,"RTA NIRMAL",01/10/2020,02/10/2020
6038343,56980.00,TS18E5334,"MOTOR CYCLE",5130.00,01/10/2020,"RTA NIRMAL",01/10/2020,02/10/2020
7159780,766436.00,TS18E6161,"MOTOR CAR",91980.00,01/10/2020,"RTA NIRMAL",01/10/2020,02/10/2020
6777209,731780.00,TS18E5284,"MOTOR CAR",87820.00,01/10/2020,"RTA NIRMAL",01/10/2020,02/10/2020
7499780,69877.00,TS18E5289,"MOTOR CYCLE",6290.00,01/10/2020,"RTA NIRMAL",01/10/2020,02/10/2020
7499781,69877.00,TS18E5294,"MOTOR CYCLE",6290.00,01/10/2020,"RTA NIRMAL",01/10/2020,02/10/2020
7499782,69877.00,TS18E5304,"MOTOR CYCLE",6290.00,01/10/2020,"RTA NIRMAL",01/10/2020,02/10/2020
7499783,69877.00,TS18E5306,"MOTOR CYCLE",6290.00,01/10/2020,"RTA NIRMAL",01/10/2020,02/10/2020
7501058,2616028.00,TS18E5336,"Vehicle Fitted with Construction Equipment",196210.00,01/10/2020,"RTA NIRMAL",01/10/2020,02/10/2020
7447024,68166.00,TS18E5300,"MOTOR CYCLE",6140.00,01/10/2020,"RTA NIRMAL",01/10/2020,02/10/2020
7447025,68166.00,TS18E5312,"MOTOR CYCLE",6140.00,01/10/2020,"RTA NIRMAL",01/10/2020,02/10/2020
7447026,68166.00,TS18E5316,"MOTOR CYCLE",9550.00,01/10/2020,"RTA NIRMAL",01/10/2020,02/10/2020
7607460,78104.00,TS18E5293,"MOTOR CYCLE",7030.00,01/10/2020,"RTA NIRMAL",01/10/2020,02/10/2020
7376835,66666.00,TS18E5297,"MOTOR CYCLE",6000.00,01/10/2020,"RTA NIRMAL",01/10/2020,02/10/2020
7376836,66666.00,TS18E5322,"MOTOR CYCLE",6000.00,01/10/2020,"RTA NIRMAL",01/10/2020,02/10/2020
7267012,64140.00,TS18E5325,"MOTOR CYCLE",5780.00,01/10/2020,"RTA NIRMAL",01/10/2020,02/10/2020
7014814,635983.00,TS18E5326,"MOTOR CAR",76320.00,01/10/2020,"RTA NIRMAL",01/10/2020,02/10/2020
7084970,61338.00,TS18E5338,"MOTOR CYCLE",5530.00,01/10/2020,"RTA NIRMAL",01/10/2020,02/10/2020
7612988,79315.00,TS18E5343,"MOTOR CYCLE",7140.00,01/10/2020,"RTA NIRMAL",01/10/2020,02/10/2020
7677152,98854.00,TS18E5290,"MOTOR CYCLE",8900.00,01/10/2020,"RTA NIRMAL",01/10/2020,02/10/2020
7998026,1720000.00,TS18E5544,"MOTOR CAR",240800.00,01/10/2020,"RTA NIRMAL",01/10/2020,02/10/2020
7448381,68222.00,TS21J1663,"MOTOR CYCLE",6140.00,01/10/2020,"RTA JAGITYAL",01/10/2020,02/10/2020
7381981,66722.00,TS21J1653,"MOTOR CYCLE",6010.00,01/10/2020,"RTA JAGITYAL",01/10/2020,02/10/2020
7520476,71021.00,TS21J1650,"MOTOR CYCLE",6400.00,01/10/2020,"RTA JAGITYAL",01/10/2020,02/10/2020
7342025,1070389.00,TS07HK5100,"MOTOR CAR",149860.00,01/10/2020,"RTA RANGAREDDY",01/10/2020,02/10/2020
7359989,66104.00,TS07HE5150,"MOTOR CYCLE",5950.00,01/10/2020,"RTA RANGAREDDY",01/10/2020,02/10/2020
7363505,1159000.00,TS07HK5132,"MOTOR CAR",162260.00,01/10/2020,"RTA RANGAREDDY",01/10/2020,02/10/2020
7363514,1159000.00,TS07HM0306,"MOTOR CAR",162260.00,01/10/2020,"RTA RANGAREDDY",01/10/2020,02/10/2020
7047453,1080053.00,TS07HK5172,"MOTOR CAR",151210.00,01/10/2020,"RTA RANGAREDDY",01/10/2020,02/10/2020
7136438,696012.00,TS07HK5213,"MOTOR CAR",83530.00,01/10/2020,"RTA RANGAREDDY",01/10/2020,02/10/2020
7405108,1444900.00,TS07HK5155,"MOTOR CAR",202290.00,01/10/2020,"RTA RANGAREDDY",01/10/2020,02/10/2020
7425228,1161500.00,TS07HK5217,"MOTOR CAR",162610.00,01/10/2020,"RTA RANGAREDDY",01/10/2020,02/10/2020
7468041,68555.00,TS07HK5047,"MOTOR CYCLE",6170.00,01/10/2020,"RTA RANGAREDDY",01/10/2020,02/10/2020
7468042,68555.00,TS07HK5051,"MOTOR CYCLE",6170.00,01/10/2020,"RTA RANGAREDDY",01/10/2020,02/10/2020
7468043,68555.00,TS07HK5093,"MOTOR CYCLE",6170.00,01/10/2020,"RTA RANGAREDDY",01/10/2020,02/10/2020
7468044,68555.00,TS07HK5129,"MOTOR CYCLE",6170.00,01/10/2020,"RTA RANGAREDDY",01/10/2020,02/10/2020
7468045,68555.00,TS07HK5181,"MOTOR CYCLE",6170.00,01/10/2020,"RTA RANGAREDDY",01/10/2020,02/10/2020
7669497,96222.00,TS07HK5033,"MOTOR CYCLE",8660.00,01/10/2020,"RTA RANGAREDDY",01/10/2020,02/10/2020
7669498,96222.00,TS07HK5075,"MOTOR CYCLE",8660.00,01/10/2020,"RTA RANGAREDDY",01/10/2020,02/10/2020
7821280,541252.00,TS07HK5056,"MOTOR CAR",64960.00,01/10/2020,"RTA RANGAREDDY",01/10/2020,02/10/2020
7866174,645689.00,TS07HK5138,"MOTOR CAR",90400.00,01/10/2020,"RTA RANGAREDDY",01/10/2020,02/10/2020
7917426,788500.00,TS07HM2228,"MOTOR CAR",110390.00,01/10/2020,"RTA RANGAREDDY",01/10/2020,02/10/2020
7970049,1060430.00,TS07HK5189,"MOTOR CAR",148470.00,01/10/2020,"RTA RANGAREDDY",01/10/2020,02/10/2020
7991503,1434000.00,TS07HK5148,"MOTOR CAR",200760.00,01/10/2020,"RTA RANGAREDDY",01/10/2020,02/10/2020
7683616,103986.00,TS07HK5039,"MOTOR CYCLE",9360.00,01/10/2020,"RTA RANGAREDDY",01/10/2020,02/10/2020
7789499,438500.00,TS07HK5072,"MOTOR CAR",52620.00,01/10/2020,"RTA RANGAREDDY",01/10/2020,02/10/2020
7886261,690112.00,TS07HK5197,"MOTOR CAR",82820.00,01/10/2020,"RTA RANGAREDDY",01/10/2020,02/10/2020
7987473,1334000.00,TS07HK5157,"MOTOR CAR",186760.00,01/10/2020,"RTA RANGAREDDY",01/10/2020,02/10/2020
7987983,1346000.00,TS07HK5423,"MOTOR CAR",188440.00,01/10/2020,"RTA RANGAREDDY",01/10/2020,02/10/2020
7288930,971000.00,TS07HK5371,"MOTOR CAR",135940.00,01/10/2020,"RTA RANGAREDDY",01/10/2020,02/10/2020
7110936,1369000.00,TS07HK5166,"MOTOR CAR",191660.00,01/10/2020,"RTA RANGAREDDY",01/10/2020,02/10/2020
6899354,868072.00,TS07HK5046,"MOTOR CAR",104170.00,01/10/2020,"RTA RANGAREDDY",01/10/2020,02/10/2020
6993435,985689.00,TS07HK5024,"MOTOR CAR",138000.00,01/10/2020,"RTA RANGAREDDY",01/10/2020,02/10/2020
6996481,988900.00,TS07HK5043,"MOTOR CAR",118670.00,01/10/2020,"RTA RANGAREDDY",01/10/2020,02/10/2020
7395313,1031760.00,TS07HK5880,"MOTOR CAR",144450.00,01/10/2020,"RTA RANGAREDDY",01/10/2020,02/10/2020
6311773,95267.00,TS07HK5209,"MOTOR CYCLE",8580.00,01/10/2020,"RTA RANGAREDDY",01/10/2020,02/10/2020
6515800,184482.00,TS07HK5206,"MOTOR CYCLE",16610.00,01/10/2020,"RTA RANGAREDDY",01/10/2020,02/10/2020
6564792,169617.00,TS07HK5037,"MOTOR CYCLE",23750.00,01/10/2020,"RTA RANGAREDDY",01/10/2020,02/10/2020
6670997,660160.00,TS07HK5071,"MOTOR CAR",79220.00,01/10/2020,"RTA RANGAREDDY",01/10/2020,02/10/2020
6741365,422948.00,TS07HK5106,"MOTOR CAR",50760.00,01/10/2020,"RTA RANGAREDDY",01/10/2020,02/10/2020
7399273,67055.00,TS07HK5120,"MOTOR CYCLE",9390.00,01/10/2020,"RTA RANGAREDDY",01/10/2020,02/10/2020
7399513,67055.00,TS07HK9157,"MOTOR CYCLE",6040.00,01/10/2020,"RTA RANGAREDDY",01/10/2020,02/10/2020
7610030,78678.00,TS07HK5108,"MOTOR CYCLE",7090.00,01/10/2020,"RTA RANGAREDDY",01/10/2020,02/10/2020
7736073,169791.00,TS07HK5123,"MOTOR CYCLE",23780.00,01/10/2020,"RTA RANGAREDDY",01/10/2020,02/10/2020
6511009,177972.00,TS07HK5214,"MOTOR CYCLE",16020.00,01/10/2020,"RTA RANGAREDDY",01/10/2020,02/10/2020
6667003,351100.00,TS07HK5027,"MOTOR CAR",49160.00,01/10/2020,"RTA RANGAREDDY",01/10/2020,02/10/2020
7519638,71021.00,TS07HK5137,"MOTOR CYCLE",9950.00,01/10/2020,"RTA RANGAREDDY",01/10/2020,02/10/2020
7570769,74478.00,TS07HK5058,"MOTOR CYCLE",6710.00,01/10/2020,"RTA RANGAREDDY",01/10/2020,02/10/2020
7570770,74478.00,TS07HK5204,"MOTOR CYCLE",6710.00,01/10/2020,"RTA RANGAREDDY",01/10/2020,02/10/2020
6307321,414477.00,TS07HK5162,"MOTOR CAR",49740.00,01/10/2020,"RTA RANGAREDDY",01/10/2020,02/10/2020
7419135,1129014.00,TS07HK5190,"MOTOR CAR",0.00,01/10/2020,"RTA RANGAREDDY",01/10/2020,02/10/2020
7351267,968946.00,TS07HK5149,"MOTOR CAR",116280.00,01/10/2020,"RTA RANGAREDDY",01/10/2020,02/10/2020
7352473,971000.00,TS07HK5143,"MOTOR CAR",135940.00,01/10/2020,"RTA RANGAREDDY",01/10/2020,02/10/2020
7262292,817312.00,TS07HK5187,"MOTOR CAR",114430.00,01/10/2020,"RTA RANGAREDDY",01/10/2020,02/10/2020
7283845,962000.00,TS07HK5179,"MOTOR CAR",115440.00,01/10/2020,"RTA RANGAREDDY",01/10/2020,02/10/2020
7349892,966780.00,TS07HK5113,"MOTOR CAR",116020.00,01/10/2020,"RTA RANGAREDDY",01/10/2020,02/10/2020
6659731,657164.00,TS07HK5215,"MOTOR CAR",92010.00,01/10/2020,"RTA RANGAREDDY",01/10/2020,02/10/2020
6679336,665830.00,TS07HK5163,"MOTOR CAR",79900.00,01/10/2020,"RTA RANGAREDDY",01/10/2020,02/10/2020
