slno,invoiceamt,registrationno,vehicleclass,taxamt,dateoftransaction,officecd,fromdate,todate
422589,0.00,AP22AH8561,"MOTOR CYCLE",3840.00,01/07/2019,"RTA MAHABOOBNAGAR",01/07/2019,02/07/2019
1211891,32599.00,TS06EX4184,"MOTOR CYCLE",2940.00,01/07/2019,"RTA MAHABOOBNAGAR",01/07/2019,02/07/2019
1211892,32599.00,TS06EX4189,"MOTOR CYCLE",2940.00,01/07/2019,"RTA MAHABOOBNAGAR",01/07/2019,02/07/2019
1211893,32599.00,TS06EX4206,"MOTOR CYCLE",2940.00,01/07/2019,"RTA MAHABOOBNAGAR",01/07/2019,02/07/2019
1211894,32599.00,TS06EX4228,"MOTOR CYCLE",2940.00,01/07/2019,"RTA MAHABOOBNAGAR",01/07/2019,02/07/2019
1211895,32599.00,TS06EX4263,"MOTOR CYCLE",2940.00,01/07/2019,"RTA MAHABOOBNAGAR",01/07/2019,02/07/2019
1211896,32599.00,TS06EX4307,"MOTOR CYCLE",2940.00,02/07/2019,"RTA MAHABOOBNAGAR",01/07/2019,02/07/2019
1211897,32599.00,TS06EX4308,"MOTOR CYCLE",2940.00,02/07/2019,"RTA MAHABOOBNAGAR",01/07/2019,02/07/2019
1211899,32599.00,TS06EX4343,"MOTOR CYCLE",2940.00,02/07/2019,"RTA MAHABOOBNAGAR",01/07/2019,02/07/2019
1211900,32599.00,TS06EX4355,"MOTOR CYCLE",2940.00,02/07/2019,"RTA MAHABOOBNAGAR",01/07/2019,02/07/2019
1211901,32599.00,TS06EX4357,"MOTOR CYCLE",2940.00,02/07/2019,"RTA MAHABOOBNAGAR",01/07/2019,02/07/2019
1211902,32599.00,TS06EX4421,"MOTOR CYCLE",2940.00,02/07/2019,"RTA MAHABOOBNAGAR",01/07/2019,02/07/2019
1211903,32599.00,TS06EX4422,"MOTOR CYCLE",2940.00,02/07/2019,"RTA MAHABOOBNAGAR",01/07/2019,02/07/2019
1211904,32599.00,TS06EX4427,"MOTOR CYCLE",2940.00,02/07/2019,"RTA MAHABOOBNAGAR",01/07/2019,02/07/2019
1211919,32599.00,TS06EX4571,"MOTOR CYCLE",2940.00,01/07/2019,"RTA MAHABOOBNAGAR",01/07/2019,02/07/2019
1212704,32599.00,TS06EX8581,"MOTOR CYCLE",4570.00,01/07/2019,"RTA MAHABOOBNAGAR",01/07/2019,02/07/2019
1212751,32599.00,TS06EY5390,"MOTOR CYCLE",2940.00,01/07/2019,"RTA MAHABOOBNAGAR",01/07/2019,02/07/2019
664196,0.00,AP22G0234,"MOTOR CAR",35640.00,02/07/2019,"RTA MAHABOOBNAGAR",01/07/2019,02/07/2019
1206359,32599.00,TS06EX4179,"MOTOR CYCLE",2940.00,01/07/2019,"RTA MAHABOOBNAGAR",01/07/2019,02/07/2019
1206360,32599.00,TS06EX4191,"MOTOR CYCLE",2940.00,01/07/2019,"RTA MAHABOOBNAGAR",01/07/2019,02/07/2019
1206361,32599.00,TS06EX4192,"MOTOR CYCLE",2940.00,01/07/2019,"RTA MAHABOOBNAGAR",01/07/2019,02/07/2019
1206362,32599.00,TS06EX4200,"MOTOR CYCLE",2940.00,01/07/2019,"RTA MAHABOOBNAGAR",01/07/2019,02/07/2019
1206363,32599.00,TS06EX4217,"MOTOR CYCLE",2940.00,01/07/2019,"RTA MAHABOOBNAGAR",01/07/2019,02/07/2019
1206364,32599.00,TS06EX4220,"MOTOR CYCLE",2940.00,01/07/2019,"RTA MAHABOOBNAGAR",01/07/2019,02/07/2019
1206365,32599.00,TS06EX4221,"MOTOR CYCLE",2940.00,01/07/2019,"RTA MAHABOOBNAGAR",01/07/2019,02/07/2019
1206366,32599.00,TS06EX4239,"MOTOR CYCLE",2940.00,01/07/2019,"RTA MAHABOOBNAGAR",01/07/2019,02/07/2019
1206367,32599.00,TS06EX4278,"MOTOR CYCLE",4570.00,01/07/2019,"RTA MAHABOOBNAGAR",01/07/2019,02/07/2019
1206368,32599.00,TS06EX4295,"MOTOR CYCLE",2940.00,01/07/2019,"RTA MAHABOOBNAGAR",01/07/2019,02/07/2019
1206369,32599.00,TS06EX4298,"MOTOR CYCLE",2940.00,02/07/2019,"RTA MAHABOOBNAGAR",01/07/2019,02/07/2019
1206370,32599.00,TS06EX4309,"MOTOR CYCLE",2940.00,02/07/2019,"RTA MAHABOOBNAGAR",01/07/2019,02/07/2019
1206371,32599.00,TS06EX4313,"MOTOR CYCLE",2940.00,02/07/2019,"RTA MAHABOOBNAGAR",01/07/2019,02/07/2019
1206372,32599.00,TS06EX4326,"MOTOR CYCLE",2940.00,02/07/2019,"RTA MAHABOOBNAGAR",01/07/2019,02/07/2019
1206373,32599.00,TS06EX4331,"MOTOR CYCLE",2940.00,02/07/2019,"RTA MAHABOOBNAGAR",01/07/2019,02/07/2019
1206375,32599.00,TS06EX4349,"MOTOR CYCLE",2940.00,02/07/2019,"RTA MAHABOOBNAGAR",01/07/2019,02/07/2019
1206376,32599.00,TS06EX4378,"MOTOR CYCLE",2940.00,02/07/2019,"RTA MAHABOOBNAGAR",01/07/2019,02/07/2019
1206378,32599.00,TS06EX4398,"MOTOR CYCLE",2940.00,02/07/2019,"RTA MAHABOOBNAGAR",01/07/2019,02/07/2019
1206379,32599.00,TS06EX4404,"MOTOR CYCLE",2940.00,02/07/2019,"RTA MAHABOOBNAGAR",01/07/2019,02/07/2019
1206380,32599.00,TS06EX4405,"MOTOR CYCLE",2940.00,02/07/2019,"RTA MAHABOOBNAGAR",01/07/2019,02/07/2019
1206701,32599.00,TS06EX5331,"MOTOR CYCLE",2940.00,01/07/2019,"RTA MAHABOOBNAGAR",01/07/2019,02/07/2019
1206709,32599.00,TS06EX5464,"MOTOR CYCLE",2940.00,01/07/2019,"RTA MAHABOOBNAGAR",01/07/2019,02/07/2019
1206764,32599.00,TS06EX7072,"MOTOR CYCLE",2940.00,02/07/2019,"RTA MAHABOOBNAGAR",01/07/2019,02/07/2019
654797,0.00,AP22AK4682,"MOTOR CYCLE",4800.00,02/07/2019,"RTA MAHABOOBNAGAR",01/07/2019,02/07/2019
1455991,29952.00,TS06EX4265,"MOTOR CYCLE",2700.00,01/07/2019,"RTA MAHABOOBNAGAR",01/07/2019,02/07/2019
1526414,43226.00,TS06EX4174,"MOTOR CYCLE",3900.00,01/07/2019,"RTA MAHABOOBNAGAR",01/07/2019,02/07/2019
1526415,43226.00,TS06EX4175,"MOTOR CYCLE",3900.00,01/07/2019,"RTA MAHABOOBNAGAR",01/07/2019,02/07/2019
663664,0.00,AP22F6581,"MOTOR CYCLE",2810.00,02/07/2019,"RTA MAHABOOBNAGAR",01/07/2019,02/07/2019
676839,0.00,AP22N8378,"MOTOR CYCLE",3540.00,02/07/2019,"RTA MAHABOOBNAGAR",01/07/2019,02/07/2019
1540322,32599.00,TS06EX4180,"MOTOR CYCLE",2940.00,01/07/2019,"RTA MAHABOOBNAGAR",01/07/2019,02/07/2019
1540323,32599.00,TS06EX4182,"MOTOR CYCLE",2940.00,01/07/2019,"RTA MAHABOOBNAGAR",01/07/2019,02/07/2019
1540324,32599.00,TS06EX4195,"MOTOR CYCLE",2940.00,01/07/2019,"RTA MAHABOOBNAGAR",01/07/2019,02/07/2019
1540326,32599.00,TS06EX4203,"MOTOR CYCLE",4570.00,01/07/2019,"RTA MAHABOOBNAGAR",01/07/2019,02/07/2019
1540327,32599.00,TS06EX4231,"MOTOR CYCLE",2940.00,01/07/2019,"RTA MAHABOOBNAGAR",01/07/2019,02/07/2019
1540328,32599.00,TS06EX4257,"MOTOR CYCLE",2940.00,01/07/2019,"RTA MAHABOOBNAGAR",01/07/2019,02/07/2019
1540329,32599.00,TS06EX4269,"MOTOR CYCLE",2940.00,01/07/2019,"RTA MAHABOOBNAGAR",01/07/2019,02/07/2019
1540330,32599.00,TS06EX4270,"MOTOR CYCLE",2940.00,01/07/2019,"RTA MAHABOOBNAGAR",01/07/2019,02/07/2019
1540331,32599.00,TS06EX4286,"MOTOR CYCLE",2940.00,01/07/2019,"RTA MAHABOOBNAGAR",01/07/2019,02/07/2019
1540332,32599.00,TS06EX4294,"MOTOR CYCLE",2940.00,01/07/2019,"RTA MAHABOOBNAGAR",01/07/2019,02/07/2019
1540333,32599.00,TS06EX4303,"MOTOR CYCLE",2940.00,02/07/2019,"RTA MAHABOOBNAGAR",01/07/2019,02/07/2019
1540334,32599.00,TS06EX4311,"MOTOR CYCLE",2940.00,02/07/2019,"RTA MAHABOOBNAGAR",01/07/2019,02/07/2019
1540335,32599.00,TS06EX4324,"MOTOR CYCLE",2940.00,02/07/2019,"RTA MAHABOOBNAGAR",01/07/2019,02/07/2019
1540336,32599.00,TS06EX4325,"MOTOR CYCLE",2940.00,02/07/2019,"RTA MAHABOOBNAGAR",01/07/2019,02/07/2019
1540337,32599.00,TS06EX4327,"MOTOR CYCLE",2940.00,02/07/2019,"RTA MAHABOOBNAGAR",01/07/2019,02/07/2019
1540338,32599.00,TS06EX4339,"MOTOR CYCLE",2940.00,02/07/2019,"RTA MAHABOOBNAGAR",01/07/2019,02/07/2019
1540339,32599.00,TS06EX4344,"MOTOR CYCLE",2940.00,02/07/2019,"RTA MAHABOOBNAGAR",01/07/2019,02/07/2019
1540340,32599.00,TS06EX4361,"MOTOR CYCLE",2940.00,02/07/2019,"RTA MAHABOOBNAGAR",01/07/2019,02/07/2019
1540341,32599.00,TS06EX4396,"MOTOR CYCLE",2940.00,02/07/2019,"RTA MAHABOOBNAGAR",01/07/2019,02/07/2019
1540342,32599.00,TS06EX4397,"MOTOR CYCLE",2940.00,02/07/2019,"RTA MAHABOOBNAGAR",01/07/2019,02/07/2019
1540343,32599.00,TS06EX4399,"MOTOR CYCLE",2940.00,02/07/2019,"RTA MAHABOOBNAGAR",01/07/2019,02/07/2019
1540344,32599.00,TS06EX4403,"MOTOR CYCLE",4570.00,02/07/2019,"RTA MAHABOOBNAGAR",01/07/2019,02/07/2019
1540345,32599.00,TS06EX4406,"MOTOR CYCLE",2940.00,02/07/2019,"RTA MAHABOOBNAGAR",01/07/2019,02/07/2019
1540346,32599.00,TS06EX4425,"MOTOR CYCLE",2940.00,02/07/2019,"RTA MAHABOOBNAGAR",01/07/2019,02/07/2019
1540347,32599.00,TS06EX4432,"MOTOR CYCLE",2940.00,02/07/2019,"RTA MAHABOOBNAGAR",01/07/2019,02/07/2019
22105,0.00,AP01AG0356,"MOTOR CYCLE",4860.00,01/07/2019,"RTA ADILABAD",01/07/2019,02/07/2019
23292,0.00,AP01D6887,"MOTOR CYCLE",2321.00,02/07/2019,"RTA ADILABAD",01/07/2019,02/07/2019
24768,0.00,AP01G0997,"MOTOR CYCLE",3636.00,01/07/2019,"RTA ADILABAD",01/07/2019,02/07/2019
52162,0.00,AP01G4488,"MOTOR CAR",21330.00,01/07/2019,"RTA ADILABAD",01/07/2019,02/07/2019
1298100,34893.00,TS01EM2445,"MOTOR CYCLE",3150.00,02/07/2019,"RTA ADILABAD",01/07/2019,02/07/2019
1413835,40514.00,TS01EM2423,"MOTOR CYCLE",3650.00,02/07/2019,"RTA ADILABAD",01/07/2019,02/07/2019
29529,0.00,AP01H9635,"MOTOR CYCLE",3930.00,02/07/2019,"RTA ADILABAD",01/07/2019,02/07/2019
1407594,40429.00,TS01EM2394,"MOTOR CYCLE",3640.00,01/07/2019,"RTA ADILABAD",01/07/2019,02/07/2019
36497,0.00,AP01AE8103,"MOTOR CYCLE",4370.00,02/07/2019,"RTA ADILABAD",01/07/2019,02/07/2019
36562,0.00,AP01R5006,"MOTOR CYCLE",3770.00,02/07/2019,"RTA ADILABAD",01/07/2019,02/07/2019
56136,0.00,AP01H4728,"MOTOR CYCLE",3790.00,01/07/2019,"RTA ADILABAD",01/07/2019,02/07/2019
56422,0.00,AP01H4200,"MOTOR CYCLE",3250.00,01/07/2019,"RTA ADILABAD",01/07/2019,02/07/2019
58178,0.00,AP01H8887,"MOTOR CAR",23000.00,02/07/2019,"RTA ADILABAD",01/07/2019,02/07/2019
78894,0.00,AP01R7827,"MOTOR CYCLE",3700.00,02/07/2019,"RTA ADILABAD",01/07/2019,02/07/2019
17358,0.00,AP01AC7911,"MOTOR CYCLE",3800.00,01/07/2019,"RTA ADILABAD",01/07/2019,02/07/2019
1488385,31214.00,TS01EM2411,"MOTOR CYCLE",4370.00,01/07/2019,"RTA ADILABAD",01/07/2019,02/07/2019
2488934,47775.00,TS01EM2446,"MOTOR CYCLE",4300.00,02/07/2019,"RTA ADILABAD",01/07/2019,02/07/2019
2369714,49775.00,TS01EM2428,"MOTOR CYCLE",6970.00,02/07/2019,"RTA ADILABAD",01/07/2019,02/07/2019
2436112,50024.00,TS01EM2392,"MOTOR CYCLE",4510.00,01/07/2019,"RTA ADILABAD",01/07/2019,02/07/2019
2436113,50024.00,TS01EM2430,"MOTOR CYCLE",4510.00,02/07/2019,"RTA ADILABAD",01/07/2019,02/07/2019
2436145,50024.00,TS01EM2420,"MOTOR CYCLE",4510.00,01/07/2019,"RTA ADILABAD",01/07/2019,02/07/2019
2436146,50024.00,TS01EM2427,"MOTOR CYCLE",4510.00,02/07/2019,"RTA ADILABAD",01/07/2019,02/07/2019
2436200,50025.00,TS01EM2387,"MOTOR CYCLE",4510.00,01/07/2019,"RTA ADILABAD",01/07/2019,02/07/2019
2436353,50025.00,TS01EM2439,"MOTOR CYCLE",4510.00,02/07/2019,"RTA ADILABAD",01/07/2019,02/07/2019
2715602,51570.00,TS01EM2410,"MOTOR CYCLE",4650.00,01/07/2019,"RTA ADILABAD",01/07/2019,02/07/2019
3123096,50025.00,TS01EM2443,"MOTOR CYCLE",4510.00,02/07/2019,"RTA ADILABAD",01/07/2019,02/07/2019
2703046,48825.00,TS01EM2438,"MOTOR CYCLE",4400.00,02/07/2019,"RTA ADILABAD",01/07/2019,02/07/2019
2788940,48824.00,TS01EM2409,"MOTOR CYCLE",4400.00,01/07/2019,"RTA ADILABAD",01/07/2019,02/07/2019
3018335,50024.00,TS01EM2386,"MOTOR CYCLE",4510.00,01/07/2019,"RTA ADILABAD",01/07/2019,02/07/2019
2162566,48824.00,TS01EM2408,"MOTOR CYCLE",4400.00,01/07/2019,"RTA ADILABAD",01/07/2019,02/07/2019
2162567,48824.00,TS01EM2435,"MOTOR CYCLE",4400.00,02/07/2019,"RTA ADILABAD",01/07/2019,02/07/2019
2923603,52210.00,TS01EM2385,"MOTOR CYCLE",4700.00,01/07/2019,"RTA ADILABAD",01/07/2019,02/07/2019
3517197,51704.00,TS01EM2407,"MOTOR CYCLE",4660.00,01/07/2019,"RTA ADILABAD",01/07/2019,02/07/2019
3756125,55561.00,TS01EM2402,"MOTOR CYCLE",5010.00,01/07/2019,"RTA ADILABAD",01/07/2019,02/07/2019
3797050,55561.00,TS01EM2384,"MOTOR CYCLE",5010.00,01/07/2019,"RTA ADILABAD",01/07/2019,02/07/2019
3843281,55879.00,TS01EM2391,"MOTOR CYCLE",5030.00,01/07/2019,"RTA ADILABAD",01/07/2019,02/07/2019
4692110,55879.00,TS01EM2436,"MOTOR CYCLE",5030.00,02/07/2019,"RTA ADILABAD",01/07/2019,02/07/2019
4004041,52702.00,TS01EM2425,"MOTOR CYCLE",4750.00,02/07/2019,"RTA ADILABAD",01/07/2019,02/07/2019
4207966,57426.00,TS01EM2400,"MOTOR CYCLE",8040.00,01/07/2019,"RTA ADILABAD",01/07/2019,02/07/2019
3880734,56225.00,TS01EM2393,"MOTOR CYCLE",5070.00,01/07/2019,"RTA ADILABAD",01/07/2019,02/07/2019
4494109,59530.00,TS01EM2413,"MOTOR CYCLE",5360.00,01/07/2019,"RTA ADILABAD",01/07/2019,02/07/2019
3835270,56225.00,TS01EM2415,"MOTOR CYCLE",5070.00,01/07/2019,"RTA ADILABAD",01/07/2019,02/07/2019
3835271,56225.00,TS01EM2449,"MOTOR CYCLE",5070.00,02/07/2019,"RTA ADILABAD",01/07/2019,02/07/2019
4488846,54600.00,TS01EM2419,"MOTOR CYCLE",4920.00,01/07/2019,"RTA ADILABAD",01/07/2019,02/07/2019
4578079,59530.00,TS01EM2441,"MOTOR CYCLE",5360.00,02/07/2019,"RTA ADILABAD",01/07/2019,02/07/2019
4616516,59800.00,TS01EM2422,"MOTOR CYCLE",8380.00,02/07/2019,"RTA ADILABAD",01/07/2019,02/07/2019
4765034,55872.00,TS01EM2383,"MOTOR CYCLE",5030.00,01/07/2019,"RTA ADILABAD",01/07/2019,02/07/2019
4765412,55879.00,TS01EM2382,"MOTOR CYCLE",7830.00,01/07/2019,"RTA ADILABAD",01/07/2019,02/07/2019
4766299,64190.00,TS01EM2433,"MOTOR CYCLE",5780.00,02/07/2019,"RTA ADILABAD",01/07/2019,02/07/2019
5080394,73362.00,TS01EM2401,"MOTOR CYCLE",6610.00,01/07/2019,"RTA ADILABAD",01/07/2019,02/07/2019
5379405,80208.00,TS01EM2404,"MOTOR CYCLE",7220.00,01/07/2019,"RTA ADILABAD",01/07/2019,02/07/2019
5452528,85164.00,TS01EM2389,"MOTOR CYCLE",7670.00,01/07/2019,"RTA ADILABAD",01/07/2019,02/07/2019
5454189,119835.00,TS01EM2414,"MOTOR CYCLE",16780.00,01/07/2019,"RTA ADILABAD",01/07/2019,02/07/2019
4790822,56078.00,TS01EM2403,"MOTOR CYCLE",5050.00,01/07/2019,"RTA ADILABAD",01/07/2019,02/07/2019
5328744,57671.00,TS01EM2551,"MOTOR CYCLE",5200.00,02/07/2019,"RTA ADILABAD",01/07/2019,02/07/2019
5672097,59530.00,TS01EM2405,"MOTOR CYCLE",5360.00,01/07/2019,"RTA ADILABAD",01/07/2019,02/07/2019
4773452,55961.00,TS01EM2381,"MOTOR CYCLE",5040.00,01/07/2019,"RTA ADILABAD",01/07/2019,02/07/2019
5613705,58844.00,TS01EM2417,"MOTOR CYCLE",5300.00,01/07/2019,"RTA ADILABAD",01/07/2019,02/07/2019
5747835,59830.00,TS01EM2418,"MOTOR CYCLE",5390.00,01/07/2019,"RTA ADILABAD",01/07/2019,02/07/2019
5615650,59800.00,TS01EM2398,"MOTOR CYCLE",5390.00,01/07/2019,"RTA ADILABAD",01/07/2019,02/07/2019
5666933,60299.00,TS01EM2395,"MOTOR CYCLE",5430.00,01/07/2019,"RTA ADILABAD",01/07/2019,02/07/2019
5667260,60300.00,TS01EM2412,"MOTOR CYCLE",5430.00,01/07/2019,"RTA ADILABAD",01/07/2019,02/07/2019
5967881,613443.00,TS01EM2442,"MOTOR CAR",73620.00,02/07/2019,"RTA ADILABAD",01/07/2019,02/07/2019
5866011,60800.00,TS01EM2426,"MOTOR CYCLE",5480.00,02/07/2019,"RTA ADILABAD",01/07/2019,02/07/2019
5743229,59801.00,TS01EM2429,"MOTOR CYCLE",5390.00,02/07/2019,"RTA ADILABAD",01/07/2019,02/07/2019
6151820,64226.00,TS01EM2390,"MOTOR CYCLE",5790.00,01/07/2019,"RTA ADILABAD",01/07/2019,02/07/2019
6661855,82720.00,TS01EM2416,"MOTOR CYCLE",7450.00,01/07/2019,"RTA ADILABAD",01/07/2019,02/07/2019
6967139,521154.00,TS01EM3388,"MOTOR CAR",62540.00,02/07/2019,"RTA ADILABAD",01/07/2019,02/07/2019
6344056,935000.00,TS01EM3366,"MOTOR CAR",112200.00,02/07/2019,"RTA ADILABAD",01/07/2019,02/07/2019
6407708,70511.00,TS01EM2399,"MOTOR CYCLE",6350.00,01/07/2019,"RTA ADILABAD",01/07/2019,02/07/2019
6697002,87211.00,TS01EM2432,"MOTOR CYCLE",7850.00,02/07/2019,"RTA ADILABAD",01/07/2019,02/07/2019
6989966,555912.00,TS01EM2421,"MOTOR CAR",66710.00,01/07/2019,"RTA ADILABAD",01/07/2019,02/07/2019
7265588,1190025.00,TS01EM2447,"MOTOR CAR",166610.00,02/07/2019,"RTA ADILABAD",01/07/2019,02/07/2019
6264028,980725.00,TS01EM2424,"MOTOR CAR",117690.00,02/07/2019,"RTA ADILABAD",01/07/2019,02/07/2019
6573149,80208.00,TS01EM2396,"MOTOR CYCLE",7220.00,01/07/2019,"RTA ADILABAD",01/07/2019,02/07/2019
533672,0.00,AP24AS1926,"MOTOR CYCLE",3950.00,01/07/2019,"RTA NALGONDA",01/07/2019,02/07/2019
1140228,0.00,AP29F3005,"MOTOR CYCLE",2540.00,02/07/2019,"RTA NALGONDA",01/07/2019,02/07/2019
1210449,32599.00,TS05FB5300,"MOTOR CYCLE",2940.00,02/07/2019,"RTA NALGONDA",01/07/2019,02/07/2019
1210450,32599.00,TS05FB5313,"MOTOR CYCLE",2940.00,02/07/2019,"RTA NALGONDA",01/07/2019,02/07/2019
1341334,38434.00,TS05FB5248,"MOTOR CYCLE",3460.00,01/07/2019,"RTA NALGONDA",01/07/2019,02/07/2019
1359636,39224.00,TS05FB5253,"MOTOR CYCLE",3540.00,01/07/2019,"RTA NALGONDA",01/07/2019,02/07/2019
574476,0.00,AP24Q8290,"MOTOR CAR",30200.00,02/07/2019,"RTA NALGONDA",01/07/2019,02/07/2019
614784,0.00,AP20AK5021,"MOTOR CYCLE",5850.00,02/07/2019,"RTA NALGONDA",01/07/2019,02/07/2019
757473,0.00,AP24AJ7523,"MOTOR CYCLE",3720.00,02/07/2019,"RTA NALGONDA",01/07/2019,02/07/2019
1198799,32374.00,TS05FB5250,"MOTOR CYCLE",2920.00,01/07/2019,"RTA NALGONDA",01/07/2019,02/07/2019
1366737,39224.00,TS05FB5194,"MOTOR CYCLE",3540.00,01/07/2019,"RTA NALGONDA",01/07/2019,02/07/2019
1366738,39224.00,TS05FB5298,"MOTOR CYCLE",3540.00,02/07/2019,"RTA NALGONDA",01/07/2019,02/07/2019
761917,0.00,AP24AL6770,"MOTOR CYCLE",4280.00,01/07/2019,"RTA NALGONDA",01/07/2019,02/07/2019
1161462,31614.00,TS05FB5263,"MOTOR CYCLE",2850.00,02/07/2019,"RTA NALGONDA",01/07/2019,02/07/2019
1204934,32599.00,TS05FB5287,"MOTOR CYCLE",2940.00,02/07/2019,"RTA NALGONDA",01/07/2019,02/07/2019
1290068,0.00,AP36AK1188,"MOTOR CAR",60290.00,01/07/2019,"RTA NALGONDA",01/07/2019,02/07/2019
1632855,32599.00,TS05FB5210,"MOTOR CYCLE",4570.00,01/07/2019,"RTA NALGONDA",01/07/2019,02/07/2019
1714991,39224.00,TS05FB5201,"MOTOR CYCLE",3540.00,01/07/2019,"RTA NALGONDA",01/07/2019,02/07/2019
1720236,45632.00,TS05FB5244,"MOTOR CYCLE",4110.00,01/07/2019,"RTA NALGONDA",01/07/2019,02/07/2019
1538696,32599.00,TS05FB5261,"MOTOR CYCLE",4570.00,02/07/2019,"RTA NALGONDA",01/07/2019,02/07/2019
1538697,32599.00,TS05FB5312,"MOTOR CYCLE",2940.00,02/07/2019,"RTA NALGONDA",01/07/2019,02/07/2019
1538698,32599.00,TS05FB5318,"MOTOR CYCLE",2940.00,02/07/2019,"RTA NALGONDA",01/07/2019,02/07/2019
1538704,32599.00,TS05FB5407,"MOTOR CYCLE",2940.00,02/07/2019,"RTA NALGONDA",01/07/2019,02/07/2019
1625203,33914.00,TS05FB5257,"MOTOR CYCLE",3060.00,02/07/2019,"RTA NALGONDA",01/07/2019,02/07/2019
1825105,39224.00,TS05FB5275,"MOTOR CYCLE",3540.00,02/07/2019,"RTA NALGONDA",01/07/2019,02/07/2019
1927449,41477.00,TS05FB5288,"MOTOR CYCLE",3740.00,02/07/2019,"RTA NALGONDA",01/07/2019,02/07/2019
2436679,50025.00,TS05FB5283,"MOTOR CYCLE",4510.00,02/07/2019,"RTA NALGONDA",01/07/2019,02/07/2019
1863527,40035.00,TS05FB5956,"MOTOR CYCLE",3610.00,02/07/2019,"RTA NALGONDA",01/07/2019,02/07/2019
2163815,48825.00,TS05FB5234,"MOTOR CYCLE",4400.00,01/07/2019,"RTA NALGONDA",01/07/2019,02/07/2019
2549948,50500.00,TS05FB5322,"MOTOR CYCLE",4550.00,02/07/2019,"RTA NALGONDA",01/07/2019,02/07/2019
2050775,48166.00,TS05FB5211,"MOTOR CYCLE",4340.00,01/07/2019,"RTA NALGONDA",01/07/2019,02/07/2019
2097108,48500.00,TS05FB5223,"MOTOR CYCLE",6790.00,01/07/2019,"RTA NALGONDA",01/07/2019,02/07/2019
3152869,52853.00,TS05FB5319,"MOTOR CYCLE",7400.00,02/07/2019,"RTA NALGONDA",01/07/2019,02/07/2019
3346472,53390.00,TS05FB5320,"MOTOR CYCLE",7480.00,02/07/2019,"RTA NALGONDA",01/07/2019,02/07/2019
3475374,51621.00,TS05FB5266,"MOTOR CYCLE",4650.00,02/07/2019,"RTA NALGONDA",01/07/2019,02/07/2019
2610539,48000.00,TS05FB5270,"MOTOR CYCLE",6720.00,02/07/2019,"RTA NALGONDA",01/07/2019,02/07/2019
2656067,51264.00,TS05FB5420,"MOTOR CYCLE",4620.00,01/07/2019,"RTA NALGONDA",01/07/2019,02/07/2019
3085480,52549.00,TS05FB5230,"MOTOR CYCLE",4730.00,01/07/2019,"RTA NALGONDA",01/07/2019,02/07/2019
3766135,55400.00,TS05FB5239,"MOTOR CYCLE",7760.00,01/07/2019,"RTA NALGONDA",01/07/2019,02/07/2019
3766200,55672.00,TS05FB5236,"MOTOR CYCLE",5020.00,01/07/2019,"RTA NALGONDA",01/07/2019,02/07/2019
3124672,50025.00,TS05FB5224,"MOTOR CYCLE",4510.00,01/07/2019,"RTA NALGONDA",01/07/2019,02/07/2019
3169571,52900.00,TS05FB5252,"MOTOR CYCLE",4770.00,01/07/2019,"RTA NALGONDA",01/07/2019,02/07/2019
3418537,53800.00,TS05FB5190,"MOTOR CYCLE",7540.00,01/07/2019,"RTA NALGONDA",01/07/2019,02/07/2019
3717882,55312.00,TS05FB5245,"MOTOR CYCLE",4980.00,01/07/2019,"RTA NALGONDA",01/07/2019,02/07/2019
3835599,56225.00,TS05FB5195,"MOTOR CYCLE",5070.00,01/07/2019,"RTA NALGONDA",01/07/2019,02/07/2019
3835600,56225.00,TS05FB5228,"MOTOR CYCLE",5070.00,01/07/2019,"RTA NALGONDA",01/07/2019,02/07/2019
3835601,56225.00,TS05FB5301,"MOTOR CYCLE",5070.00,02/07/2019,"RTA NALGONDA",01/07/2019,02/07/2019
4183043,57265.00,TS05FB5292,"MOTOR CYCLE",5160.00,02/07/2019,"RTA NALGONDA",01/07/2019,02/07/2019
4191649,53330.00,TS05FB5321,"MOTOR CYCLE",4800.00,02/07/2019,"RTA NALGONDA",01/07/2019,02/07/2019
3724042,55340.00,TS05FB5191,"MOTOR CYCLE",4990.00,01/07/2019,"RTA NALGONDA",01/07/2019,02/07/2019
3725954,55400.00,TS05FB6264,"MOTOR CYCLE",4990.00,02/07/2019,"RTA NALGONDA",01/07/2019,02/07/2019
3812067,55702.00,TS05FB5299,"MOTOR CYCLE",5020.00,02/07/2019,"RTA NALGONDA",01/07/2019,02/07/2019
4231887,53500.00,TS05FB5276,"MOTOR CYCLE",4820.00,02/07/2019,"RTA NALGONDA",01/07/2019,02/07/2019
4286191,57852.00,TS05FB5192,"MOTOR CYCLE",5210.00,01/07/2019,"RTA NALGONDA",01/07/2019,02/07/2019
3817091,56067.00,TS05FB5247,"MOTOR CYCLE",5050.00,01/07/2019,"RTA NALGONDA",01/07/2019,02/07/2019
3856241,55966.00,TS05FB5218,"MOTOR CYCLE",5040.00,01/07/2019,"RTA NALGONDA",01/07/2019,02/07/2019
3860260,56008.00,TS05FB5240,"MOTOR CYCLE",5050.00,01/07/2019,"RTA NALGONDA",01/07/2019,02/07/2019
3956484,56680.00,TS05FB5241,"MOTOR CYCLE",5110.00,01/07/2019,"RTA NALGONDA",01/07/2019,02/07/2019
4485036,59397.00,TS05FB5314,"MOTOR CYCLE",5350.00,02/07/2019,"RTA NALGONDA",01/07/2019,02/07/2019
4498926,58736.00,TS05FB5235,"MOTOR CYCLE",5290.00,01/07/2019,"RTA NALGONDA",01/07/2019,02/07/2019
4741105,56225.00,TS05FB5204,"MOTOR CYCLE",5070.00,01/07/2019,"RTA NALGONDA",01/07/2019,02/07/2019
4741106,56225.00,TS05FB5219,"MOTOR CYCLE",5070.00,01/07/2019,"RTA NALGONDA",01/07/2019,02/07/2019
4741107,56225.00,TS05FB5249,"MOTOR CYCLE",5070.00,01/07/2019,"RTA NALGONDA",01/07/2019,02/07/2019
4741108,56225.00,TS05FB5317,"MOTOR CYCLE",5070.00,02/07/2019,"RTA NALGONDA",01/07/2019,02/07/2019
4458600,59122.00,TS05FB5264,"MOTOR CYCLE",5330.00,02/07/2019,"RTA NALGONDA",01/07/2019,02/07/2019
4576053,55240.00,TS05FB5311,"MOTOR CYCLE",4980.00,02/07/2019,"RTA NALGONDA",01/07/2019,02/07/2019
4531209,59691.00,TS05FB6131,"MOTOR CYCLE",5380.00,02/07/2019,"RTA NALGONDA",01/07/2019,02/07/2019
4635034,60800.00,TS05FB5291,"MOTOR CYCLE",5480.00,02/07/2019,"RTA NALGONDA",01/07/2019,02/07/2019
4749919,63393.00,TS05FB5238,"MOTOR CYCLE",5710.00,01/07/2019,"RTA NALGONDA",01/07/2019,02/07/2019
4714323,60800.00,TS05FB5280,"MOTOR CYCLE",5480.00,02/07/2019,"RTA NALGONDA",01/07/2019,02/07/2019
4737803,56167.00,TS05FB5262,"MOTOR CYCLE",5060.00,02/07/2019,"RTA NALGONDA",01/07/2019,02/07/2019
4835700,62244.00,TS05FB5243,"MOTOR CYCLE",5610.00,01/07/2019,"RTA NALGONDA",01/07/2019,02/07/2019
4893530,67706.00,TS05FB5221,"MOTOR CYCLE",6100.00,01/07/2019,"RTA NALGONDA",01/07/2019,02/07/2019
4816358,56225.00,TS05FB5260,"MOTOR CYCLE",5070.00,02/07/2019,"RTA NALGONDA",01/07/2019,02/07/2019
420342,0.00,AP11L8347,"MOTOR CYCLE",3636.00,02/07/2019,"RTA MEDCHAL",01/07/2019,02/07/2019
641114,0.00,AP28AM0624,"MOTOR CYCLE",3720.00,02/07/2019,"RTA MEDCHAL",01/07/2019,02/07/2019
832980,0.00,AP29BC5398,"MOTOR CYCLE",3740.00,01/07/2019,"RTA MEDCHAL",01/07/2019,02/07/2019
1198015,0.00,AP29BH7492,"MOTOR CYCLE",3850.00,02/07/2019,"RTA MEDCHAL",01/07/2019,02/07/2019
1222806,0.00,AP29F9989,"MOTOR CYCLE",3720.00,02/07/2019,"RTA MEDCHAL",01/07/2019,02/07/2019
1156031,0.00,AP29L2438,"MOTOR CYCLE",3600.00,02/07/2019,"RTA MEDCHAL",01/07/2019,02/07/2019
1757708,40100.00,TS07GU1349,"MOTOR CYCLE",3610.00,02/07/2019,"RTA MEDCHAL",01/07/2019,02/07/2019
3046902,49775.00,TS07GU1379,"MOTOR CYCLE",4480.00,02/07/2019,"RTA MEDCHAL",01/07/2019,02/07/2019
2785975,48813.00,TS07GU2573,"MOTOR CYCLE",4400.00,01/07/2019,"RTA MEDCHAL",01/07/2019,02/07/2019
409978,0.00,AP22AB6513,"MOTOR CYCLE",3700.00,02/07/2019,"RTA MEDCHAL",01/07/2019,02/07/2019
427304,0.00,AP11N0045,"MOTOR CAR",63060.00,01/07/2019,"RTA MEDCHAL",01/07/2019,02/07/2019
864830,0.00,AP29D6508,"MOTOR CYCLE",2360.00,01/07/2019,"RTA MEDCHAL",01/07/2019,02/07/2019
1191221,0.00,AP29BG2399,"Omnibus for Private Use",100160.00,01/07/2019,"RTA MEDCHAL",01/07/2019,02/07/2019
1210245,0.00,AP29D8951,"MOTOR CYCLE",2840.00,01/07/2019,"RTA MEDCHAL",01/07/2019,02/07/2019
1341389,38434.00,TS07GU1252,"MOTOR CYCLE",5390.00,02/07/2019,"RTA MEDCHAL",01/07/2019,02/07/2019
2791790,51814.00,TS07GU1051,"MOTOR CYCLE",4670.00,01/07/2019,"RTA MEDCHAL",01/07/2019,02/07/2019
2887128,48990.00,TS07GU1324,"MOTOR CYCLE",4410.00,02/07/2019,"RTA MEDCHAL",01/07/2019,02/07/2019
1344295,38574.00,TS07GU5542,"MOTOR CYCLE",3480.00,01/07/2019,"RTA MEDCHAL",01/07/2019,02/07/2019
1492547,42785.00,TS07GU1378,"MOTOR CYCLE",3860.00,02/07/2019,"RTA MEDCHAL",01/07/2019,02/07/2019
1889187,40429.00,TS07GU1057,"MOTOR CYCLE",3640.00,01/07/2019,"RTA MEDCHAL",01/07/2019,02/07/2019
2101122,48500.00,TS07GU1169,"MOTOR CYCLE",4370.00,01/07/2019,"RTA MEDCHAL",01/07/2019,02/07/2019
2101123,48500.00,TS07GU1185,"MOTOR CYCLE",4370.00,01/07/2019,"RTA MEDCHAL",01/07/2019,02/07/2019
2101124,48500.00,TS07GU1505,"MOTOR CYCLE",4370.00,01/07/2019,"RTA MEDCHAL",01/07/2019,02/07/2019
2101131,48500.00,TS07GU4133,"MOTOR CYCLE",4370.00,02/07/2019,"RTA MEDCHAL",01/07/2019,02/07/2019
2550549,50500.00,TS07GU1153,"MOTOR CYCLE",4550.00,01/07/2019,"RTA MEDCHAL",01/07/2019,02/07/2019
3481925,54256.00,TS07GU1138,"MOTOR CYCLE",4890.00,01/07/2019,"RTA MEDCHAL",01/07/2019,02/07/2019
3542788,54574.00,TS07GU1381,"MOTOR CYCLE",4920.00,01/07/2019,"RTA MEDCHAL",01/07/2019,02/07/2019
3518180,54256.00,TS07GU3932,"MOTOR CYCLE",7600.00,01/07/2019,"RTA MEDCHAL",01/07/2019,02/07/2019
169748,0.00,AP10AS8879,"MOTOR CAR",34180.00,01/07/2019,"RTA MEDCHAL",01/07/2019,02/07/2019
840313,0.00,AP29BE5167,"MOTOR CYCLE",3600.00,02/07/2019,"RTA MEDCHAL",01/07/2019,02/07/2019
875708,0.00,AP29K4729,"MOTOR CYCLE",4970.00,02/07/2019,"RTA MEDCHAL",01/07/2019,02/07/2019
1484304,42277.00,TS07GU1146,"MOTOR CYCLE",3810.00,01/07/2019,"RTA MEDCHAL",01/07/2019,02/07/2019
1971034,42277.00,TS07GU1128,"MOTOR CYCLE",5920.00,01/07/2019,"RTA MEDCHAL",01/07/2019,02/07/2019
2097515,48500.00,TS07GU1066,"MOTOR CYCLE",4370.00,01/07/2019,"RTA MEDCHAL",01/07/2019,02/07/2019
2097520,48500.00,TS07GU8849,"MOTOR CYCLE",4370.00,02/07/2019,"RTA MEDCHAL",01/07/2019,02/07/2019
2624766,48500.00,TS07GU1285,"MOTOR CYCLE",4370.00,02/07/2019,"RTA MEDCHAL",01/07/2019,02/07/2019
3346743,53390.00,TS07GU1343,"MOTOR CYCLE",4810.00,02/07/2019,"RTA MEDCHAL",01/07/2019,02/07/2019
3530572,54350.00,TS07GU1254,"MOTOR CYCLE",4900.00,01/07/2019,"RTA MEDCHAL",01/07/2019,02/07/2019
3601673,54600.00,TS07GU1305,"MOTOR CYCLE",7650.00,02/07/2019,"RTA MEDCHAL",01/07/2019,02/07/2019
3601685,54600.00,TS07GU4227,"MOTOR CYCLE",4920.00,01/07/2019,"RTA MEDCHAL",01/07/2019,02/07/2019
3433548,53950.00,TS07GU1056,"MOTOR CYCLE",7560.00,01/07/2019,"RTA MEDCHAL",01/07/2019,02/07/2019
3469376,54148.00,TS07GU1383,"MOTOR CYCLE",4880.00,02/07/2019,"RTA MEDCHAL",01/07/2019,02/07/2019
3570409,52160.00,TS07GU1281,"MOTOR CYCLE",4700.00,02/07/2019,"RTA MEDCHAL",01/07/2019,02/07/2019
3572610,54467.00,TS07GU1249,"MOTOR CYCLE",4910.00,01/07/2019,"RTA MEDCHAL",01/07/2019,02/07/2019
3662932,52000.00,AP37DD9033,"MOTOR CYCLE",4160.00,01/07/2019,"RTA MEDCHAL",01/07/2019,02/07/2019
3749368,55275.00,TS07GU1347,"MOTOR CYCLE",4980.00,02/07/2019,"RTA MEDCHAL",01/07/2019,02/07/2019
3805252,55950.00,TS07GU1936,"MOTOR CYCLE",5040.00,02/07/2019,"RTA MEDCHAL",01/07/2019,02/07/2019
3805254,55950.00,TS07GU2236,"MOTOR CYCLE",5040.00,02/07/2019,"RTA MEDCHAL",01/07/2019,02/07/2019
3824336,56160.00,TS07GU1340,"MOTOR CYCLE",5060.00,02/07/2019,"RTA MEDCHAL",01/07/2019,02/07/2019
3836554,56225.00,TS07GU1296,"MOTOR CYCLE",5070.00,02/07/2019,"RTA MEDCHAL",01/07/2019,02/07/2019
3852056,55950.00,TS07GU1384,"MOTOR CYCLE",5040.00,02/07/2019,"RTA MEDCHAL",01/07/2019,02/07/2019
3852070,55950.00,TS07GU4141,"MOTOR CYCLE",5040.00,01/07/2019,"RTA MEDCHAL",01/07/2019,02/07/2019
3870308,56160.00,TS07GU1082,"MOTOR CYCLE",5060.00,01/07/2019,"RTA MEDCHAL",01/07/2019,02/07/2019
3870315,56160.00,TS07GU3044,"MOTOR CYCLE",5060.00,01/07/2019,"RTA MEDCHAL",01/07/2019,02/07/2019
3905030,56268.00,TS07GU1318,"MOTOR CYCLE",5070.00,01/07/2019,"RTA MEDCHAL",01/07/2019,02/07/2019
3905031,56268.00,TS07GU1336,"MOTOR CYCLE",5070.00,02/07/2019,"RTA MEDCHAL",01/07/2019,02/07/2019
3905042,56268.00,TS07GU4059,"MOTOR CYCLE",5070.00,02/07/2019,"RTA MEDCHAL",01/07/2019,02/07/2019
3931609,56850.00,TS07GU1335,"MOTOR CYCLE",5120.00,02/07/2019,"RTA MEDCHAL",01/07/2019,02/07/2019
3946889,52960.00,TS07GU1356,"MOTOR CYCLE",4770.00,02/07/2019,"RTA MEDCHAL",01/07/2019,02/07/2019
4086615,53390.00,TS07GU3796,"MOTOR CYCLE",4810.00,01/07/2019,"RTA MEDCHAL",01/07/2019,02/07/2019
4109480,57200.00,TS07GU2154,"MOTOR CYCLE",5150.00,02/07/2019,"RTA MEDCHAL",01/07/2019,02/07/2019
4109481,57200.00,TS07GU2161,"MOTOR CYCLE",5150.00,02/07/2019,"RTA MEDCHAL",01/07/2019,02/07/2019
4267080,57814.00,TS07GU2065,"MOTOR CYCLE",5210.00,01/07/2019,"RTA MEDCHAL",01/07/2019,02/07/2019
4216024,53390.00,TS07GU1065,"MOTOR CYCLE",4810.00,01/07/2019,"RTA MEDCHAL",01/07/2019,02/07/2019
4216025,53390.00,TS07GU1104,"MOTOR CYCLE",4810.00,01/07/2019,"RTA MEDCHAL",01/07/2019,02/07/2019
3279293,53090.00,TS07GU1822,"MOTOR CYCLE",7440.00,02/07/2019,"RTA MEDCHAL",01/07/2019,02/07/2019
3801313,55949.00,TS07GU1059,"MOTOR CYCLE",5040.00,01/07/2019,"RTA MEDCHAL",01/07/2019,02/07/2019
3801314,55949.00,TS07GU1073,"MOTOR CYCLE",5040.00,01/07/2019,"RTA MEDCHAL",01/07/2019,02/07/2019
3801316,55949.00,TS07GU1271,"MOTOR CYCLE",5040.00,01/07/2019,"RTA MEDCHAL",01/07/2019,02/07/2019
3801319,55949.00,TS07GU1495,"MOTOR CYCLE",5040.00,01/07/2019,"RTA MEDCHAL",01/07/2019,02/07/2019
3801326,55949.00,TS07GU1917,"MOTOR CYCLE",5040.00,02/07/2019,"RTA MEDCHAL",01/07/2019,02/07/2019
3801336,55949.00,TS07GU2694,"MOTOR CYCLE",7840.00,02/07/2019,"RTA MEDCHAL",01/07/2019,02/07/2019
3563852,54600.00,TS07GU1204,"MOTOR CYCLE",7650.00,01/07/2019,"RTA MEDCHAL",01/07/2019,02/07/2019
3563853,54600.00,TS07GU1353,"MOTOR CYCLE",4920.00,02/07/2019,"RTA MEDCHAL",01/07/2019,02/07/2019
3865960,56330.00,TS07GU1491,"MOTOR CYCLE",5070.00,02/07/2019,"RTA MEDCHAL",01/07/2019,02/07/2019
3847509,55949.00,TS07GU1217,"MOTOR CYCLE",5040.00,02/07/2019,"RTA MEDCHAL",01/07/2019,02/07/2019
3847510,55949.00,TS07GU1302,"MOTOR CYCLE",5040.00,02/07/2019,"RTA MEDCHAL",01/07/2019,02/07/2019
6809752,153443.00,TS01EM2842,"MOTOR CYCLE",13810.00,02/07/2019,"RTA ADILABAD",01/07/2019,02/07/2019
6820876,163635.00,TS02FB1420,"MOTOR CYCLE",14730.00,01/07/2019,"RTA KARIMNAGAR",01/07/2019,02/07/2019
6222736,773535.00,TS02FB1177,"MOTOR CAR",92830.00,01/07/2019,"RTA KARIMNAGAR",01/07/2019,02/07/2019
6693685,121380.00,TS02FB1432,"MOTOR CYCLE",10930.00,01/07/2019,"RTA KARIMNAGAR",01/07/2019,02/07/2019
6575243,80344.00,TS02FB0640,"MOTOR CYCLE",7240.00,02/07/2019,"RTA KARIMNAGAR",01/07/2019,02/07/2019
6620520,85165.00,TS02FB1000,"MOTOR CYCLE",7670.00,01/07/2019,"RTA KARIMNAGAR",01/07/2019,02/07/2019
6680641,85165.00,TS02FB0660,"MOTOR CYCLE",7670.00,02/07/2019,"RTA KARIMNAGAR",01/07/2019,02/07/2019
7256713,2585920.00,TS02FB1270,"Vehicle Fitted with Construction Equipment",193950.00,02/07/2019,"RTA KARIMNAGAR",01/07/2019,02/07/2019
7228251,990295.00,TS02FB1179,"MOTOR CAR",138650.00,01/07/2019,"RTA KARIMNAGAR",01/07/2019,02/07/2019
6985539,629124.00,TS02FB0581,"MOTOR CAR",75500.00,01/07/2019,"RTA KARIMNAGAR",01/07/2019,02/07/2019
6644915,89043.00,TS02FB0606,"MOTOR CYCLE",8020.00,02/07/2019,"RTA KARIMNAGAR",01/07/2019,02/07/2019
6817437,161075.00,TS02FB0566,"MOTOR CYCLE",14500.00,01/07/2019,"RTA KARIMNAGAR",01/07/2019,02/07/2019
6113029,63712.00,TS02FB0537,"MOTOR CYCLE",5740.00,01/07/2019,"RTA KARIMNAGAR",01/07/2019,02/07/2019
6117370,727160.00,TS02FB0570,"MOTOR CAR",101810.00,01/07/2019,"RTA KARIMNAGAR",01/07/2019,02/07/2019
6518421,2589360.00,TS02FB0540,"Vehicle Fitted with Construction Equipment",194210.00,01/07/2019,"RTA KARIMNAGAR",01/07/2019,02/07/2019
6586132,81172.00,TS02FB0649,"MOTOR CYCLE",7310.00,02/07/2019,"RTA KARIMNAGAR",01/07/2019,02/07/2019
6634797,80344.00,TS02FB0650,"MOTOR CYCLE",7240.00,02/07/2019,"RTA KARIMNAGAR",01/07/2019,02/07/2019
6210635,873980.00,AP02AN5679,"MOTOR CAR",104880.00,02/07/2019,"RTA KARIMNAGAR",01/07/2019,02/07/2019
6259840,971260.00,TS02FB1218,"MOTOR CAR",116560.00,01/07/2019,"RTA KARIMNAGAR",01/07/2019,02/07/2019
6299755,1040373.00,TS02FB0545,"MOTOR CAR",145660.00,01/07/2019,"RTA KARIMNAGAR",01/07/2019,02/07/2019
6433871,3123704.00,TS02FB1510,"Vehicle Fitted with Construction Equipment",234280.00,02/07/2019,"RTA KARIMNAGAR",01/07/2019,02/07/2019
6636619,80555.00,TS02FB0558,"MOTOR CYCLE",7250.00,01/07/2019,"RTA KARIMNAGAR",01/07/2019,02/07/2019
6125548,734305.00,TS02FB0643,"MOTOR CAR",88120.00,02/07/2019,"RTA KARIMNAGAR",01/07/2019,02/07/2019
5867903,62002.00,TS02FB0588,"MOTOR CYCLE",5590.00,01/07/2019,"RTA KARIMNAGAR",01/07/2019,02/07/2019
5799535,61233.00,TS02FB0658,"MOTOR CYCLE",5520.00,02/07/2019,"RTA KARIMNAGAR",01/07/2019,02/07/2019
5867984,60800.00,TS02FB0565,"MOTOR CYCLE",5480.00,01/07/2019,"RTA KARIMNAGAR",01/07/2019,02/07/2019
5867985,60800.00,TS02FB0610,"MOTOR CYCLE",5480.00,02/07/2019,"RTA KARIMNAGAR",01/07/2019,02/07/2019
5532358,97681.00,TS02FB0648,"MOTOR CYCLE",8800.00,02/07/2019,"RTA KARIMNAGAR",01/07/2019,02/07/2019
5683360,306480.00,TS02FB0582,"MOTOR CAR",36780.00,01/07/2019,"RTA KARIMNAGAR",01/07/2019,02/07/2019
5732466,60800.00,TS02FB0569,"MOTOR CYCLE",8520.00,01/07/2019,"RTA KARIMNAGAR",01/07/2019,02/07/2019
5732467,60800.00,TS02FB0578,"MOTOR CYCLE",5480.00,01/07/2019,"RTA KARIMNAGAR",01/07/2019,02/07/2019
6013831,583253.00,TS02FB0573,"MOTOR CAR",70000.00,01/07/2019,"RTA KARIMNAGAR",01/07/2019,02/07/2019
5645155,59966.00,TS02FB0546,"MOTOR CYCLE",5400.00,01/07/2019,"RTA KARIMNAGAR",01/07/2019,02/07/2019
5670136,292710.00,MP09CG3429,"MOTOR CAR",21960.00,02/07/2019,"RTA KARIMNAGAR",01/07/2019,02/07/2019
5849022,61683.00,TS02FB0594,"MOTOR CYCLE",8640.00,02/07/2019,"RTA KARIMNAGAR",01/07/2019,02/07/2019
5790668,339540.00,TS02FB0635,"MOTOR CAR",40750.00,02/07/2019,"RTA KARIMNAGAR",01/07/2019,02/07/2019
4815970,56225.00,TS02FB0634,"MOTOR CYCLE",5070.00,02/07/2019,"RTA KARIMNAGAR",01/07/2019,02/07/2019
4815971,56225.00,TS02FB0659,"MOTOR CYCLE",5070.00,02/07/2019,"RTA KARIMNAGAR",01/07/2019,02/07/2019
5227320,57562.00,TS02FB0568,"MOTOR CYCLE",5190.00,01/07/2019,"RTA KARIMNAGAR",01/07/2019,02/07/2019
5227321,57562.00,TS02FB0633,"MOTOR CYCLE",5190.00,02/07/2019,"RTA KARIMNAGAR",01/07/2019,02/07/2019
5268313,80555.00,TS02FB0571,"MOTOR CYCLE",11280.00,01/07/2019,"RTA KARIMNAGAR",01/07/2019,02/07/2019
5232326,77754.00,TS02FB0602,"MOTOR CYCLE",7000.00,02/07/2019,"RTA KARIMNAGAR",01/07/2019,02/07/2019
5382280,80344.00,TS02FB0544,"MOTOR CYCLE",7240.00,01/07/2019,"RTA KARIMNAGAR",01/07/2019,02/07/2019
5058694,57094.00,TS02FB0608,"MOTOR CYCLE",5140.00,02/07/2019,"RTA KARIMNAGAR",01/07/2019,02/07/2019
5310236,57562.00,TS02FB0616,"MOTOR CYCLE",5190.00,02/07/2019,"RTA KARIMNAGAR",01/07/2019,02/07/2019
5334570,57880.00,TS02FB0551,"MOTOR CYCLE",5210.00,01/07/2019,"RTA KARIMNAGAR",01/07/2019,02/07/2019
4848989,56639.00,TS02FB0615,"MOTOR CYCLE",5100.00,02/07/2019,"RTA KARIMNAGAR",01/07/2019,02/07/2019
5343447,85165.00,TS02FB0579,"MOTOR CYCLE",7670.00,01/07/2019,"RTA KARIMNAGAR",01/07/2019,02/07/2019
5343448,85165.00,TS02FB0596,"MOTOR CYCLE",7670.00,02/07/2019,"RTA KARIMNAGAR",01/07/2019,02/07/2019
5343449,85165.00,TS02FB0598,"MOTOR CYCLE",7670.00,02/07/2019,"RTA KARIMNAGAR",01/07/2019,02/07/2019
4745154,55697.00,TS02FB0547,"MOTOR CYCLE",5020.00,01/07/2019,"RTA KARIMNAGAR",01/07/2019,02/07/2019
4745155,55697.00,TS02FB0603,"MOTOR CYCLE",5020.00,02/07/2019,"RTA KARIMNAGAR",01/07/2019,02/07/2019
4745156,55697.00,TS02FB0612,"MOTOR CYCLE",5020.00,02/07/2019,"RTA KARIMNAGAR",01/07/2019,02/07/2019
4785095,56015.00,TS02FB0601,"MOTOR CYCLE",5050.00,02/07/2019,"RTA KARIMNAGAR",01/07/2019,02/07/2019
4616772,59800.00,TS02FB0654,"MOTOR CYCLE",5390.00,02/07/2019,"RTA KARIMNAGAR",01/07/2019,02/07/2019
4245507,54003.00,TS02FB0559,"MOTOR CYCLE",4870.00,01/07/2019,"RTA KARIMNAGAR",01/07/2019,02/07/2019
4265023,57562.00,TS02FB0618,"MOTOR CYCLE",5190.00,02/07/2019,"RTA KARIMNAGAR",01/07/2019,02/07/2019
4265024,57562.00,TS02FB0622,"MOTOR CYCLE",5190.00,02/07/2019,"RTA KARIMNAGAR",01/07/2019,02/07/2019
3835320,56225.00,TS02FB0541,"MOTOR CYCLE",5070.00,01/07/2019,"RTA KARIMNAGAR",01/07/2019,02/07/2019
3835321,56225.00,TS02FB0554,"MOTOR CYCLE",5070.00,01/07/2019,"RTA KARIMNAGAR",01/07/2019,02/07/2019
3835322,56225.00,TS02FB0575,"MOTOR CYCLE",5070.00,01/07/2019,"RTA KARIMNAGAR",01/07/2019,02/07/2019
3835510,56225.00,TS02FB0609,"MOTOR CYCLE",5070.00,02/07/2019,"RTA KARIMNAGAR",01/07/2019,02/07/2019
4740918,56225.00,TS02FB0583,"MOTOR CYCLE",5070.00,01/07/2019,"RTA KARIMNAGAR",01/07/2019,02/07/2019
4608109,59666.00,TS02FB0580,"MOTOR CYCLE",5370.00,01/07/2019,"RTA KARIMNAGAR",01/07/2019,02/07/2019
4411289,54600.00,TS02FB0611,"MOTOR CYCLE",4920.00,02/07/2019,"RTA KARIMNAGAR",01/07/2019,02/07/2019
3881068,56225.00,TS02FB0548,"MOTOR CYCLE",5070.00,01/07/2019,"RTA KARIMNAGAR",01/07/2019,02/07/2019
3881069,56225.00,TS02FB0641,"MOTOR CYCLE",5070.00,02/07/2019,"RTA KARIMNAGAR",01/07/2019,02/07/2019
3881070,56225.00,TS02FB0642,"MOTOR CYCLE",5070.00,02/07/2019,"RTA KARIMNAGAR",01/07/2019,02/07/2019
4671894,61233.00,TS02FB0644,"MOTOR CYCLE",5520.00,02/07/2019,"RTA KARIMNAGAR",01/07/2019,02/07/2019
3865934,56327.00,TS02FB1720,"MOTOR CYCLE",5070.00,02/07/2019,"RTA KARIMNAGAR",01/07/2019,02/07/2019
4370522,57962.00,TS02FB0549,"MOTOR CYCLE",5220.00,01/07/2019,"RTA KARIMNAGAR",01/07/2019,02/07/2019
3800836,55602.00,TS02FB0593,"MOTOR CYCLE",7790.00,02/07/2019,"RTA KARIMNAGAR",01/07/2019,02/07/2019
4578210,60183.00,TS02FB0539,"MOTOR CYCLE",5420.00,01/07/2019,"RTA KARIMNAGAR",01/07/2019,02/07/2019
1540348,32599.00,TS06EX4434,"MOTOR CYCLE",2940.00,02/07/2019,"RTA MAHABOOBNAGAR",01/07/2019,02/07/2019
411139,0.00,AP22AD0981,"MOTOR CAR",48330.00,02/07/2019,"RTA MAHABOOBNAGAR",01/07/2019,02/07/2019
413347,0.00,AP22AD9000,"MOTOR CAR",55970.00,02/07/2019,"RTA MAHABOOBNAGAR",01/07/2019,02/07/2019
451200,0.00,AP22S1265,"MOTOR CYCLE",3460.00,02/07/2019,"RTA MAHABOOBNAGAR",01/07/2019,02/07/2019
1635817,32599.00,TS06EX4258,"MOTOR CYCLE",2940.00,01/07/2019,"RTA MAHABOOBNAGAR",01/07/2019,02/07/2019
1635818,32599.00,TS06EX4266,"MOTOR CYCLE",2940.00,01/07/2019,"RTA MAHABOOBNAGAR",01/07/2019,02/07/2019
1635819,32599.00,TS06EX4279,"MOTOR CYCLE",2940.00,01/07/2019,"RTA MAHABOOBNAGAR",01/07/2019,02/07/2019
1635820,32599.00,TS06EX4310,"MOTOR CYCLE",2940.00,02/07/2019,"RTA MAHABOOBNAGAR",01/07/2019,02/07/2019
1635821,32599.00,TS06EX4319,"MOTOR CYCLE",2940.00,02/07/2019,"RTA MAHABOOBNAGAR",01/07/2019,02/07/2019
1635822,32599.00,TS06EX4336,"MOTOR CYCLE",2940.00,02/07/2019,"RTA MAHABOOBNAGAR",01/07/2019,02/07/2019
1635823,32599.00,TS06EX4341,"MOTOR CYCLE",2940.00,02/07/2019,"RTA MAHABOOBNAGAR",01/07/2019,02/07/2019
1635824,32599.00,TS06EX4348,"MOTOR CYCLE",2940.00,02/07/2019,"RTA MAHABOOBNAGAR",01/07/2019,02/07/2019
1635825,32599.00,TS06EX4387,"MOTOR CYCLE",2940.00,02/07/2019,"RTA MAHABOOBNAGAR",01/07/2019,02/07/2019
1635826,32599.00,TS06EX4407,"MOTOR CYCLE",2940.00,02/07/2019,"RTA MAHABOOBNAGAR",01/07/2019,02/07/2019
1635828,32599.00,TS06EX4460,"MOTOR CYCLE",2940.00,02/07/2019,"RTA MAHABOOBNAGAR",01/07/2019,02/07/2019
1636216,32599.00,TS06EX7573,"MOTOR CYCLE",2940.00,01/07/2019,"RTA MAHABOOBNAGAR",01/07/2019,02/07/2019
1816473,46476.00,TS06EX4316,"MOTOR CYCLE",4190.00,02/07/2019,"RTA MAHABOOBNAGAR",01/07/2019,02/07/2019
1678139,37277.00,TS06EX4297,"MOTOR CYCLE",3360.00,01/07/2019,"RTA MAHABOOBNAGAR",01/07/2019,02/07/2019
1678140,37277.00,TS06EX4440,"MOTOR CYCLE",3360.00,02/07/2019,"RTA MAHABOOBNAGAR",01/07/2019,02/07/2019
2167076,48825.00,TS06EX4249,"MOTOR CYCLE",4400.00,01/07/2019,"RTA MAHABOOBNAGAR",01/07/2019,02/07/2019
2167077,48825.00,TS06EX4267,"MOTOR CYCLE",4400.00,01/07/2019,"RTA MAHABOOBNAGAR",01/07/2019,02/07/2019
2167078,48825.00,TS06EX4489,"MOTOR CYCLE",4400.00,02/07/2019,"RTA MAHABOOBNAGAR",01/07/2019,02/07/2019
2200564,46241.00,TS06EX4330,"MOTOR CYCLE",4170.00,02/07/2019,"RTA MAHABOOBNAGAR",01/07/2019,02/07/2019
2488683,50300.00,TS06EX4235,"MOTOR CYCLE",4530.00,01/07/2019,"RTA MAHABOOBNAGAR",01/07/2019,02/07/2019
1360042,39224.00,TS06EX4433,"MOTOR CYCLE",3540.00,01/07/2019,"RTA MAHABOOBNAGAR",01/07/2019,02/07/2019
1361776,38959.00,TS06EX4260,"MOTOR CYCLE",3510.00,01/07/2019,"RTA MAHABOOBNAGAR",01/07/2019,02/07/2019
2567396,48166.00,TS06EX4362,"MOTOR CYCLE",4340.00,02/07/2019,"RTA MAHABOOBNAGAR",01/07/2019,02/07/2019
2790349,48825.00,TS06EX4346,"MOTOR CYCLE",4400.00,02/07/2019,"RTA MAHABOOBNAGAR",01/07/2019,02/07/2019
2436772,50025.00,TS06EX4304,"MOTOR CYCLE",4510.00,02/07/2019,"RTA MAHABOOBNAGAR",01/07/2019,02/07/2019
2436915,50025.00,TS06EX4252,"MOTOR CYCLE",4510.00,01/07/2019,"RTA MAHABOOBNAGAR",01/07/2019,02/07/2019
2436916,50025.00,TS06EX4337,"MOTOR CYCLE",4510.00,02/07/2019,"RTA MAHABOOBNAGAR",01/07/2019,02/07/2019
2649894,51264.00,TS06EX4354,"MOTOR CYCLE",4620.00,02/07/2019,"RTA MAHABOOBNAGAR",01/07/2019,02/07/2019
2649895,51264.00,TS06EX4391,"MOTOR CYCLE",4620.00,02/07/2019,"RTA MAHABOOBNAGAR",01/07/2019,02/07/2019
2929243,49709.00,TS06EX4975,"MOTOR CYCLE",4480.00,01/07/2019,"RTA MAHABOOBNAGAR",01/07/2019,02/07/2019
2953472,49275.00,TS06EX4205,"MOTOR CYCLE",4440.00,01/07/2019,"RTA MAHABOOBNAGAR",01/07/2019,02/07/2019
2974776,49414.00,TS06EX4600,"MOTOR CYCLE",4450.00,02/07/2019,"RTA MAHABOOBNAGAR",01/07/2019,02/07/2019
3019149,50025.00,TS06EX4190,"MOTOR CYCLE",4510.00,01/07/2019,"RTA MAHABOOBNAGAR",01/07/2019,02/07/2019
3019150,50025.00,TS06EX4208,"MOTOR CYCLE",4510.00,01/07/2019,"RTA MAHABOOBNAGAR",01/07/2019,02/07/2019
3019151,50025.00,TS06EX4358,"MOTOR CYCLE",4510.00,02/07/2019,"RTA MAHABOOBNAGAR",01/07/2019,02/07/2019
3019152,50025.00,TS06EX4386,"MOTOR CYCLE",4510.00,02/07/2019,"RTA MAHABOOBNAGAR",01/07/2019,02/07/2019
3466717,54129.00,TS06EX4224,"MOTOR CYCLE",7580.00,01/07/2019,"RTA MAHABOOBNAGAR",01/07/2019,02/07/2019
3805433,55631.00,TS06EX4240,"MOTOR CYCLE",5010.00,01/07/2019,"RTA MAHABOOBNAGAR",01/07/2019,02/07/2019
3853248,56232.00,TS06EX4292,"MOTOR CYCLE",5070.00,01/07/2019,"RTA MAHABOOBNAGAR",01/07/2019,02/07/2019
3853717,56232.00,TS06EX5074,"MOTOR CYCLE",5070.00,02/07/2019,"RTA MAHABOOBNAGAR",01/07/2019,02/07/2019
2164060,48825.00,TS06EX4218,"MOTOR CYCLE",4400.00,01/07/2019,"RTA MAHABOOBNAGAR",01/07/2019,02/07/2019
2164061,48825.00,TS06EX4413,"MOTOR CYCLE",4400.00,02/07/2019,"RTA MAHABOOBNAGAR",01/07/2019,02/07/2019
2290744,49251.00,TS06EX4431,"MOTOR CYCLE",4440.00,02/07/2019,"RTA MAHABOOBNAGAR",01/07/2019,02/07/2019
2704068,48825.00,TS06EX4241,"MOTOR CYCLE",4400.00,01/07/2019,"RTA MAHABOOBNAGAR",01/07/2019,02/07/2019
2704069,48825.00,TS06EX4314,"MOTOR CYCLE",4400.00,02/07/2019,"RTA MAHABOOBNAGAR",01/07/2019,02/07/2019
2704723,48500.00,TS06EX4197,"MOTOR CYCLE",4370.00,01/07/2019,"RTA MAHABOOBNAGAR",01/07/2019,02/07/2019
3314471,53390.00,TS06EX4372,"MOTOR CYCLE",7480.00,02/07/2019,"RTA MAHABOOBNAGAR",01/07/2019,02/07/2019
3314472,53390.00,TS06EX4438,"MOTOR CYCLE",4810.00,02/07/2019,"RTA MAHABOOBNAGAR",01/07/2019,02/07/2019
3882279,56225.00,TS06EX4199,"MOTOR CYCLE",5070.00,01/07/2019,"RTA MAHABOOBNAGAR",01/07/2019,02/07/2019
3882282,56225.00,TS06EX4555,"MOTOR CYCLE",5070.00,01/07/2019,"RTA MAHABOOBNAGAR",01/07/2019,02/07/2019
3346507,53390.00,TS06EX4237,"MOTOR CYCLE",4810.00,01/07/2019,"RTA MAHABOOBNAGAR",01/07/2019,02/07/2019
3476135,54220.00,TS06EX4301,"MOTOR CYCLE",4880.00,02/07/2019,"RTA MAHABOOBNAGAR",01/07/2019,02/07/2019
3601344,54600.00,TS06EX4216,"MOTOR CYCLE",4920.00,01/07/2019,"RTA MAHABOOBNAGAR",01/07/2019,02/07/2019
3601345,54600.00,TS06EX4317,"MOTOR CYCLE",4920.00,02/07/2019,"RTA MAHABOOBNAGAR",01/07/2019,02/07/2019
3601346,54600.00,TS06EX4367,"MOTOR CYCLE",4920.00,02/07/2019,"RTA MAHABOOBNAGAR",01/07/2019,02/07/2019
3601348,54600.00,TS06EX4533,"MOTOR CYCLE",4920.00,01/07/2019,"RTA MAHABOOBNAGAR",01/07/2019,02/07/2019
3672604,55075.00,TS06EX4342,"MOTOR CYCLE",4960.00,02/07/2019,"RTA MAHABOOBNAGAR",01/07/2019,02/07/2019
3698605,52400.00,TS06EX4209,"MOTOR CYCLE",7340.00,01/07/2019,"RTA MAHABOOBNAGAR",01/07/2019,02/07/2019
3730390,55465.00,TS06EX4369,"MOTOR CYCLE",5000.00,02/07/2019,"RTA MAHABOOBNAGAR",01/07/2019,02/07/2019
3394628,51259.00,TS06EX4262,"MOTOR CYCLE",7180.00,01/07/2019,"RTA MAHABOOBNAGAR",01/07/2019,02/07/2019
3124719,50025.00,TS06EX4226,"MOTOR CYCLE",4510.00,01/07/2019,"RTA MAHABOOBNAGAR",01/07/2019,02/07/2019
3124720,50025.00,TS06EX4256,"MOTOR CYCLE",4510.00,01/07/2019,"RTA MAHABOOBNAGAR",01/07/2019,02/07/2019
3124721,50025.00,TS06EX4291,"MOTOR CYCLE",4510.00,01/07/2019,"RTA MAHABOOBNAGAR",01/07/2019,02/07/2019
3332125,53330.00,TS06EX4415,"MOTOR CYCLE",4800.00,02/07/2019,"RTA MAHABOOBNAGAR",01/07/2019,02/07/2019
3563229,54600.00,TS06EX4351,"MOTOR CYCLE",4920.00,02/07/2019,"RTA MAHABOOBNAGAR",01/07/2019,02/07/2019
3799912,55914.00,TS06EX4389,"MOTOR CYCLE",5040.00,02/07/2019,"RTA MAHABOOBNAGAR",01/07/2019,02/07/2019
3800014,55600.00,TS06EX4198,"MOTOR CYCLE",5010.00,01/07/2019,"RTA MAHABOOBNAGAR",01/07/2019,02/07/2019
3897119,56582.00,TS06EX4204,"MOTOR CYCLE",7930.00,01/07/2019,"RTA MAHABOOBNAGAR",01/07/2019,02/07/2019
4816359,56225.00,TS05FB5278,"MOTOR CYCLE",5070.00,02/07/2019,"RTA NALGONDA",01/07/2019,02/07/2019
4816360,56225.00,TS05FB5310,"MOTOR CYCLE",5070.00,02/07/2019,"RTA NALGONDA",01/07/2019,02/07/2019
5270974,80707.00,TS05FB5277,"MOTOR CYCLE",7270.00,02/07/2019,"RTA NALGONDA",01/07/2019,02/07/2019
4955273,65824.00,TS05FB5198,"MOTOR CYCLE",5930.00,01/07/2019,"RTA NALGONDA",01/07/2019,02/07/2019
5224338,73649.00,TS05FB5304,"MOTOR CYCLE",10320.00,02/07/2019,"RTA NALGONDA",01/07/2019,02/07/2019
4744696,55660.00,TS05FB5246,"MOTOR CYCLE",5010.00,01/07/2019,"RTA NALGONDA",01/07/2019,02/07/2019
4746126,55707.00,TS05FB5306,"MOTOR CYCLE",5020.00,02/07/2019,"RTA NALGONDA",01/07/2019,02/07/2019
5367438,79000.00,TS05FB5309,"MOTOR CYCLE",7110.00,02/07/2019,"RTA NALGONDA",01/07/2019,02/07/2019
4804273,56167.00,TS05FB5254,"MOTOR CYCLE",5060.00,01/07/2019,"RTA NALGONDA",01/07/2019,02/07/2019
4901154,64255.00,TS05FB5324,"MOTOR CYCLE",9000.00,02/07/2019,"RTA NALGONDA",01/07/2019,02/07/2019
5131917,57265.00,TS05FB5305,"MOTOR CYCLE",5160.00,02/07/2019,"RTA NALGONDA",01/07/2019,02/07/2019
5154629,72123.00,TS05FB5237,"MOTOR CYCLE",6500.00,01/07/2019,"RTA NALGONDA",01/07/2019,02/07/2019
5266368,80496.00,TS05FB5220,"MOTOR CYCLE",7250.00,01/07/2019,"RTA NALGONDA",01/07/2019,02/07/2019
5343807,85165.00,TS05FB5269,"MOTOR CYCLE",7670.00,02/07/2019,"RTA NALGONDA",01/07/2019,02/07/2019
5454880,85165.00,TS05FB5297,"MOTOR CYCLE",7670.00,02/07/2019,"RTA NALGONDA",01/07/2019,02/07/2019
5454881,85165.00,TS05FB5316,"MOTOR CYCLE",7670.00,02/07/2019,"RTA NALGONDA",01/07/2019,02/07/2019
5666803,59487.00,TS05FB5444,"MOTOR CYCLE",5360.00,01/07/2019,"RTA NALGONDA",01/07/2019,02/07/2019
5667997,60300.00,TS05FB5214,"MOTOR CYCLE",5430.00,01/07/2019,"RTA NALGONDA",01/07/2019,02/07/2019
5387728,80707.00,TS05FB5207,"MOTOR CYCLE",7270.00,01/07/2019,"RTA NALGONDA",01/07/2019,02/07/2019
5387729,80707.00,TS05FB5208,"MOTOR CYCLE",7270.00,01/07/2019,"RTA NALGONDA",01/07/2019,02/07/2019
5387730,80707.00,TS05FB5323,"MOTOR CYCLE",7270.00,02/07/2019,"RTA NALGONDA",01/07/2019,02/07/2019
5559102,58415.00,TS05FB5284,"MOTOR CYCLE",5260.00,02/07/2019,"RTA NALGONDA",01/07/2019,02/07/2019
5648528,59217.00,TS05FB5281,"MOTOR CYCLE",5330.00,02/07/2019,"RTA NALGONDA",01/07/2019,02/07/2019
5451615,117651.00,TS05FB5296,"MOTOR CYCLE",10590.00,02/07/2019,"RTA NALGONDA",01/07/2019,02/07/2019
5609221,58828.00,TS05FB5251,"MOTOR CYCLE",5300.00,01/07/2019,"RTA NALGONDA",01/07/2019,02/07/2019
5871102,60800.00,TS05FB5279,"MOTOR CYCLE",5480.00,02/07/2019,"RTA NALGONDA",01/07/2019,02/07/2019
6022238,649000.00,TS05UD3486,"Motor Cab",77880.00,01/07/2019,"RTA NALGONDA",01/07/2019,02/07/2019
5734299,60800.00,TS05FB5222,"MOTOR CYCLE",5480.00,01/07/2019,"RTA NALGONDA",01/07/2019,02/07/2019
5734300,60800.00,TS05FB5303,"MOTOR CYCLE",5480.00,02/07/2019,"RTA NALGONDA",01/07/2019,02/07/2019
5556612,139680.00,TS05FB5217,"MOTOR CYCLE",12580.00,01/07/2019,"RTA NALGONDA",01/07/2019,02/07/2019
5822316,480312.00,TS05FB5307,"MOTOR CAR",57640.00,02/07/2019,"RTA NALGONDA",01/07/2019,02/07/2019
6089793,63393.00,TS05FB6116,"MOTOR CYCLE",5710.00,02/07/2019,"RTA NALGONDA",01/07/2019,02/07/2019
6202284,857290.00,TS05FB5315,"MOTOR CAR",102880.00,02/07/2019,"RTA NALGONDA",01/07/2019,02/07/2019
6314244,888947.00,TS05FB5969,"MOTOR CAR",106680.00,02/07/2019,"RTA NALGONDA",01/07/2019,02/07/2019
6356451,956921.00,TS05FB5527,"MOTOR CAR",114840.00,01/07/2019,"RTA NALGONDA",01/07/2019,02/07/2019
6151909,64255.00,TS05FB5197,"MOTOR CYCLE",5790.00,01/07/2019,"RTA NALGONDA",01/07/2019,02/07/2019
6212496,755732.00,TS05UD3561,"Motor Cab",90690.00,01/07/2019,"RTA NALGONDA",01/07/2019,02/07/2019
6390880,72940.00,TS05FB5398,"MOTOR CYCLE",6570.00,02/07/2019,"RTA NALGONDA",01/07/2019,02/07/2019
6518439,2589360.00,TS05FB5584,"Vehicle Fitted with Construction Equipment",194210.00,01/07/2019,"RTA NALGONDA",01/07/2019,02/07/2019
6610719,77504.00,TS05FB5199,"MOTOR CYCLE",6980.00,01/07/2019,"RTA NALGONDA",01/07/2019,02/07/2019
6636856,80597.00,TS05FB5215,"MOTOR CYCLE",7260.00,01/07/2019,"RTA NALGONDA",01/07/2019,02/07/2019
6638197,80707.00,TS05FB5216,"MOTOR CYCLE",7270.00,01/07/2019,"RTA NALGONDA",01/07/2019,02/07/2019
6620687,85165.00,TS05FB5205,"MOTOR CYCLE",7670.00,01/07/2019,"RTA NALGONDA",01/07/2019,02/07/2019
6680803,85165.00,TS05FB5225,"MOTOR CYCLE",7670.00,01/07/2019,"RTA NALGONDA",01/07/2019,02/07/2019
6680805,85165.00,TS05FB5604,"MOTOR CYCLE",7670.00,01/07/2019,"RTA NALGONDA",01/07/2019,02/07/2019
6645097,89043.00,TS05FB5274,"MOTOR CYCLE",8020.00,02/07/2019,"RTA NALGONDA",01/07/2019,02/07/2019
6809989,345302.00,TS05FB5265,"MOTOR CAR",48350.00,01/07/2019,"RTA NALGONDA",01/07/2019,02/07/2019
7082335,755523.00,TS05UD3476,"Motor Cab",90670.00,01/07/2019,"RTA NALGONDA",01/07/2019,02/07/2019
7049425,703740.00,TS05FB5859,"MOTOR CAR",63340.00,02/07/2019,"RTA NALGONDA",01/07/2019,02/07/2019
7089316,770702.00,TS05FB7900,"MOTOR CAR",115484.00,02/07/2019,"RTA NALGONDA",01/07/2019,02/07/2019
7181667,999990.00,TS05FB5200,"MOTOR CAR",120000.00,01/07/2019,"RTA NALGONDA",01/07/2019,02/07/2019
7236899,999030.00,TS05FB5558,"MOTOR CAR",119890.00,01/07/2019,"RTA NALGONDA",01/07/2019,02/07/2019
7240703,1732184.00,TS05EV0009,"MOTOR CAR",242510.00,01/07/2019,"RTA NALGONDA",01/07/2019,02/07/2019
7261815,3110598.00,TS05FB5538,"Self Loading Concrete Mixer",233300.00,02/07/2019,"RTA NALGONDA",01/07/2019,02/07/2019
7297745,6750400.00,TS07GT4554,"MOTOR CAR",945060.00,01/07/2019,"RTA RANGAREDDY",01/07/2019,02/07/2019
7261161,1148689.00,TS07GT4577,"MOTOR CAR",160820.00,01/07/2019,"RTA RANGAREDDY",01/07/2019,02/07/2019
7104148,697597.00,TS07UH5527,"Motor Cab",83720.00,01/07/2019,"RTA RANGAREDDY",01/07/2019,02/07/2019
