slno,invoiceamt,registrationno,vehicleclass,taxamt,dateoftransaction,officecd,fromdate,todate
4340463,108400.00,TS04FH4102,"MOTOR CYCLE",13010.00,02/12/2023,"UNIT OFFICE SATTUPALLI",01/12/2023,02/12/2023
7228877,132170.00,TS04FH4078,"MOTOR CYCLE",15870.00,01/12/2023,"UNIT OFFICE SATTUPALLI",01/12/2023,02/12/2023
3893086,96020.00,TS04FH4088,"MOTOR CYCLE",11530.00,01/12/2023,"UNIT OFFICE SATTUPALLI",01/12/2023,02/12/2023
9869317,108400.00,TS04FH4095,"MOTOR CYCLE",13010.00,02/12/2023,"UNIT OFFICE SATTUPALLI",01/12/2023,02/12/2023
3972168,89401.00,TS04FH4074,"MOTOR CYCLE",10730.00,01/12/2023,"UNIT OFFICE SATTUPALLI",01/12/2023,02/12/2023
7183431,108400.00,TS04FH4097,"MOTOR CYCLE",15180.00,02/12/2023,"UNIT OFFICE SATTUPALLI",01/12/2023,02/12/2023
7360509,1359990.00,TS04FH4092,"MOTOR CAR",231200.00,01/12/2023,"UNIT OFFICE SATTUPALLI",01/12/2023,02/12/2023
10766992,138305.00,TS04FH4090,"MOTOR CYCLE",0.00,01/12/2023,"UNIT OFFICE SATTUPALLI",01/12/2023,02/12/2023
1225052,0.00,AP20AL1444,"MOTOR CYCLE",3940.00,01/12/2023,"UNIT OFFICE SATTUPALLI",01/12/2023,02/12/2023
3023968,174656.00,TS04FH5050,"MOTOR CYCLE",20960.00,02/12/2023,"UNIT OFFICE SATTUPALLI",01/12/2023,02/12/2023
6879803,117306.00,TS04FH4100,"MOTOR CYCLE",14080.00,02/12/2023,"UNIT OFFICE SATTUPALLI",01/12/2023,02/12/2023
2998218,130304.00,TS04FH4083,"MOTOR CYCLE",15640.00,01/12/2023,"UNIT OFFICE SATTUPALLI",01/12/2023,02/12/2023
3717968,67840.00,TS04FH4073,"MOTOR CYCLE",8150.00,01/12/2023,"UNIT OFFICE SATTUPALLI",01/12/2023,02/12/2023
10059254,310450.00,TS04FH4101,"MOTOR CYCLE",37260.00,02/12/2023,"UNIT OFFICE SATTUPALLI",01/12/2023,02/12/2023
4688972,55768.00,TS04FH4087,"MOTOR CYCLE",7810.00,01/12/2023,"UNIT OFFICE SATTUPALLI",01/12/2023,02/12/2023
7190907,127900.00,TS04FH4103,"MOTOR CYCLE",15350.00,02/12/2023,"UNIT OFFICE SATTUPALLI",01/12/2023,02/12/2023
11167604,68068.00,TS04FH4080,"MOTOR CYCLE",8170.00,01/12/2023,"UNIT OFFICE SATTUPALLI",01/12/2023,02/12/2023
7573935,689900.00,TS04FH4072,"MOTOR CAR",96590.00,01/12/2023,"UNIT OFFICE SATTUPALLI",01/12/2023,02/12/2023
10450902,86101.00,TS04FH4105,"MOTOR CYCLE",12060.00,02/12/2023,"UNIT OFFICE SATTUPALLI",01/12/2023,02/12/2023
6326599,90023.00,TS04FH4086,"MOTOR CYCLE",10810.00,01/12/2023,"UNIT OFFICE SATTUPALLI",01/12/2023,02/12/2023
10255622,1359900.00,TS04FH4244,"MOTOR CAR",231190.00,01/12/2023,"UNIT OFFICE SATTUPALLI",01/12/2023,02/12/2023
5602597,80335.00,TS04FH4096,"MOTOR CYCLE",9650.00,02/12/2023,"UNIT OFFICE SATTUPALLI",01/12/2023,02/12/2023
5696154,47259.00,TS04FH4076,"MOTOR CYCLE",4260.00,01/12/2023,"UNIT OFFICE SATTUPALLI",01/12/2023,02/12/2023
9356731,67840.00,TS04FH4085,"MOTOR CYCLE",8150.00,01/12/2023,"UNIT OFFICE SATTUPALLI",01/12/2023,02/12/2023
9233814,120307.00,TS04FH4079,"MOTOR CYCLE",16850.00,01/12/2023,"UNIT OFFICE SATTUPALLI",01/12/2023,02/12/2023
4029089,108400.00,TS04FH4166,"MOTOR CYCLE",13010.00,02/12/2023,"UNIT OFFICE SATTUPALLI",01/12/2023,02/12/2023
6162127,42499.00,TS04FH4081,"MOTOR CYCLE",3830.00,01/12/2023,"UNIT OFFICE SATTUPALLI",01/12/2023,02/12/2023
10260202,120307.00,TS04FH4071,"MOTOR CYCLE",14440.00,01/12/2023,"UNIT OFFICE SATTUPALLI",01/12/2023,02/12/2023
3292065,66600.00,TS04FH4098,"MOTOR CYCLE",8000.00,02/12/2023,"UNIT OFFICE SATTUPALLI",01/12/2023,02/12/2023
9447918,79885.00,TS04FH4091,"MOTOR CYCLE",9590.00,01/12/2023,"UNIT OFFICE SATTUPALLI",01/12/2023,02/12/2023
2614441,80335.00,TS04FH4093,"MOTOR CYCLE",9650.00,02/12/2023,"UNIT OFFICE SATTUPALLI",01/12/2023,02/12/2023
4569147,232996.00,TS04FH4094,"MOTOR CYCLE",27960.00,02/12/2023,"UNIT OFFICE SATTUPALLI",01/12/2023,02/12/2023
8004350,55769.00,TS04FH4070,"MOTOR CYCLE",6700.00,01/12/2023,"UNIT OFFICE SATTUPALLI",01/12/2023,02/12/2023
11249325,202094.00,TS04FH4089,"MOTOR CYCLE",28300.00,01/12/2023,"UNIT OFFICE SATTUPALLI",01/12/2023,02/12/2023
5841783,535000.00,TS04FH4075,"MOTOR CAR",74900.00,01/12/2023,"UNIT OFFICE SATTUPALLI",01/12/2023,02/12/2023
10928181,1489990.00,TS04FH4104,"MOTOR CAR",253300.00,02/12/2023,"UNIT OFFICE SATTUPALLI",01/12/2023,02/12/2023
9497778,70233.00,TS04FH4082,"MOTOR CYCLE",8430.00,01/12/2023,"UNIT OFFICE SATTUPALLI",01/12/2023,02/12/2023
11301253,1962900.00,TS04FH4659,"MOTOR CAR",333700.00,02/12/2023,"UNIT OFFICE SATTUPALLI",01/12/2023,02/12/2023
8938857,93570.00,TS04FH4084,"MOTOR CYCLE",13100.00,01/12/2023,"UNIT OFFICE SATTUPALLI",01/12/2023,02/12/2023
10384084,80335.00,TS04FF7530,"MOTOR CYCLE",9650.00,02/12/2023,"UNIT OFFICE WYRA",01/12/2023,02/12/2023
2687005,86023.00,TS04FF7536,"MOTOR CYCLE",12050.00,02/12/2023,"UNIT OFFICE WYRA",01/12/2023,02/12/2023
10939282,906390.00,TS04FF7526,"MOTOR CAR",145030.00,01/12/2023,"UNIT OFFICE WYRA",01/12/2023,02/12/2023
8765666,108400.00,TS04FF7532,"MOTOR CYCLE",13010.00,02/12/2023,"UNIT OFFICE WYRA",01/12/2023,02/12/2023
6647588,52500.00,TS04FF7523,"MOTOR CYCLE",6300.00,01/12/2023,"UNIT OFFICE WYRA",01/12/2023,02/12/2023
7375762,108400.00,TS04FF8088,"MOTOR CYCLE",15180.00,02/12/2023,"UNIT OFFICE WYRA",01/12/2023,02/12/2023
6574092,51500.00,TS04FF7525,"MOTOR CYCLE",6180.00,01/12/2023,"UNIT OFFICE WYRA",01/12/2023,02/12/2023
8557848,67840.00,TS04FF7510,"MOTOR CYCLE",8150.00,01/12/2023,"UNIT OFFICE WYRA",01/12/2023,02/12/2023
10910355,1534900.00,TS04FF8456,"MOTOR CAR",260940.00,01/12/2023,"UNIT OFFICE WYRA",01/12/2023,02/12/2023
2970672,108400.00,TS04FF7528,"MOTOR CYCLE",15180.00,01/12/2023,"UNIT OFFICE WYRA",01/12/2023,02/12/2023
10714993,1246900.00,TS04FF7539,"MOTOR CAR",211980.00,02/12/2023,"UNIT OFFICE WYRA",01/12/2023,02/12/2023
2749196,76641.00,TS04FF7529,"MOTOR CYCLE",9200.00,01/12/2023,"UNIT OFFICE WYRA",01/12/2023,02/12/2023
4921196,80700.00,TS04FF7520,"MOTOR CYCLE",9690.00,01/12/2023,"UNIT OFFICE WYRA",01/12/2023,02/12/2023
8521519,63386.00,TS04FF7516,"MOTOR CYCLE",7610.00,01/12/2023,"UNIT OFFICE WYRA",01/12/2023,02/12/2023
9422355,108400.00,TS04FF7506,"MOTOR CYCLE",15180.00,01/12/2023,"UNIT OFFICE WYRA",01/12/2023,02/12/2023
10101130,91846.00,TS04FF7511,"MOTOR CYCLE",11030.00,01/12/2023,"UNIT OFFICE WYRA",01/12/2023,02/12/2023
5175637,89401.00,TS04FF7519,"MOTOR CYCLE",12520.00,01/12/2023,"UNIT OFFICE WYRA",01/12/2023,02/12/2023
3929821,80335.00,TS04FF7524,"MOTOR CYCLE",9650.00,01/12/2023,"UNIT OFFICE WYRA",01/12/2023,02/12/2023
6888088,120307.00,TS04FF7507,"MOTOR CYCLE",14440.00,01/12/2023,"UNIT OFFICE WYRA",01/12/2023,02/12/2023
9769905,81200.00,TS04FF7515,"MOTOR CYCLE",11370.00,01/12/2023,"UNIT OFFICE WYRA",01/12/2023,02/12/2023
9955423,145900.00,TS04FF7538,"MOTOR CYCLE",0.00,02/12/2023,"UNIT OFFICE WYRA",01/12/2023,02/12/2023
7637523,1156000.00,TS04FF7522,"MOTOR CAR",196520.00,01/12/2023,"UNIT OFFICE WYRA",01/12/2023,02/12/2023
7998033,220991.00,TS04FF7537,"MOTOR CYCLE",30940.00,02/12/2023,"UNIT OFFICE WYRA",01/12/2023,02/12/2023
9798508,90023.00,TS04FF7514,"MOTOR CYCLE",10810.00,01/12/2023,"UNIT OFFICE WYRA",01/12/2023,02/12/2023
5821833,130304.00,TS04FF7540,"MOTOR CYCLE",15640.00,02/12/2023,"UNIT OFFICE WYRA",01/12/2023,02/12/2023
9781392,80700.00,TS04FF7513,"MOTOR CYCLE",9690.00,01/12/2023,"UNIT OFFICE WYRA",01/12/2023,02/12/2023
9358076,94234.00,TS04FF7508,"MOTOR CYCLE",11310.00,01/12/2023,"UNIT OFFICE WYRA",01/12/2023,02/12/2023
8646595,84700.00,TS04FF7531,"MOTOR CYCLE",10170.00,02/12/2023,"UNIT OFFICE WYRA",01/12/2023,02/12/2023
3978640,90023.00,TS04FF7512,"MOTOR CYCLE",10810.00,01/12/2023,"UNIT OFFICE WYRA",01/12/2023,02/12/2023
5769406,80700.00,TS04FF7543,"MOTOR CYCLE",9690.00,02/12/2023,"UNIT OFFICE WYRA",01/12/2023,02/12/2023
10600637,91846.00,TS04FF7534,"MOTOR CYCLE",11030.00,02/12/2023,"UNIT OFFICE WYRA",01/12/2023,02/12/2023
2893202,86643.00,TS10FG6771,"MOTOR CYCLE",12140.00,01/12/2023,RTA-HYDERABAD-NZ,01/12/2023,02/12/2023
3968570,82335.00,TS10FG6882,"MOTOR CYCLE",9890.00,01/12/2023,RTA-HYDERABAD-NZ,01/12/2023,02/12/2023
5026631,1196100.00,TS10FG6759,"MOTOR CAR",227260.00,01/12/2023,RTA-HYDERABAD-NZ,01/12/2023,02/12/2023
5204237,1999900.00,TS10FG7585,"MOTOR CAR",339990.00,02/12/2023,RTA-HYDERABAD-NZ,01/12/2023,02/12/2023
5206055,96650.00,TS10FG6936,"MOTOR CYCLE",11600.00,02/12/2023,RTA-HYDERABAD-NZ,01/12/2023,02/12/2023
6823095,82191.00,TS10FG6776,"MOTOR CYCLE",11510.00,01/12/2023,RTA-HYDERABAD-NZ,01/12/2023,02/12/2023
8621419,92291.00,TS10FG6753,"MOTOR CYCLE",11080.00,01/12/2023,RTA-HYDERABAD-NZ,01/12/2023,02/12/2023
8622340,94234.00,TS10FG7229,"MOTOR CYCLE",13200.00,02/12/2023,RTA-HYDERABAD-NZ,01/12/2023,02/12/2023
9326076,140025.00,TS10FG7290,"MOTOR CYCLE",0.00,02/12/2023,RTA-HYDERABAD-NZ,01/12/2023,02/12/2023
10041815,87078.00,TS10FG6712,"MOTOR CYCLE",10450.00,01/12/2023,RTA-HYDERABAD-NZ,01/12/2023,02/12/2023
10589255,90023.00,TS10FG6875,"MOTOR CYCLE",10810.00,02/12/2023,RTA-HYDERABAD-NZ,01/12/2023,02/12/2023
10769818,140025.00,TS10FG9702,"MOTOR CYCLE",0.00,02/12/2023,RTA-HYDERABAD-NZ,01/12/2023,02/12/2023
133500,0.00,AP10AS1348,"MOTOR CYCLE",3700.00,02/12/2023,RTA-HYDERABAD-NZ,01/12/2023,02/12/2023
1230778,0.00,AP10AQ3382,"MOTOR CYCLE",5010.00,01/12/2023,RTA-HYDERABAD-NZ,01/12/2023,02/12/2023
1588086,0.00,AP10AQ3367,"MOTOR CYCLE",5010.00,01/12/2023,RTA-HYDERABAD-NZ,01/12/2023,02/12/2023
3723371,76326.00,TS10FG7091,"MOTOR CYCLE",9160.00,01/12/2023,RTA-HYDERABAD-NZ,01/12/2023,02/12/2023
5434639,107725.00,TS10FG6881,"MOTOR CYCLE",12930.00,02/12/2023,RTA-HYDERABAD-NZ,01/12/2023,02/12/2023
8102527,57674.00,TS10FG7198,"MOTOR CYCLE",6930.00,02/12/2023,RTA-HYDERABAD-NZ,01/12/2023,02/12/2023
9506827,82228.00,TS10FG6785,"MOTOR CYCLE",9870.00,01/12/2023,RTA-HYDERABAD-NZ,01/12/2023,02/12/2023
9507290,86898.00,TS10FG8623,"MOTOR CYCLE",12170.00,02/12/2023,RTA-HYDERABAD-NZ,01/12/2023,02/12/2023
9867943,89401.00,TS10FG6773,"MOTOR CYCLE",10730.00,01/12/2023,RTA-HYDERABAD-NZ,01/12/2023,02/12/2023
9868086,79723.00,TS10FG7249,"MOTOR CYCLE",9570.00,02/12/2023,RTA-HYDERABAD-NZ,01/12/2023,02/12/2023
9869810,83835.00,TS10FG6893,"MOTOR CYCLE",10070.00,01/12/2023,RTA-HYDERABAD-NZ,01/12/2023,02/12/2023
9871443,69088.00,TS10FG7664,"MOTOR CYCLE",8300.00,01/12/2023,RTA-HYDERABAD-NZ,01/12/2023,02/12/2023
9872188,79823.00,TS10FG7063,"MOTOR CYCLE",11180.00,02/12/2023,RTA-HYDERABAD-NZ,01/12/2023,02/12/2023
5939888,90856.00,TS10FG7038,"MOTOR CYCLE",12720.00,02/12/2023,RTA-HYDERABAD-NZ,01/12/2023,02/12/2023
6115765,50560.00,TS10FG6876,"MOTOR CYCLE",7080.00,02/12/2023,RTA-HYDERABAD-NZ,01/12/2023,02/12/2023
7227297,983900.00,TS10FG6920,"MOTOR CAR",137750.00,02/12/2023,RTA-HYDERABAD-NZ,01/12/2023,02/12/2023
9914042,134422.00,TS10FG7219,"MOTOR CYCLE",0.00,02/12/2023,RTA-HYDERABAD-NZ,01/12/2023,02/12/2023
9914065,134423.00,TS10FG7149,"MOTOR CYCLE",0.00,02/12/2023,RTA-HYDERABAD-NZ,01/12/2023,02/12/2023
10094854,5060000.00,TS10FG7666,"MOTOR CAR",1012000.00,02/12/2023,RTA-HYDERABAD-NZ,01/12/2023,02/12/2023
10274878,80335.00,TS10FG6793,"MOTOR CYCLE",9650.00,01/12/2023,RTA-HYDERABAD-NZ,01/12/2023,02/12/2023
10636613,140025.00,TS10FG7192,"MOTOR CYCLE",0.00,02/12/2023,RTA-HYDERABAD-NZ,01/12/2023,02/12/2023
10636614,140025.00,TS10FG7286,"MOTOR CYCLE",0.00,01/12/2023,RTA-HYDERABAD-NZ,01/12/2023,02/12/2023
10637134,812198.00,TS10FG6873,"MOTOR CAR",113710.00,02/12/2023,RTA-HYDERABAD-NZ,01/12/2023,02/12/2023
106495,0.00,AP10AQ1245,"MOTOR CYCLE",3790.00,02/12/2023,RTA-HYDERABAD-NZ,01/12/2023,02/12/2023
3462584,928900.00,TS10FG7078,"MOTOR CAR",130050.00,01/12/2023,RTA-HYDERABAD-NZ,01/12/2023,02/12/2023
3640130,80335.00,TS10FG7264,"MOTOR CYCLE",9650.00,02/12/2023,RTA-HYDERABAD-NZ,01/12/2023,02/12/2023
4171466,97756.00,TS10FG7000,"MOTOR CYCLE",14670.00,01/12/2023,RTA-HYDERABAD-NZ,01/12/2023,02/12/2023
7912617,92650.00,TS10FG6775,"MOTOR CYCLE",11120.00,01/12/2023,RTA-HYDERABAD-NZ,01/12/2023,02/12/2023
8269583,77835.00,TS10FG6822,"MOTOR CYCLE",10900.00,02/12/2023,RTA-HYDERABAD-NZ,01/12/2023,02/12/2023
9522321,77835.00,TS10FG7269,"MOTOR CYCLE",9350.00,01/12/2023,RTA-HYDERABAD-NZ,01/12/2023,02/12/2023
9698291,1659900.00,TS10FG6943,"MOTOR CAR",282190.00,02/12/2023,RTA-HYDERABAD-NZ,01/12/2023,02/12/2023
10243597,1219990.00,TS10FG7299,"MOTOR CAR",231800.00,01/12/2023,RTA-HYDERABAD-NZ,01/12/2023,02/12/2023
2656477,57554.00,TS10FG7252,"MOTOR CYCLE",8640.00,02/12/2023,RTA-HYDERABAD-NZ,01/12/2023,02/12/2023
3566498,76641.00,TS10FG6945,"MOTOR CYCLE",9200.00,02/12/2023,RTA-HYDERABAD-NZ,01/12/2023,02/12/2023
4995158,84700.00,TS10FG6762,"MOTOR CYCLE",10170.00,01/12/2023,RTA-HYDERABAD-NZ,01/12/2023,02/12/2023
5160024,86628.00,TS10FG6922,"MOTOR CYCLE",10400.00,01/12/2023,RTA-HYDERABAD-NZ,01/12/2023,02/12/2023
5340175,92291.00,TS10FG6924,"MOTOR CYCLE",11080.00,02/12/2023,RTA-HYDERABAD-NZ,01/12/2023,02/12/2023
7051817,90023.00,TS10FG6735,"MOTOR CYCLE",12610.00,01/12/2023,RTA-HYDERABAD-NZ,01/12/2023,02/12/2023
8669627,92291.00,TS10FG6995,"MOTOR CYCLE",12930.00,02/12/2023,RTA-HYDERABAD-NZ,01/12/2023,02/12/2023
9386776,96920.00,TS10FG7905,"MOTOR CYCLE",11640.00,02/12/2023,RTA-HYDERABAD-NZ,01/12/2023,02/12/2023
9387733,224755.00,TS10FG9583,"MOTOR CYCLE",33720.00,02/12/2023,RTA-HYDERABAD-NZ,01/12/2023,02/12/2023
10108570,134422.00,TS10FG7686,"MOTOR CYCLE",0.00,02/12/2023,RTA-HYDERABAD-NZ,01/12/2023,02/12/2023
10284979,1659900.00,TS10FG6761,"MOTOR CAR",282190.00,01/12/2023,RTA-HYDERABAD-NZ,01/12/2023,02/12/2023
3953383,80335.00,TS10FG6906,"MOTOR CYCLE",11250.00,01/12/2023,RTA-HYDERABAD-NZ,01/12/2023,02/12/2023
4684320,859000.00,TS10FG6846,"MOTOR CAR",121530.00,02/12/2023,RTA-HYDERABAD-NZ,01/12/2023,02/12/2023
5574770,92291.00,TS10FG6864,"MOTOR CYCLE",11080.00,01/12/2023,RTA-HYDERABAD-NZ,01/12/2023,02/12/2023
5576877,93800.00,TS10FG6821,"MOTOR CYCLE",11260.00,01/12/2023,RTA-HYDERABAD-NZ,01/12/2023,02/12/2023
5936265,89401.00,TS10FG7425,"MOTOR CYCLE",10730.00,02/12/2023,RTA-HYDERABAD-NZ,01/12/2023,02/12/2023
6835356,86251.00,TS10FG7143,"MOTOR CYCLE",10360.00,02/12/2023,RTA-HYDERABAD-NZ,01/12/2023,02/12/2023
7377250,228187.00,TS10FG6963,"MOTOR CYCLE",31950.00,02/12/2023,RTA-HYDERABAD-NZ,01/12/2023,02/12/2023
8644895,141772.00,TS10FG7177,"MOTOR CYCLE",21270.00,02/12/2023,RTA-HYDERABAD-NZ,01/12/2023,02/12/2023
9696416,91148.00,TS10FG7232,"MOTOR CYCLE",10940.00,02/12/2023,RTA-HYDERABAD-NZ,01/12/2023,02/12/2023
10234374,91148.00,TS10FG7203,"MOTOR CYCLE",10940.00,02/12/2023,RTA-HYDERABAD-NZ,01/12/2023,02/12/2023
10417643,89401.00,TS10FG6901,"MOTOR CYCLE",10730.00,01/12/2023,RTA-HYDERABAD-NZ,01/12/2023,02/12/2023
10776623,145900.00,TS10FG7339,"MOTOR CYCLE",0.00,02/12/2023,RTA-HYDERABAD-NZ,01/12/2023,02/12/2023
3538328,73033.00,TS10FG6737,"MOTOR CYCLE",8770.00,01/12/2023,RTA-HYDERABAD-NZ,01/12/2023,02/12/2023
3902095,80335.00,TS10FG6730,"MOTOR CYCLE",9650.00,01/12/2023,RTA-HYDERABAD-NZ,01/12/2023,02/12/2023
5888355,87078.00,TS10FG6725,"MOTOR CYCLE",10450.00,01/12/2023,RTA-HYDERABAD-NZ,01/12/2023,02/12/2023
9885966,80335.00,TS10FG6862,"MOTOR CYCLE",9650.00,01/12/2023,RTA-HYDERABAD-NZ,01/12/2023,02/12/2023
9885968,80335.00,TS10FG7161,"MOTOR CYCLE",9650.00,01/12/2023,RTA-HYDERABAD-NZ,01/12/2023,02/12/2023
10775757,143342.00,TS23G2624,"MOTOR CYCLE",0.00,01/12/2023,"RTA RAJANNA",01/12/2023,02/12/2023
9871060,109152.00,TS23G2627,"MOTOR CYCLE",13100.00,01/12/2023,"RTA RAJANNA",01/12/2023,02/12/2023
10044523,172000.00,TS23G2633,"MOTOR CYCLE",20640.00,01/12/2023,"RTA RAJANNA",01/12/2023,02/12/2023
7187275,116252.00,TS23G2637,"MOTOR CYCLE",13960.00,01/12/2023,"RTA RAJANNA",01/12/2023,02/12/2023
9915676,120307.00,TS23G2651,"MOTOR CYCLE",14440.00,01/12/2023,"RTA RAJANNA",01/12/2023,02/12/2023
8668565,69598.00,TS23G2635,"MOTOR CYCLE",8360.00,01/12/2023,"RTA RAJANNA",01/12/2023,02/12/2023
5935374,88846.00,TS23G2671,"MOTOR CYCLE",10670.00,02/12/2023,"RTA RAJANNA",01/12/2023,02/12/2023
10235742,115798.00,TS23G2655,"MOTOR CYCLE",16220.00,02/12/2023,"RTA RAJANNA",01/12/2023,02/12/2023
2635717,81200.00,TS23G2665,"MOTOR CYCLE",9750.00,02/12/2023,"RTA RAJANNA",01/12/2023,02/12/2023
2635718,81200.00,TS23G2672,"MOTOR CYCLE",9750.00,02/12/2023,"RTA RAJANNA",01/12/2023,02/12/2023
6682425,76641.00,TS23G2658,"MOTOR CYCLE",9200.00,02/12/2023,"RTA RAJANNA",01/12/2023,02/12/2023
2203017,0.00,AP15AW0730,"MOTOR CYCLE",4300.00,02/12/2023,"RTA RAJANNA",01/12/2023,02/12/2023
7934895,109152.00,TS23G2639,"MOTOR CYCLE",13100.00,01/12/2023,"RTA RAJANNA",01/12/2023,02/12/2023
10253559,1334000.00,TS23G2728,"MOTOR CAR",226780.00,02/12/2023,"RTA RAJANNA",01/12/2023,02/12/2023
4709980,69598.00,TS23G2664,"MOTOR CYCLE",8360.00,02/12/2023,"RTA RAJANNA",01/12/2023,02/12/2023
9015572,57674.00,TS23G2673,"MOTOR CYCLE",6930.00,02/12/2023,"RTA RAJANNA",01/12/2023,02/12/2023
10291596,1798800.00,TS23G3123,"MOTOR CAR",305800.00,01/12/2023,"RTA RAJANNA",01/12/2023,02/12/2023
10474621,169656.00,TS23G2654,"MOTOR CYCLE",20360.00,01/12/2023,"RTA RAJANNA",01/12/2023,02/12/2023
3523676,57674.00,TS23G2648,"MOTOR CYCLE",8080.00,01/12/2023,"RTA RAJANNA",01/12/2023,02/12/2023
4436485,80335.00,TS23G2659,"MOTOR CYCLE",9650.00,02/12/2023,"RTA RAJANNA",01/12/2023,02/12/2023
4984320,84293.00,TS23G2645,"MOTOR CYCLE",10120.00,01/12/2023,"RTA RAJANNA",01/12/2023,02/12/2023
5521216,117306.00,TS23G2631,"MOTOR CYCLE",14080.00,01/12/2023,"RTA RAJANNA",01/12/2023,02/12/2023
8407200,60176.00,TS23G2642,"MOTOR CYCLE",7230.00,01/12/2023,"RTA RAJANNA",01/12/2023,02/12/2023
5037807,1334000.00,TS23G2661,"MOTOR CAR",253460.00,02/12/2023,"RTA RAJANNA",01/12/2023,02/12/2023
3275054,67498.00,TS23G2646,"MOTOR CYCLE",8100.00,01/12/2023,"RTA RAJANNA",01/12/2023,02/12/2023
9951125,140025.00,TS23G2675,"MOTOR CYCLE",0.00,02/12/2023,"RTA RAJANNA",01/12/2023,02/12/2023
5988919,91234.00,TS23G2644,"MOTOR CYCLE",10950.00,01/12/2023,"RTA RAJANNA",01/12/2023,02/12/2023
9431500,76641.00,TS23G2625,"MOTOR CYCLE",9200.00,01/12/2023,"RTA RAJANNA",01/12/2023,02/12/2023
3279782,67840.00,TS23G2638,"MOTOR CYCLE",8150.00,01/12/2023,"RTA RAJANNA",01/12/2023,02/12/2023
9408828,84700.00,TS23G2634,"MOTOR CYCLE",10170.00,01/12/2023,"RTA RAJANNA",01/12/2023,02/12/2023
10145056,744000.00,TS23T9938,"Motor Cab",104160.00,01/12/2023,"RTA RAJANNA",01/12/2023,02/12/2023
10323914,650690.00,TS23T9940,"Motor Cab",91100.00,02/12/2023,"RTA RAJANNA",01/12/2023,02/12/2023
11233373,108400.00,TS23G2676,"MOTOR CYCLE",13010.00,02/12/2023,"RTA RAJANNA",01/12/2023,02/12/2023
5258675,174655.00,TS23G3393,"MOTOR CYCLE",20960.00,02/12/2023,"RTA RAJANNA",01/12/2023,02/12/2023
5626604,134422.00,TS23G2656,"MOTOR CYCLE",0.00,02/12/2023,"RTA RAJANNA",01/12/2023,02/12/2023
5285891,67498.00,TS23G2643,"MOTOR CYCLE",8100.00,01/12/2023,"RTA RAJANNA",01/12/2023,02/12/2023
9056867,81200.00,TS23G2640,"MOTOR CYCLE",9750.00,01/12/2023,"RTA RAJANNA",01/12/2023,02/12/2023
9780476,80335.00,TS23G3142,"MOTOR CYCLE",9650.00,02/12/2023,"RTA RAJANNA",01/12/2023,02/12/2023
10137507,76641.00,TS23G2650,"MOTOR CYCLE",9200.00,01/12/2023,"RTA RAJANNA",01/12/2023,02/12/2023
10696044,109152.00,TS23G2674,"MOTOR CYCLE",13100.00,02/12/2023,"RTA RAJANNA",01/12/2023,02/12/2023
5997271,107356.00,TS23G2649,"MOTOR CYCLE",12890.00,01/12/2023,"RTA RAJANNA",01/12/2023,02/12/2023
4069479,85896.00,TS23G2636,"MOTOR CYCLE",10310.00,01/12/2023,"RTA RAJANNA",01/12/2023,02/12/2023
2750527,76753.00,TS23G2667,"MOTOR CYCLE",9220.00,02/12/2023,"RTA RAJANNA",01/12/2023,02/12/2023
4771521,744000.00,TS23T9937,"Motor Cab",104160.00,01/12/2023,"RTA RAJANNA",01/12/2023,02/12/2023
4946497,81200.00,TS23G2670,"MOTOR CYCLE",9750.00,01/12/2023,"RTA RAJANNA",01/12/2023,02/12/2023
9289267,80700.00,TS23G2641,"MOTOR CYCLE",9690.00,01/12/2023,"RTA RAJANNA",01/12/2023,02/12/2023
5185917,137005.00,TS23G2677,"MOTOR CYCLE",16450.00,02/12/2023,"RTA RAJANNA",01/12/2023,02/12/2023
5363383,79697.00,TS23G2628,"MOTOR CYCLE",11160.00,01/12/2023,"RTA RAJANNA",01/12/2023,02/12/2023
9454599,120307.00,TS23G2652,"MOTOR CYCLE",14440.00,01/12/2023,"RTA RAJANNA",01/12/2023,02/12/2023
9473927,140025.00,TS23G2663,"MOTOR CYCLE",0.00,02/12/2023,"RTA RAJANNA",01/12/2023,02/12/2023
2496110,76641.00,TS23G2629,"MOTOR CYCLE",9200.00,01/12/2023,"RTA RAJANNA",01/12/2023,02/12/2023
3933850,97520.00,TS23G2653,"MOTOR CYCLE",11710.00,01/12/2023,"RTA RAJANNA",01/12/2023,02/12/2023
5381487,80335.00,TS23G2657,"MOTOR CYCLE",9650.00,02/12/2023,"RTA RAJANNA",01/12/2023,02/12/2023
5381488,80335.00,TS23G2668,"MOTOR CYCLE",11250.00,02/12/2023,"RTA RAJANNA",01/12/2023,02/12/2023
2697657,90573.00,TS23G2669,"MOTOR CYCLE",12690.00,02/12/2023,"RTA RAJANNA",01/12/2023,02/12/2023
7907974,90023.00,TS23G2632,"MOTOR CYCLE",12610.00,01/12/2023,"RTA RAJANNA",01/12/2023,02/12/2023
10028115,109152.00,TS23G2630,"MOTOR CYCLE",13100.00,01/12/2023,"RTA RAJANNA",01/12/2023,02/12/2023
2334564,69598.00,TS36N9576,"MOTOR CYCLE",9750.00,01/12/2023,"RTA SIDDIPET",01/12/2023,02/12/2023
4217147,62557.00,TS36N9531,"MOTOR CYCLE",5640.00,01/12/2023,"RTA SIDDIPET",01/12/2023,02/12/2023
10941868,4282000.00,TS36Q0099,"MOTOR CAR",856400.00,02/12/2023,"RTA SIDDIPET",01/12/2023,02/12/2023
3228077,67968.00,TS36N9659,"MOTOR CYCLE",8160.00,01/12/2023,"RTA SIDDIPET",01/12/2023,02/12/2023
3587998,76641.00,TS36N9612,"MOTOR CYCLE",9200.00,01/12/2023,"RTA SIDDIPET",01/12/2023,02/12/2023
7170907,92291.00,TS36N9544,"MOTOR CYCLE",11080.00,01/12/2023,"RTA SIDDIPET",01/12/2023,02/12/2023
11294514,1179835.00,TS36N9526,"MOTOR CAR",200580.00,01/12/2023,"RTA SIDDIPET",01/12/2023,02/12/2023
3966943,80335.00,TS36N9585,"MOTOR CYCLE",11250.00,02/12/2023,"RTA SIDDIPET",01/12/2023,02/12/2023
4860388,646062.00,TS36N9522,"MOTOR CAR",90450.00,01/12/2023,"RTA SIDDIPET",01/12/2023,02/12/2023
5209765,3035500.00,TS36Q0123,"MOTOR CAR",546390.00,01/12/2023,"RTA SIDDIPET",01/12/2023,02/12/2023
5568769,91148.00,TS36N9614,"MOTOR CYCLE",10940.00,02/12/2023,"RTA SIDDIPET",01/12/2023,02/12/2023
6105014,95841.00,TS36N9593,"MOTOR CYCLE",11510.00,02/12/2023,"RTA SIDDIPET",01/12/2023,02/12/2023
5557489,89401.00,TS36N9656,"MOTOR CYCLE",10730.00,02/12/2023,"RTA SIDDIPET",01/12/2023,02/12/2023
7173314,95800.00,TS36N9647,"MOTOR CYCLE",11500.00,02/12/2023,"RTA SIDDIPET",01/12/2023,02/12/2023
7176591,97991.00,TS36N9604,"MOTOR CYCLE",13720.00,01/12/2023,"RTA SIDDIPET",01/12/2023,02/12/2023
8590260,76641.00,TS36N9607,"MOTOR CYCLE",9200.00,01/12/2023,"RTA SIDDIPET",01/12/2023,02/12/2023
8767951,108400.00,TS36N9516,"MOTOR CYCLE",13010.00,01/12/2023,"RTA SIDDIPET",01/12/2023,02/12/2023
5547767,108400.00,TS36N9586,"MOTOR CYCLE",13010.00,01/12/2023,"RTA SIDDIPET",01/12/2023,02/12/2023
7705559,76641.00,TS36N9550,"MOTOR CYCLE",9200.00,01/12/2023,"RTA SIDDIPET",01/12/2023,02/12/2023
9479752,81200.00,TS36N9511,"MOTOR CYCLE",11370.00,01/12/2023,"RTA SIDDIPET",01/12/2023,02/12/2023
11167603,68068.00,TS04FF7527,"MOTOR CYCLE",8170.00,01/12/2023,"UNIT OFFICE WYRA",01/12/2023,02/12/2023
5574028,91846.00,TS04FF7521,"MOTOR CYCLE",11030.00,01/12/2023,"UNIT OFFICE WYRA",01/12/2023,02/12/2023
10973592,0.00,AP20AJ2373,"MOTOR CYCLE",4910.00,02/12/2023,"UNIT OFFICE WYRA",01/12/2023,02/12/2023
4083600,117306.00,TS04FF7542,"MOTOR CYCLE",14080.00,02/12/2023,"UNIT OFFICE WYRA",01/12/2023,02/12/2023
2707460,57676.00,TS04FF7541,"MOTOR CYCLE",6930.00,02/12/2023,"UNIT OFFICE WYRA",01/12/2023,02/12/2023
3754412,57674.00,TS04FF7535,"MOTOR CYCLE",6930.00,02/12/2023,"UNIT OFFICE WYRA",01/12/2023,02/12/2023
6545878,52500.00,TS04FF7518,"MOTOR CYCLE",7350.00,01/12/2023,"UNIT OFFICE WYRA",01/12/2023,02/12/2023
5403513,84700.00,TS04FF7517,"MOTOR CYCLE",10170.00,01/12/2023,"UNIT OFFICE WYRA",01/12/2023,02/12/2023
9702643,2736500.00,TS04FF7565,"MOTOR CAR",492570.00,02/12/2023,"UNIT OFFICE WYRA",01/12/2023,02/12/2023
7183428,108400.00,TS04FF7533,"MOTOR CYCLE",13010.00,02/12/2023,"UNIT OFFICE WYRA",01/12/2023,02/12/2023
3969938,60176.00,TS22K0417,"MOTOR CYCLE",7230.00,01/12/2023,"RTA PEDDAPALLI",01/12/2023,02/12/2023
9143113,82995.00,TS22K0453,"MOTOR CYCLE",9960.00,02/12/2023,"RTA PEDDAPALLI",01/12/2023,02/12/2023
8804287,213852.00,TS22K0441,"MOTOR CYCLE",25670.00,02/12/2023,"RTA PEDDAPALLI",01/12/2023,02/12/2023
10047609,174655.00,TS22K0419,"MOTOR CYCLE",20960.00,01/12/2023,"RTA PEDDAPALLI",01/12/2023,02/12/2023
9019549,79823.00,TS22K0458,"MOTOR CYCLE",9580.00,02/12/2023,"RTA PEDDAPALLI",01/12/2023,02/12/2023
10275081,76641.00,TS22K0466,"MOTOR CYCLE",9200.00,02/12/2023,"RTA PEDDAPALLI",01/12/2023,02/12/2023
10971078,0.00,AP15AY6462,"MOTOR CYCLE",3460.00,02/12/2023,"RTA PEDDAPALLI",01/12/2023,02/12/2023
7185578,111950.00,TS22K0433,"MOTOR CYCLE",13440.00,02/12/2023,"RTA PEDDAPALLI",01/12/2023,02/12/2023
10827616,2121395.00,TS22K0440,"Crane For Private Use",159110.00,01/12/2023,"RTA PEDDAPALLI",01/12/2023,02/12/2023
4328723,130304.00,TS22K0454,"MOTOR CYCLE",15640.00,02/12/2023,"RTA PEDDAPALLI",01/12/2023,02/12/2023
5214969,72841.00,TS25G8670,"MOTOR CYCLE",8750.00,02/12/2023,"RTA PEDDAPALLI",01/12/2023,02/12/2023
8642339,134422.00,TS22K0446,"MOTOR CYCLE",0.00,02/12/2023,"RTA PEDDAPALLI",01/12/2023,02/12/2023
10057622,84293.00,TS22K0425,"MOTOR CYCLE",10120.00,01/12/2023,"RTA PEDDAPALLI",01/12/2023,02/12/2023
7212270,97520.00,TS22K0429,"MOTOR CYCLE",11710.00,01/12/2023,"RTA PEDDAPALLI",01/12/2023,02/12/2023
8474677,69598.00,TS22K0430,"MOTOR CYCLE",8360.00,01/12/2023,"RTA PEDDAPALLI",01/12/2023,02/12/2023
8653379,86351.00,TS22K0436,"MOTOR CYCLE",12090.00,02/12/2023,"RTA PEDDAPALLI",01/12/2023,02/12/2023
9535338,66720.00,TS22K0422,"MOTOR CYCLE",8010.00,01/12/2023,"RTA PEDDAPALLI",01/12/2023,02/12/2023
10634843,109152.00,TS22K0413,"MOTOR CYCLE",13100.00,01/12/2023,"RTA PEDDAPALLI",01/12/2023,02/12/2023
1940528,60176.00,TS22K0443,"MOTOR CYCLE",7230.00,02/12/2023,"RTA PEDDAPALLI",01/12/2023,02/12/2023
5617528,114150.00,TS22K0411,"MOTOR CYCLE",13700.00,01/12/2023,"RTA PEDDAPALLI",01/12/2023,02/12/2023
6137931,80335.00,TS22K0447,"MOTOR CYCLE",11250.00,02/12/2023,"RTA PEDDAPALLI",01/12/2023,02/12/2023
10652377,3893000.00,TS22K1269,"MOTOR CAR",700740.00,02/12/2023,"RTA PEDDAPALLI",01/12/2023,02/12/2023
8408433,57554.00,TS22K0408,"MOTOR CYCLE",6910.00,01/12/2023,"RTA PEDDAPALLI",01/12/2023,02/12/2023
9897651,90856.00,TS22K0455,"MOTOR CYCLE",10910.00,02/12/2023,"RTA PEDDAPALLI",01/12/2023,02/12/2023
5453405,109152.00,TS22K0710,"MOTOR CYCLE",13100.00,02/12/2023,"RTA PEDDAPALLI",01/12/2023,02/12/2023
6894501,129400.00,TS22K0412,"MOTOR CYCLE",18120.00,01/12/2023,"RTA PEDDAPALLI",01/12/2023,02/12/2023
9415939,76326.00,TS22K0410,"MOTOR CYCLE",9160.00,01/12/2023,"RTA PEDDAPALLI",01/12/2023,02/12/2023
9595296,999990.00,TS22K0407,"MOTOR CAR",140000.00,01/12/2023,"RTA PEDDAPALLI",01/12/2023,02/12/2023
9042471,57674.00,TS22K0445,"MOTOR CYCLE",6930.00,02/12/2023,"RTA PEDDAPALLI",01/12/2023,02/12/2023
10486396,88349.00,TS22K1103,"MOTOR CYCLE",10610.00,02/12/2023,"RTA PEDDAPALLI",01/12/2023,02/12/2023
5830680,174655.00,TS22K0431,"MOTOR CYCLE",20960.00,01/12/2023,"RTA PEDDAPALLI",01/12/2023,02/12/2023
7630386,1041996.00,DL1CT4925,"MOTOR CAR",130250.00,02/12/2023,"RTA PEDDAPALLI",01/12/2023,02/12/2023
10519833,90023.00,TS22K0424,"MOTOR CYCLE",10810.00,01/12/2023,"RTA PEDDAPALLI",01/12/2023,02/12/2023
2736915,0.00,AP15AJ1418,"MOTOR CYCLE",3600.00,01/12/2023,"RTA PEDDAPALLI",01/12/2023,02/12/2023
2736916,0.00,AP15AJ1426,"MOTOR CYCLE",3600.00,02/12/2023,"RTA PEDDAPALLI",01/12/2023,02/12/2023
7247604,134422.00,TS22K0420,"MOTOR CYCLE",0.00,01/12/2023,"RTA PEDDAPALLI",01/12/2023,02/12/2023
7441378,117306.00,TS22K0418,"MOTOR CYCLE",14080.00,01/12/2023,"RTA PEDDAPALLI",01/12/2023,02/12/2023
5323967,91846.00,TS22K0406,"MOTOR CYCLE",12860.00,01/12/2023,"RTA PEDDAPALLI",01/12/2023,02/12/2023
10179876,109152.00,TS22K0427,"MOTOR CYCLE",13100.00,01/12/2023,"RTA PEDDAPALLI",01/12/2023,02/12/2023
2370622,0.00,AP15S9066,"MOTOR CYCLE",4860.00,02/12/2023,"RTA PEDDAPALLI",01/12/2023,02/12/2023
9786763,82995.00,TS22K0463,"MOTOR CYCLE",9960.00,02/12/2023,"RTA PEDDAPALLI",01/12/2023,02/12/2023
10692910,222996.00,TS22K0723,"MOTOR CYCLE",26760.00,01/12/2023,"RTA PEDDAPALLI",01/12/2023,02/12/2023
10348321,109152.00,TS22K0438,"MOTOR CYCLE",13100.00,02/12/2023,"RTA PEDDAPALLI",01/12/2023,02/12/2023
10348322,109152.00,TS22K0457,"MOTOR CYCLE",13100.00,02/12/2023,"RTA PEDDAPALLI",01/12/2023,02/12/2023
10891594,977942.00,TS22K0462,"MOTOR CAR",136920.00,02/12/2023,"RTA PEDDAPALLI",01/12/2023,02/12/2023
434808,0.00,AP15AJ1746,"MOTOR CYCLE",4350.00,01/12/2023,"RTA PEDDAPALLI",01/12/2023,02/12/2023
10718085,174656.00,TS22K0709,"MOTOR CYCLE",20960.00,02/12/2023,"RTA PEDDAPALLI",01/12/2023,02/12/2023
175706,0.00,AP15AJ5454,"MOTOR CYCLE",5420.00,01/12/2023,"RTA PEDDAPALLI",01/12/2023,02/12/2023
7450550,129400.00,TS22K0428,"MOTOR CYCLE",15530.00,01/12/2023,"RTA PEDDAPALLI",01/12/2023,02/12/2023
9645920,90023.00,TS22K0409,"MOTOR CYCLE",10810.00,01/12/2023,"RTA PEDDAPALLI",01/12/2023,02/12/2023
10183435,112306.00,TS22K0465,"MOTOR CYCLE",13480.00,02/12/2023,"RTA PEDDAPALLI",01/12/2023,02/12/2023
10549698,109152.00,TS22K0467,"MOTOR CYCLE",13100.00,02/12/2023,"RTA PEDDAPALLI",01/12/2023,02/12/2023
10377781,80335.00,TS22K0451,"MOTOR CYCLE",11250.00,02/12/2023,"RTA PEDDAPALLI",01/12/2023,02/12/2023
4466986,82228.00,TS22K0421,"MOTOR CYCLE",9870.00,01/12/2023,"RTA PEDDAPALLI",01/12/2023,02/12/2023
10747812,132170.00,TS22K0434,"MOTOR CYCLE",15870.00,02/12/2023,"RTA PEDDAPALLI",01/12/2023,02/12/2023
4319282,116621.00,TS22K0460,"MOTOR CYCLE",14000.00,02/12/2023,"RTA PEDDAPALLI",01/12/2023,02/12/2023
5387566,81200.00,TS22K0414,"MOTOR CYCLE",9750.00,01/12/2023,"RTA PEDDAPALLI",01/12/2023,02/12/2023
9139131,69598.00,TS22K0442,"MOTOR CYCLE",8360.00,02/12/2023,"RTA PEDDAPALLI",01/12/2023,02/12/2023
10397281,80335.00,TS22K0416,"MOTOR CYCLE",9650.00,01/12/2023,"RTA PEDDAPALLI",01/12/2023,02/12/2023
10397282,80335.00,TS22K0461,"MOTOR CYCLE",9650.00,02/12/2023,"RTA PEDDAPALLI",01/12/2023,02/12/2023
2325448,60176.00,TS22K0448,"MOTOR CYCLE",7230.00,02/12/2023,"RTA PEDDAPALLI",01/12/2023,02/12/2023
2325449,60176.00,TS22K0452,"MOTOR CYCLE",7230.00,02/12/2023,"RTA PEDDAPALLI",01/12/2023,02/12/2023
5197146,90856.00,TS22K0437,"MOTOR CYCLE",10910.00,02/12/2023,"RTA PEDDAPALLI",01/12/2023,02/12/2023
6093599,169923.00,TS22K0432,"MOTOR CYCLE",0.00,02/12/2023,"RTA PEDDAPALLI",01/12/2023,02/12/2023
176703,0.00,AP15AY6402,"MOTOR CYCLE",4170.00,02/12/2023,"RTA PEDDAPALLI",01/12/2023,02/12/2023
10195509,129400.00,TS22K0449,"MOTOR CYCLE",15530.00,02/12/2023,"RTA PEDDAPALLI",01/12/2023,02/12/2023
11292317,1073000.00,TS22TA2906,"Motor Cab",182410.00,01/12/2023,"RTA PEDDAPALLI",01/12/2023,02/12/2023
4139845,140040.00,TS34K4591,"MOTOR CYCLE",0.00,01/12/2023,"UNIT OFFICE PARGI",01/12/2023,02/12/2023
10195853,108400.00,TS34K4627,"MOTOR CYCLE",15180.00,02/12/2023,"UNIT OFFICE PARGI",01/12/2023,02/12/2023
9492520,165200.00,TS34K4615,"MOTOR CYCLE",19830.00,02/12/2023,"UNIT OFFICE PARGI",01/12/2023,02/12/2023
4845738,69598.00,TS34K4640,"MOTOR CYCLE",8360.00,02/12/2023,"UNIT OFFICE PARGI",01/12/2023,02/12/2023
9484456,80700.00,TS34K4616,"MOTOR CYCLE",9690.00,02/12/2023,"UNIT OFFICE PARGI",01/12/2023,02/12/2023
9667199,86023.00,TS34K5059,"MOTOR CYCLE",10330.00,01/12/2023,"UNIT OFFICE PARGI",01/12/2023,02/12/2023
7705542,76641.00,TS34K4638,"MOTOR CYCLE",9200.00,02/12/2023,"UNIT OFFICE PARGI",01/12/2023,02/12/2023
9862106,89401.00,TS01ER7201,"MOTOR CYCLE",10730.00,01/12/2023,"RTA ADILABAD",01/12/2023,02/12/2023
4915445,80543.00,TS01ER7210,"MOTOR CYCLE",9670.00,01/12/2023,"RTA ADILABAD",01/12/2023,02/12/2023
5433955,75828.00,TS01ER7224,"MOTOR CYCLE",9100.00,02/12/2023,"RTA ADILABAD",01/12/2023,02/12/2023
6153675,210580.00,TS01ER7238,"MOTOR CYCLE",25270.00,02/12/2023,"RTA ADILABAD",01/12/2023,02/12/2023
6684696,76753.00,TS01ER7235,"MOTOR CYCLE",9220.00,02/12/2023,"RTA ADILABAD",01/12/2023,02/12/2023
8279687,78294.00,TS01ER7222,"MOTOR CYCLE",9400.00,02/12/2023,"RTA ADILABAD",01/12/2023,02/12/2023
10774092,583448.00,TS01ER7177,"MOTOR CAR",81690.00,01/12/2023,"RTA ADILABAD",01/12/2023,02/12/2023
45391,0.00,AP01H9175,"MOTOR CYCLE",3860.00,01/12/2023,"RTA ADILABAD",01/12/2023,02/12/2023
4340447,108400.00,TS01ER8008,"MOTOR CYCLE",13010.00,02/12/2023,"RTA ADILABAD",01/12/2023,02/12/2023
9871527,69138.00,TS01ER7173,"MOTOR CYCLE",8300.00,01/12/2023,"RTA ADILABAD",01/12/2023,02/12/2023
10048834,83800.00,TS01ER7239,"MOTOR CYCLE",10060.00,02/12/2023,"RTA ADILABAD",01/12/2023,02/12/2023
9373894,95792.00,TS01ER7867,"MOTOR CYCLE",11500.00,01/12/2023,"RTA ADILABAD",01/12/2023,02/12/2023
7910670,91354.00,TS01ER7220,"MOTOR CYCLE",10970.00,02/12/2023,"RTA ADILABAD",01/12/2023,02/12/2023
8271432,67609.00,TS01ER7195,"MOTOR CYCLE",8120.00,01/12/2023,"RTA ADILABAD",01/12/2023,02/12/2023
8631967,108400.00,TS01ER7179,"MOTOR CYCLE",13010.00,01/12/2023,"RTA ADILABAD",01/12/2023,02/12/2023
7049248,182500.00,TS01ER7255,"MOTOR CYCLE",25550.00,02/12/2023,"RTA ADILABAD",01/12/2023,02/12/2023
10289230,97520.00,TS01ER7254,"MOTOR CYCLE",11710.00,02/12/2023,"RTA ADILABAD",01/12/2023,02/12/2023
5935260,88609.00,TS01ER7180,"MOTOR CYCLE",10640.00,01/12/2023,"RTA ADILABAD",01/12/2023,02/12/2023
8644753,140460.00,TS01ER7212,"MOTOR CYCLE",0.00,01/12/2023,"RTA ADILABAD",01/12/2023,02/12/2023
9340091,76641.00,TS01ER7256,"MOTOR CYCLE",9200.00,02/12/2023,"RTA ADILABAD",01/12/2023,02/12/2023
2995500,173562.00,TS01ER8001,"MOTOR CYCLE",20830.00,02/12/2023,"RTA ADILABAD",01/12/2023,02/12/2023
8589596,76400.00,TS01ER8012,"MOTOR CYCLE",10700.00,02/12/2023,"RTA ADILABAD",01/12/2023,02/12/2023
6313419,769900.00,TS01ER7168,"MOTOR CAR",107790.00,01/12/2023,"RTA ADILABAD",01/12/2023,02/12/2023
9901739,80700.00,TS01ER7225,"MOTOR CYCLE",9690.00,02/12/2023,"RTA ADILABAD",01/12/2023,02/12/2023
9901740,80700.00,TS01ER7228,"MOTOR CYCLE",9690.00,02/12/2023,"RTA ADILABAD",01/12/2023,02/12/2023
9903375,85238.00,TS01ER7216,"MOTOR CYCLE",10230.00,02/12/2023,"RTA ADILABAD",01/12/2023,02/12/2023
4167671,97520.00,TS01ER7176,"MOTOR CYCLE",11710.00,01/12/2023,"RTA ADILABAD",01/12/2023,02/12/2023
5769394,80700.00,TS01ER7231,"MOTOR CYCLE",11300.00,02/12/2023,"RTA ADILABAD",01/12/2023,02/12/2023
2831421,82179.00,TS01ER7186,"MOTOR CYCLE",9870.00,01/12/2023,"RTA ADILABAD",01/12/2023,02/12/2023
2993092,169923.00,TS01ER7190,"MOTOR CYCLE",0.00,01/12/2023,"RTA ADILABAD",01/12/2023,02/12/2023
10279427,80700.00,TS01ER7184,"MOTOR CYCLE",11300.00,01/12/2023,"RTA ADILABAD",01/12/2023,02/12/2023
11197082,76641.00,TS01ER7183,"MOTOR CYCLE",9200.00,01/12/2023,"RTA ADILABAD",01/12/2023,02/12/2023
4445865,80700.00,TS01ER7182,"MOTOR CYCLE",11300.00,01/12/2023,"RTA ADILABAD",01/12/2023,02/12/2023
8864096,76400.00,TS01ER7188,"MOTOR CYCLE",9170.00,01/12/2023,"RTA ADILABAD",01/12/2023,02/12/2023
7075387,91148.00,TS01ER7191,"MOTOR CYCLE",10940.00,01/12/2023,"RTA ADILABAD",01/12/2023,02/12/2023
7974208,60176.00,TS01ER7185,"MOTOR CYCLE",8430.00,01/12/2023,"RTA ADILABAD",01/12/2023,02/12/2023
9591767,85896.00,TS01ER7253,"MOTOR CYCLE",10310.00,02/12/2023,"RTA ADILABAD",01/12/2023,02/12/2023
9949654,138305.00,TS01ER7213,"MOTOR CYCLE",0.00,01/12/2023,"RTA ADILABAD",01/12/2023,02/12/2023
10492631,84700.00,TS01ER7252,"MOTOR CYCLE",10170.00,02/12/2023,"RTA ADILABAD",01/12/2023,02/12/2023
3670,0.00,AP01AA0215,"MOTOR CYCLE",6235.00,01/12/2023,"RTA ADILABAD",01/12/2023,02/12/2023
8602936,80700.00,TS01ER7240,"MOTOR CYCLE",11300.00,02/12/2023,"RTA ADILABAD",01/12/2023,02/12/2023
5830579,173500.00,TS01ER7243,"MOTOR CYCLE",20820.00,02/12/2023,"RTA ADILABAD",01/12/2023,02/12/2023
5258682,174656.00,TS01ER7247,"MOTOR CYCLE",20960.00,02/12/2023,"RTA ADILABAD",01/12/2023,02/12/2023
9226623,69158.00,TS01ER7241,"MOTOR CYCLE",8300.00,02/12/2023,"RTA ADILABAD",01/12/2023,02/12/2023
9796845,88613.00,TS01ER7181,"MOTOR CYCLE",10640.00,01/12/2023,"RTA ADILABAD",01/12/2023,02/12/2023
9797618,89401.00,TS01ER7251,"MOTOR CYCLE",10730.00,02/12/2023,"RTA ADILABAD",01/12/2023,02/12/2023
10140377,95620.00,TS01ER7244,"MOTOR CYCLE",11480.00,02/12/2023,"RTA ADILABAD",01/12/2023,02/12/2023
10504853,188300.00,TS01ER7245,"MOTOR CYCLE",22600.00,02/12/2023,"RTA ADILABAD",01/12/2023,02/12/2023
11230511,103520.00,TS01ER7236,"MOTOR CYCLE",12430.00,02/12/2023,"RTA ADILABAD",01/12/2023,02/12/2023
3681417,76640.00,TS01ER7732,"MOTOR CYCLE",9200.00,01/12/2023,"RTA ADILABAD",01/12/2023,02/12/2023
9821579,76422.00,TS01ER7226,"MOTOR CYCLE",10700.00,02/12/2023,"RTA ADILABAD",01/12/2023,02/12/2023
10358702,84700.00,TS01ER7250,"MOTOR CYCLE",10170.00,02/12/2023,"RTA ADILABAD",01/12/2023,02/12/2023
10359367,695411.00,TS01ER7206,"MOTOR CAR",97360.00,01/12/2023,"RTA ADILABAD",01/12/2023,02/12/2023
10542363,107580.00,TS01ER7229,"MOTOR CYCLE",12910.00,02/12/2023,"RTA ADILABAD",01/12/2023,02/12/2023
9246915,829000.00,TS01ER7199,"MOTOR CAR",116060.00,01/12/2023,"RTA ADILABAD",01/12/2023,02/12/2023
7122137,80700.00,TS01ER7246,"MOTOR CYCLE",9690.00,02/12/2023,"RTA ADILABAD",01/12/2023,02/12/2023
9986454,140460.00,TS01ER7211,"MOTOR CYCLE",0.00,01/12/2023,"RTA ADILABAD",01/12/2023,02/12/2023
3707380,86391.00,TS01ER7174,"MOTOR CYCLE",0.00,01/12/2023,"RTA ADILABAD",01/12/2023,02/12/2023
4417134,140460.00,TS01ER7232,"MOTOR CYCLE",0.00,02/12/2023,"RTA ADILABAD",01/12/2023,02/12/2023
5846659,76326.00,TS01ER7249,"MOTOR CYCLE",9160.00,02/12/2023,"RTA ADILABAD",01/12/2023,02/12/2023
7480899,150280.00,TS01ER7187,"MOTOR CYCLE",0.00,01/12/2023,"RTA ADILABAD",01/12/2023,02/12/2023
11246852,169923.00,TS01ER7792,"MOTOR CYCLE",0.00,01/12/2023,"RTA ADILABAD",01/12/2023,02/12/2023
8540733,82106.00,TS01ER7335,"MOTOR CYCLE",9860.00,01/12/2023,"RTA ADILABAD",01/12/2023,02/12/2023
9261014,979900.00,TS01ER7248,"MOTOR CAR",137190.00,02/12/2023,"RTA ADILABAD",01/12/2023,02/12/2023
5306887,68068.00,TS01ER7215,"MOTOR CYCLE",8170.00,02/12/2023,"RTA ADILABAD",01/12/2023,02/12/2023
4459134,75641.00,TS01ER7221,"MOTOR CYCLE",9080.00,02/12/2023,"RTA ADILABAD",01/12/2023,02/12/2023
8928068,76326.00,TS01ER7223,"MOTOR CYCLE",9160.00,02/12/2023,"RTA ADILABAD",01/12/2023,02/12/2023
9287206,80700.00,TS01ER7204,"MOTOR CYCLE",9690.00,01/12/2023,"RTA ADILABAD",01/12/2023,02/12/2023
5186627,138305.00,TS01ER7217,"MOTOR CYCLE",0.00,02/12/2023,"RTA ADILABAD",01/12/2023,02/12/2023
8577599,83021.00,TS01ER7230,"MOTOR CYCLE",9970.00,02/12/2023,"RTA ADILABAD",01/12/2023,02/12/2023
8936602,169923.00,TS01ER7207,"MOTOR CYCLE",0.00,01/12/2023,"RTA ADILABAD",01/12/2023,02/12/2023
9655477,66600.00,TS01ER7193,"MOTOR CYCLE",8000.00,01/12/2023,"RTA ADILABAD",01/12/2023,02/12/2023
10202463,89030.00,TS01ER7237,"MOTOR CYCLE",10690.00,02/12/2023,"RTA ADILABAD",01/12/2023,02/12/2023
2904973,91401.00,TS01ER7234,"MOTOR CYCLE",13720.00,02/12/2023,"RTA ADILABAD",01/12/2023,02/12/2023
3058706,220053.00,TS16FK5213,"MOTOR CYCLE",26410.00,01/12/2023,"RTA NIZAMABAD",01/12/2023,02/12/2023
5588455,96520.00,TS16FK5183,"MOTOR CYCLE",13520.00,01/12/2023,"RTA NIZAMABAD",01/12/2023,02/12/2023
10275313,80335.00,TS16FK5219,"MOTOR CYCLE",9650.00,01/12/2023,"RTA NIZAMABAD",01/12/2023,02/12/2023
10275320,80335.00,TS16FK6221,"MOTOR CYCLE",9650.00,01/12/2023,"RTA NIZAMABAD",01/12/2023,02/12/2023
5434050,97756.00,TS16FK5416,"MOTOR CYCLE",11740.00,02/12/2023,"RTA NIZAMABAD",01/12/2023,02/12/2023
8449838,66600.00,TS16FK6203,"MOTOR CYCLE",9990.00,01/12/2023,"RTA NIZAMABAD",01/12/2023,02/12/2023
9509303,754900.00,TS16FK5169,"MOTOR CAR",105690.00,01/12/2023,"RTA NIZAMABAD",01/12/2023,02/12/2023
9509899,81200.00,TS16FK5228,"MOTOR CYCLE",9750.00,01/12/2023,"RTA NIZAMABAD",01/12/2023,02/12/2023
8619237,90023.00,TS16FK5181,"MOTOR CYCLE",12610.00,01/12/2023,"RTA NIZAMABAD",01/12/2023,02/12/2023
10223118,75641.00,TS16FK5170,"MOTOR CYCLE",9080.00,01/12/2023,"RTA NIZAMABAD",01/12/2023,02/12/2023
10402914,237965.00,TS16FK5224,"MOTOR CYCLE",28560.00,01/12/2023,"RTA NIZAMABAD",01/12/2023,02/12/2023
10767223,2347999.00,TS16FK6066,"MOTOR CAR",422640.00,01/12/2023,"RTA NIZAMABAD",01/12/2023,02/12/2023
3816561,77835.00,TS16FK5280,"MOTOR CYCLE",9350.00,02/12/2023,"RTA NIZAMABAD",01/12/2023,02/12/2023
8812400,114150.00,TS16FK5198,"MOTOR CYCLE",15990.00,01/12/2023,"RTA NIZAMABAD",01/12/2023,02/12/2023
9343479,76641.00,TS16FK5230,"MOTOR CYCLE",9200.00,01/12/2023,"RTA NIZAMABAD",01/12/2023,02/12/2023
10061768,84700.00,TS16FK5179,"MOTOR CYCLE",10170.00,01/12/2023,"RTA NIZAMABAD",01/12/2023,02/12/2023
10790981,1329101.00,TS16FK5211,"MOTOR CAR",252530.00,01/12/2023,"RTA NIZAMABAD",01/12/2023,02/12/2023
5159593,126520.00,TS16FK5251,"MOTOR CYCLE",17720.00,02/12/2023,"RTA NIZAMABAD",01/12/2023,02/12/2023
5854507,80335.00,TS16FK5260,"MOTOR CYCLE",11250.00,02/12/2023,"RTA NIZAMABAD",01/12/2023,02/12/2023
8852882,120000.00,TS16FK5205,"MOTOR CYCLE",0.00,01/12/2023,"RTA NIZAMABAD",01/12/2023,02/12/2023
10650080,99292.00,TS16FK5182,"MOTOR CYCLE",11920.00,01/12/2023,"RTA NIZAMABAD",01/12/2023,02/12/2023
10828805,744250.00,TS16UD3565,"Motor Cab",104200.00,01/12/2023,"RTA NIZAMABAD",01/12/2023,02/12/2023
3247494,0.00,AP25AF3120,"MOTOR CYCLE",3740.00,01/12/2023,"RTA NIZAMABAD",01/12/2023,02/12/2023
5934513,87823.00,TS16FK5218,"MOTOR CYCLE",12300.00,01/12/2023,"RTA NIZAMABAD",01/12/2023,02/12/2023
9874526,66600.00,TS16FK6206,"MOTOR CYCLE",9990.00,01/12/2023,"RTA NIZAMABAD",01/12/2023,02/12/2023
3540531,75641.00,TS16FK5266,"MOTOR CYCLE",10590.00,01/12/2023,"RTA NIZAMABAD",01/12/2023,02/12/2023
3717993,67840.00,TS16FK5204,"MOTOR CYCLE",9500.00,01/12/2023,"RTA NIZAMABAD",01/12/2023,02/12/2023
8589286,76326.00,TS16FK5332,"MOTOR CYCLE",10690.00,02/12/2023,"RTA NIZAMABAD",01/12/2023,02/12/2023
9530357,874900.00,TS16FK5241,"MOTOR CAR",122490.00,02/12/2023,"RTA NIZAMABAD",01/12/2023,02/12/2023
9884850,77835.00,TS16FK5313,"MOTOR CYCLE",9350.00,02/12/2023,"RTA NIZAMABAD",01/12/2023,02/12/2023
3681972,76641.00,TS16FK5210,"MOTOR CYCLE",9200.00,01/12/2023,"RTA NIZAMABAD",01/12/2023,02/12/2023
4205285,66600.00,TS16FK6205,"MOTOR CYCLE",9990.00,01/12/2023,"RTA NIZAMABAD",01/12/2023,02/12/2023
5979103,2123500.00,TS16EH0306,"MOTOR CAR",382230.00,01/12/2023,"RTA NIZAMABAD",01/12/2023,02/12/2023
8298307,66600.00,TS16FK5323,"MOTOR CYCLE",8000.00,01/12/2023,"RTA NIZAMABAD",01/12/2023,02/12/2023
8650546,997900.00,TS16FK5335,"MOTOR CAR",139710.00,01/12/2023,"RTA NIZAMABAD",01/12/2023,02/12/2023
10255054,169300.00,TS16FK5186,"MOTOR CYCLE",20320.00,01/12/2023,"RTA NIZAMABAD",01/12/2023,02/12/2023
3260548,659448.00,TS16UD3547,"Motor Cab",92330.00,01/12/2023,"RTA NIZAMABAD",01/12/2023,02/12/2023
4706382,80335.00,TS16FK5895,"MOTOR CYCLE",9650.00,02/12/2023,"RTA NIZAMABAD",01/12/2023,02/12/2023
4710149,89401.00,TS16FK5656,"MOTOR CYCLE",10730.00,02/12/2023,"RTA NIZAMABAD",01/12/2023,02/12/2023
5596907,130304.00,TS16FK5254,"MOTOR CYCLE",15640.00,02/12/2023,"RTA NIZAMABAD",01/12/2023,02/12/2023
6137697,80335.00,TS16FK5594,"MOTOR CYCLE",9650.00,01/12/2023,"RTA NIZAMABAD",01/12/2023,02/12/2023
9726333,90746.00,TS16FK5773,"MOTOR CYCLE",10890.00,02/12/2023,"RTA NIZAMABAD",01/12/2023,02/12/2023
9727040,91401.00,TS16FK5275,"MOTOR CYCLE",12800.00,02/12/2023,"RTA NIZAMABAD",01/12/2023,02/12/2023
9728091,105741.00,TS16FK5162,"MOTOR CYCLE",12690.00,01/12/2023,"RTA NIZAMABAD",01/12/2023,02/12/2023
9903935,80700.00,TS16FK5258,"MOTOR CYCLE",9690.00,02/12/2023,"RTA NIZAMABAD",01/12/2023,02/12/2023
9360080,193656.00,TS16FK5294,"MOTOR CYCLE",17430.00,01/12/2023,"RTA NIZAMABAD",01/12/2023,02/12/2023
4531857,198800.00,TS16FK5264,"MOTOR CYCLE",23860.00,02/12/2023,"RTA NIZAMABAD",01/12/2023,02/12/2023
2822064,80335.00,TS16FK5226,"MOTOR CYCLE",9650.00,01/12/2023,"RTA NIZAMABAD",01/12/2023,02/12/2023
2824720,80700.00,TS16FK5178,"MOTOR CYCLE",9690.00,01/12/2023,"RTA NIZAMABAD",01/12/2023,02/12/2023
2824722,80700.00,TS16FK5643,"MOTOR CYCLE",11300.00,01/12/2023,"RTA NIZAMABAD",01/12/2023,02/12/2023
4446566,80700.00,TS16FK5220,"MOTOR CYCLE",11300.00,01/12/2023,"RTA NIZAMABAD",01/12/2023,02/12/2023
10256606,76641.00,TS16FK5176,"MOTOR CYCLE",10730.00,01/12/2023,"RTA NIZAMABAD",01/12/2023,02/12/2023
10432360,90856.00,TS16FK5272,"MOTOR CYCLE",10910.00,01/12/2023,"RTA NIZAMABAD",01/12/2023,02/12/2023
10795624,169923.00,TS16FK5212,"MOTOR CYCLE",0.00,01/12/2023,"RTA NIZAMABAD",01/12/2023,02/12/2023
2628040,80700.00,TS16FK5207,"MOTOR CYCLE",11300.00,01/12/2023,"RTA NIZAMABAD",01/12/2023,02/12/2023
2978563,114150.00,TS16FK5278,"MOTOR CYCLE",13700.00,02/12/2023,"RTA NIZAMABAD",01/12/2023,02/12/2023
3879650,93450.00,TS16FK5271,"MOTOR CYCLE",11220.00,02/12/2023,"RTA NIZAMABAD",01/12/2023,02/12/2023
4971946,107725.00,TS16FK5265,"MOTOR CYCLE",12930.00,02/12/2023,"RTA NIZAMABAD",01/12/2023,02/12/2023
5150273,85593.00,TS16FK5288,"MOTOR CYCLE",11990.00,02/12/2023,"RTA NIZAMABAD",01/12/2023,02/12/2023
5330131,999900.00,TS16FK5688,"MOTOR CAR",139990.00,01/12/2023,"RTA NIZAMABAD",01/12/2023,02/12/2023
5876202,82335.00,TS16FK5240,"MOTOR CYCLE",9890.00,02/12/2023,"RTA NIZAMABAD",01/12/2023,02/12/2023
8800800,86351.00,TS16FK5286,"MOTOR CYCLE",10370.00,02/12/2023,"RTA NIZAMABAD",01/12/2023,02/12/2023
9376840,1554734.00,TS16FK5550,"MOTOR CAR",264310.00,01/12/2023,"RTA NIZAMABAD",01/12/2023,02/12/2023
11194009,75641.00,TS16FK5268,"MOTOR CYCLE",9080.00,01/12/2023,"RTA NIZAMABAD",01/12/2023,02/12/2023
11197174,76641.00,TS16FK5261,"MOTOR CYCLE",9200.00,02/12/2023,"RTA NIZAMABAD",01/12/2023,02/12/2023
2797408,100220.00,TS16FK5199,"MOTOR CYCLE",14040.00,01/12/2023,"RTA NIZAMABAD",01/12/2023,02/12/2023
2797779,78200.00,TS16FK5273,"MOTOR CYCLE",9390.00,02/12/2023,"RTA NIZAMABAD",01/12/2023,02/12/2023
5712805,80335.00,TS16FK5257,"MOTOR CYCLE",11250.00,02/12/2023,"RTA NIZAMABAD",01/12/2023,02/12/2023
8636204,81200.00,TS16FK5289,"MOTOR CYCLE",9750.00,02/12/2023,"RTA NIZAMABAD",01/12/2023,02/12/2023
9758763,76641.00,TS16FK5338,"MOTOR CYCLE",9200.00,02/12/2023,"RTA NIZAMABAD",01/12/2023,02/12/2023
2492167,76326.00,TS16FK5223,"MOTOR CYCLE",9160.00,01/12/2023,"RTA NIZAMABAD",01/12/2023,02/12/2023
5785722,82270.00,TS16FK5168,"MOTOR CYCLE",9880.00,01/12/2023,"RTA NIZAMABAD",01/12/2023,02/12/2023
9224008,687448.00,TS16FK5235,"MOTOR CAR",96250.00,01/12/2023,"RTA NIZAMABAD",01/12/2023,02/12/2023
2942240,104816.00,TS16FK5192,"MOTOR CYCLE",0.00,01/12/2023,"RTA NIZAMABAD",01/12/2023,02/12/2023
5471523,86628.00,TS16FK5173,"MOTOR CYCLE",10400.00,01/12/2023,"RTA NIZAMABAD",01/12/2023,02/12/2023
3971683,82851.00,TS04FK6827,"MOTOR CYCLE",9950.00,01/12/2023,"RTA KHAMMAM",01/12/2023,02/12/2023
5564329,128170.00,TS04FK7789,"MOTOR CYCLE",15390.00,02/12/2023,"RTA KHAMMAM",01/12/2023,02/12/2023
7183457,108400.00,TS04FK6907,"MOTOR CYCLE",13010.00,01/12/2023,"RTA KHAMMAM",01/12/2023,02/12/2023
8082709,60176.00,TS04FK6823,"MOTOR CYCLE",7230.00,01/12/2023,"RTA KHAMMAM",01/12/2023,02/12/2023
8618150,89401.00,TS04FK6880,"MOTOR CYCLE",10730.00,01/12/2023,"RTA KHAMMAM",01/12/2023,02/12/2023
8790497,71820.00,TS04FK6946,"MOTOR CYCLE",8620.00,02/12/2023,"RTA KHAMMAM",01/12/2023,02/12/2023
3020936,165750.00,TS04FK6904,"MOTOR CYCLE",19890.00,01/12/2023,"RTA KHAMMAM",01/12/2023,02/12/2023
4048031,83835.00,TS04FK6922,"MOTOR CYCLE",11740.00,02/12/2023,"RTA KHAMMAM",01/12/2023,02/12/2023
5612900,109152.00,TS04FK6933,"MOTOR CYCLE",15290.00,02/12/2023,"RTA KHAMMAM",01/12/2023,02/12/2023
9328201,76326.00,TS04FK6940,"MOTOR CYCLE",9160.00,02/12/2023,"RTA KHAMMAM",01/12/2023,02/12/2023
9689746,1088000.00,TS04FK7786,"MOTOR CAR",184960.00,01/12/2023,"RTA KHAMMAM",01/12/2023,02/12/2023
9867384,108400.00,TS04FK6962,"MOTOR CYCLE",13010.00,02/12/2023,"RTA KHAMMAM",01/12/2023,02/12/2023
9871128,108400.00,TS04FK6853,"MOTOR CYCLE",15180.00,01/12/2023,"RTA KHAMMAM",01/12/2023,02/12/2023
9871129,108400.00,TS04FK6929,"MOTOR CYCLE",13010.00,02/12/2023,"RTA KHAMMAM",01/12/2023,02/12/2023
10051655,182500.00,TS04FK6890,"MOTOR CYCLE",21900.00,01/12/2023,"RTA KHAMMAM",01/12/2023,02/12/2023
4877994,80335.00,TS04FK6918,"MOTOR CYCLE",9650.00,02/12/2023,"RTA KHAMMAM",01/12/2023,02/12/2023
8662331,89401.00,TS04FK6931,"MOTOR CYCLE",10730.00,02/12/2023,"RTA KHAMMAM",01/12/2023,02/12/2023
3118296,0.00,AP20S0141,"MOTOR CYCLE",4140.00,01/12/2023,"RTA KHAMMAM",01/12/2023,02/12/2023
7909810,90856.00,TS04FK6981,"MOTOR CYCLE",12720.00,02/12/2023,"RTA KHAMMAM",01/12/2023,02/12/2023
7910277,91150.00,TS04FK7567,"MOTOR CYCLE",10940.00,02/12/2023,"RTA KHAMMAM",01/12/2023,02/12/2023
7913901,94234.00,TS04FK6856,"MOTOR CYCLE",11310.00,01/12/2023,"RTA KHAMMAM",01/12/2023,02/12/2023
8632008,108400.00,TS04FK6826,"MOTOR CYCLE",13010.00,01/12/2023,"RTA KHAMMAM",01/12/2023,02/12/2023
8813283,3156000.00,AP05DQ6286,"Vehicle Fitted with Construction Equipment",126240.00,01/12/2023,"RTA KHAMMAM",01/12/2023,02/12/2023
9345817,90856.00,TS04FK6953,"MOTOR CYCLE",10910.00,02/12/2023,"RTA KHAMMAM",01/12/2023,02/12/2023
9348042,91846.00,TS04FK6971,"MOTOR CYCLE",11030.00,02/12/2023,"RTA KHAMMAM",01/12/2023,02/12/2023
9879424,128900.00,TS04FK6870,"MOTOR CYCLE",18050.00,01/12/2023,"RTA KHAMMAM",01/12/2023,02/12/2023
9881740,77835.00,TS04FK6905,"MOTOR CYCLE",9350.00,01/12/2023,"RTA KHAMMAM",01/12/2023,02/12/2023
9882992,129400.00,TS04FK6961,"MOTOR CYCLE",15530.00,02/12/2023,"RTA KHAMMAM",01/12/2023,02/12/2023
10061214,84700.00,TS04FK6840,"MOTOR CYCLE",10170.00,01/12/2023,"RTA KHAMMAM",01/12/2023,02/12/2023
5163604,76903.00,TS04FK6913,"MOTOR CYCLE",9230.00,02/12/2023,"RTA KHAMMAM",01/12/2023,02/12/2023
3952293,71521.00,TS04FK7767,"MOTOR CYCLE",10020.00,02/12/2023,"RTA KHAMMAM",01/12/2023,02/12/2023
6650443,108400.00,TS04FK6968,"MOTOR CYCLE",13010.00,02/12/2023,"RTA KHAMMAM",01/12/2023,02/12/2023
8640724,129915.00,TS04FK6846,"MOTOR CYCLE",18190.00,01/12/2023,"RTA KHAMMAM",01/12/2023,02/12/2023
10779906,149043.00,TS04FK6900,"MOTOR CYCLE",17890.00,01/12/2023,"RTA KHAMMAM",01/12/2023,02/12/2023
2998220,130304.00,TS04FK6935,"MOTOR CYCLE",15640.00,02/12/2023,"RTA KHAMMAM",01/12/2023,02/12/2023
4083605,117306.00,TS04FK6875,"MOTOR CYCLE",14080.00,01/12/2023,"RTA KHAMMAM",01/12/2023,02/12/2023
10069970,196173.00,TS04FK6965,"MOTOR CYCLE",27470.00,01/12/2023,"RTA KHAMMAM",01/12/2023,02/12/2023
10612044,744249.00,TS04UE5575,"Motor Cab",104200.00,01/12/2023,"RTA KHAMMAM",01/12/2023,02/12/2023
5951187,94234.00,TS04FK6883,"MOTOR CYCLE",13200.00,01/12/2023,"RTA KHAMMAM",01/12/2023,02/12/2023
6868280,1239990.00,TS04FK6845,"MOTOR CAR",210800.00,01/12/2023,"RTA KHAMMAM",01/12/2023,02/12/2023
8829896,116200.00,TS04FK6955,"MOTOR CYCLE",13950.00,02/12/2023,"RTA KHAMMAM",01/12/2023,02/12/2023
10449311,85900.00,TS04FK6921,"MOTOR CYCLE",10310.00,02/12/2023,"RTA KHAMMAM",01/12/2023,02/12/2023
3808791,77835.00,TS04FK6932,"MOTOR CYCLE",9350.00,02/12/2023,"RTA KHAMMAM",01/12/2023,02/12/2023
5418753,69088.00,TS04FK6832,"MOTOR CYCLE",8300.00,01/12/2023,"RTA KHAMMAM",01/12/2023,02/12/2023
5419187,95792.00,TS04FK6887,"MOTOR CYCLE",11500.00,01/12/2023,"RTA KHAMMAM",01/12/2023,02/12/2023
5956973,96520.00,TS04FK6835,"MOTOR CYCLE",11590.00,01/12/2023,"RTA KHAMMAM",01/12/2023,02/12/2023
6133954,80335.00,TS04FK6872,"MOTOR CYCLE",9650.00,01/12/2023,"RTA KHAMMAM",01/12/2023,02/12/2023
6136068,203480.00,TS04FK7092,"MOTOR CYCLE",18320.00,01/12/2023,"RTA KHAMMAM",01/12/2023,02/12/2023
