slno,invoiceamt,registrationno,vehicleclass,taxamt,dateoftransaction,officecd,fromdate,todate
514329,0.00,AP22AE9250,"MOTOR CYCLE",3740.00,02/09/2020,"RTA MAHABOOBNAGAR",01/09/2020,02/09/2020
539634,0.00,AP22G7148,"MOTOR CYCLE",3720.00,02/09/2020,"RTA MAHABOOBNAGAR",01/09/2020,02/09/2020
628341,0.00,AP22M3155,"MOTOR CYCLE",3610.00,02/09/2020,"RTA MAHABOOBNAGAR",01/09/2020,02/09/2020
1664061,41006.00,TS06FB1324,"MOTOR CYCLE",3700.00,01/09/2020,"RTA MAHABOOBNAGAR",01/09/2020,02/09/2020
2309206,48000.00,TS06FA4128,"MOTOR CYCLE",4320.00,01/09/2020,"RTA MAHABOOBNAGAR",01/09/2020,02/09/2020
2491633,48624.00,TS06FB1425,"MOTOR CYCLE",4380.00,02/09/2020,"RTA MAHABOOBNAGAR",01/09/2020,02/09/2020
3630177,52480.00,TS06FB1344,"MOTOR CYCLE",4730.00,01/09/2020,"RTA MAHABOOBNAGAR",01/09/2020,02/09/2020
3695735,52862.00,TS06FB1434,"MOTOR CYCLE",4760.00,02/09/2020,"RTA MAHABOOBNAGAR",01/09/2020,02/09/2020
504804,0.00,AP21N8232,"Omnibus for Private Use",6200.00,01/09/2020,"RTA MAHABOOBNAGAR",01/09/2020,02/09/2020
524134,0.00,AP22AF1812,"MOTOR CAR",45000.00,01/09/2020,"RTA MAHABOOBNAGAR",01/09/2020,02/09/2020
571601,0.00,AP22AK0644,"MOTOR CYCLE",4460.00,01/09/2020,"RTA MAHABOOBNAGAR",01/09/2020,02/09/2020
596457,0.00,AP22AE7840,"MOTOR CYCLE",5800.00,02/09/2020,"RTA MAHABOOBNAGAR",01/09/2020,02/09/2020
1235478,0.00,TS06FA5537,"MOTOR CAR",58940.00,02/09/2020,"RTA MAHABOOBNAGAR",01/09/2020,02/09/2020
2026556,45884.00,TS06FB1410,"MOTOR CYCLE",4130.00,02/09/2020,"RTA MAHABOOBNAGAR",01/09/2020,02/09/2020
2071328,46334.00,TS06FB1302,"MOTOR CYCLE",4180.00,01/09/2020,"RTA MAHABOOBNAGAR",01/09/2020,02/09/2020
2096263,46584.00,TS06FB1411,"MOTOR CYCLE",4200.00,02/09/2020,"RTA MAHABOOBNAGAR",01/09/2020,02/09/2020
2096265,46584.00,TS06FB1451,"MOTOR CYCLE",4200.00,02/09/2020,"RTA MAHABOOBNAGAR",01/09/2020,02/09/2020
2225891,46584.00,TS06FB1262,"MOTOR CYCLE",4200.00,01/09/2020,"RTA MAHABOOBNAGAR",01/09/2020,02/09/2020
2340107,48294.00,TS06FB1354,"MOTOR CYCLE",4350.00,01/09/2020,"RTA MAHABOOBNAGAR",01/09/2020,02/09/2020
4486765,56058.00,TS06FB1441,"MOTOR CYCLE",5050.00,02/09/2020,"RTA MAHABOOBNAGAR",01/09/2020,02/09/2020
4770584,57575.00,TS06FB1321,"MOTOR CYCLE",5190.00,01/09/2020,"RTA MAHABOOBNAGAR",01/09/2020,02/09/2020
521200,0.00,AP22AH5547,"MOTOR CYCLE",4370.00,02/09/2020,"RTA MAHABOOBNAGAR",01/09/2020,02/09/2020
545172,0.00,AP22G6802,"MOTOR CYCLE",3600.00,01/09/2020,"RTA MAHABOOBNAGAR",01/09/2020,02/09/2020
588049,0.00,AP22AA2882,"MOTOR CYCLE",3980.00,01/09/2020,"RTA MAHABOOBNAGAR",01/09/2020,02/09/2020
610758,0.00,AP22AL2433,"MOTOR CAR",34840.00,02/09/2020,"RTA MAHABOOBNAGAR",01/09/2020,02/09/2020
4960792,57575.00,TS06FB1277,"MOTOR CYCLE",5190.00,01/09/2020,"RTA MAHABOOBNAGAR",01/09/2020,02/09/2020
4960793,57575.00,TS06FB1290,"MOTOR CYCLE",5190.00,01/09/2020,"RTA MAHABOOBNAGAR",01/09/2020,02/09/2020
4960794,57575.00,TS06FB1320,"MOTOR CYCLE",5190.00,01/09/2020,"RTA MAHABOOBNAGAR",01/09/2020,02/09/2020
4960795,57575.00,TS06FB1421,"MOTOR CYCLE",5190.00,02/09/2020,"RTA MAHABOOBNAGAR",01/09/2020,02/09/2020
4960796,57575.00,TS06FB1422,"MOTOR CYCLE",5190.00,02/09/2020,"RTA MAHABOOBNAGAR",01/09/2020,02/09/2020
4961888,57575.00,TS06FB1430,"MOTOR CYCLE",5190.00,02/09/2020,"RTA MAHABOOBNAGAR",01/09/2020,02/09/2020
509341,0.00,AP22AB1357,"MOTOR CYCLE",4030.00,02/09/2020,"RTA MAHABOOBNAGAR",01/09/2020,02/09/2020
509382,0.00,AP22AB2186,"MOTOR CYCLE",3240.00,02/09/2020,"RTA MAHABOOBNAGAR",01/09/2020,02/09/2020
1493234,32599.00,TS06FA0756,"MOTOR CYCLE",2940.00,02/09/2020,"RTA MAHABOOBNAGAR",01/09/2020,02/09/2020
2351136,48294.00,TS06FB1439,"MOTOR CYCLE",4350.00,02/09/2020,"RTA MAHABOOBNAGAR",01/09/2020,02/09/2020
3581356,52826.00,TS06FB1448,"MOTOR CYCLE",4760.00,02/09/2020,"RTA MAHABOOBNAGAR",01/09/2020,02/09/2020
4978395,57700.00,TS06FB1459,"MOTOR CYCLE",5200.00,02/09/2020,"RTA MAHABOOBNAGAR",01/09/2020,02/09/2020
4980371,57700.00,TS06FB1258,"MOTOR CYCLE",8080.00,01/09/2020,"RTA MAHABOOBNAGAR",01/09/2020,02/09/2020
4980372,57700.00,TS06FB1263,"MOTOR CYCLE",5200.00,01/09/2020,"RTA MAHABOOBNAGAR",01/09/2020,02/09/2020
4980373,57700.00,TS06FB1301,"MOTOR CYCLE",5200.00,01/09/2020,"RTA MAHABOOBNAGAR",01/09/2020,02/09/2020
4980374,57700.00,TS06FB1365,"MOTOR CYCLE",5200.00,02/09/2020,"RTA MAHABOOBNAGAR",01/09/2020,02/09/2020
4980375,57700.00,TS06FB1370,"MOTOR CYCLE",5200.00,02/09/2020,"RTA MAHABOOBNAGAR",01/09/2020,02/09/2020
4980377,57700.00,TS06FB1592,"MOTOR CYCLE",5200.00,02/09/2020,"RTA MAHABOOBNAGAR",01/09/2020,02/09/2020
5094721,58900.00,TS06FB1276,"MOTOR CYCLE",5310.00,01/09/2020,"RTA MAHABOOBNAGAR",01/09/2020,02/09/2020
5094722,58900.00,TS06FB1279,"MOTOR CYCLE",5310.00,01/09/2020,"RTA MAHABOOBNAGAR",01/09/2020,02/09/2020
5094723,58900.00,TS06FB1282,"MOTOR CYCLE",5310.00,01/09/2020,"RTA MAHABOOBNAGAR",01/09/2020,02/09/2020
5094724,58900.00,TS06FB1297,"MOTOR CYCLE",5310.00,01/09/2020,"RTA MAHABOOBNAGAR",01/09/2020,02/09/2020
5094725,58900.00,TS06FB1303,"MOTOR CYCLE",5310.00,01/09/2020,"RTA MAHABOOBNAGAR",01/09/2020,02/09/2020
5259950,58900.00,TS06FB1267,"MOTOR CYCLE",5310.00,01/09/2020,"RTA MAHABOOBNAGAR",01/09/2020,02/09/2020
5259951,58900.00,TS06FB1280,"MOTOR CYCLE",5310.00,01/09/2020,"RTA MAHABOOBNAGAR",01/09/2020,02/09/2020
5259952,58900.00,TS06FB1304,"MOTOR CYCLE",5310.00,01/09/2020,"RTA MAHABOOBNAGAR",01/09/2020,02/09/2020
5259953,58900.00,TS06FB1325,"MOTOR CYCLE",5310.00,01/09/2020,"RTA MAHABOOBNAGAR",01/09/2020,02/09/2020
5426500,63027.00,TS06FB1418,"MOTOR CYCLE",5680.00,02/09/2020,"RTA MAHABOOBNAGAR",01/09/2020,02/09/2020
5470362,62300.00,TS06FA4040,"MOTOR CYCLE",5610.00,01/09/2020,"RTA MAHABOOBNAGAR",01/09/2020,02/09/2020
5578289,66060.00,TS06FB1367,"MOTOR CYCLE",5950.00,02/09/2020,"RTA MAHABOOBNAGAR",01/09/2020,02/09/2020
4786316,57700.00,TS06FB1298,"MOTOR CYCLE",5200.00,01/09/2020,"RTA MAHABOOBNAGAR",01/09/2020,02/09/2020
4831494,57700.00,TS06FB1268,"MOTOR CYCLE",5200.00,01/09/2020,"RTA MAHABOOBNAGAR",01/09/2020,02/09/2020
4831495,57700.00,TS06FB1408,"MOTOR CYCLE",5200.00,02/09/2020,"RTA MAHABOOBNAGAR",01/09/2020,02/09/2020
4831496,57700.00,TS06FB1457,"MOTOR CYCLE",5200.00,01/09/2020,"RTA MAHABOOBNAGAR",01/09/2020,02/09/2020
5252957,58900.00,TS06FB1255,"MOTOR CYCLE",5310.00,01/09/2020,"RTA MAHABOOBNAGAR",01/09/2020,02/09/2020
5252958,58900.00,TS06FB1412,"MOTOR CYCLE",5310.00,02/09/2020,"RTA MAHABOOBNAGAR",01/09/2020,02/09/2020
5460856,64010.00,TS06FB1363,"MOTOR CYCLE",5770.00,02/09/2020,"RTA MAHABOOBNAGAR",01/09/2020,02/09/2020
5460857,64010.00,TS06FB1389,"MOTOR CYCLE",5770.00,02/09/2020,"RTA MAHABOOBNAGAR",01/09/2020,02/09/2020
5460858,64010.00,TS06FB1398,"MOTOR CYCLE",5770.00,02/09/2020,"RTA MAHABOOBNAGAR",01/09/2020,02/09/2020
5460859,64010.00,TS06FB1401,"MOTOR CYCLE",5770.00,02/09/2020,"RTA MAHABOOBNAGAR",01/09/2020,02/09/2020
5551299,64010.00,TS06FB1332,"MOTOR CYCLE",5770.00,01/09/2020,"RTA MAHABOOBNAGAR",01/09/2020,02/09/2020
5551300,64010.00,TS06FB1426,"MOTOR CYCLE",5770.00,02/09/2020,"RTA MAHABOOBNAGAR",01/09/2020,02/09/2020
5551301,64010.00,TS06FB1469,"MOTOR CYCLE",5770.00,02/09/2020,"RTA MAHABOOBNAGAR",01/09/2020,02/09/2020
5638245,65610.00,TS06FB1413,"MOTOR CYCLE",5910.00,02/09/2020,"RTA MAHABOOBNAGAR",01/09/2020,02/09/2020
5656214,67576.00,TS06FA3229,"MOTOR CYCLE",9470.00,01/09/2020,"RTA MAHABOOBNAGAR",01/09/2020,02/09/2020
4815249,57575.00,TS06FB1450,"MOTOR CYCLE",5190.00,02/09/2020,"RTA MAHABOOBNAGAR",01/09/2020,02/09/2020
4993667,58400.00,TS06FB1266,"MOTOR CYCLE",5260.00,01/09/2020,"RTA MAHABOOBNAGAR",01/09/2020,02/09/2020
36214,0.00,AP01L5255,"MOTOR CYCLE",3700.00,02/09/2020,"RTA ADILABAD",01/09/2020,02/09/2020
36403,0.00,AP01AG0155,"MOTOR CYCLE",3990.00,02/09/2020,"RTA ADILABAD",01/09/2020,02/09/2020
1243491,0.00,TS12EQ5412,"Omnibus for Private Use",71160.00,02/09/2020,"RTA ADILABAD",01/09/2020,02/09/2020
2079496,45374.00,TS01EN2759,"MOTOR CYCLE",6360.00,01/09/2020,"RTA ADILABAD",01/09/2020,02/09/2020
2679381,49284.00,TS01EN7612,"MOTOR CYCLE",4440.00,02/09/2020,"RTA ADILABAD",01/09/2020,02/09/2020
9523,0.00,AP01AA5507,"MOTOR CYCLE",3950.00,02/09/2020,"RTA ADILABAD",01/09/2020,02/09/2020
31277,0.00,AP01H9571,"MOTOR CYCLE",2020.00,02/09/2020,"RTA ADILABAD",01/09/2020,02/09/2020
32365,0.00,AP01H9575,"MOTOR CYCLE",3700.00,02/09/2020,"RTA ADILABAD",01/09/2020,02/09/2020
4427213,55715.00,TS01EN7578,"MOTOR CYCLE",5020.00,01/09/2020,"RTA ADILABAD",01/09/2020,02/09/2020
3614461,52595.00,TS01EN7621,"MOTOR CYCLE",4740.00,02/09/2020,"RTA ADILABAD",01/09/2020,02/09/2020
2144393,46874.00,TS01EN7637,"MOTOR CYCLE",4220.00,02/09/2020,"RTA ADILABAD",01/09/2020,02/09/2020
2279784,47864.00,TS01EN7615,"MOTOR CYCLE",4310.00,02/09/2020,"RTA ADILABAD",01/09/2020,02/09/2020
2304595,47574.00,TS01EN7590,"MOTOR CYCLE",4290.00,01/09/2020,"RTA ADILABAD",01/09/2020,02/09/2020
4209370,55280.00,TS01EN7679,"MOTOR CYCLE",7740.00,02/09/2020,"RTA ADILABAD",01/09/2020,02/09/2020
4797637,57076.00,TS01EN7624,"MOTOR CYCLE",5140.00,02/09/2020,"RTA ADILABAD",01/09/2020,02/09/2020
40034,0.00,AP01H9977,"MOTOR CAR",39660.00,01/09/2020,"RTA ADILABAD",01/09/2020,02/09/2020
2217873,47324.00,TS01EN7581,"MOTOR CYCLE",4260.00,01/09/2020,"RTA ADILABAD",01/09/2020,02/09/2020
2379565,47574.00,TS01EN7605,"MOTOR CYCLE",4290.00,01/09/2020,"RTA ADILABAD",01/09/2020,02/09/2020
2379566,47574.00,TS01EN7611,"MOTOR CYCLE",4290.00,02/09/2020,"RTA ADILABAD",01/09/2020,02/09/2020
5060712,58900.00,TS01EN8049,"MOTOR CYCLE",5310.00,01/09/2020,"RTA ADILABAD",01/09/2020,02/09/2020
5060719,58900.00,TS01EN8322,"MOTOR CYCLE",5310.00,01/09/2020,"RTA ADILABAD",01/09/2020,02/09/2020
5189763,58400.00,TS01EN7619,"MOTOR CYCLE",5260.00,02/09/2020,"RTA ADILABAD",01/09/2020,02/09/2020
5252199,58900.00,TS01EN7600,"MOTOR CYCLE",5310.00,01/09/2020,"RTA ADILABAD",01/09/2020,02/09/2020
5252200,58900.00,TS01EN7630,"MOTOR CYCLE",5310.00,02/09/2020,"RTA ADILABAD",01/09/2020,02/09/2020
5460242,64010.00,TS01EN7614,"MOTOR CYCLE",5770.00,02/09/2020,"RTA ADILABAD",01/09/2020,02/09/2020
5682699,64010.00,TS01EN7640,"MOTOR CYCLE",5770.00,02/09/2020,"RTA ADILABAD",01/09/2020,02/09/2020
4606615,57076.00,TS01EN7587,"MOTOR CYCLE",5140.00,01/09/2020,"RTA ADILABAD",01/09/2020,02/09/2020
4606616,57076.00,TS01EN7626,"MOTOR CYCLE",5140.00,02/09/2020,"RTA ADILABAD",01/09/2020,02/09/2020
5724727,64010.00,TS01EN7598,"MOTOR CYCLE",5770.00,01/09/2020,"RTA ADILABAD",01/09/2020,02/09/2020
5093698,58900.00,TS01EN7594,"MOTOR CYCLE",5310.00,01/09/2020,"RTA ADILABAD",01/09/2020,02/09/2020
5706730,66666.00,TS01EN7609,"MOTOR CYCLE",6000.00,01/09/2020,"RTA ADILABAD",01/09/2020,02/09/2020
5259014,58899.00,TS01EN7641,"MOTOR CYCLE",5310.00,02/09/2020,"RTA ADILABAD",01/09/2020,02/09/2020
5192452,58401.00,TS01EN7589,"MOTOR CYCLE",5260.00,01/09/2020,"RTA ADILABAD",01/09/2020,02/09/2020
5359214,61601.00,TS01EN7608,"MOTOR CYCLE",5550.00,01/09/2020,"RTA ADILABAD",01/09/2020,02/09/2020
5359215,61601.00,TS01EN7634,"MOTOR CYCLE",5550.00,02/09/2020,"RTA ADILABAD",01/09/2020,02/09/2020
5577310,66060.00,TS01EN7603,"MOTOR CYCLE",5950.00,01/09/2020,"RTA ADILABAD",01/09/2020,02/09/2020
5645915,67181.00,TS01EN7628,"MOTOR CYCLE",9410.00,02/09/2020,"RTA ADILABAD",01/09/2020,02/09/2020
5668788,66060.00,TS01EN7669,"MOTOR CYCLE",5950.00,01/09/2020,"RTA ADILABAD",01/09/2020,02/09/2020
5801292,66059.00,TS01EN7632,"MOTOR CYCLE",5950.00,02/09/2020,"RTA ADILABAD",01/09/2020,02/09/2020
5561043,64140.00,TS01EN7601,"MOTOR CYCLE",5780.00,01/09/2020,"RTA ADILABAD",01/09/2020,02/09/2020
5616314,65257.00,TS01EN7629,"MOTOR CYCLE",5880.00,02/09/2020,"RTA ADILABAD",01/09/2020,02/09/2020
5744791,69230.00,TS01EN7646,"MOTOR CYCLE",6240.00,02/09/2020,"RTA ADILABAD",01/09/2020,02/09/2020
5745086,67212.00,TS01EN7599,"MOTOR CYCLE",6050.00,01/09/2020,"RTA ADILABAD",01/09/2020,02/09/2020
5760353,69877.00,TS01EN7635,"MOTOR CYCLE",6290.00,02/09/2020,"RTA ADILABAD",01/09/2020,02/09/2020
5793912,71021.00,TS01EN7604,"MOTOR CYCLE",6400.00,01/09/2020,"RTA ADILABAD",01/09/2020,02/09/2020
5822296,68607.00,TS01EN8222,"MOTOR CYCLE",6180.00,02/09/2020,"RTA ADILABAD",01/09/2020,02/09/2020
5833679,66610.00,TS01EN7642,"MOTOR CYCLE",6000.00,02/09/2020,"RTA ADILABAD",01/09/2020,02/09/2020
5866045,69877.00,TS01EN7583,"MOTOR CYCLE",6290.00,01/09/2020,"RTA ADILABAD",01/09/2020,02/09/2020
5866046,69877.00,TS01EN7592,"MOTOR CYCLE",9790.00,01/09/2020,"RTA ADILABAD",01/09/2020,02/09/2020
5881821,66666.00,TS01EN7585,"MOTOR CYCLE",6000.00,01/09/2020,"RTA ADILABAD",01/09/2020,02/09/2020
5789122,68166.00,TS01EN7607,"MOTOR CYCLE",6140.00,01/09/2020,"RTA ADILABAD",01/09/2020,02/09/2020
5789363,65160.00,TS01EN7638,"MOTOR CYCLE",5870.00,02/09/2020,"RTA ADILABAD",01/09/2020,02/09/2020
6035339,69877.00,TS01EN7613,"MOTOR CYCLE",6290.00,02/09/2020,"RTA ADILABAD",01/09/2020,02/09/2020
5901848,71021.00,TS01EN7584,"MOTOR CYCLE",6400.00,01/09/2020,"RTA ADILABAD",01/09/2020,02/09/2020
5901849,71021.00,TS01EN7602,"MOTOR CYCLE",6400.00,01/09/2020,"RTA ADILABAD",01/09/2020,02/09/2020
5988386,69877.00,TS01EN7593,"MOTOR CYCLE",6290.00,01/09/2020,"RTA ADILABAD",01/09/2020,02/09/2020
5988387,69877.00,TS01EN7595,"MOTOR CYCLE",6290.00,01/09/2020,"RTA ADILABAD",01/09/2020,02/09/2020
6073365,71020.00,TS01EN7586,"MOTOR CYCLE",6400.00,01/09/2020,"RTA ADILABAD",01/09/2020,02/09/2020
6132787,78289.00,TS01EN7633,"MOTOR CYCLE",7050.00,02/09/2020,"RTA ADILABAD",01/09/2020,02/09/2020
6158554,73135.00,TS01EN7625,"MOTOR CYCLE",10240.00,02/09/2020,"RTA ADILABAD",01/09/2020,02/09/2020
6263747,80282.00,TS01EN7620,"MOTOR CYCLE",7230.00,02/09/2020,"RTA ADILABAD",01/09/2020,02/09/2020
5848554,66059.00,TS01EN7618,"MOTOR CYCLE",5950.00,02/09/2020,"RTA ADILABAD",01/09/2020,02/09/2020
6237011,83206.00,TS01EN3301,"MOTOR CYCLE",11650.00,01/09/2020,"RTA ADILABAD",01/09/2020,02/09/2020
5957340,68923.00,TS01EN7627,"MOTOR CYCLE",6210.00,02/09/2020,"RTA ADILABAD",01/09/2020,02/09/2020
6037944,71021.00,TS01EN7616,"MOTOR CYCLE",6400.00,02/09/2020,"RTA ADILABAD",01/09/2020,02/09/2020
6101513,74577.00,TS01EN7580,"MOTOR CYCLE",6720.00,01/09/2020,"RTA ADILABAD",01/09/2020,02/09/2020
6101514,74577.00,TS01EN7606,"MOTOR CYCLE",6720.00,01/09/2020,"RTA ADILABAD",01/09/2020,02/09/2020
6469172,82822.00,TS01EN3619,"MOTOR CYCLE",7460.00,02/09/2020,"RTA ADILABAD",01/09/2020,02/09/2020
6475016,97126.00,TS01EN7591,"MOTOR CYCLE",13600.00,01/09/2020,"RTA ADILABAD",01/09/2020,02/09/2020
6780908,130365.00,TS01EN2033,"MOTOR CYCLE",11740.00,02/09/2020,"RTA ADILABAD",01/09/2020,02/09/2020
6368492,97126.00,TS01EN7582,"MOTOR CYCLE",8750.00,01/09/2020,"RTA ADILABAD",01/09/2020,02/09/2020
6369987,97664.00,TS01EN7639,"MOTOR CYCLE",13680.00,02/09/2020,"RTA ADILABAD",01/09/2020,02/09/2020
6505223,101700.00,TS01EN7617,"MOTOR CYCLE",9160.00,02/09/2020,"RTA ADILABAD",01/09/2020,02/09/2020
6726108,177971.00,TS01EN8258,"MOTOR CYCLE",16020.00,01/09/2020,"RTA ADILABAD",01/09/2020,02/09/2020
1948317,45284.00,TS05FG1197,"MOTOR CYCLE",4080.00,01/09/2020,"RTA NALGONDA",01/09/2020,02/09/2020
624477,0.00,AP24AH5998,"MOTOR CYCLE",4160.00,02/09/2020,"RTA NALGONDA",01/09/2020,02/09/2020
647022,0.00,AP24AT1386,"MOTOR CYCLE",7020.00,01/09/2020,"RTA NALGONDA",01/09/2020,02/09/2020
1943157,45248.00,TS05FG1204,"MOTOR CYCLE",4080.00,01/09/2020,"RTA NALGONDA",01/09/2020,02/09/2020
1943225,45284.00,TS05FG1287,"MOTOR CYCLE",4080.00,02/09/2020,"RTA NALGONDA",01/09/2020,02/09/2020
1943226,45284.00,TS05FG1351,"MOTOR CYCLE",4080.00,02/09/2020,"RTA NALGONDA",01/09/2020,02/09/2020
1870039,44584.00,TS05FG1313,"MOTOR CYCLE",4020.00,02/09/2020,"RTA NALGONDA",01/09/2020,02/09/2020
707429,0.00,AP24AB6600,"MOTOR CYCLE",3460.00,01/09/2020,"RTA NALGONDA",01/09/2020,02/09/2020
1910305,45034.00,TS05FG1383,"MOTOR CYCLE",4060.00,02/09/2020,"RTA NALGONDA",01/09/2020,02/09/2020
1979806,45284.00,TS05FG1196,"MOTOR CYCLE",4080.00,01/09/2020,"RTA NALGONDA",01/09/2020,02/09/2020
1979807,45284.00,TS05FG1205,"MOTOR CYCLE",4080.00,01/09/2020,"RTA NALGONDA",01/09/2020,02/09/2020
1980090,45284.00,TS05FG1367,"MOTOR CYCLE",4080.00,02/09/2020,"RTA NALGONDA",01/09/2020,02/09/2020
2139183,46574.00,TS05FG1310,"MOTOR CYCLE",4200.00,02/09/2020,"RTA NALGONDA",01/09/2020,02/09/2020
693201,0.00,AP24H7434,"MOTOR CYCLE",3600.00,02/09/2020,"RTA NALGONDA",01/09/2020,02/09/2020
695664,0.00,AP24K6623,"MOTOR CYCLE",2790.00,01/09/2020,"RTA NALGONDA",01/09/2020,02/09/2020
739037,0.00,AP24AQ6875,"MOTOR CYCLE",4370.00,01/09/2020,"RTA NALGONDA",01/09/2020,02/09/2020
1079694,0.00,AP29BD8546,"MOTOR CAR",39970.00,01/09/2020,"RTA NALGONDA",01/09/2020,02/09/2020
1013516,0.00,AP29H9898,"MOTOR CAR",27020.00,02/09/2020,"RTA NALGONDA",01/09/2020,02/09/2020
2376778,47534.00,TS05FG1286,"MOTOR CYCLE",4280.00,02/09/2020,"RTA NALGONDA",01/09/2020,02/09/2020
3094607,51264.00,TS05FE4150,"MOTOR CYCLE",7180.00,02/09/2020,"RTA NALGONDA",01/09/2020,02/09/2020
4004980,54003.00,TS05FE4316,"MOTOR CYCLE",4870.00,02/09/2020,"RTA NALGONDA",01/09/2020,02/09/2020
4006330,54036.00,TS05FE5874,"MOTOR CYCLE",7570.00,02/09/2020,"RTA NALGONDA",01/09/2020,02/09/2020
3172785,51804.00,TS05FE5129,"MOTOR CYCLE",4670.00,01/09/2020,"RTA NALGONDA",01/09/2020,02/09/2020
3683866,52826.00,TS05FG1540,"MOTOR CYCLE",4760.00,02/09/2020,"RTA NALGONDA",01/09/2020,02/09/2020
4960742,57575.00,TS05FG1345,"MOTOR CYCLE",5190.00,02/09/2020,"RTA NALGONDA",01/09/2020,02/09/2020
5094678,58900.00,TS05FG1278,"MOTOR CYCLE",5310.00,02/09/2020,"RTA NALGONDA",01/09/2020,02/09/2020
5094679,58900.00,TS05FG1641,"MOTOR CYCLE",5310.00,02/09/2020,"RTA NALGONDA",01/09/2020,02/09/2020
4770063,57575.00,TS05FG1237,"MOTOR CYCLE",5190.00,01/09/2020,"RTA NALGONDA",01/09/2020,02/09/2020
5175013,59600.00,TS05FG1348,"MOTOR CYCLE",5370.00,02/09/2020,"RTA NALGONDA",01/09/2020,02/09/2020
5343563,59600.00,TS05FG1253,"MOTOR CYCLE",5370.00,01/09/2020,"RTA NALGONDA",01/09/2020,02/09/2020
5391626,60100.00,TS05FG1261,"MOTOR CYCLE",5410.00,01/09/2020,"RTA NALGONDA",01/09/2020,02/09/2020
5457020,62100.00,TS05FG1360,"MOTOR CYCLE",5590.00,02/09/2020,"RTA NALGONDA",01/09/2020,02/09/2020
4766686,57489.00,TS05FE5569,"MOTOR CYCLE",8050.00,01/09/2020,"RTA NALGONDA",01/09/2020,02/09/2020
5460589,64010.00,TS05FG1236,"MOTOR CYCLE",8970.00,01/09/2020,"RTA NALGONDA",01/09/2020,02/09/2020
5635064,67055.00,TS05FG1199,"MOTOR CYCLE",6040.00,01/09/2020,"RTA NALGONDA",01/09/2020,02/09/2020
5660687,65999.00,TS05FG1294,"MOTOR CYCLE",5940.00,02/09/2020,"RTA NALGONDA",01/09/2020,02/09/2020
5679853,67986.00,TS05FG1355,"MOTOR CYCLE",6120.00,02/09/2020,"RTA NALGONDA",01/09/2020,02/09/2020
5680427,62900.00,TS05FG1410,"MOTOR CYCLE",5670.00,02/09/2020,"RTA NALGONDA",01/09/2020,02/09/2020
5683049,64010.00,TS05FG1195,"MOTOR CYCLE",5770.00,01/09/2020,"RTA NALGONDA",01/09/2020,02/09/2020
5683050,64010.00,TS05FG1228,"MOTOR CYCLE",5770.00,01/09/2020,"RTA NALGONDA",01/09/2020,02/09/2020
5727083,64833.00,TS05FG1245,"MOTOR CYCLE",5840.00,01/09/2020,"RTA NALGONDA",01/09/2020,02/09/2020
5500374,62900.00,TS05FG1302,"MOTOR CYCLE",5670.00,02/09/2020,"RTA NALGONDA",01/09/2020,02/09/2020
5641436,65646.00,TS05FG1361,"MOTOR CYCLE",5910.00,02/09/2020,"RTA NALGONDA",01/09/2020,02/09/2020
5708660,63677.00,TS05FG1289,"MOTOR CYCLE",5740.00,02/09/2020,"RTA NALGONDA",01/09/2020,02/09/2020
5730588,68750.00,TS05FG1252,"MOTOR CYCLE",6190.00,01/09/2020,"RTA NALGONDA",01/09/2020,02/09/2020
5751924,67499.00,TS05FG1347,"MOTOR CYCLE",6080.00,02/09/2020,"RTA NALGONDA",01/09/2020,02/09/2020
5653302,67499.00,TS05FG1200,"MOTOR CYCLE",6080.00,01/09/2020,"RTA NALGONDA",01/09/2020,02/09/2020
5676637,67840.00,TS05FG1297,"MOTOR CYCLE",6110.00,02/09/2020,"RTA NALGONDA",01/09/2020,02/09/2020
5757509,65539.00,TS05FG1225,"MOTOR CYCLE",5900.00,01/09/2020,"RTA NALGONDA",01/09/2020,02/09/2020
5758610,69704.00,TS05FG1281,"MOTOR CYCLE",6280.00,02/09/2020,"RTA NALGONDA",01/09/2020,02/09/2020
5794114,65999.00,TS05FG1230,"MOTOR CYCLE",5940.00,01/09/2020,"RTA NALGONDA",01/09/2020,02/09/2020
5794115,65999.00,TS05FG1257,"MOTOR CYCLE",5940.00,01/09/2020,"RTA NALGONDA",01/09/2020,02/09/2020
5794116,65999.00,TS05FG1344,"MOTOR CYCLE",5940.00,02/09/2020,"RTA NALGONDA",01/09/2020,02/09/2020
5794902,71021.00,TS05FG1226,"MOTOR CYCLE",6400.00,01/09/2020,"RTA NALGONDA",01/09/2020,02/09/2020
5794903,71021.00,TS05FG1264,"MOTOR CYCLE",6400.00,01/09/2020,"RTA NALGONDA",01/09/2020,02/09/2020
5603720,66431.00,TS05FG1276,"MOTOR CYCLE",5980.00,02/09/2020,"RTA NALGONDA",01/09/2020,02/09/2020
5668321,66058.00,TS05FG1327,"MOTOR CYCLE",5950.00,02/09/2020,"RTA NALGONDA",01/09/2020,02/09/2020
5669525,66060.00,TS05FG1339,"MOTOR CYCLE",5950.00,02/09/2020,"RTA NALGONDA",01/09/2020,02/09/2020
5625248,66952.00,TS05FG1216,"MOTOR CYCLE",6030.00,01/09/2020,"RTA NALGONDA",01/09/2020,02/09/2020
5713752,63860.00,TS05FG1299,"MOTOR CYCLE",5750.00,02/09/2020,"RTA NALGONDA",01/09/2020,02/09/2020
5801957,66060.00,TS05FG1331,"MOTOR CYCLE",5950.00,02/09/2020,"RTA NALGONDA",01/09/2020,02/09/2020
5806758,71250.00,TS05FG1342,"MOTOR CYCLE",6420.00,02/09/2020,"RTA NALGONDA",01/09/2020,02/09/2020
5828302,66400.00,TS05FG1308,"MOTOR CYCLE",5980.00,02/09/2020,"RTA NALGONDA",01/09/2020,02/09/2020
5849060,66060.00,TS05FG1737,"MOTOR CYCLE",5950.00,02/09/2020,"RTA NALGONDA",01/09/2020,02/09/2020
5841041,69078.00,TS05FG1335,"MOTOR CYCLE",6220.00,02/09/2020,"RTA NALGONDA",01/09/2020,02/09/2020
5948152,67846.00,TS05FG1315,"MOTOR CYCLE",6110.00,02/09/2020,"RTA NALGONDA",01/09/2020,02/09/2020
5877332,70164.00,TS05FG1312,"MOTOR CYCLE",6320.00,01/09/2020,"RTA NALGONDA",01/09/2020,02/09/2020
5943895,67724.00,TS05FG1244,"MOTOR CYCLE",6100.00,01/09/2020,"RTA NALGONDA",01/09/2020,02/09/2020
5968428,69210.00,TS05FG1248,"MOTOR CYCLE",6230.00,01/09/2020,"RTA NALGONDA",01/09/2020,02/09/2020
5968429,69210.00,TS05FG1340,"MOTOR CYCLE",6230.00,02/09/2020,"RTA NALGONDA",01/09/2020,02/09/2020
5820467,65719.00,TS05FG1220,"MOTOR CYCLE",5920.00,01/09/2020,"RTA NALGONDA",01/09/2020,02/09/2020
5830779,66497.00,TS05FG1291,"MOTOR CYCLE",5990.00,02/09/2020,"RTA NALGONDA",01/09/2020,02/09/2020
5903135,71021.00,TS05FG1293,"MOTOR CYCLE",6400.00,02/09/2020,"RTA NALGONDA",01/09/2020,02/09/2020
5903136,71021.00,TS05FG1357,"MOTOR CYCLE",6400.00,02/09/2020,"RTA NALGONDA",01/09/2020,02/09/2020
1016991,0.00,AP29K0639,"MOTOR CAR",20150.00,01/09/2020,"RTA MEDCHAL",01/09/2020,02/09/2020
994985,0.00,AP29BH7925,"MOTOR CYCLE",3950.00,01/09/2020,"RTA MEDCHAL",01/09/2020,02/09/2020
1128049,0.00,TN05J5522,"MOTOR CYCLE",1650.00,01/09/2020,"RTA MEDCHAL",01/09/2020,02/09/2020
1910315,45034.00,TS07HJ3670,"MOTOR CYCLE",4060.00,01/09/2020,"RTA MEDCHAL",01/09/2020,02/09/2020
1979162,44584.00,TS07HJ3685,"MOTOR CYCLE",6250.00,02/09/2020,"RTA MEDCHAL",01/09/2020,02/09/2020
3521859,52600.00,TS07HD6980,"MOTOR CYCLE",7370.00,01/09/2020,"RTA MEDCHAL",01/09/2020,02/09/2020
4058840,54003.00,TS07HG4169,"MOTOR CYCLE",4870.00,01/09/2020,"RTA MEDCHAL",01/09/2020,02/09/2020
4949004,57570.00,TS07HG4195,"MOTOR CYCLE",5190.00,02/09/2020,"RTA MEDCHAL",01/09/2020,02/09/2020
284502,0.00,AP11H5778,"MOTOR CAR",14994.00,01/09/2020,"RTA MEDCHAL",01/09/2020,02/09/2020
983206,0.00,AP29BG2931,"MOTOR CYCLE",3700.00,02/09/2020,"RTA MEDCHAL",01/09/2020,02/09/2020
983481,0.00,AP29BF2874,"MOTOR CYCLE",3700.00,02/09/2020,"RTA MEDCHAL",01/09/2020,02/09/2020
984543,0.00,AP29BF5669,"MOTOR CYCLE",3070.00,02/09/2020,"RTA MEDCHAL",01/09/2020,02/09/2020
1075393,0.00,AP29BC8370,"MOTOR CYCLE",3650.00,01/09/2020,"RTA MEDCHAL",01/09/2020,02/09/2020
1097996,0.00,AP29BH7925,"MOTOR CYCLE",3950.00,01/09/2020,"RTA MEDCHAL",01/09/2020,02/09/2020
1579560,38920.00,AP37AP9871,"MOTOR CYCLE",3510.00,02/09/2020,"RTA MEDCHAL",01/09/2020,02/09/2020
198841,0.00,AP09BQ6040,"MOTOR CAR",33840.00,02/09/2020,"RTA MEDCHAL",01/09/2020,02/09/2020
766811,0.00,AP28AJ2373,"MOTOR CYCLE",3700.00,02/09/2020,"RTA MEDCHAL",01/09/2020,02/09/2020
864490,0.00,AP28CE5290,"MOTOR CAR",56900.00,02/09/2020,"RTA MEDCHAL",01/09/2020,02/09/2020
979674,0.00,AP29BF4266,"MOTOR CYCLE",3700.00,01/09/2020,"RTA MEDCHAL",01/09/2020,02/09/2020
1857495,44584.00,TS07HJ4016,"MOTOR CYCLE",4020.00,02/09/2020,"RTA MEDCHAL",01/09/2020,02/09/2020
2165076,46994.00,TS07HJ4551,"MOTOR CYCLE",4230.00,02/09/2020,"RTA MEDCHAL",01/09/2020,02/09/2020
3126201,51712.00,TS07HJ3758,"MOTOR CYCLE",4660.00,01/09/2020,"RTA MEDCHAL",01/09/2020,02/09/2020
3932907,53571.00,TS07HG2529,"MOTOR CYCLE",7500.00,02/09/2020,"RTA MEDCHAL",01/09/2020,02/09/2020
5031576,58400.00,TS07HJ7168,"MOTOR CYCLE",5260.00,02/09/2020,"RTA MEDCHAL",01/09/2020,02/09/2020
266086,0.00,AP11Q3249,"MOTOR CAR",21870.00,02/09/2020,"RTA MEDCHAL",01/09/2020,02/09/2020
961816,0.00,AP29BA5950,"MOTOR CYCLE",3500.00,01/09/2020,"RTA MEDCHAL",01/09/2020,02/09/2020
986490,0.00,AP29BG9847,"MOTOR CYCLE",3450.00,01/09/2020,"RTA MEDCHAL",01/09/2020,02/09/2020
1009607,0.00,AP29H4196,"MOTOR CYCLE",3740.00,02/09/2020,"RTA MEDCHAL",01/09/2020,02/09/2020
1012308,0.00,AP29H4847,"MOTOR CYCLE",4010.00,02/09/2020,"RTA MEDCHAL",01/09/2020,02/09/2020
1013909,0.00,AP29J1117,"MOTOR CYCLE",3340.00,02/09/2020,"RTA MEDCHAL",01/09/2020,02/09/2020
1147870,0.00,AP29R1171,"MOTOR CYCLE",3810.00,02/09/2020,"RTA MEDCHAL",01/09/2020,02/09/2020
2065517,46324.00,TS07HJ3640,"MOTOR CYCLE",6490.00,01/09/2020,"RTA MEDCHAL",01/09/2020,02/09/2020
3763480,53473.00,TS07HG1405,"MOTOR CYCLE",4820.00,02/09/2020,"RTA MEDCHAL",01/09/2020,02/09/2020
5252989,58900.00,TS07HJ3582,"MOTOR CYCLE",5310.00,01/09/2020,"RTA MEDCHAL",01/09/2020,02/09/2020
5305604,59465.00,TS07HD9842,"MOTOR CYCLE",5360.00,01/09/2020,"RTA MEDCHAL",01/09/2020,02/09/2020
5021538,58569.00,TS07HG2869,"MOTOR CYCLE",5280.00,01/09/2020,"RTA MEDCHAL",01/09/2020,02/09/2020
5061300,58900.00,TS07HJ3814,"MOTOR CYCLE",5310.00,02/09/2020,"RTA MEDCHAL",01/09/2020,02/09/2020
5388157,62300.00,TS07HG2636,"MOTOR CYCLE",5610.00,02/09/2020,"RTA MEDCHAL",01/09/2020,02/09/2020
5390272,61350.00,TS07HD8812,"MOTOR CYCLE",5530.00,01/09/2020,"RTA MEDCHAL",01/09/2020,02/09/2020
5540751,63860.00,TS07HJ3764,"MOTOR CYCLE",5750.00,02/09/2020,"RTA MEDCHAL",01/09/2020,02/09/2020
5540752,63860.00,TS07HJ3805,"MOTOR CYCLE",5750.00,02/09/2020,"RTA MEDCHAL",01/09/2020,02/09/2020
5540755,63860.00,TS07HJ4544,"MOTOR CYCLE",5750.00,02/09/2020,"RTA MEDCHAL",01/09/2020,02/09/2020
5199158,60100.00,TS07HJ3629,"MOTOR CYCLE",5410.00,01/09/2020,"RTA MEDCHAL",01/09/2020,02/09/2020
5586190,66100.00,TS07HJ4438,"MOTOR CYCLE",5950.00,02/09/2020,"RTA MEDCHAL",01/09/2020,02/09/2020
5586198,66100.00,TS07HJ6763,"MOTOR CYCLE",5950.00,02/09/2020,"RTA MEDCHAL",01/09/2020,02/09/2020
5615485,65248.00,TS07HJ3647,"MOTOR CYCLE",5880.00,01/09/2020,"RTA MEDCHAL",01/09/2020,02/09/2020
5628867,67048.00,TS07HJ3687,"MOTOR CYCLE",9390.00,02/09/2020,"RTA MEDCHAL",01/09/2020,02/09/2020
5630414,62900.00,TS07HJ3635,"MOTOR CYCLE",5670.00,01/09/2020,"RTA MEDCHAL",01/09/2020,02/09/2020
5630787,65548.00,TS07HJ3579,"MOTOR CYCLE",5900.00,01/09/2020,"RTA MEDCHAL",01/09/2020,02/09/2020
5630788,65548.00,TS07HJ3751,"MOTOR CYCLE",5900.00,02/09/2020,"RTA MEDCHAL",01/09/2020,02/09/2020
5630793,65548.00,TS07HJ7689,"MOTOR CYCLE",5900.00,02/09/2020,"RTA MEDCHAL",01/09/2020,02/09/2020
5653850,67548.00,TS07HJ3559,"MOTOR CYCLE",9460.00,01/09/2020,"RTA MEDCHAL",01/09/2020,02/09/2020
5720124,68555.00,TS07HJ3627,"MOTOR CYCLE",9600.00,01/09/2020,"RTA MEDCHAL",01/09/2020,02/09/2020
5720126,68555.00,TS07HJ3692,"MOTOR CYCLE",6170.00,01/09/2020,"RTA MEDCHAL",01/09/2020,02/09/2020
5720148,68555.00,TS07HJ5455,"MOTOR CYCLE",6170.00,02/09/2020,"RTA MEDCHAL",01/09/2020,02/09/2020
5720550,68555.00,TS07HJ6982,"MOTOR CYCLE",9600.00,01/09/2020,"RTA MEDCHAL",01/09/2020,02/09/2020
5720551,68555.00,TS07HJ6994,"MOTOR CYCLE",6170.00,02/09/2020,"RTA MEDCHAL",01/09/2020,02/09/2020
5720558,68555.00,TS07HJ7539,"MOTOR CYCLE",6170.00,02/09/2020,"RTA MEDCHAL",01/09/2020,02/09/2020
5720565,68555.00,TS07HJ7843,"MOTOR CYCLE",6170.00,02/09/2020,"RTA MEDCHAL",01/09/2020,02/09/2020
5677801,66100.00,TS07HJ4875,"MOTOR CYCLE",5950.00,02/09/2020,"RTA MEDCHAL",01/09/2020,02/09/2020
5697342,64258.00,TS07HJ3816,"MOTOR CYCLE",5790.00,01/09/2020,"RTA MEDCHAL",01/09/2020,02/09/2020
5213292,58569.00,TS07HG2869,"MOTOR CYCLE",5280.00,01/09/2020,"RTA MEDCHAL",01/09/2020,02/09/2020
5258089,58959.00,TS07HG4502,"MOTOR CYCLE",5310.00,02/09/2020,"RTA MEDCHAL",01/09/2020,02/09/2020
5259988,58900.00,TS07HJ3532,"MOTOR CYCLE",5310.00,01/09/2020,"RTA MEDCHAL",01/09/2020,02/09/2020
5259989,58900.00,TS07HJ3580,"MOTOR CYCLE",8250.00,01/09/2020,"RTA MEDCHAL",01/09/2020,02/09/2020
5259990,58900.00,TS07HJ3662,"MOTOR CYCLE",5310.00,01/09/2020,"RTA MEDCHAL",01/09/2020,02/09/2020
5630981,62100.00,TS07HJ3658,"MOTOR CYCLE",5590.00,01/09/2020,"RTA MEDCHAL",01/09/2020,02/09/2020
5536395,65548.00,TS07HJ4566,"MOTOR CYCLE",9180.00,02/09/2020,"RTA MEDCHAL",01/09/2020,02/09/2020
5670191,66060.00,TS07HJ3665,"MOTOR CYCLE",5950.00,01/09/2020,"RTA MEDCHAL",01/09/2020,02/09/2020
5670192,66060.00,TS07HJ3791,"MOTOR CYCLE",9250.00,02/09/2020,"RTA MEDCHAL",01/09/2020,02/09/2020
5647838,63340.00,TS07HG4410,"MOTOR CYCLE",5710.00,02/09/2020,"RTA MEDCHAL",01/09/2020,02/09/2020
5461125,64010.00,TS07HJ3642,"MOTOR CYCLE",5770.00,01/09/2020,"RTA MEDCHAL",01/09/2020,02/09/2020
5461126,64010.00,TS07HJ3729,"MOTOR CYCLE",5770.00,02/09/2020,"RTA MEDCHAL",01/09/2020,02/09/2020
5551587,64010.00,TS07HJ3554,"MOTOR CYCLE",5770.00,01/09/2020,"RTA MEDCHAL",01/09/2020,02/09/2020
5552073,64010.00,TS07HJ7057,"MOTOR CYCLE",5770.00,01/09/2020,"RTA MEDCHAL",01/09/2020,02/09/2020
5598127,64886.00,TS07HJ3768,"MOTOR CYCLE",5840.00,02/09/2020,"RTA MEDCHAL",01/09/2020,02/09/2020
5635362,67055.00,TS07HJ3664,"MOTOR CYCLE",6040.00,01/09/2020,"RTA MEDCHAL",01/09/2020,02/09/2020
4993668,58400.00,TS06FB1342,"MOTOR CYCLE",5260.00,01/09/2020,"RTA MAHABOOBNAGAR",01/09/2020,02/09/2020
4993669,58400.00,TS06FB1374,"MOTOR CYCLE",5260.00,02/09/2020,"RTA MAHABOOBNAGAR",01/09/2020,02/09/2020
5061250,58900.00,TS06FB1253,"MOTOR CYCLE",5310.00,01/09/2020,"RTA MAHABOOBNAGAR",01/09/2020,02/09/2020
5222057,58700.00,TS06FA3425,"MOTOR CYCLE",8220.00,01/09/2020,"RTA MAHABOOBNAGAR",01/09/2020,02/09/2020
5630391,62900.00,TS06FB1383,"MOTOR CYCLE",5670.00,02/09/2020,"RTA MAHABOOBNAGAR",01/09/2020,02/09/2020
5654881,67565.00,TS06FB1417,"MOTOR CYCLE",6090.00,02/09/2020,"RTA MAHABOOBNAGAR",01/09/2020,02/09/2020
5717566,68519.00,TS06FB1257,"MOTOR CYCLE",6170.00,01/09/2020,"RTA MAHABOOBNAGAR",01/09/2020,02/09/2020
5717567,68519.00,TS06FB1336,"MOTOR CYCLE",6170.00,01/09/2020,"RTA MAHABOOBNAGAR",01/09/2020,02/09/2020
5422429,62900.00,TS06FB1315,"MOTOR CYCLE",5670.00,01/09/2020,"RTA MAHABOOBNAGAR",01/09/2020,02/09/2020
5422430,62900.00,TS06FB1424,"MOTOR CYCLE",5670.00,02/09/2020,"RTA MAHABOOBNAGAR",01/09/2020,02/09/2020
5500588,62900.00,TS06FB1296,"MOTOR CYCLE",5670.00,01/09/2020,"RTA MAHABOOBNAGAR",01/09/2020,02/09/2020
5500589,62900.00,TS06FB1319,"MOTOR CYCLE",5670.00,01/09/2020,"RTA MAHABOOBNAGAR",01/09/2020,02/09/2020
5500590,62900.00,TS06FB1382,"MOTOR CYCLE",5670.00,02/09/2020,"RTA MAHABOOBNAGAR",01/09/2020,02/09/2020
5732037,67055.00,TS06FB1351,"MOTOR CYCLE",6040.00,01/09/2020,"RTA MAHABOOBNAGAR",01/09/2020,02/09/2020
5753310,67565.00,TS06FB2277,"MOTOR CYCLE",9460.00,02/09/2020,"RTA MAHABOOBNAGAR",01/09/2020,02/09/2020
5807371,66065.00,TS06FB2186,"MOTOR CYCLE",5950.00,01/09/2020,"RTA MAHABOOBNAGAR",01/09/2020,02/09/2020
5627086,67019.00,TS06FB1252,"MOTOR CYCLE",6040.00,01/09/2020,"RTA MAHABOOBNAGAR",01/09/2020,02/09/2020
5627087,67019.00,TS06FB1348,"MOTOR CYCLE",6040.00,01/09/2020,"RTA MAHABOOBNAGAR",01/09/2020,02/09/2020
5669899,66060.00,TS06FB1281,"MOTOR CYCLE",5950.00,01/09/2020,"RTA MAHABOOBNAGAR",01/09/2020,02/09/2020
5714035,63860.00,TS06FB1259,"MOTOR CYCLE",5750.00,01/09/2020,"RTA MAHABOOBNAGAR",01/09/2020,02/09/2020
5714036,63860.00,TS06FB1338,"MOTOR CYCLE",5750.00,01/09/2020,"RTA MAHABOOBNAGAR",01/09/2020,02/09/2020
5802342,66060.00,TS06FB2229,"MOTOR CYCLE",5950.00,01/09/2020,"RTA MAHABOOBNAGAR",01/09/2020,02/09/2020
5849247,66060.00,TS06FB1274,"MOTOR CYCLE",5950.00,01/09/2020,"RTA MAHABOOBNAGAR",01/09/2020,02/09/2020
5849248,66060.00,TS06FB1317,"MOTOR CYCLE",5950.00,01/09/2020,"RTA MAHABOOBNAGAR",01/09/2020,02/09/2020
5849249,66060.00,TS06FB1406,"MOTOR CYCLE",5950.00,02/09/2020,"RTA MAHABOOBNAGAR",01/09/2020,02/09/2020
5849251,66060.00,TS06FB1645,"MOTOR CYCLE",5950.00,01/09/2020,"RTA MAHABOOBNAGAR",01/09/2020,02/09/2020
5846843,69311.00,TS06FB1271,"MOTOR CYCLE",6240.00,01/09/2020,"RTA MAHABOOBNAGAR",01/09/2020,02/09/2020
5683118,64010.00,TS06FB1346,"MOTOR CYCLE",5770.00,01/09/2020,"RTA MAHABOOBNAGAR",01/09/2020,02/09/2020
5725334,64010.00,TS06FB1362,"MOTOR CYCLE",5770.00,02/09/2020,"RTA MAHABOOBNAGAR",01/09/2020,02/09/2020
5726072,67019.00,TS06FB1431,"MOTOR CYCLE",6040.00,02/09/2020,"RTA MAHABOOBNAGAR",01/09/2020,02/09/2020
5773899,70230.00,TS06FB1261,"MOTOR CYCLE",6330.00,01/09/2020,"RTA MAHABOOBNAGAR",01/09/2020,02/09/2020
5773900,70230.00,TS06FB1265,"MOTOR CYCLE",6330.00,01/09/2020,"RTA MAHABOOBNAGAR",01/09/2020,02/09/2020
5773901,70230.00,TS06FB1371,"MOTOR CYCLE",6330.00,02/09/2020,"RTA MAHABOOBNAGAR",01/09/2020,02/09/2020
5774613,70266.00,TS06FB1436,"MOTOR CYCLE",6330.00,02/09/2020,"RTA MAHABOOBNAGAR",01/09/2020,02/09/2020
5903528,71021.00,TS06FB1326,"MOTOR CYCLE",6400.00,01/09/2020,"RTA MAHABOOBNAGAR",01/09/2020,02/09/2020
5903529,71021.00,TS06FB1388,"MOTOR CYCLE",6400.00,02/09/2020,"RTA MAHABOOBNAGAR",01/09/2020,02/09/2020
5795194,71021.00,TS06FB1339,"MOTOR CYCLE",6400.00,01/09/2020,"RTA MAHABOOBNAGAR",01/09/2020,02/09/2020
5795195,71021.00,TS06FB1432,"MOTOR CYCLE",6400.00,02/09/2020,"RTA MAHABOOBNAGAR",01/09/2020,02/09/2020
5795196,71021.00,TS06FB1444,"MOTOR CYCLE",9950.00,02/09/2020,"RTA MAHABOOBNAGAR",01/09/2020,02/09/2020
5838017,68960.00,TS06FB1283,"MOTOR CYCLE",6210.00,01/09/2020,"RTA MAHABOOBNAGAR",01/09/2020,02/09/2020
5852895,67019.00,TS06FB1251,"MOTOR CYCLE",9390.00,01/09/2020,"RTA MAHABOOBNAGAR",01/09/2020,02/09/2020
5852896,67019.00,TS06FB1393,"MOTOR CYCLE",6040.00,02/09/2020,"RTA MAHABOOBNAGAR",01/09/2020,02/09/2020
5852903,67019.00,TS06FB2202,"MOTOR CYCLE",6040.00,01/09/2020,"RTA MAHABOOBNAGAR",01/09/2020,02/09/2020
5878999,70230.00,TS06FB1275,"MOTOR CYCLE",6330.00,01/09/2020,"RTA MAHABOOBNAGAR",01/09/2020,02/09/2020
5879001,70230.00,TS06FB1345,"MOTOR CYCLE",6330.00,01/09/2020,"RTA MAHABOOBNAGAR",01/09/2020,02/09/2020
5879002,70230.00,TS06FB1375,"MOTOR CYCLE",6330.00,02/09/2020,"RTA MAHABOOBNAGAR",01/09/2020,02/09/2020
5879003,70230.00,TS06FB1455,"MOTOR CYCLE",6330.00,02/09/2020,"RTA MAHABOOBNAGAR",01/09/2020,02/09/2020
5879112,70230.00,TS06FB2343,"MOTOR CYCLE",6330.00,02/09/2020,"RTA MAHABOOBNAGAR",01/09/2020,02/09/2020
5877401,70171.00,TS06FB1396,"MOTOR CYCLE",6320.00,02/09/2020,"RTA MAHABOOBNAGAR",01/09/2020,02/09/2020
5901348,67019.00,TS06FB1437,"MOTOR CYCLE",6040.00,02/09/2020,"RTA MAHABOOBNAGAR",01/09/2020,02/09/2020
5901349,67019.00,TS06FB1445,"MOTOR CYCLE",6040.00,02/09/2020,"RTA MAHABOOBNAGAR",01/09/2020,02/09/2020
5880323,70266.00,TS06FB1260,"MOTOR CYCLE",6330.00,01/09/2020,"RTA MAHABOOBNAGAR",01/09/2020,02/09/2020
5881485,66635.00,TS06FA3793,"MOTOR CYCLE",6000.00,02/09/2020,"RTA MAHABOOBNAGAR",01/09/2020,02/09/2020
5971763,69275.00,TS06FB1273,"MOTOR CYCLE",6240.00,01/09/2020,"RTA MAHABOOBNAGAR",01/09/2020,02/09/2020
5971764,69275.00,TS06FB1399,"MOTOR CYCLE",6240.00,02/09/2020,"RTA MAHABOOBNAGAR",01/09/2020,02/09/2020
5994897,68556.00,TS06FB1414,"MOTOR CYCLE",9600.00,02/09/2020,"RTA MAHABOOBNAGAR",01/09/2020,02/09/2020
5939485,68519.00,TS06FB1364,"MOTOR CYCLE",6170.00,02/09/2020,"RTA MAHABOOBNAGAR",01/09/2020,02/09/2020
5939486,68519.00,TS06FB1387,"MOTOR CYCLE",6170.00,02/09/2020,"RTA MAHABOOBNAGAR",01/09/2020,02/09/2020
5939487,68519.00,TS06FB1443,"MOTOR CYCLE",6170.00,02/09/2020,"RTA MAHABOOBNAGAR",01/09/2020,02/09/2020
6006471,70230.00,TS06FB1349,"MOTOR CYCLE",6330.00,01/09/2020,"RTA MAHABOOBNAGAR",01/09/2020,02/09/2020
6006472,70230.00,TS06FB1394,"MOTOR CYCLE",6330.00,02/09/2020,"RTA MAHABOOBNAGAR",01/09/2020,02/09/2020
6006473,70230.00,TS06FB1395,"MOTOR CYCLE",6330.00,02/09/2020,"RTA MAHABOOBNAGAR",01/09/2020,02/09/2020
6006477,70230.00,TS06FB1622,"MOTOR CYCLE",6330.00,02/09/2020,"RTA MAHABOOBNAGAR",01/09/2020,02/09/2020
6154104,75590.00,TS06FB1299,"MOTOR CYCLE",6810.00,01/09/2020,"RTA MAHABOOBNAGAR",01/09/2020,02/09/2020
6238136,73975.00,TS06FB1347,"MOTOR CYCLE",6660.00,01/09/2020,"RTA MAHABOOBNAGAR",01/09/2020,02/09/2020
6238137,73975.00,TS06FB1381,"MOTOR CYCLE",6660.00,02/09/2020,"RTA MAHABOOBNAGAR",01/09/2020,02/09/2020
6300962,75891.00,TS06FB1380,"MOTOR CYCLE",6840.00,02/09/2020,"RTA MAHABOOBNAGAR",01/09/2020,02/09/2020
6301245,74930.00,TS06FB1335,"MOTOR CYCLE",6750.00,01/09/2020,"RTA MAHABOOBNAGAR",01/09/2020,02/09/2020
6348526,75891.00,TS06FB1373,"MOTOR CYCLE",6840.00,02/09/2020,"RTA MAHABOOBNAGAR",01/09/2020,02/09/2020
5988899,68519.00,TS06FB1392,"MOTOR CYCLE",6170.00,02/09/2020,"RTA MAHABOOBNAGAR",01/09/2020,02/09/2020
5988905,68519.00,TS06FB1978,"MOTOR CYCLE",6170.00,01/09/2020,"RTA MAHABOOBNAGAR",01/09/2020,02/09/2020
5990688,68555.00,TS06FB1360,"MOTOR CYCLE",6170.00,01/09/2020,"RTA MAHABOOBNAGAR",01/09/2020,02/09/2020
7101933,640500.00,DL1CAB1345,"MOTOR CAR",48040.00,02/09/2020,"RTA ADILABAD",01/09/2020,02/09/2020
6690553,100500.00,TS01EN7596,"MOTOR CYCLE",9050.00,01/09/2020,"RTA ADILABAD",01/09/2020,02/09/2020
7184284,629282.00,TS01EN7579,"MOTOR CAR",75520.00,01/09/2020,"RTA ADILABAD",01/09/2020,02/09/2020
7301028,583010.00,TS01EN7574,"MOTOR CAR",81630.00,01/09/2020,"RTA ADILABAD",01/09/2020,02/09/2020
6842209,159851.00,TS01EN7588,"MOTOR CYCLE",14390.00,01/09/2020,"RTA ADILABAD",01/09/2020,02/09/2020
7187425,500000.00,TS01EN7623,"MOTOR CAR",60000.00,02/09/2020,"RTA ADILABAD",01/09/2020,02/09/2020
7262348,550000.00,TS01EN7622,"MOTOR CAR",66000.00,02/09/2020,"RTA ADILABAD",01/09/2020,02/09/2020
7337012,720000.00,TS01EN7631,"MOTOR CAR",86400.00,02/09/2020,"RTA ADILABAD",01/09/2020,02/09/2020
7763906,986055.00,TS02FD5436,"MOTOR CAR",118330.00,01/09/2020,"RTA KARIMNAGAR",01/09/2020,02/09/2020
7110580,585658.00,TS02FD5371,"MOTOR CAR",70280.00,01/09/2020,"RTA KARIMNAGAR",01/09/2020,02/09/2020
7029974,526001.00,TS02FD6262,"MOTOR CAR",63130.00,02/09/2020,"RTA KARIMNAGAR",01/09/2020,02/09/2020
7803368,2616028.00,TS02FD5390,"Vehicle Fitted with Construction Equipment",196210.00,01/09/2020,"RTA KARIMNAGAR",01/09/2020,02/09/2020
7529963,943300.00,TS02FD5486,"MOTOR CAR",132070.00,01/09/2020,"RTA KARIMNAGAR",01/09/2020,02/09/2020
7680678,1346000.00,TS02FD6116,"MOTOR CAR",188440.00,02/09/2020,"RTA KARIMNAGAR",01/09/2020,02/09/2020
7645995,1169000.00,TS02FD5435,"MOTOR CAR",163660.00,02/09/2020,"RTA KARIMNAGAR",01/09/2020,02/09/2020
7011580,354211.00,TS02FD5370,"MOTOR CAR",42510.00,01/09/2020,"RTA KARIMNAGAR",01/09/2020,02/09/2020
6647890,99539.00,TS02FD5425,"MOTOR CYCLE",13940.00,02/09/2020,"RTA KARIMNAGAR",01/09/2020,02/09/2020
6617261,95969.00,TS02FD5439,"MOTOR CYCLE",8640.00,02/09/2020,"RTA KARIMNAGAR",01/09/2020,02/09/2020
6660280,102541.00,TS02FD5388,"MOTOR CYCLE",9230.00,01/09/2020,"RTA KARIMNAGAR",01/09/2020,02/09/2020
6804921,328130.00,TS02FD5402,"MOTOR CAR",39380.00,02/09/2020,"RTA KARIMNAGAR",01/09/2020,02/09/2020
7021664,365093.00,TS02FD5437,"MOTOR CAR",43820.00,02/09/2020,"RTA KARIMNAGAR",01/09/2020,02/09/2020
6410320,106259.00,TS02FD5384,"MOTOR CYCLE",9570.00,01/09/2020,"RTA KARIMNAGAR",01/09/2020,02/09/2020
6379917,98662.00,TS02FD5410,"MOTOR CYCLE",8880.00,02/09/2020,"RTA KARIMNAGAR",01/09/2020,02/09/2020
6358689,95969.00,TS02FD5414,"MOTOR CYCLE",8640.00,02/09/2020,"RTA KARIMNAGAR",01/09/2020,02/09/2020
6293744,75590.00,TS02FD5368,"MOTOR CYCLE",6810.00,01/09/2020,"RTA KARIMNAGAR",01/09/2020,02/09/2020
6162220,75891.00,TS02FD5387,"MOTOR CYCLE",6840.00,01/09/2020,"RTA KARIMNAGAR",01/09/2020,02/09/2020
6248524,74790.00,TS02FD5429,"MOTOR CYCLE",6740.00,02/09/2020,"RTA KARIMNAGAR",01/09/2020,02/09/2020
6330742,76702.00,TS02FD5432,"MOTOR CYCLE",10740.00,02/09/2020,"RTA KARIMNAGAR",01/09/2020,02/09/2020
6038201,71021.00,TS02FD5415,"MOTOR CYCLE",6400.00,02/09/2020,"RTA KARIMNAGAR",01/09/2020,02/09/2020
5925622,67548.00,TS02FD5469,"MOTOR CYCLE",6080.00,01/09/2020,"RTA KARIMNAGAR",01/09/2020,02/09/2020
5953565,68743.00,TS02FD5406,"MOTOR CYCLE",6190.00,02/09/2020,"RTA KARIMNAGAR",01/09/2020,02/09/2020
5874027,70013.00,TS02FD5430,"MOTOR CYCLE",6310.00,02/09/2020,"RTA KARIMNAGAR",01/09/2020,02/09/2020
5891662,66802.00,TS02FD5379,"MOTOR CYCLE",6020.00,01/09/2020,"RTA KARIMNAGAR",01/09/2020,02/09/2020
5982252,72468.00,TS02FD5405,"MOTOR CYCLE",6530.00,02/09/2020,"RTA KARIMNAGAR",01/09/2020,02/09/2020
6046890,75590.00,TS02FD5369,"MOTOR CYCLE",6810.00,01/09/2020,"RTA KARIMNAGAR",01/09/2020,02/09/2020
6153855,75590.00,TS02FD5403,"MOTOR CYCLE",10590.00,02/09/2020,"RTA KARIMNAGAR",01/09/2020,02/09/2020
5826876,68743.00,TS02FD5443,"MOTOR CYCLE",6190.00,02/09/2020,"RTA KARIMNAGAR",01/09/2020,02/09/2020
5829229,65848.00,TS02FD5426,"MOTOR CYCLE",5930.00,02/09/2020,"RTA KARIMNAGAR",01/09/2020,02/09/2020
5893400,66869.00,TS02FD5422,"MOTOR CYCLE",6020.00,02/09/2020,"RTA KARIMNAGAR",01/09/2020,02/09/2020
5901925,71021.00,TS02FD5450,"MOTOR CYCLE",6400.00,02/09/2020,"RTA KARIMNAGAR",01/09/2020,02/09/2020
5898244,67789.00,TS02FD5404,"MOTOR CYCLE",6110.00,02/09/2020,"RTA KARIMNAGAR",01/09/2020,02/09/2020
6142946,79187.00,TS02FD5423,"MOTOR CYCLE",7130.00,02/09/2020,"RTA KARIMNAGAR",01/09/2020,02/09/2020
5970894,68302.00,TS02FD5382,"MOTOR CYCLE",6150.00,01/09/2020,"RTA KARIMNAGAR",01/09/2020,02/09/2020
5842878,66802.00,TS02FD5411,"MOTOR CYCLE",6020.00,02/09/2020,"RTA KARIMNAGAR",01/09/2020,02/09/2020
5842879,66802.00,TS02FD5412,"MOTOR CYCLE",6020.00,02/09/2020,"RTA KARIMNAGAR",01/09/2020,02/09/2020
5793976,71021.00,TS02FD5373,"MOTOR CYCLE",6400.00,01/09/2020,"RTA KARIMNAGAR",01/09/2020,02/09/2020
5793977,71021.00,TS02FD5392,"MOTOR CYCLE",6400.00,01/09/2020,"RTA KARIMNAGAR",01/09/2020,02/09/2020
5793978,71021.00,TS02FD5395,"MOTOR CYCLE",6400.00,01/09/2020,"RTA KARIMNAGAR",01/09/2020,02/09/2020
5791811,68302.00,TS02FD5417,"MOTOR CYCLE",6150.00,02/09/2020,"RTA KARIMNAGAR",01/09/2020,02/09/2020
5791812,68302.00,TS02FD5452,"MOTOR CYCLE",6150.00,02/09/2020,"RTA KARIMNAGAR",01/09/2020,02/09/2020
5698759,68302.00,TS02FD5447,"MOTOR CYCLE",6150.00,02/09/2020,"RTA KARIMNAGAR",01/09/2020,02/09/2020
5653627,67527.00,TS02FD5446,"MOTOR CYCLE",6080.00,02/09/2020,"RTA KARIMNAGAR",01/09/2020,02/09/2020
5714890,66802.00,TS02FD5394,"MOTOR CYCLE",6020.00,01/09/2020,"RTA KARIMNAGAR",01/09/2020,02/09/2020
5714891,66802.00,TS02FD5420,"MOTOR CYCLE",6020.00,02/09/2020,"RTA KARIMNAGAR",01/09/2020,02/09/2020
5198953,60100.00,TS02FD5407,"MOTOR CYCLE",5410.00,02/09/2020,"RTA KARIMNAGAR",01/09/2020,02/09/2020
5712708,66722.00,TS02FD5389,"MOTOR CYCLE",6010.00,01/09/2020,"RTA KARIMNAGAR",01/09/2020,02/09/2020
5259068,58900.00,TS02FD5375,"MOTOR CYCLE",5310.00,01/09/2020,"RTA KARIMNAGAR",01/09/2020,02/09/2020
5093936,58900.00,TS02FD5377,"MOTOR CYCLE",5310.00,01/09/2020,"RTA KARIMNAGAR",01/09/2020,02/09/2020
5093937,58900.00,TS02FD5449,"MOTOR CYCLE",5310.00,02/09/2020,"RTA KARIMNAGAR",01/09/2020,02/09/2020
5704241,66538.00,TS02FD5397,"MOTOR CYCLE",9320.00,02/09/2020,"RTA KARIMNAGAR",01/09/2020,02/09/2020
5618268,66795.00,TS02FD5386,"MOTOR CYCLE",6020.00,01/09/2020,"RTA KARIMNAGAR",01/09/2020,02/09/2020
5618363,66802.00,TS02FD5393,"MOTOR CYCLE",6020.00,01/09/2020,"RTA KARIMNAGAR",01/09/2020,02/09/2020
5618570,66810.00,TS02FD1522,"MOTOR CYCLE",6020.00,02/09/2020,"RTA KARIMNAGAR",01/09/2020,02/09/2020
5635811,63027.00,TS02FD5431,"MOTOR CYCLE",5680.00,02/09/2020,"RTA KARIMNAGAR",01/09/2020,02/09/2020
5060753,58900.00,TS02FD5365,"MOTOR CYCLE",5310.00,01/09/2020,"RTA KARIMNAGAR",01/09/2020,02/09/2020
5060754,58900.00,TS02FD5367,"MOTOR CYCLE",5310.00,01/09/2020,"RTA KARIMNAGAR",01/09/2020,02/09/2020
5187755,58400.00,TS02FD5399,"MOTOR CYCLE",8180.00,02/09/2020,"RTA KARIMNAGAR",01/09/2020,02/09/2020
3699327,53138.00,TS02FC9600,"MOTOR CYCLE",4790.00,02/09/2020,"RTA KARIMNAGAR",01/09/2020,02/09/2020
2221677,46574.00,TS02FD5401,"MOTOR CYCLE",4200.00,02/09/2020,"RTA KARIMNAGAR",01/09/2020,02/09/2020
2221678,46574.00,TS02FD5421,"MOTOR CYCLE",4200.00,02/09/2020,"RTA KARIMNAGAR",01/09/2020,02/09/2020
288141,0.00,AP10AQ0292,"MOTOR CYCLE",5210.00,02/09/2020,"RTA KARIMNAGAR",01/09/2020,02/09/2020
4959365,57575.00,TS02FD5376,"MOTOR CYCLE",5190.00,01/09/2020,"RTA KARIMNAGAR",01/09/2020,02/09/2020
4959366,57575.00,TS02FD5528,"MOTOR CYCLE",5190.00,01/09/2020,"RTA KARIMNAGAR",01/09/2020,02/09/2020
335770,0.00,AP15AM1018,"MOTOR CYCLE",2090.00,02/09/2020,"RTA KARIMNAGAR",01/09/2020,02/09/2020
5906195,67055.00,TS05FG1352,"MOTOR CYCLE",6040.00,02/09/2020,"RTA NALGONDA",01/09/2020,02/09/2020
6053585,75891.00,TS05FG1325,"MOTOR CYCLE",6840.00,02/09/2020,"RTA NALGONDA",01/09/2020,02/09/2020
5937284,68454.00,TS05FG1227,"MOTOR CYCLE",6170.00,01/09/2020,"RTA NALGONDA",01/09/2020,02/09/2020
6044445,75440.00,TS05FG1309,"MOTOR CYCLE",6790.00,02/09/2020,"RTA NALGONDA",01/09/2020,02/09/2020
6047090,70100.00,TS05FG1275,"MOTOR CYCLE",6310.00,01/09/2020,"RTA NALGONDA",01/09/2020,02/09/2020
6086958,77034.00,TS05FG1338,"MOTOR CYCLE",6940.00,02/09/2020,"RTA NALGONDA",01/09/2020,02/09/2020
6169345,73422.00,TS05FG1251,"MOTOR CYCLE",6610.00,01/09/2020,"RTA NALGONDA",01/09/2020,02/09/2020
6236088,73910.00,TS05FG1194,"MOTOR CYCLE",6660.00,01/09/2020,"RTA NALGONDA",01/09/2020,02/09/2020
6236089,73910.00,TS05FG1243,"MOTOR CYCLE",6660.00,01/09/2020,"RTA NALGONDA",01/09/2020,02/09/2020
6236090,73910.00,TS05FG1316,"MOTOR CYCLE",6660.00,02/09/2020,"RTA NALGONDA",01/09/2020,02/09/2020
6236091,73910.00,TS05FG1341,"MOTOR CYCLE",6660.00,02/09/2020,"RTA NALGONDA",01/09/2020,02/09/2020
6259105,74966.00,TS05FG1448,"MOTOR CYCLE",6750.00,01/09/2020,"RTA NALGONDA",01/09/2020,02/09/2020
6050818,75716.00,TS05FG1223,"MOTOR CYCLE",6820.00,01/09/2020,"RTA NALGONDA",01/09/2020,02/09/2020
6074023,71021.00,TS05FG1192,"MOTOR CYCLE",6400.00,01/09/2020,"RTA NALGONDA",01/09/2020,02/09/2020
6173032,73460.00,TS05FG1350,"MOTOR CYCLE",6620.00,02/09/2020,"RTA NALGONDA",01/09/2020,02/09/2020
6378694,76702.00,TS05FG1296,"MOTOR CYCLE",6910.00,02/09/2020,"RTA NALGONDA",01/09/2020,02/09/2020
6380398,98662.00,TS05FG1277,"MOTOR CYCLE",8880.00,02/09/2020,"RTA NALGONDA",01/09/2020,02/09/2020
6380399,98662.00,TS05FG1283,"MOTOR CYCLE",8880.00,02/09/2020,"RTA NALGONDA",01/09/2020,02/09/2020
6380400,98662.00,TS05FG1300,"MOTOR CYCLE",8880.00,02/09/2020,"RTA NALGONDA",01/09/2020,02/09/2020
6380401,98662.00,TS05FG1301,"MOTOR CYCLE",8880.00,02/09/2020,"RTA NALGONDA",01/09/2020,02/09/2020
6380402,98662.00,TS05FG1303,"MOTOR CYCLE",8880.00,02/09/2020,"RTA NALGONDA",01/09/2020,02/09/2020
6380403,98662.00,TS05FG1326,"MOTOR CYCLE",8880.00,02/09/2020,"RTA NALGONDA",01/09/2020,02/09/2020
6018577,70600.00,TS05FG1262,"MOTOR CYCLE",6360.00,01/09/2020,"RTA NALGONDA",01/09/2020,02/09/2020
6033983,69748.00,TS05FG1202,"MOTOR CYCLE",6280.00,01/09/2020,"RTA NALGONDA",01/09/2020,02/09/2020
6059275,73910.00,TS05FG1334,"MOTOR CYCLE",6660.00,02/09/2020,"RTA NALGONDA",01/09/2020,02/09/2020
6202694,73910.00,TS05FG1337,"MOTOR CYCLE",6660.00,02/09/2020,"RTA NALGONDA",01/09/2020,02/09/2020
6351043,95116.00,TS05FG1648,"MOTOR CYCLE",8570.00,02/09/2020,"RTA NALGONDA",01/09/2020,02/09/2020
6351473,95166.00,TS05FG1265,"MOTOR CYCLE",8570.00,01/09/2020,"RTA NALGONDA",01/09/2020,02/09/2020
6275933,74521.00,TS05FG1217,"MOTOR CYCLE",6710.00,01/09/2020,"RTA NALGONDA",01/09/2020,02/09/2020
6275934,74521.00,TS05FG1250,"MOTOR CYCLE",6710.00,01/09/2020,"RTA NALGONDA",01/09/2020,02/09/2020
6275935,74521.00,TS05FG1254,"MOTOR CYCLE",6710.00,01/09/2020,"RTA NALGONDA",01/09/2020,02/09/2020
6344610,75716.00,TS05FG1290,"MOTOR CYCLE",6820.00,02/09/2020,"RTA NALGONDA",01/09/2020,02/09/2020
6517313,107130.00,TS05FG1280,"MOTOR CYCLE",9650.00,02/09/2020,"RTA NALGONDA",01/09/2020,02/09/2020
6543126,141754.00,TS05FG1800,"MOTOR CYCLE",12760.00,01/09/2020,"RTA NALGONDA",01/09/2020,02/09/2020
6348513,75891.00,TS05FG1284,"MOTOR CYCLE",6840.00,02/09/2020,"RTA NALGONDA",01/09/2020,02/09/2020
6370666,97664.00,TS05FG1307,"MOTOR CYCLE",8790.00,02/09/2020,"RTA NALGONDA",01/09/2020,02/09/2020
6459658,95166.00,TS05FG1358,"MOTOR CYCLE",8570.00,02/09/2020,"RTA NALGONDA",01/09/2020,02/09/2020
6661408,102650.00,TS05FG1207,"MOTOR CYCLE",9240.00,01/09/2020,"RTA NALGONDA",01/09/2020,02/09/2020
6486912,98662.00,TS05FG1305,"MOTOR CYCLE",8880.00,02/09/2020,"RTA NALGONDA",01/09/2020,02/09/2020
6679061,98662.00,TS05FG1208,"MOTOR CYCLE",8880.00,01/09/2020,"RTA NALGONDA",01/09/2020,02/09/2020
6679062,98662.00,TS05FG1285,"MOTOR CYCLE",8880.00,02/09/2020,"RTA NALGONDA",01/09/2020,02/09/2020
6679063,98662.00,TS05FG1295,"MOTOR CYCLE",8880.00,02/09/2020,"RTA NALGONDA",01/09/2020,02/09/2020
6703629,159851.00,TS05FG1206,"MOTOR CYCLE",22380.00,01/09/2020,"RTA NALGONDA",01/09/2020,02/09/2020
6411539,107130.00,TS05FG1324,"MOTOR CYCLE",9650.00,02/09/2020,"RTA NALGONDA",01/09/2020,02/09/2020
6477507,97664.00,TS05FG1329,"MOTOR CYCLE",8790.00,02/09/2020,"RTA NALGONDA",01/09/2020,02/09/2020
6582587,159851.00,TS05FG1336,"MOTOR CYCLE",14390.00,02/09/2020,"RTA NALGONDA",01/09/2020,02/09/2020
6608375,95166.00,TS05FG1256,"MOTOR CYCLE",8570.00,01/09/2020,"RTA NALGONDA",01/09/2020,02/09/2020
6641943,98662.00,TS05FG1238,"MOTOR CYCLE",8880.00,01/09/2020,"RTA NALGONDA",01/09/2020,02/09/2020
6668061,97664.00,TS05FG1356,"MOTOR CYCLE",8790.00,02/09/2020,"RTA NALGONDA",01/09/2020,02/09/2020
6976692,485274.00,TS05FG1321,"MOTOR CAR",67940.00,02/09/2020,"RTA NALGONDA",01/09/2020,02/09/2020
6620703,96222.00,TS05FG1298,"MOTOR CYCLE",8660.00,02/09/2020,"RTA NALGONDA",01/09/2020,02/09/2020
6648856,95166.00,TS05FG2714,"MOTOR CYCLE",8570.00,01/09/2020,"RTA NALGONDA",01/09/2020,02/09/2020
6649131,99700.00,TS05FG1266,"MOTOR CYCLE",8980.00,01/09/2020,"RTA NALGONDA",01/09/2020,02/09/2020
6687072,99539.00,TS05FG1328,"MOTOR CYCLE",8960.00,02/09/2020,"RTA NALGONDA",01/09/2020,02/09/2020
6671889,106250.00,TS05FG1209,"MOTOR CYCLE",9570.00,01/09/2020,"RTA NALGONDA",01/09/2020,02/09/2020
7137298,604049.00,TS05FG2223,"MOTOR CAR",72490.00,02/09/2020,"RTA NALGONDA",01/09/2020,02/09/2020
7632986,1116500.00,TS05FG2233,"MOTOR CAR",156310.00,02/09/2020,"RTA NALGONDA",01/09/2020,02/09/2020
