slno,invoiceamt,registrationno,vehicleclass,taxamt,dateoftransaction,officecd,fromdate,todate
732614,0.00,AP22K4978,"MOTOR CYCLE",3510.00,01/02/2022,"RTA MAHABOOBNAGAR",01/02/2022,02/02/2022
812385,0.00,AP22AD4412,"MOTOR CYCLE",7540.00,01/02/2022,"RTA MAHABOOBNAGAR",01/02/2022,02/02/2022
5811570,69750.00,TS06FE1900,"MOTOR CYCLE",6280.00,01/02/2022,"RTA MAHABOOBNAGAR",01/02/2022,02/02/2022
5962203,71246.00,TS06FE1915,"MOTOR CYCLE",6420.00,01/02/2022,"RTA MAHABOOBNAGAR",01/02/2022,02/02/2022
858728,0.00,AP22S9184,"MOTOR CYCLE",3050.00,02/02/2022,"RTA MAHABOOBNAGAR",01/02/2022,02/02/2022
742549,0.00,AP22Q1940,"MOTOR CYCLE",2070.00,01/02/2022,"RTA MAHABOOBNAGAR",01/02/2022,02/02/2022
5026495,60400.00,TS06FE2304,"MOTOR CYCLE",5440.00,01/02/2022,"RTA MAHABOOBNAGAR",01/02/2022,02/02/2022
4983404,52054.00,TS06FE1898,"MOTOR CYCLE",4690.00,01/02/2022,"RTA MAHABOOBNAGAR",01/02/2022,02/02/2022
5724146,68860.00,TS06FE1902,"MOTOR CYCLE",6200.00,01/02/2022,"RTA MAHABOOBNAGAR",01/02/2022,02/02/2022
5724147,68860.00,TS06FE1971,"MOTOR CYCLE",6200.00,02/02/2022,"RTA MAHABOOBNAGAR",01/02/2022,02/02/2022
5724148,68860.00,TS06FE1972,"MOTOR CYCLE",6200.00,02/02/2022,"RTA MAHABOOBNAGAR",01/02/2022,02/02/2022
6017840,67920.00,TS06FE1897,"MOTOR CYCLE",6120.00,01/02/2022,"RTA MAHABOOBNAGAR",01/02/2022,02/02/2022
5834378,70143.00,TS06FE1954,"MOTOR CYCLE",6320.00,02/02/2022,"RTA MAHABOOBNAGAR",01/02/2022,02/02/2022
748766,0.00,AP22S9075,"MOTOR CAR",33980.00,01/02/2022,"RTA MAHABOOBNAGAR",01/02/2022,02/02/2022
810162,0.00,AP22AD1214,"MOTOR CYCLE",4560.00,02/02/2022,"RTA MAHABOOBNAGAR",01/02/2022,02/02/2022
3444070,46284.00,TS06FE1955,"MOTOR CYCLE",4170.00,02/02/2022,"RTA MAHABOOBNAGAR",01/02/2022,02/02/2022
3590994,47734.00,TS06FA3785,"MOTOR CYCLE",4300.00,01/02/2022,"RTA MAHABOOBNAGAR",01/02/2022,02/02/2022
5802347,69580.00,TS06FE1946,"MOTOR CYCLE",6270.00,02/02/2022,"RTA MAHABOOBNAGAR",01/02/2022,02/02/2022
5802348,69580.00,TS06FE1978,"MOTOR CYCLE",6270.00,02/02/2022,"RTA MAHABOOBNAGAR",01/02/2022,02/02/2022
6144529,68876.00,TS06FE2267,"MOTOR CYCLE",6200.00,02/02/2022,"RTA MAHABOOBNAGAR",01/02/2022,02/02/2022
6145090,72991.00,TS06FE1916,"MOTOR CYCLE",6570.00,01/02/2022,"RTA MAHABOOBNAGAR",01/02/2022,02/02/2022
6145091,72991.00,TS06FE1951,"MOTOR CYCLE",6570.00,02/02/2022,"RTA MAHABOOBNAGAR",01/02/2022,02/02/2022
710340,0.00,AP22AE6265,"MOTOR CYCLE",4370.00,02/02/2022,"RTA MAHABOOBNAGAR",01/02/2022,02/02/2022
734678,0.00,AP22L2816,"MOTOR CYCLE",3810.00,02/02/2022,"RTA MAHABOOBNAGAR",01/02/2022,02/02/2022
736611,0.00,AP22L8553,"MOTOR CYCLE",3810.00,01/02/2022,"RTA MAHABOOBNAGAR",01/02/2022,02/02/2022
3019397,52054.00,TS06FE1950,"MOTOR CYCLE",4690.00,02/02/2022,"RTA MAHABOOBNAGAR",01/02/2022,02/02/2022
3119492,51881.00,TS06EZ8716,"MOTOR CYCLE",4670.00,01/02/2022,"RTA MAHABOOBNAGAR",01/02/2022,02/02/2022
3241839,44630.00,TS06FA0995,"MOTOR CYCLE",4020.00,01/02/2022,"RTA MAHABOOBNAGAR",01/02/2022,02/02/2022
3912864,55141.00,TS06FE1973,"MOTOR CYCLE",7720.00,02/02/2022,"RTA MAHABOOBNAGAR",01/02/2022,02/02/2022
5617348,63600.00,TS06FE1903,"MOTOR CYCLE",5730.00,01/02/2022,"RTA MAHABOOBNAGAR",01/02/2022,02/02/2022
4785330,57590.00,TS06FA1353,"MOTOR CYCLE",8070.00,01/02/2022,"RTA MAHABOOBNAGAR",01/02/2022,02/02/2022
6114388,72622.00,TS06FE1934,"MOTOR CYCLE",6540.00,01/02/2022,"RTA MAHABOOBNAGAR",01/02/2022,02/02/2022
6020884,67959.00,TS06FE1968,"MOTOR CYCLE",9520.00,02/02/2022,"RTA MAHABOOBNAGAR",01/02/2022,02/02/2022
6273732,73945.00,TS06FE2001,"MOTOR CYCLE",6660.00,02/02/2022,"RTA MAHABOOBNAGAR",01/02/2022,02/02/2022
6659027,72991.00,TS06FE1907,"MOTOR CYCLE",6570.00,01/02/2022,"RTA MAHABOOBNAGAR",01/02/2022,02/02/2022
6248507,69750.00,TS06FE1987,"MOTOR CYCLE",6280.00,02/02/2022,"RTA MAHABOOBNAGAR",01/02/2022,02/02/2022
6468054,75350.00,TS06FE1976,"MOTOR CYCLE",6790.00,02/02/2022,"RTA MAHABOOBNAGAR",01/02/2022,02/02/2022
6755396,80236.00,TS06FE1949,"MOTOR CYCLE",11240.00,02/02/2022,"RTA MAHABOOBNAGAR",01/02/2022,02/02/2022
6755397,80236.00,TS06FE1977,"MOTOR CYCLE",7230.00,02/02/2022,"RTA MAHABOOBNAGAR",01/02/2022,02/02/2022
6935252,84123.00,TS06FE1909,"MOTOR CYCLE",7580.00,01/02/2022,"RTA MAHABOOBNAGAR",01/02/2022,02/02/2022
7004157,76361.00,TS06FE1960,"MOTOR CYCLE",6880.00,02/02/2022,"RTA MAHABOOBNAGAR",01/02/2022,02/02/2022
7023516,59565.00,TS06FE1904,"MOTOR CYCLE",5370.00,01/02/2022,"RTA MAHABOOBNAGAR",01/02/2022,02/02/2022
7172178,79036.00,TS06FE1928,"MOTOR CYCLE",7120.00,01/02/2022,"RTA MAHABOOBNAGAR",01/02/2022,02/02/2022
7352542,108134.00,TS06FE1981,"MOTOR CYCLE",9740.00,02/02/2022,"RTA MAHABOOBNAGAR",01/02/2022,02/02/2022
7394144,82786.00,TS06FE1914,"MOTOR CYCLE",7460.00,01/02/2022,"RTA MAHABOOBNAGAR",01/02/2022,02/02/2022
6372015,74770.00,TS06FE1965,"MOTOR CYCLE",6730.00,02/02/2022,"RTA MAHABOOBNAGAR",01/02/2022,02/02/2022
6992756,86070.00,TS06FE1935,"MOTOR CYCLE",7750.00,02/02/2022,"RTA MAHABOOBNAGAR",01/02/2022,02/02/2022
6994488,59296.00,TS06FE1961,"MOTOR CYCLE",5340.00,02/02/2022,"RTA MAHABOOBNAGAR",01/02/2022,02/02/2022
6852598,74770.00,TS06FE1966,"MOTOR CYCLE",6730.00,02/02/2022,"RTA MAHABOOBNAGAR",01/02/2022,02/02/2022
6871573,74806.00,TS06FE1957,"MOTOR CYCLE",6740.00,02/02/2022,"RTA MAHABOOBNAGAR",01/02/2022,02/02/2022
7388635,82643.00,TS06FE1908,"MOTOR CYCLE",7440.00,01/02/2022,"RTA MAHABOOBNAGAR",01/02/2022,02/02/2022
7392374,111776.00,TS06FE2026,"MOTOR CYCLE",10060.00,02/02/2022,"RTA MAHABOOBNAGAR",01/02/2022,02/02/2022
7412456,113171.00,TS06FE1947,"MOTOR CYCLE",10190.00,02/02/2022,"RTA MAHABOOBNAGAR",01/02/2022,02/02/2022
7610673,88942.00,TS06FE1953,"MOTOR CYCLE",8010.00,02/02/2022,"RTA MAHABOOBNAGAR",01/02/2022,02/02/2022
6659028,72991.00,TS06FE1942,"MOTOR CYCLE",6570.00,02/02/2022,"RTA MAHABOOBNAGAR",01/02/2022,02/02/2022
7431312,116435.00,TS06FE2003,"MOTOR CYCLE",10480.00,02/02/2022,"RTA MAHABOOBNAGAR",01/02/2022,02/02/2022
7497052,63400.00,TS06FE1948,"MOTOR CYCLE",5710.00,02/02/2022,"RTA MAHABOOBNAGAR",01/02/2022,02/02/2022
7758699,98130.00,TS06FE1941,"MOTOR CYCLE",8840.00,02/02/2022,"RTA MAHABOOBNAGAR",01/02/2022,02/02/2022
7781471,99437.00,TS06FE1922,"MOTOR CYCLE",8950.00,01/02/2022,"RTA MAHABOOBNAGAR",01/02/2022,02/02/2022
7843496,103116.00,TS06FE1910,"MOTOR CYCLE",14440.00,01/02/2022,"RTA MAHABOOBNAGAR",01/02/2022,02/02/2022
7842404,103080.00,TS06FE1917,"MOTOR CYCLE",9280.00,01/02/2022,"RTA MAHABOOBNAGAR",01/02/2022,02/02/2022
7842405,103080.00,TS06FE1985,"MOTOR CYCLE",9280.00,02/02/2022,"RTA MAHABOOBNAGAR",01/02/2022,02/02/2022
8076964,73144.00,TS06FE1975,"MOTOR CYCLE",6590.00,02/02/2022,"RTA MAHABOOBNAGAR",01/02/2022,02/02/2022
7705658,69580.00,TS06FE1988,"MOTOR CYCLE",6270.00,02/02/2022,"RTA MAHABOOBNAGAR",01/02/2022,02/02/2022
7928233,109402.00,TS06FE1959,"MOTOR CYCLE",9850.00,02/02/2022,"RTA MAHABOOBNAGAR",01/02/2022,02/02/2022
8018992,72991.00,TS06FE1896,"MOTOR CYCLE",6570.00,01/02/2022,"RTA MAHABOOBNAGAR",01/02/2022,02/02/2022
8018993,72991.00,TS06FE1969,"MOTOR CYCLE",6570.00,02/02/2022,"RTA MAHABOOBNAGAR",01/02/2022,02/02/2022
8327202,72000.00,TS06FE1906,"MOTOR CYCLE",6480.00,01/02/2022,"RTA MAHABOOBNAGAR",01/02/2022,02/02/2022
8562059,74770.00,TS06FE1937,"MOTOR CYCLE",6730.00,02/02/2022,"RTA MAHABOOBNAGAR",01/02/2022,02/02/2022
8562060,74770.00,TS06FE1967,"MOTOR CYCLE",6730.00,02/02/2022,"RTA MAHABOOBNAGAR",01/02/2022,02/02/2022
8562061,74770.00,TS06FE2005,"MOTOR CYCLE",10470.00,02/02/2022,"RTA MAHABOOBNAGAR",01/02/2022,02/02/2022
7946030,72200.00,TS06FE1952,"MOTOR CYCLE",6500.00,02/02/2022,"RTA MAHABOOBNAGAR",01/02/2022,02/02/2022
5281726,63600.00,TS05FL2419,"MOTOR CYCLE",5730.00,01/02/2022,"RTA NALGONDA",01/02/2022,02/02/2022
5325109,64470.00,TS05FL2483,"MOTOR CYCLE",5810.00,02/02/2022,"RTA NALGONDA",01/02/2022,02/02/2022
811834,0.00,AP24AM6885,"MOTOR CYCLE",3800.00,02/02/2022,"RTA NALGONDA",01/02/2022,02/02/2022
1274814,0.00,AP29Q7253,"MOTOR CAR",25810.00,02/02/2022,"RTA NALGONDA",01/02/2022,02/02/2022
5245955,62870.00,TS05FL2429,"MOTOR CYCLE",5660.00,02/02/2022,"RTA NALGONDA",01/02/2022,02/02/2022
5506498,53266.00,TS05FL2413,"MOTOR CYCLE",4800.00,01/02/2022,"RTA NALGONDA",01/02/2022,02/02/2022
5629447,63808.00,TS05FL2406,"MOTOR CYCLE",5750.00,01/02/2022,"RTA NALGONDA",01/02/2022,02/02/2022
5661762,53841.00,TS05FL2477,"MOTOR CYCLE",4850.00,02/02/2022,"RTA NALGONDA",01/02/2022,02/02/2022
5918172,70920.00,TS05FL3009,"MOTOR CYCLE",6390.00,02/02/2022,"RTA NALGONDA",01/02/2022,02/02/2022
823907,0.00,AP24AR8258,"MOTOR CYCLE",3860.00,02/02/2022,"RTA NALGONDA",01/02/2022,02/02/2022
1611605,33624.00,TS05FE0892,"MOTOR CYCLE",3030.00,01/02/2022,"RTA NALGONDA",01/02/2022,02/02/2022
5979010,71394.00,TS05FL2430,"MOTOR CYCLE",6430.00,02/02/2022,"RTA NALGONDA",01/02/2022,02/02/2022
939370,0.00,AP24AD1580,"MOTOR CYCLE",3460.00,01/02/2022,"RTA NALGONDA",01/02/2022,02/02/2022
2794004,51264.00,TS05FE2082,"MOTOR CYCLE",4620.00,01/02/2022,"RTA NALGONDA",01/02/2022,02/02/2022
5723899,68860.00,TS05FL2490,"MOTOR CYCLE",9650.00,02/02/2022,"RTA NALGONDA",01/02/2022,02/02/2022
5951286,71180.00,TS05FL2423,"MOTOR CYCLE",9970.00,02/02/2022,"RTA NALGONDA",01/02/2022,02/02/2022
5951287,71180.00,TS05FL2431,"MOTOR CYCLE",6410.00,02/02/2022,"RTA NALGONDA",01/02/2022,02/02/2022
6649045,72804.00,TS05FL2447,"MOTOR CYCLE",6560.00,02/02/2022,"RTA NALGONDA",01/02/2022,02/02/2022
6443650,71180.00,TS05FL2411,"MOTOR CYCLE",6410.00,01/02/2022,"RTA NALGONDA",01/02/2022,02/02/2022
6443651,71180.00,TS05FL2678,"MOTOR CYCLE",6410.00,02/02/2022,"RTA NALGONDA",01/02/2022,02/02/2022
6297553,74010.00,TS05FL2403,"MOTOR CYCLE",6670.00,01/02/2022,"RTA NALGONDA",01/02/2022,02/02/2022
7177735,79216.00,TS05FL2496,"MOTOR CYCLE",7130.00,02/02/2022,"RTA NALGONDA",01/02/2022,02/02/2022
7265534,101849.00,TS05FL2500,"MOTOR CYCLE",14260.00,02/02/2022,"RTA NALGONDA",01/02/2022,02/02/2022
7245700,100605.00,TS05FL2453,"MOTOR CYCLE",9060.00,02/02/2022,"RTA NALGONDA",01/02/2022,02/02/2022
7359284,82104.00,TS05FL2420,"MOTOR CYCLE",7390.00,02/02/2022,"RTA NALGONDA",01/02/2022,02/02/2022
6805938,81226.00,TS05FL2504,"MOTOR CYCLE",7320.00,02/02/2022,"RTA NALGONDA",01/02/2022,02/02/2022
6828483,74335.00,TS05FL2394,"MOTOR CYCLE",6700.00,01/02/2022,"RTA NALGONDA",01/02/2022,02/02/2022
6852063,74760.00,TS05FL2487,"MOTOR CYCLE",6730.00,02/02/2022,"RTA NALGONDA",01/02/2022,02/02/2022
6872984,82614.00,TS05FL2465,"MOTOR CYCLE",7440.00,02/02/2022,"RTA NALGONDA",01/02/2022,02/02/2022
7368306,109402.00,TS05FL2435,"MOTOR CYCLE",9850.00,02/02/2022,"RTA NALGONDA",01/02/2022,02/02/2022
7368307,109402.00,TS05FL2482,"MOTOR CYCLE",9850.00,02/02/2022,"RTA NALGONDA",01/02/2022,02/02/2022
7368308,109402.00,TS05FL2484,"MOTOR CYCLE",15320.00,02/02/2022,"RTA NALGONDA",01/02/2022,02/02/2022
7195776,62500.00,TS05FL2485,"MOTOR CYCLE",5630.00,02/02/2022,"RTA NALGONDA",01/02/2022,02/02/2022
7209712,63005.00,TS05FL2468,"MOTOR CYCLE",5680.00,02/02/2022,"RTA NALGONDA",01/02/2022,02/02/2022
7640429,68860.00,TS05FL2401,"MOTOR CYCLE",6200.00,01/02/2022,"RTA NALGONDA",01/02/2022,02/02/2022
7705613,69580.00,TS05FL2717,"MOTOR CYCLE",6270.00,01/02/2022,"RTA NALGONDA",01/02/2022,02/02/2022
7927984,109402.00,TS05FL2451,"MOTOR CYCLE",9850.00,02/02/2022,"RTA NALGONDA",01/02/2022,02/02/2022
7835144,102515.00,TS05FL2433,"MOTOR CYCLE",14360.00,02/02/2022,"RTA NALGONDA",01/02/2022,02/02/2022
7013639,60999.00,TS05FL2407,"MOTOR CYCLE",5490.00,01/02/2022,"RTA NALGONDA",01/02/2022,02/02/2022
7275056,102547.00,TS05FL2398,"MOTOR CYCLE",14360.00,01/02/2022,"RTA NALGONDA",01/02/2022,02/02/2022
7275259,102571.00,TS05FL2556,"MOTOR CYCLE",9240.00,02/02/2022,"RTA NALGONDA",01/02/2022,02/02/2022
7444281,83731.00,TS05FL2476,"MOTOR CYCLE",7540.00,02/02/2022,"RTA NALGONDA",01/02/2022,02/02/2022
7804206,70920.00,TS05FL2472,"MOTOR CYCLE",6390.00,02/02/2022,"RTA NALGONDA",01/02/2022,02/02/2022
7739916,70180.00,TS05FL2422,"MOTOR CYCLE",6320.00,02/02/2022,"RTA NALGONDA",01/02/2022,02/02/2022
7843480,103115.00,TS05FL2404,"MOTOR CYCLE",9290.00,01/02/2022,"RTA NALGONDA",01/02/2022,02/02/2022
7959379,72360.00,TS05FL3373,"MOTOR CYCLE",6520.00,02/02/2022,"RTA NALGONDA",01/02/2022,02/02/2022
8052392,68470.00,TS05FL2488,"MOTOR CYCLE",6170.00,02/02/2022,"RTA NALGONDA",01/02/2022,02/02/2022
7987698,118490.00,TS05FL2460,"MOTOR CYCLE",10670.00,02/02/2022,"RTA NALGONDA",01/02/2022,02/02/2022
8154843,74009.00,TS05FL2467,"MOTOR CYCLE",6670.00,02/02/2022,"RTA NALGONDA",01/02/2022,02/02/2022
7800651,100504.00,TS05FL2395,"MOTOR CYCLE",9050.00,01/02/2022,"RTA NALGONDA",01/02/2022,02/02/2022
7837184,102547.00,TS05FL2400,"MOTOR CYCLE",9230.00,01/02/2022,"RTA NALGONDA",01/02/2022,02/02/2022
7841815,103015.00,TS05FL2474,"MOTOR CYCLE",9280.00,02/02/2022,"RTA NALGONDA",01/02/2022,02/02/2022
8164107,74199.00,TS05FL2473,"MOTOR CYCLE",6680.00,02/02/2022,"RTA NALGONDA",01/02/2022,02/02/2022
7975485,116099.00,TS05FL2405,"MOTOR CYCLE",16260.00,01/02/2022,"RTA NALGONDA",01/02/2022,02/02/2022
8096067,68860.00,TS05FL2410,"MOTOR CYCLE",6200.00,01/02/2022,"RTA NALGONDA",01/02/2022,02/02/2022
8254662,75300.00,TS05FL2412,"MOTOR CYCLE",6780.00,01/02/2022,"RTA NALGONDA",01/02/2022,02/02/2022
8308452,71788.00,TS05FL2497,"MOTOR CYCLE",6470.00,02/02/2022,"RTA NALGONDA",01/02/2022,02/02/2022
8423893,719973.00,TS05FL2464,"MOTOR CAR",86400.00,02/02/2022,"RTA NALGONDA",01/02/2022,02/02/2022
8157499,74050.00,TS05FL2454,"MOTOR CYCLE",6670.00,02/02/2022,"RTA NALGONDA",01/02/2022,02/02/2022
8265109,623281.00,TS05FL2494,"MOTOR CAR",74800.00,02/02/2022,"RTA NALGONDA",01/02/2022,02/02/2022
8736865,83776.00,TS05FL2480,"MOTOR CYCLE",7540.00,02/02/2022,"RTA NALGONDA",01/02/2022,02/02/2022
8136462,73900.00,TS05FL2486,"MOTOR CYCLE",6660.00,02/02/2022,"RTA NALGONDA",01/02/2022,02/02/2022
8507552,78920.00,TS05FL2481,"MOTOR CYCLE",7110.00,02/02/2022,"RTA NALGONDA",01/02/2022,02/02/2022
8575026,876500.00,TS05FL2408,"MOTOR CAR",105180.00,01/02/2022,"RTA NALGONDA",01/02/2022,02/02/2022
9107894,549690.00,TS05FL3060,"MOTOR CAR",65970.00,02/02/2022,"RTA NALGONDA",01/02/2022,02/02/2022
9216901,623948.00,TS05FL2415,"MOTOR CAR",74880.00,01/02/2022,"RTA NALGONDA",01/02/2022,02/02/2022
8970564,443281.00,TS05FL2503,"MOTOR CAR",53200.00,02/02/2022,"RTA NALGONDA",01/02/2022,02/02/2022
9110486,100641.00,TS05FL2409,"MOTOR CYCLE",9060.00,01/02/2022,"RTA NALGONDA",01/02/2022,02/02/2022
9114816,101139.00,TS05FL2397,"MOTOR CYCLE",9110.00,01/02/2022,"RTA NALGONDA",01/02/2022,02/02/2022
9229364,86528.00,TS05FL2459,"MOTOR CYCLE",7790.00,02/02/2022,"RTA NALGONDA",01/02/2022,02/02/2022
8917439,78305.00,TS05FL2489,"MOTOR CYCLE",7050.00,02/02/2022,"RTA NALGONDA",01/02/2022,02/02/2022
9375480,141734.00,TS05FL4908,"MOTOR CYCLE",4260.00,01/02/2022,"RTA NALGONDA",01/02/2022,02/02/2022
9511178,876442.00,TS05FL2705,"MOTOR CAR",105180.00,02/02/2022,"RTA NALGONDA",01/02/2022,02/02/2022
9598847,981275.00,TS05FL2491,"MOTOR CAR",117760.00,02/02/2022,"RTA NALGONDA",01/02/2022,02/02/2022
9624631,119385.00,TS05FL2458,"MOTOR CYCLE",10750.00,02/02/2022,"RTA NALGONDA",01/02/2022,02/02/2022
19611,0.00,AP01AC8872,"MOTOR CYCLE",4640.00,02/02/2022,"RTA ADILABAD",01/02/2022,02/02/2022
20369,0.00,AP01AE3983,"MOTOR CYCLE",3830.00,01/02/2022,"RTA ADILABAD",01/02/2022,02/02/2022
4189574,55580.00,TS01EQ2160,"MOTOR CYCLE",0.00,01/02/2022,"RTA ADILABAD",01/02/2022,02/02/2022
3690226,48300.00,TS01EN4159,"MOTOR CYCLE",4350.00,01/02/2022,"RTA ADILABAD",01/02/2022,02/02/2022
5233831,62500.00,TS01EQ2092,"MOTOR CYCLE",5630.00,01/02/2022,"RTA ADILABAD",01/02/2022,02/02/2022
57811,0.00,AP01H8364,"MOTOR CYCLE",4060.00,01/02/2022,"RTA ADILABAD",01/02/2022,02/02/2022
2433244,49254.00,TS01EQ2105,"MOTOR CYCLE",6900.00,02/02/2022,"RTA ADILABAD",01/02/2022,02/02/2022
5214647,59794.00,TS01EN2531,"MOTOR CYCLE",5390.00,02/02/2022,"RTA ADILABAD",01/02/2022,02/02/2022
34289,0.00,AP01H9257,"MOTOR CYCLE",3860.00,01/02/2022,"RTA ADILABAD",01/02/2022,02/02/2022
35657,0.00,AP01G9226,"MOTOR CYCLE",3860.00,01/02/2022,"RTA ADILABAD",01/02/2022,02/02/2022
36578,0.00,AP01AE6627,"MOTOR CYCLE",4490.00,01/02/2022,"RTA ADILABAD",01/02/2022,02/02/2022
29988,0.00,AP01G7833,"MOTOR CYCLE",3600.00,01/02/2022,"RTA ADILABAD",01/02/2022,02/02/2022
30258,0.00,AP01G8857,"MOTOR CYCLE",3150.00,01/02/2022,"RTA ADILABAD",01/02/2022,02/02/2022
5090627,60880.00,TS01EQ2075,"MOTOR CYCLE",0.00,01/02/2022,"RTA ADILABAD",01/02/2022,02/02/2022
5505554,66649.00,TS01EQ2127,"MOTOR CYCLE",6000.00,02/02/2022,"RTA ADILABAD",01/02/2022,02/02/2022
5728535,68861.00,TS01EQ2089,"MOTOR CYCLE",6200.00,01/02/2022,"RTA ADILABAD",01/02/2022,02/02/2022
6118247,72700.00,TS01EQ2133,"MOTOR CYCLE",10180.00,02/02/2022,"RTA ADILABAD",01/02/2022,02/02/2022
6472895,75508.00,TS01EQ2107,"MOTOR CYCLE",6800.00,01/02/2022,"RTA ADILABAD",01/02/2022,02/02/2022
6337839,70474.00,TS01EQ2104,"MOTOR CYCLE",6350.00,02/02/2022,"RTA ADILABAD",01/02/2022,02/02/2022
6592073,57540.00,TS01EQ2132,"MOTOR CYCLE",8060.00,02/02/2022,"RTA ADILABAD",01/02/2022,02/02/2022
7177717,79213.00,TS01EQ2112,"MOTOR CYCLE",7130.00,02/02/2022,"RTA ADILABAD",01/02/2022,02/02/2022
7357991,82064.00,TS01EQ2095,"MOTOR CYCLE",7390.00,01/02/2022,"RTA ADILABAD",01/02/2022,02/02/2022
7377765,61899.00,TS01EQ2110,"MOTOR CYCLE",5580.00,02/02/2022,"RTA ADILABAD",01/02/2022,02/02/2022
7379085,109900.00,TS01EQ2093,"MOTOR CYCLE",9900.00,01/02/2022,"RTA ADILABAD",01/02/2022,02/02/2022
7380880,110314.00,TS01EQ2131,"MOTOR CYCLE",9930.00,02/02/2022,"RTA ADILABAD",01/02/2022,02/02/2022
7472521,63040.00,TS01EQ2079,"MOTOR CYCLE",5680.00,01/02/2022,"RTA ADILABAD",01/02/2022,02/02/2022
7472522,63040.00,TS01EQ2117,"MOTOR CYCLE",5680.00,02/02/2022,"RTA ADILABAD",01/02/2022,02/02/2022
6939637,84271.00,TS01EQ2084,"MOTOR CYCLE",7590.00,01/02/2022,"RTA ADILABAD",01/02/2022,02/02/2022
7456629,62869.00,TS01EQ2086,"MOTOR CYCLE",5660.00,01/02/2022,"RTA ADILABAD",01/02/2022,02/02/2022
6742887,79871.00,TS01EQ2134,"MOTOR CYCLE",7190.00,02/02/2022,"RTA ADILABAD",01/02/2022,02/02/2022
7002577,76339.00,TS01EQ2102,"MOTOR CYCLE",6880.00,02/02/2022,"RTA ADILABAD",01/02/2022,02/02/2022
7210341,63024.00,TS01EQ2120,"MOTOR CYCLE",5680.00,02/02/2022,"RTA ADILABAD",01/02/2022,02/02/2022
7213377,63127.00,TS01EQ2114,"MOTOR CYCLE",5690.00,02/02/2022,"RTA ADILABAD",01/02/2022,02/02/2022
7438737,83674.00,TS01EQ2135,"MOTOR CYCLE",7540.00,02/02/2022,"RTA ADILABAD",01/02/2022,02/02/2022
7461019,84206.00,TS01EQ2119,"MOTOR CYCLE",7580.00,02/02/2022,"RTA ADILABAD",01/02/2022,02/02/2022
7773979,203480.00,TS01EQ2100,"MOTOR CYCLE",18320.00,02/02/2022,"RTA ADILABAD",01/02/2022,02/02/2022
8177626,74417.00,TS01EQ2125,"MOTOR CYCLE",6700.00,02/02/2022,"RTA ADILABAD",01/02/2022,02/02/2022
8177627,74417.00,TS01EQ2130,"MOTOR CYCLE",6700.00,02/02/2022,"RTA ADILABAD",01/02/2022,02/02/2022
8475843,73593.00,TS01EQ2082,"MOTOR CYCLE",6630.00,01/02/2022,"RTA ADILABAD",01/02/2022,02/02/2022
8475844,73593.00,TS01EQ2094,"MOTOR CYCLE",6630.00,01/02/2022,"RTA ADILABAD",01/02/2022,02/02/2022
8475845,73593.00,TS01EQ2123,"MOTOR CYCLE",6630.00,02/02/2022,"RTA ADILABAD",01/02/2022,02/02/2022
8260179,75508.00,TS01EQ2078,"MOTOR CYCLE",6800.00,01/02/2022,"RTA ADILABAD",01/02/2022,02/02/2022
8260180,75508.00,TS01EQ2081,"MOTOR CYCLE",6800.00,01/02/2022,"RTA ADILABAD",01/02/2022,02/02/2022
8299202,71647.00,TS01EN1838,"MOTOR CYCLE",6450.00,01/02/2022,"RTA ADILABAD",01/02/2022,02/02/2022
8172129,74240.00,TS01EQ2080,"MOTOR CYCLE",0.00,01/02/2022,"RTA ADILABAD",01/02/2022,02/02/2022
8523991,79315.00,TS01EQ2088,"MOTOR CYCLE",7140.00,01/02/2022,"RTA ADILABAD",01/02/2022,02/02/2022
9110607,82370.00,TS01EQ2101,"MOTOR CYCLE",7420.00,02/02/2022,"RTA ADILABAD",01/02/2022,02/02/2022
8095448,68860.00,TS01EQ2096,"MOTOR CYCLE",6200.00,01/02/2022,"RTA ADILABAD",01/02/2022,02/02/2022
8746393,211465.00,TS01EQ2108,"MOTOR CYCLE",19040.00,02/02/2022,"RTA ADILABAD",01/02/2022,02/02/2022
8772185,85089.00,TS01EQ2115,"MOTOR CYCLE",11920.00,02/02/2022,"RTA ADILABAD",01/02/2022,02/02/2022
9005414,80144.00,TS01EQ2129,"MOTOR CYCLE",7220.00,02/02/2022,"RTA ADILABAD",01/02/2022,02/02/2022
9506988,211465.00,TS01EQ2076,"MOTOR CYCLE",19040.00,01/02/2022,"RTA ADILABAD",01/02/2022,02/02/2022
9666732,1065942.00,TS01EQ2777,"MOTOR CAR",149240.00,02/02/2022,"RTA ADILABAD",01/02/2022,02/02/2022
9646813,1019400.00,TS01EQ2106,"MOTOR CAR",142720.00,02/02/2022,"RTA ADILABAD",01/02/2022,02/02/2022
9063806,81168.00,TS01EQ2074,"MOTOR CYCLE",7310.00,01/02/2022,"RTA ADILABAD",01/02/2022,02/02/2022
9468801,100706.00,TS01EQ2098,"MOTOR CYCLE",9070.00,02/02/2022,"RTA ADILABAD",01/02/2022,02/02/2022
9539123,106866.00,TS01EQ2077,"MOTOR CYCLE",9620.00,01/02/2022,"RTA ADILABAD",01/02/2022,02/02/2022
9558601,108637.00,TS01EQ2091,"MOTOR CYCLE",9780.00,01/02/2022,"RTA ADILABAD",01/02/2022,02/02/2022
9690807,132825.00,TS01EQ2116,"MOTOR CYCLE",11960.00,02/02/2022,"RTA ADILABAD",01/02/2022,02/02/2022
9550011,107997.00,TS01EQ2128,"MOTOR CYCLE",9720.00,02/02/2022,"RTA ADILABAD",01/02/2022,02/02/2022
10104799,790000.00,TS01EQ3065,"MOTOR CAR",55300.00,02/02/2022,"RTA ADILABAD",01/02/2022,02/02/2022
10164867,886900.00,TS01EQ2113,"MOTOR CAR",106430.00,02/02/2022,"RTA ADILABAD",01/02/2022,02/02/2022
10356771,1561000.00,TS01EQ2715,"MOTOR CAR",218540.00,01/02/2022,"RTA ADILABAD",01/02/2022,02/02/2022
10219364,980085.00,TS02FG7180,"MOTOR CAR",117620.00,02/02/2022,"RTA KARIMNAGAR",01/02/2022,02/02/2022
9911316,288554.00,AP31CF5886,"MOTOR CAR",34630.00,02/02/2022,"RTA KARIMNAGAR",01/02/2022,02/02/2022
10119730,814000.00,TS02FB7722,"MOTOR CAR",113960.00,02/02/2022,"RTA KARIMNAGAR",01/02/2022,02/02/2022
10101375,785000.00,AP31AN5555,"MOTOR CAR",70650.00,02/02/2022,"RTA KARIMNAGAR",01/02/2022,02/02/2022
9551059,108134.00,TS02FG7114,"MOTOR CYCLE",9740.00,01/02/2022,"RTA KARIMNAGAR",01/02/2022,02/02/2022
9726416,138547.00,TS02FG7121,"MOTOR CYCLE",12470.00,01/02/2022,"RTA KARIMNAGAR",01/02/2022,02/02/2022
9838214,2049800.00,TS02FG8055,"MOTOR CAR",286980.00,02/02/2022,"RTA KARIMNAGAR",01/02/2022,02/02/2022
9504594,210373.00,TS02FG7147,"MOTOR CYCLE",18940.00,02/02/2022,"RTA KARIMNAGAR",01/02/2022,02/02/2022
9886817,222526.00,TS02FG7766,"MOTOR CYCLE",20030.00,01/02/2022,"RTA KARIMNAGAR",01/02/2022,02/02/2022
10130186,589760.00,TS02FG7173,"MOTOR CAR",82570.00,02/02/2022,"RTA KARIMNAGAR",01/02/2022,02/02/2022
8955730,79065.00,TS02FG7150,"MOTOR CYCLE",7120.00,02/02/2022,"RTA KARIMNAGAR",01/02/2022,02/02/2022
9667494,1069000.00,TS02FG7585,"MOTOR CAR",149660.00,02/02/2022,"RTA KARIMNAGAR",01/02/2022,02/02/2022
2717375,50754.00,TS07JA6926,"MOTOR CYCLE",4570.00,01/02/2022,"RTA MEDCHAL",01/02/2022,02/02/2022
2717376,50754.00,TS07JA7048,"MOTOR CYCLE",4570.00,02/02/2022,"RTA MEDCHAL",01/02/2022,02/02/2022
5026151,58521.00,TS07JA7044,"MOTOR CYCLE",5270.00,01/02/2022,"RTA MEDCHAL",01/02/2022,02/02/2022
235822,0.00,AP09BG4643,"MOTOR CYCLE",3650.00,01/02/2022,"RTA MEDCHAL",01/02/2022,02/02/2022
290173,0.00,AP10AP4596,"MOTOR CAR",26710.00,02/02/2022,"RTA MEDCHAL",01/02/2022,02/02/2022
1217857,0.00,AP29BH1924,"MOTOR CAR",36300.00,02/02/2022,"RTA MEDCHAL",01/02/2022,02/02/2022
1220243,0.00,AP29BH9113,"MOTOR CYCLE",4500.00,02/02/2022,"RTA MEDCHAL",01/02/2022,02/02/2022
1240021,0.00,AP29S1688,"MOTOR CYCLE",3660.00,01/02/2022,"RTA MEDCHAL",01/02/2022,02/02/2022
1241394,0.00,AP29S6344,"MOTOR CAR",34280.00,02/02/2022,"RTA MEDCHAL",01/02/2022,02/02/2022
1016792,0.00,AP28AU7125,"MOTOR CYCLE",3720.00,02/02/2022,"RTA MEDCHAL",01/02/2022,02/02/2022
1401459,0.00,AP29BH4015,"MOTOR CAR",43020.00,02/02/2022,"RTA MEDCHAL",01/02/2022,02/02/2022
1428085,0.00,AP29S3440,"MOTOR CYCLE",3860.00,01/02/2022,"RTA MEDCHAL",01/02/2022,02/02/2022
1428102,0.00,AP29S3574,"MOTOR CYCLE",3860.00,02/02/2022,"RTA MEDCHAL",01/02/2022,02/02/2022
1458896,0.00,AP29S1710,"MOTOR CYCLE",3810.00,01/02/2022,"RTA MEDCHAL",01/02/2022,02/02/2022
1459551,0.00,AP29S3034,"MOTOR CYCLE",3670.00,01/02/2022,"RTA MEDCHAL",01/02/2022,02/02/2022
2883528,51338.00,TS07JA7053,"MOTOR CYCLE",4630.00,02/02/2022,"RTA MEDCHAL",01/02/2022,02/02/2022
2883556,51339.00,TS07JA7046,"MOTOR CYCLE",4630.00,02/02/2022,"RTA MEDCHAL",01/02/2022,02/02/2022
2883557,51339.00,TS07JA7152,"MOTOR CYCLE",4630.00,02/02/2022,"RTA MEDCHAL",01/02/2022,02/02/2022
5506542,53266.00,TS07JA7045,"MOTOR CYCLE",4800.00,02/02/2022,"RTA MEDCHAL",01/02/2022,02/02/2022
6051520,68170.00,TS07JA7160,"MOTOR CYCLE",6140.00,02/02/2022,"RTA MEDCHAL",01/02/2022,02/02/2022
6137534,68860.00,TS07JA6898,"MOTOR CYCLE",6200.00,01/02/2022,"RTA MEDCHAL",01/02/2022,02/02/2022
6137535,68860.00,TS07JA7024,"MOTOR CYCLE",6200.00,02/02/2022,"RTA MEDCHAL",01/02/2022,02/02/2022
6137778,68860.00,TS07JH5726,"MOTOR CYCLE",6200.00,01/02/2022,"RTA MEDCHAL",01/02/2022,02/02/2022
144827,0.00,AP09BC3277,"MOTOR CAR",19420.00,01/02/2022,"RTA MEDCHAL",01/02/2022,02/02/2022
1280950,0.00,AP29S3839,"MOTOR CYCLE",4110.00,02/02/2022,"RTA MEDCHAL",01/02/2022,02/02/2022
3636098,53266.00,TS07JA7173,"MOTOR CYCLE",4800.00,01/02/2022,"RTA MEDCHAL",01/02/2022,02/02/2022
5354519,60757.00,TS07JA6953,"MOTOR CYCLE",5470.00,01/02/2022,"RTA MEDCHAL",01/02/2022,02/02/2022
5955510,71225.00,TS07JA9806,"MOTOR CYCLE",6420.00,02/02/2022,"RTA MEDCHAL",01/02/2022,02/02/2022
6157916,73027.00,TS07JA6952,"MOTOR CYCLE",6580.00,01/02/2022,"RTA MEDCHAL",01/02/2022,02/02/2022
6157917,73027.00,TS07JA7010,"MOTOR CYCLE",6580.00,02/02/2022,"RTA MEDCHAL",01/02/2022,02/02/2022
6157918,73027.00,TS07JA7065,"MOTOR CYCLE",10230.00,02/02/2022,"RTA MEDCHAL",01/02/2022,02/02/2022
6157919,73027.00,TS07JA7092,"MOTOR CYCLE",6580.00,02/02/2022,"RTA MEDCHAL",01/02/2022,02/02/2022
6157920,73027.00,TS07JA7149,"MOTOR CYCLE",6580.00,02/02/2022,"RTA MEDCHAL",01/02/2022,02/02/2022
6043689,71999.00,TS07JA7064,"MOTOR CYCLE",0.00,02/02/2022,"RTA MEDCHAL",01/02/2022,02/02/2022
1409034,0.00,AP29M5570,"MOTOR CYCLE",4960.00,01/02/2022,"RTA MEDCHAL",01/02/2022,02/02/2022
1429393,0.00,AP29S6343,"MOTOR CYCLE",3810.00,01/02/2022,"RTA MEDCHAL",01/02/2022,02/02/2022
1447159,0.00,AP29P4075,"MOTOR CYCLE",3740.00,02/02/2022,"RTA MEDCHAL",01/02/2022,02/02/2022
2854541,51066.00,TS07JA7034,"MOTOR CYCLE",4600.00,02/02/2022,"RTA MEDCHAL",01/02/2022,02/02/2022
4778683,52044.00,TS07JA7094,"MOTOR CYCLE",4690.00,01/02/2022,"RTA MEDCHAL",01/02/2022,02/02/2022
5802600,69580.00,TS07JA6881,"MOTOR CYCLE",6270.00,01/02/2022,"RTA MEDCHAL",01/02/2022,02/02/2022
5802601,69580.00,TS07JA7093,"MOTOR CYCLE",6270.00,02/02/2022,"RTA MEDCHAL",01/02/2022,02/02/2022
5965483,71281.00,TS07JA6882,"MOTOR CYCLE",6420.00,01/02/2022,"RTA MEDCHAL",01/02/2022,02/02/2022
5965484,71281.00,TS07JA6930,"MOTOR CYCLE",9980.00,01/02/2022,"RTA MEDCHAL",01/02/2022,02/02/2022
6235592,69580.00,TS07JA6940,"MOTOR CYCLE",6270.00,01/02/2022,"RTA MEDCHAL",01/02/2022,02/02/2022
6053374,68175.00,TS07JH0174,"MOTOR CYCLE",6140.00,01/02/2022,"RTA MEDCHAL",01/02/2022,02/02/2022
6404756,74806.00,TS07JA6927,"MOTOR CYCLE",6740.00,01/02/2022,"RTA MEDCHAL",01/02/2022,02/02/2022
6404757,74806.00,TS07JA7161,"MOTOR CYCLE",6740.00,02/02/2022,"RTA MEDCHAL",01/02/2022,02/02/2022
6450481,71225.00,TS07JA7006,"MOTOR CYCLE",6420.00,02/02/2022,"RTA MEDCHAL",01/02/2022,02/02/2022
6494037,71634.00,TS07JA6890,"MOTOR CYCLE",6450.00,01/02/2022,"RTA MEDCHAL",01/02/2022,02/02/2022
6559877,76850.00,TS07JA7162,"MOTOR CYCLE",6920.00,02/02/2022,"RTA MEDCHAL",01/02/2022,02/02/2022
6668710,73027.00,TS07JA6967,"MOTOR CYCLE",6580.00,01/02/2022,"RTA MEDCHAL",01/02/2022,02/02/2022
6668712,73027.00,TS07JA6986,"MOTOR CYCLE",6580.00,02/02/2022,"RTA MEDCHAL",01/02/2022,02/02/2022
6915670,83776.00,TS07JA7145,"MOTOR CYCLE",7540.00,02/02/2022,"RTA MEDCHAL",01/02/2022,02/02/2022
6916018,83776.00,TS07JF2552,"MOTOR CYCLE",7540.00,02/02/2022,"RTA MEDCHAL",01/02/2022,02/02/2022
7049619,87669.00,TS07JA7147,"MOTOR CYCLE",7900.00,01/02/2022,"RTA MEDCHAL",01/02/2022,02/02/2022
6460115,71281.00,TS07JA7004,"MOTOR CYCLE",6420.00,02/02/2022,"RTA MEDCHAL",01/02/2022,02/02/2022
6759945,80271.00,TS07JD0762,"MOTOR CYCLE",7230.00,01/02/2022,"RTA MEDCHAL",01/02/2022,02/02/2022
6804552,81170.00,TS07JA7142,"MOTOR CYCLE",7310.00,01/02/2022,"RTA MEDCHAL",01/02/2022,02/02/2022
6807320,81271.00,TS07JA6959,"MOTOR CYCLE",7320.00,01/02/2022,"RTA MEDCHAL",01/02/2022,02/02/2022
7006550,76397.00,TS07JA7544,"MOTOR CYCLE",6880.00,02/02/2022,"RTA MEDCHAL",01/02/2022,02/02/2022
7033496,87093.00,TS07JA7958,"MOTOR CYCLE",7840.00,02/02/2022,"RTA MEDCHAL",01/02/2022,02/02/2022
7083451,89592.00,TS07JA7303,"MOTOR CYCLE",8070.00,02/02/2022,"RTA MEDCHAL",01/02/2022,02/02/2022
5991944,67750.00,TS07JA7087,"MOTOR CYCLE",6100.00,02/02/2022,"RTA MEDCHAL",01/02/2022,02/02/2022
6126811,68748.00,TS07JA6963,"MOTOR CYCLE",6190.00,01/02/2022,"RTA MEDCHAL",01/02/2022,02/02/2022
6669586,73027.00,TS07JF1815,"MOTOR CYCLE",6580.00,02/02/2022,"RTA MEDCHAL",01/02/2022,02/02/2022
6669608,73027.00,TS07JH5134,"MOTOR CYCLE",6580.00,01/02/2022,"RTA MEDCHAL",01/02/2022,02/02/2022
6545194,76397.00,TS07JA7116,"MOTOR CYCLE",6880.00,02/02/2022,"RTA MEDCHAL",01/02/2022,02/02/2022
6699695,78800.00,TS07JA8091,"MOTOR CYCLE",7100.00,01/02/2022,"RTA MEDCHAL",01/02/2022,02/02/2022
6992759,86070.00,TS07JA7099,"MOTOR CYCLE",7750.00,02/02/2022,"RTA MEDCHAL",01/02/2022,02/02/2022
6276194,73981.00,TS07JA7450,"MOTOR CYCLE",6660.00,02/02/2022,"RTA MEDCHAL",01/02/2022,02/02/2022
6614329,58400.00,TS07JA7041,"MOTOR CYCLE",8180.00,02/02/2022,"RTA MEDCHAL",01/02/2022,02/02/2022
6616479,72461.00,TS07JA7050,"MOTOR CYCLE",6530.00,02/02/2022,"RTA MEDCHAL",01/02/2022,02/02/2022
6663043,78003.00,TS07JA7037,"MOTOR CYCLE",7030.00,02/02/2022,"RTA MEDCHAL",01/02/2022,02/02/2022
6729810,79601.00,TS07JA6918,"MOTOR CYCLE",11150.00,01/02/2022,"RTA MEDCHAL",01/02/2022,02/02/2022
6729811,79601.00,TS07JA7090,"MOTOR CYCLE",7170.00,02/02/2022,"RTA MEDCHAL",01/02/2022,02/02/2022
6775330,73981.00,TS07JA7439,"MOTOR CYCLE",6660.00,02/02/2022,"RTA MEDCHAL",01/02/2022,02/02/2022
6899599,83313.00,TS07JA7575,"MOTOR CYCLE",11670.00,02/02/2022,"RTA MEDCHAL",01/02/2022,02/02/2022
8755397,84269.00,TS06FE1970,"MOTOR CYCLE",7590.00,01/02/2022,"RTA MAHABOOBNAGAR",01/02/2022,02/02/2022
7764676,197768.00,TS06FE2062,"MOTOR CYCLE",27690.00,02/02/2022,"RTA MAHABOOBNAGAR",01/02/2022,02/02/2022
8140660,73945.00,TS06FE1912,"MOTOR CYCLE",6660.00,01/02/2022,"RTA MAHABOOBNAGAR",01/02/2022,02/02/2022
8275786,75861.00,TS06FE1905,"MOTOR CYCLE",6830.00,01/02/2022,"RTA MAHABOOBNAGAR",01/02/2022,02/02/2022
8275787,75861.00,TS06FE1930,"MOTOR CYCLE",6830.00,01/02/2022,"RTA MAHABOOBNAGAR",01/02/2022,02/02/2022
8733229,83674.00,TS06FE1901,"MOTOR CYCLE",11720.00,01/02/2022,"RTA MAHABOOBNAGAR",01/02/2022,02/02/2022
8822018,86528.00,TS06FE1925,"MOTOR CYCLE",7790.00,01/02/2022,"RTA MAHABOOBNAGAR",01/02/2022,02/02/2022
8492860,73945.00,TS06FE1984,"MOTOR CYCLE",6660.00,02/02/2022,"RTA MAHABOOBNAGAR",01/02/2022,02/02/2022
8692827,82870.00,TS06FE1923,"MOTOR CYCLE",7460.00,01/02/2022,"RTA MAHABOOBNAGAR",01/02/2022,02/02/2022
8787536,275000.00,TS06FE1990,"MOTOR CYCLE",24750.00,02/02/2022,"RTA MAHABOOBNAGAR",01/02/2022,02/02/2022
8847942,86999.00,TS06FE1940,"MOTOR CYCLE",0.00,02/02/2022,"RTA MAHABOOBNAGAR",01/02/2022,02/02/2022
9120449,101626.00,TS06FE2043,"MOTOR CYCLE",9150.00,02/02/2022,"RTA MAHABOOBNAGAR",01/02/2022,02/02/2022
8605282,81170.00,TS06FE1962,"MOTOR CYCLE",7310.00,02/02/2022,"RTA MAHABOOBNAGAR",01/02/2022,02/02/2022
9113824,101050.00,TS06FE2006,"MOTOR CYCLE",9100.00,02/02/2022,"RTA MAHABOOBNAGAR",01/02/2022,02/02/2022
9229945,113171.00,TS06FE1919,"MOTOR CYCLE",10190.00,01/02/2022,"RTA MAHABOOBNAGAR",01/02/2022,02/02/2022
9573810,110752.00,TS06FE1943,"MOTOR CYCLE",15510.00,02/02/2022,"RTA MAHABOOBNAGAR",01/02/2022,02/02/2022
9493776,103080.00,TS06FE1995,"MOTOR CYCLE",9280.00,02/02/2022,"RTA MAHABOOBNAGAR",01/02/2022,02/02/2022
9692658,1125942.00,TS06FE1945,"MOTOR CAR",157640.00,02/02/2022,"RTA MAHABOOBNAGAR",01/02/2022,02/02/2022
9866142,201161.00,TS06FE2063,"MOTOR CYCLE",28170.00,02/02/2022,"RTA MAHABOOBNAGAR",01/02/2022,02/02/2022
9477599,101626.00,TS06FE1913,"MOTOR CYCLE",9150.00,01/02/2022,"RTA MAHABOOBNAGAR",01/02/2022,02/02/2022
9494708,202161.00,TS06FE2061,"MOTOR CYCLE",28310.00,02/02/2022,"RTA MAHABOOBNAGAR",01/02/2022,02/02/2022
9563273,109402.00,TS06FE1921,"MOTOR CYCLE",9850.00,01/02/2022,"RTA MAHABOOBNAGAR",01/02/2022,02/02/2022
9588840,970442.00,TS06FE2882,"MOTOR CAR",116460.00,02/02/2022,"RTA MAHABOOBNAGAR",01/02/2022,02/02/2022
9703508,1151900.00,TS06FE1944,"MOTOR CAR",161270.00,02/02/2022,"RTA MAHABOOBNAGAR",01/02/2022,02/02/2022
9877050,2996751.00,TS06FE1924,"Vehicle Fitted with Construction Equipment",224760.00,01/02/2022,"RTA MAHABOOBNAGAR",01/02/2022,02/02/2022
10496157,1266196.00,TS06FE1939,"MOTOR CAR",0.00,02/02/2022,"RTA MAHABOOBNAGAR",01/02/2022,02/02/2022
9839902,183427.00,TS06FE2059,"MOTOR CYCLE",25680.00,02/02/2022,"RTA MAHABOOBNAGAR",01/02/2022,02/02/2022
9851159,190043.00,TS06FE2060,"MOTOR CYCLE",26610.00,02/02/2022,"RTA MAHABOOBNAGAR",01/02/2022,02/02/2022
10307420,731520.00,TS06FE1982,"MOTOR CAR",87790.00,02/02/2022,"RTA MAHABOOBNAGAR",01/02/2022,02/02/2022
9778713,1467206.00,TS11EW5253,"MOTOR CAR",205410.00,02/02/2022,RTA-HYDERABAD-EZ,01/02/2022,02/02/2022
9869632,204527.00,TS11EW4712,"MOTOR CYCLE",28640.00,01/02/2022,RTA-HYDERABAD-EZ,01/02/2022,02/02/2022
10150630,862975.00,TS11EW4721,"MOTOR CAR",103560.00,02/02/2022,RTA-HYDERABAD-EZ,01/02/2022,02/02/2022
10255610,1029901.00,TS11EW5556,"MOTOR CAR",144190.00,01/02/2022,RTA-HYDERABAD-EZ,01/02/2022,02/02/2022
9531585,255900.00,TS11EW4659,"MOTOR CYCLE",23040.00,01/02/2022,RTA-HYDERABAD-EZ,01/02/2022,02/02/2022
9620582,117959.00,TS11EW5011,"MOTOR CYCLE",10620.00,02/02/2022,RTA-HYDERABAD-EZ,01/02/2022,02/02/2022
9838228,2049800.00,TS08HY1845,"MOTOR CAR",286980.00,01/02/2022,RTA-HYDERABAD-EZ,01/02/2022,02/02/2022
10089918,768000.00,TS11EW6468,"MOTOR CAR",107520.00,01/02/2022,RTA-HYDERABAD-EZ,01/02/2022,02/02/2022
10090824,769000.00,TS11EW4724,"MOTOR CAR",107660.00,02/02/2022,RTA-HYDERABAD-EZ,01/02/2022,02/02/2022
10204516,647224.00,TS11EW4729,"MOTOR CAR",77670.00,02/02/2022,RTA-HYDERABAD-EZ,01/02/2022,02/02/2022
9898127,259146.00,TS11EW4711,"MOTOR CYCLE",23330.00,01/02/2022,RTA-HYDERABAD-EZ,01/02/2022,02/02/2022
10021808,698264.00,TS11EW4667,"MOTOR CAR",83800.00,01/02/2022,RTA-HYDERABAD-EZ,01/02/2022,02/02/2022
9832827,1969900.00,TS11EW4760,"MOTOR CAR",275790.00,02/02/2022,RTA-HYDERABAD-EZ,01/02/2022,02/02/2022
9832971,1978900.00,TS11EW5355,"MOTOR CAR",277050.00,01/02/2022,RTA-HYDERABAD-EZ,01/02/2022,02/02/2022
9610944,116435.00,TS11EW4703,"MOTOR CYCLE",10480.00,02/02/2022,RTA-HYDERABAD-EZ,01/02/2022,02/02/2022
10504217,1368683.00,TS11EW5151,"MOTOR CAR",191620.00,02/02/2022,RTA-HYDERABAD-EZ,01/02/2022,02/02/2022
10542957,2895000.00,TS11EW5555,"MOTOR CAR",405300.00,01/02/2022,RTA-HYDERABAD-EZ,01/02/2022,02/02/2022
10382000,839500.00,TS11UC9440,"Motor Cab",100740.00,01/02/2022,RTA-HYDERABAD-EZ,01/02/2022,02/02/2022
9581976,963022.00,TS11EW4648,"MOTOR CAR",115570.00,01/02/2022,RTA-HYDERABAD-EZ,01/02/2022,02/02/2022
9841494,184374.00,TS11EW4766,"MOTOR CYCLE",25820.00,02/02/2022,RTA-HYDERABAD-EZ,01/02/2022,02/02/2022
9704656,1156500.00,TS11EW4704,"MOTOR CAR",161910.00,02/02/2022,RTA-HYDERABAD-EZ,01/02/2022,02/02/2022
9708319,134945.00,TS11EW4671,"MOTOR CYCLE",12150.00,01/02/2022,RTA-HYDERABAD-EZ,01/02/2022,02/02/2022
9727493,139130.00,TS11EW4741,"MOTOR CYCLE",12530.00,02/02/2022,RTA-HYDERABAD-EZ,01/02/2022,02/02/2022
10247992,1000960.00,TS11EW5508,"MOTOR CAR",140140.00,01/02/2022,RTA-HYDERABAD-EZ,01/02/2022,02/02/2022
9109132,100605.00,TS11EW4640,"MOTOR CYCLE",9060.00,01/02/2022,RTA-HYDERABAD-EZ,01/02/2022,02/02/2022
9619245,997999.00,TS11EW5400,"MOTOR CAR",139720.00,02/02/2022,RTA-HYDERABAD-EZ,01/02/2022,02/02/2022
9151307,105274.00,TS11EW4720,"MOTOR CYCLE",9480.00,02/02/2022,RTA-HYDERABAD-EZ,01/02/2022,02/02/2022
9173678,83776.00,TS11EW4907,"MOTOR CYCLE",7540.00,02/02/2022,RTA-HYDERABAD-EZ,01/02/2022,02/02/2022
9173681,83776.00,TS11EW5104,"MOTOR CYCLE",7540.00,02/02/2022,RTA-HYDERABAD-EZ,01/02/2022,02/02/2022
9423581,774100.00,TS11EW4728,"MOTOR CAR",92900.00,02/02/2022,RTA-HYDERABAD-EZ,01/02/2022,02/02/2022
9472018,101133.00,TS11ET2023,"MOTOR CYCLE",9110.00,02/02/2022,RTA-HYDERABAD-EZ,01/02/2022,02/02/2022
9321493,130500.00,TS11EW5558,"MOTOR CYCLE",18270.00,01/02/2022,RTA-HYDERABAD-EZ,01/02/2022,02/02/2022
9368751,720346.00,TS11EW4632,"MOTOR CAR",100850.00,01/02/2022,RTA-HYDERABAD-EZ,01/02/2022,02/02/2022
9155735,105574.00,TS11EW4742,"MOTOR CYCLE",9510.00,02/02/2022,RTA-HYDERABAD-EZ,01/02/2022,02/02/2022
9016810,80272.00,TS11EW4716,"MOTOR CYCLE",7230.00,02/02/2022,RTA-HYDERABAD-EZ,01/02/2022,02/02/2022
9018035,80296.00,TS11EW4773,"MOTOR CYCLE",7230.00,02/02/2022,RTA-HYDERABAD-EZ,01/02/2022,02/02/2022
9092054,99437.00,TS11EW5062,"MOTOR CYCLE",8950.00,02/02/2022,RTA-HYDERABAD-EZ,01/02/2022,02/02/2022
8922848,1505000.00,TS11EW5599,"MOTOR CAR",210700.00,01/02/2022,RTA-HYDERABAD-EZ,01/02/2022,02/02/2022
8997928,93093.00,TS11EW4709,"MOTOR CYCLE",8380.00,02/02/2022,RTA-HYDERABAD-EZ,01/02/2022,02/02/2022
8673950,82410.00,TS11EW4725,"MOTOR CYCLE",7420.00,02/02/2022,RTA-HYDERABAD-EZ,01/02/2022,02/02/2022
8607269,149700.00,TS11EW4708,"MOTOR CYCLE",20960.00,02/02/2022,RTA-HYDERABAD-EZ,01/02/2022,02/02/2022
8607727,81272.00,TS11EW4882,"MOTOR CYCLE",7320.00,02/02/2022,RTA-HYDERABAD-EZ,01/02/2022,02/02/2022
8739168,83776.00,TS11EW4696,"MOTOR CYCLE",7540.00,02/02/2022,RTA-HYDERABAD-EZ,01/02/2022,02/02/2022
10179706,911500.00,TS02FG7406,"MOTOR CAR",109380.00,02/02/2022,"RTA KARIMNAGAR",01/02/2022,02/02/2022
9562935,109402.00,TS02FG7157,"MOTOR CYCLE",9850.00,02/02/2022,"RTA KARIMNAGAR",01/02/2022,02/02/2022
9978463,401200.00,TS02FG7190,"MOTOR CAR",56170.00,02/02/2022,"RTA KARIMNAGAR",01/02/2022,02/02/2022
10227439,990085.00,TS02FG7178,"MOTOR CAR",118820.00,02/02/2022,"RTA KARIMNAGAR",01/02/2022,02/02/2022
10543206,2955601.00,TS02FG7116,"Vehicle Fitted with Construction Equipment",221680.00,01/02/2022,"RTA KARIMNAGAR",01/02/2022,02/02/2022
9239405,114700.00,TS02FG7118,"MOTOR CYCLE",10330.00,01/02/2022,"RTA KARIMNAGAR",01/02/2022,02/02/2022
9442626,792400.00,TS02FG8010,"MOTOR CAR",95090.00,02/02/2022,"RTA KARIMNAGAR",01/02/2022,02/02/2022
9095221,539825.00,TS02FG7181,"MOTOR CAR",64780.00,02/02/2022,"RTA KARIMNAGAR",01/02/2022,02/02/2022
9317760,129492.00,TS02FG7112,"MOTOR CYCLE",11660.00,01/02/2022,"RTA KARIMNAGAR",01/02/2022,02/02/2022
8761192,222526.00,TS02FG7128,"MOTOR CYCLE",20030.00,01/02/2022,"RTA KARIMNAGAR",01/02/2022,02/02/2022
9100036,82131.00,TS02FG7148,"MOTOR CYCLE",7400.00,01/02/2022,"RTA KARIMNAGAR",01/02/2022,02/02/2022
9191982,109402.00,TS02FG7175,"MOTOR CYCLE",9850.00,02/02/2022,"RTA KARIMNAGAR",01/02/2022,02/02/2022
8749731,999900.00,TS02FG7155,"MOTOR CAR",119990.00,02/02/2022,"RTA KARIMNAGAR",01/02/2022,02/02/2022
8549423,79996.00,TS02FG7168,"MOTOR CYCLE",7200.00,02/02/2022,"RTA KARIMNAGAR",01/02/2022,02/02/2022
8662299,75644.00,TS02FG7156,"MOTOR CYCLE",6810.00,02/02/2022,"RTA KARIMNAGAR",01/02/2022,02/02/2022
9181591,108134.00,TS02FG7303,"MOTOR CYCLE",9740.00,01/02/2022,"RTA KARIMNAGAR",01/02/2022,02/02/2022
8180270,74491.00,TS02FG7133,"MOTOR CYCLE",10430.00,01/02/2022,"RTA KARIMNAGAR",01/02/2022,02/02/2022
8214543,70463.00,TS02FG7270,"MOTOR CYCLE",9870.00,02/02/2022,"RTA KARIMNAGAR",01/02/2022,02/02/2022
8763788,1009100.00,TS02FG7184,"MOTOR CAR",141280.00,02/02/2022,"RTA KARIMNAGAR",01/02/2022,02/02/2022
8855664,77789.00,TS02FG7129,"MOTOR CYCLE",7010.00,01/02/2022,"RTA KARIMNAGAR",01/02/2022,02/02/2022
8095672,68860.00,TS02FG7174,"MOTOR CYCLE",9650.00,02/02/2022,"RTA KARIMNAGAR",01/02/2022,02/02/2022
8458387,73306.00,TS02FG7131,"MOTOR CYCLE",10270.00,01/02/2022,"RTA KARIMNAGAR",01/02/2022,02/02/2022
8482032,73729.00,TS02FG7165,"MOTOR CYCLE",6640.00,02/02/2022,"RTA KARIMNAGAR",01/02/2022,02/02/2022
8555279,80139.00,TS02FG7122,"MOTOR CYCLE",7220.00,01/02/2022,"RTA KARIMNAGAR",01/02/2022,02/02/2022
8724004,76144.00,TS02FG7108,"MOTOR CYCLE",6860.00,01/02/2022,"RTA KARIMNAGAR",01/02/2022,02/02/2022
8123781,73729.00,TS02FG7135,"MOTOR CYCLE",10330.00,01/02/2022,"RTA KARIMNAGAR",01/02/2022,02/02/2022
8477634,770147.00,TS02FG7317,"MOTOR CAR",53920.00,02/02/2022,"RTA KARIMNAGAR",01/02/2022,02/02/2022
8226150,70616.00,TS02FG7252,"MOTOR CYCLE",9890.00,02/02/2022,"RTA KARIMNAGAR",01/02/2022,02/02/2022
8270315,75710.00,TS02FG7137,"MOTOR CYCLE",6820.00,01/02/2022,"RTA KARIMNAGAR",01/02/2022,02/02/2022
8408013,72775.00,TS02FG7256,"MOTOR CYCLE",6550.00,02/02/2022,"RTA KARIMNAGAR",01/02/2022,02/02/2022
7531510,86528.00,TS02FG7153,"MOTOR CYCLE",7790.00,02/02/2022,"RTA KARIMNAGAR",01/02/2022,02/02/2022
7878125,67097.00,TS02FE4339,"MOTOR CYCLE",9400.00,02/02/2022,"RTA KARIMNAGAR",01/02/2022,02/02/2022
7785291,211465.00,TS02FG7169,"MOTOR CYCLE",19040.00,02/02/2022,"RTA KARIMNAGAR",01/02/2022,02/02/2022
7960222,72396.00,TS02FG7160,"MOTOR CYCLE",10140.00,01/02/2022,"RTA KARIMNAGAR",01/02/2022,02/02/2022
7195550,62500.00,TS02FG7145,"MOTOR CYCLE",5630.00,01/02/2022,"RTA KARIMNAGAR",01/02/2022,02/02/2022
6757293,73729.00,TS02FG7141,"MOTOR CYCLE",6640.00,01/02/2022,"RTA KARIMNAGAR",01/02/2022,02/02/2022
7274582,102547.00,TS02FG7167,"MOTOR CYCLE",9230.00,02/02/2022,"RTA KARIMNAGAR",01/02/2022,02/02/2022
7847590,71355.00,TS02FG7185,"MOTOR CYCLE",6430.00,02/02/2022,"RTA KARIMNAGAR",01/02/2022,02/02/2022
8000245,72774.00,TS02FG7126,"MOTOR CYCLE",6550.00,01/02/2022,"RTA KARIMNAGAR",01/02/2022,02/02/2022
6765728,80350.00,TS02FG7154,"MOTOR CYCLE",11250.00,02/02/2022,"RTA KARIMNAGAR",01/02/2022,02/02/2022
6837183,74553.00,TS02FG7170,"MOTOR CYCLE",6710.00,02/02/2022,"RTA KARIMNAGAR",01/02/2022,02/02/2022
7055674,88145.00,TS02FG7159,"MOTOR CYCLE",12350.00,02/02/2022,"RTA KARIMNAGAR",01/02/2022,02/02/2022
7137634,61933.00,TS02FG7151,"MOTOR CYCLE",5580.00,02/02/2022,"RTA KARIMNAGAR",01/02/2022,02/02/2022
6649747,77719.00,TS02FG7127,"MOTOR CYCLE",7000.00,01/02/2022,"RTA KARIMNAGAR",01/02/2022,02/02/2022
7504888,67210.00,TS02FG7389,"MOTOR CYCLE",6050.00,01/02/2022,"RTA KARIMNAGAR",01/02/2022,02/02/2022
5897083,55580.00,TS02FG7161,"MOTOR CYCLE",0.00,02/02/2022,"RTA KARIMNAGAR",01/02/2022,02/02/2022
6302703,74059.00,TS02FG7189,"MOTOR CYCLE",6670.00,02/02/2022,"RTA KARIMNAGAR",01/02/2022,02/02/2022
6695316,78692.00,TS02FG7140,"MOTOR CYCLE",7090.00,01/02/2022,"RTA KARIMNAGAR",01/02/2022,02/02/2022
6718354,73292.00,TS02FG7136,"MOTOR CYCLE",6600.00,01/02/2022,"RTA KARIMNAGAR",01/02/2022,02/02/2022
6402639,70920.00,TS02FG7132,"MOTOR CYCLE",6390.00,01/02/2022,"RTA KARIMNAGAR",01/02/2022,02/02/2022
5715792,64698.00,TS02FG7192,"MOTOR CYCLE",5830.00,02/02/2022,"RTA KARIMNAGAR",01/02/2022,02/02/2022
5666041,68407.00,TS02FG7110,"MOTOR CYCLE",6160.00,01/02/2022,"RTA KARIMNAGAR",01/02/2022,02/02/2022
5293823,52650.00,TS02FA6048,"MOTOR CYCLE",4740.00,01/02/2022,"RTA KARIMNAGAR",01/02/2022,02/02/2022
584177,0.00,AP15AY9188,"MOTOR CYCLE",5850.00,01/02/2022,"RTA KARIMNAGAR",01/02/2022,02/02/2022
1057293,0.00,AP28BF7381,"MOTOR CAR",17600.00,02/02/2022,"RTA KARIMNAGAR",01/02/2022,02/02/2022
5617064,63600.00,TS02FG7144,"MOTOR CYCLE",5730.00,01/02/2022,"RTA KARIMNAGAR",01/02/2022,02/02/2022
5817612,69928.00,TS02FG7149,"MOTOR CYCLE",6300.00,02/02/2022,"RTA KARIMNAGAR",01/02/2022,02/02/2022
6158688,56012.00,TS02FG7163,"MOTOR CYCLE",5050.00,02/02/2022,"RTA KARIMNAGAR",01/02/2022,02/02/2022
4131294,49754.00,TS02FG7182,"MOTOR CYCLE",6970.00,02/02/2022,"RTA KARIMNAGAR",01/02/2022,02/02/2022
4982078,52044.00,TS02FG7188,"MOTOR CYCLE",4690.00,02/02/2022,"RTA KARIMNAGAR",01/02/2022,02/02/2022
5402569,65640.00,TS02FG7164,"MOTOR CYCLE",0.00,02/02/2022,"RTA KARIMNAGAR",01/02/2022,02/02/2022
5402570,65640.00,TS02FG7183,"MOTOR CYCLE",0.00,02/02/2022,"RTA KARIMNAGAR",01/02/2022,02/02/2022
6129175,68776.00,TS02FG7849,"MOTOR CYCLE",6190.00,02/02/2022,"RTA KARIMNAGAR",01/02/2022,02/02/2022
559351,0.00,AP15AQ5359,"MOTOR CYCLE",3460.00,01/02/2022,"RTA KARIMNAGAR",01/02/2022,02/02/2022
560657,0.00,AP15BD8696,"MOTOR CYCLE",4410.00,02/02/2022,"RTA KARIMNAGAR",01/02/2022,02/02/2022
601703,0.00,AP15BE8427,"MOTOR CYCLE",6620.00,02/02/2022,"RTA KARIMNAGAR",01/02/2022,02/02/2022
622416,0.00,AP15AM8334,"MOTOR CYCLE",3680.00,02/02/2022,"RTA KARIMNAGAR",01/02/2022,02/02/2022
5281680,63600.00,TS02FG7146,"MOTOR CYCLE",5730.00,02/02/2022,"RTA KARIMNAGAR",01/02/2022,02/02/2022
5281681,63600.00,TS02FG7162,"MOTOR CYCLE",5730.00,02/02/2022,"RTA KARIMNAGAR",01/02/2022,02/02/2022
3700714,54239.00,TS02FG7138,"MOTOR CYCLE",4890.00,01/02/2022,"RTA KARIMNAGAR",01/02/2022,02/02/2022
614510,0.00,AP15AE3722,"MOTOR CYCLE",2020.00,02/02/2022,"RTA KARIMNAGAR",01/02/2022,02/02/2022
495107,0.00,AP15AA1949,"MOTOR CYCLE",3320.00,01/02/2022,"RTA KARIMNAGAR",01/02/2022,02/02/2022
519104,0.00,AP15AL6410,"MOTOR CYCLE",3460.00,02/02/2022,"RTA KARIMNAGAR",01/02/2022,02/02/2022
5639397,68032.00,TS02FG7125,"MOTOR CYCLE",6130.00,01/02/2022,"RTA KARIMNAGAR",01/02/2022,02/02/2022
9715481,459320.00,TS05FL3141,"MOTOR CAR",64310.00,02/02/2022,"RTA NALGONDA",01/02/2022,02/02/2022
8951168,429681.00,TS05FL2502,"MOTOR CAR",60160.00,02/02/2022,"RTA NALGONDA",01/02/2022,02/02/2022
9124172,82647.00,TS05FL2390,"MOTOR CYCLE",7440.00,01/02/2022,"RTA NALGONDA",01/02/2022,02/02/2022
9168660,83674.00,TS05FL2434,"MOTOR CYCLE",7540.00,02/02/2022,"RTA NALGONDA",01/02/2022,02/02/2022
9192191,109402.00,TS05FL2393,"MOTOR CYCLE",9850.00,01/02/2022,"RTA NALGONDA",01/02/2022,02/02/2022
9563120,109402.00,TS05FL2498,"MOTOR CYCLE",9850.00,02/02/2022,"RTA NALGONDA",01/02/2022,02/02/2022
9717714,1199000.00,TS05FL3389,"MOTOR CAR",167860.00,02/02/2022,"RTA NALGONDA",01/02/2022,02/02/2022
9482698,833281.00,TS05FL2506,"MOTOR CAR",100000.00,02/02/2022,"RTA NALGONDA",01/02/2022,02/02/2022
9524042,105574.00,TS05FL2493,"MOTOR CYCLE",9510.00,02/02/2022,"RTA NALGONDA",01/02/2022,02/02/2022
9594800,113171.00,TS05FL3099,"MOTOR CYCLE",10190.00,02/02/2022,"RTA NALGONDA",01/02/2022,02/02/2022
9399639,96589.00,TS05FL2441,"MOTOR CYCLE",8700.00,02/02/2022,"RTA NALGONDA",01/02/2022,02/02/2022
9422745,163549.00,TS05FL2399,"MOTOR CYCLE",0.00,01/02/2022,"RTA NALGONDA",01/02/2022,02/02/2022
9650243,1029900.00,TS05FL2446,"MOTOR CAR",144190.00,02/02/2022,"RTA NALGONDA",01/02/2022,02/02/2022
10201740,645000.00,TS12ET8089,"MOTOR CAR",45150.00,01/02/2022,"RTA NALGONDA",01/02/2022,02/02/2022
10025606,464268.00,AP16AT5004,"MOTOR CAR",27860.00,01/02/2022,"RTA NALGONDA",01/02/2022,02/02/2022
10326488,1331500.00,TS05FL2495,"MOTOR CAR",186410.00,02/02/2022,"RTA NALGONDA",01/02/2022,02/02/2022
10462429,999999.00,TS05EP0333,"MOTOR CAR",120000.00,02/02/2022,"RTA NALGONDA",01/02/2022,02/02/2022
10486294,1169000.00,TS05FL2316,"MOTOR CAR",163660.00,01/02/2022,"RTA NALGONDA",01/02/2022,02/02/2022
10507930,1416682.00,TS07JB7000,"MOTOR CAR",198340.00,02/02/2022,"RTA RANGAREDDY",01/02/2022,02/02/2022
10305208,729000.00,TS07JB6677,"MOTOR CAR",87480.00,02/02/2022,"RTA RANGAREDDY",01/02/2022,02/02/2022
10413906,3299000.00,TS07JB6868,"MOTOR CAR",461860.00,02/02/2022,"RTA RANGAREDDY",01/02/2022,02/02/2022
9825086,1854800.00,TS07JB6417,"MOTOR CAR",259680.00,01/02/2022,"RTA RANGAREDDY",01/02/2022,02/02/2022
9848119,571000.00,TS07JC2446,"MOTOR CAR",68520.00,02/02/2022,"RTA RANGAREDDY",01/02/2022,02/02/2022
9849335,188945.00,TS07JB6617,"MOTOR CYCLE",17010.00,02/02/2022,"RTA RANGAREDDY",01/02/2022,02/02/2022
9868276,203439.00,TS07JB6421,"MOTOR CYCLE",28490.00,01/02/2022,"RTA RANGAREDDY",01/02/2022,02/02/2022
10035308,709000.00,TS07JB6292,"MOTOR CAR",85080.00,01/02/2022,"RTA RANGAREDDY",01/02/2022,02/02/2022
10099337,782000.00,TS07JB6405,"MOTOR CAR",109480.00,01/02/2022,"RTA RANGAREDDY",01/02/2022,02/02/2022
10099338,782000.00,TS07JB6424,"MOTOR CAR",93840.00,01/02/2022,"RTA RANGAREDDY",01/02/2022,02/02/2022
10216150,656000.00,TS07JB8049,"MOTOR CAR",78720.00,02/02/2022,"RTA RANGAREDDY",01/02/2022,02/02/2022
10284318,711000.00,TS07JB6690,"MOTOR CAR",99540.00,02/02/2022,"RTA RANGAREDDY",01/02/2022,02/02/2022
10330738,1359000.00,TS07JB6304,"MOTOR CAR",190260.00,01/02/2022,"RTA RANGAREDDY",01/02/2022,02/02/2022
10356224,1555000.00,TS07JB6623,"MOTOR CAR",217700.00,02/02/2022,"RTA RANGAREDDY",01/02/2022,02/02/2022
10375096,1825028.00,TS07JB6716,"MOTOR CAR",255510.00,02/02/2022,"RTA RANGAREDDY",01/02/2022,02/02/2022
10441863,962000.00,TS07JB6458,"MOTOR CAR",115440.00,01/02/2022,"RTA RANGAREDDY",01/02/2022,02/02/2022
10443000,966014.00,TS07JB6446,"MOTOR CAR",115930.00,01/02/2022,"RTA RANGAREDDY",01/02/2022,02/02/2022
10380029,1927800.00,TS07JB6394,"MOTOR CAR",269900.00,01/02/2022,"RTA RANGAREDDY",01/02/2022,02/02/2022
10400337,2508500.00,TS07JB6678,"MOTOR CAR",351190.00,02/02/2022,"RTA RANGAREDDY",01/02/2022,02/02/2022
10488071,1184456.00,TS07JB6591,"MOTOR CAR",165830.00,02/02/2022,"RTA RANGAREDDY",01/02/2022,02/02/2022
10492553,1230000.00,TS07JB6389,"MOTOR CAR",172200.00,01/02/2022,"RTA RANGAREDDY",01/02/2022,02/02/2022
10533125,2129000.00,TS07JB6403,"MOTOR CAR",298060.00,01/02/2022,"RTA RANGAREDDY",01/02/2022,02/02/2022
10543332,2955601.00,TS31H0527,"Vehicle Fitted with Construction Equipment",221680.00,01/02/2022,"RTA RANGAREDDY",01/02/2022,02/02/2022
10545206,3203996.00,TS07JB7420,"Vehicle Fitted with Construction Equipment",240300.00,02/02/2022,"RTA RANGAREDDY",01/02/2022,02/02/2022
10545691,3294000.00,TS07JB6400,"MOTOR CAR",461160.00,01/02/2022,"RTA RANGAREDDY",01/02/2022,02/02/2022
10545852,3323000.00,TS07JB6327,"MOTOR CAR",465220.00,01/02/2022,"RTA RANGAREDDY",01/02/2022,02/02/2022
10449710,984000.00,TS07JB6329,"MOTOR CAR",137760.00,01/02/2022,"RTA RANGAREDDY",01/02/2022,02/02/2022
10477768,1102218.00,TS07JB6500,"MOTOR CAR",154320.00,02/02/2022,"RTA RANGAREDDY",01/02/2022,02/02/2022
10481594,1129510.00,TS07JB7709,"Omnibus for Private Use",101660.00,02/02/2022,"RTA RANGAREDDY",01/02/2022,02/02/2022
10501250,1329000.00,TS07JB6786,"MOTOR CAR",186060.00,02/02/2022,"RTA RANGAREDDY",01/02/2022,02/02/2022
10523561,1772800.00,TS07JB6509,"MOTOR CAR",248200.00,02/02/2022,"RTA RANGAREDDY",01/02/2022,02/02/2022
10523932,1785000.00,TS07JB6556,"MOTOR CAR",249900.00,02/02/2022,"RTA RANGAREDDY",01/02/2022,02/02/2022
10524045,1785900.00,TS07JB6587,"MOTOR CAR",250030.00,02/02/2022,"RTA RANGAREDDY",01/02/2022,02/02/2022
10520273,1683000.00,TS07JB6642,"MOTOR CAR",235620.00,02/02/2022,"RTA RANGAREDDY",01/02/2022,02/02/2022
10538764,2499000.00,TS07JB6534,"MOTOR CAR",349860.00,02/02/2022,"RTA RANGAREDDY",01/02/2022,02/02/2022
10539821,2559000.00,TS07JB6633,"MOTOR CAR",358260.00,02/02/2022,"RTA RANGAREDDY",01/02/2022,02/02/2022
10293386,718000.00,TS07JB6596,"MOTOR CAR",100520.00,02/02/2022,"RTA RANGAREDDY",01/02/2022,02/02/2022
