year,month,division,section,applied,approved,category
2016,8,1,AZAMPURA,29,28,INDIVIDUAL/DOMESTIC
2016,8,1,BAHADURPURA,225,223,INDIVIDUAL/DOMESTIC
2016,8,1,BAHADURPURA,2,2,"NON REVENUE CONNECTIONS"
2016,8,1,"CHANUDLAL BHARADARI",25,23,INDIVIDUAL/DOMESTIC
2016,8,1,"DARUL SHIFA",13,12,INDIVIDUAL/DOMESTIC
2016,8,1,"DHOOD BOWLI",50,48,INDIVIDUAL/DOMESTIC
2016,8,1,"KISHAN BAGH",2,0,INDIVIDUAL/DOMESTIC
2016,8,1,M.R.G.FILTERS,95,84,INDIVIDUAL/DOMESTIC
2016,8,1,MISRIGUNJ,19,19,INDIVIDUAL/DOMESTIC
2016,8,1,MOGHULPURA,13,9,INDIVIDUAL/DOMESTIC
2016,8,1,PATHERGATTI,7,4,INDIVIDUAL/DOMESTIC
2016,8,2,ALIABAD,99,87,INDIVIDUAL/DOMESTIC
2016,8,2,ASMANGARH,74,61,INDIVIDUAL/DOMESTIC
2016,8,2,ASMANGARH,4,1,"MULTI STORIED BUILDING"
2016,8,2,BALAPUR,83,65,INDIVIDUAL/DOMESTIC
2016,8,2,"BANDLAGUDA  (DIV 2)",3,1,INDIVIDUAL/DOMESTIC
2016,8,2,CHANCHALGUDA,23,14,INDIVIDUAL/DOMESTIC
2016,8,2,GOWLIPURA,108,97,INDIVIDUAL/DOMESTIC
2016,8,2,GOWLIPURA,1,0,"NON REVENUE CONNECTIONS"
2016,8,2,JAHANUMA,33,28,INDIVIDUAL/DOMESTIC
2016,8,2,MADANNAPET,12,12,INDIVIDUAL/DOMESTIC
2016,8,2,MALAKPET,36,22,INDIVIDUAL/DOMESTIC
2016,8,2,MALAKPET,1,0,"MULTI STORIED BUILDING"
2016,8,2,MOOSARAMBAGH,18,14,INDIVIDUAL/DOMESTIC
2016,8,2,MYSARAM,521,502,INDIVIDUAL/DOMESTIC
2016,8,2,SALEEMNAGAR,3,2,INDIVIDUAL/DOMESTIC
2016,8,2,SANTOSHNAGAR,87,78,INDIVIDUAL/DOMESTIC
2016,8,2,SANTOSHNAGAR,2,2,"MULTI STORIED BUILDING"
2016,8,2,YAKATPURA,51,48,INDIVIDUAL/DOMESTIC
2016,8,3,"AHMED NAGAR",103,82,INDIVIDUAL/DOMESTIC
2016,8,3,"CHINTAL BASTHI",3,1,INDIVIDUAL/DOMESTIC
2016,8,3,GOLCONDA,70,37,INDIVIDUAL/DOMESTIC
2016,8,3,"KAKATIYA NAGAR",16,15,INDIVIDUAL/DOMESTIC
2016,8,3,KARWAN,58,43,INDIVIDUAL/DOMESTIC
2016,8,3,MEHIDIPATNAM,98,79,INDIVIDUAL/DOMESTIC
2016,8,3,MEHIDIPATNAM,1,1,"MULTI STORIED BUILDING"
2016,8,3,"OLD MALLEPALLY",47,29,INDIVIDUAL/DOMESTIC
2016,8,3,SHAIKPET,105,57,INDIVIDUAL/DOMESTIC
2016,8,3,SHAIKPET,1,1,"MULTI STORIED BUILDING"
2016,8,3,"TOLI CHOWK",13,4,INDIVIDUAL/DOMESTIC
2016,8,3,"TOLI CHOWK",2,0,"MULTI STORIED BUILDING"
2016,8,3,"VIJAYNAGAR COLONY",43,27,INDIVIDUAL/DOMESTIC
2016,8,3,"VIJAYNAGAR COLONY",1,1,"MULTI STORIED BUILDING"
2016,8,4,ALLABANDA,22,11,INDIVIDUAL/DOMESTIC
2016,8,4,BOGULKUNTA,1,1,INDIVIDUAL/DOMESTIC
2016,8,4,GODE-KI-KABAR,95,85,INDIVIDUAL/DOMESTIC
2016,8,4,GOWLIGUDA,36,29,INDIVIDUAL/DOMESTIC
2016,8,4,GUNFOUNDRY,9,9,INDIVIDUAL/DOMESTIC
2016,8,4,"HINDI NAGAR",4,2,INDIVIDUAL/DOMESTIC
2016,8,4,"RED HILLS HIGH LEVEL",22,11,INDIVIDUAL/DOMESTIC
2016,8,4,"RED HILLS HIGH LEVEL",1,1,"MULTI STORIED BUILDING"
2016,8,4,"RED HILLS LOW LEVEL",53,47,INDIVIDUAL/DOMESTIC
2016,8,4,"SULTAN BAZAR",3,1,INDIVIDUAL/DOMESTIC
2016,8,4,"SULTAN BAZAR",2,0,"MULTI STORIED BUILDING"
2016,8,4,ZIAGUDA,20,4,INDIVIDUAL/DOMESTIC
2016,8,5,"ADIKMET DMA-1",16,14,INDIVIDUAL/DOMESTIC
2016,8,5,"ADIKMET DMA-1",1,0,"MULTI STORIED BUILDING"
2016,8,5,"ADIKMET DMA-2",2,2,INDIVIDUAL/DOMESTIC
2016,8,5,AZAMABAD,21,9,INDIVIDUAL/DOMESTIC
2016,8,5,"BAGH LINGAMPALLY",132,118,INDIVIDUAL/DOMESTIC
2016,8,5,BARKATPURA,18,15,INDIVIDUAL/DOMESTIC
2016,8,5,BARKATPURA,1,0,"MULTI STORIED BUILDING"
2016,8,5,"BOATS CLUB",10,5,INDIVIDUAL/DOMESTIC
2016,8,5,"BOATS CLUB",1,1,"MULTI STORIED BUILDING"
2016,8,5,DOMALGUDA,11,10,INDIVIDUAL/DOMESTIC
2016,8,5,GANDHINAGAR,21,18,INDIVIDUAL/DOMESTIC
2016,8,5,GANDHINAGAR,2,1,"MULTI STORIED BUILDING"
2016,8,5,MUSHEERABAD,24,17,INDIVIDUAL/DOMESTIC
2016,8,5,MUSHEERABAD,1,0,"NON REVENUE CONNECTIONS"
2016,8,5,NARAYANGUDA,30,22,INDIVIDUAL/DOMESTIC
2016,8,5,"RAMANTHAPUR (DIV 5)",25,19,INDIVIDUAL/DOMESTIC
2016,8,5,SHIVAM,17,9,INDIVIDUAL/DOMESTIC
2016,8,5,VIGYANPURI,48,43,INDIVIDUAL/DOMESTIC
2016,8,6,"BANJARA HILLS",49,36,INDIVIDUAL/DOMESTIC
2016,8,6,"BANJARA HILLS",8,2,"MULTI STORIED BUILDING"
2016,8,6,BORABANDA,9,7,INDIVIDUAL/DOMESTIC
2016,8,6,ERRAGADDA,31,27,INDIVIDUAL/DOMESTIC
2016,8,6,FATHENAGAR,28,17,INDIVIDUAL/DOMESTIC
2016,8,6,FATHENAGAR,1,0,"MULTI STORIED BUILDING"
2016,8,6,"JUBILEE HILLS",155,136,INDIVIDUAL/DOMESTIC
2016,8,6,"JUBILEE HILLS",5,3,"MULTI STORIED BUILDING"
2016,8,6,"S.P.R HILLS",57,54,INDIVIDUAL/DOMESTIC
2016,8,6,S.R.NAGAR,24,9,INDIVIDUAL/DOMESTIC
2016,8,6,SOMAJIGUDA,15,9,INDIVIDUAL/DOMESTIC
2016,8,6,THATTIKHANA,82,76,INDIVIDUAL/DOMESTIC
2016,8,6,THATTIKHANA,4,1,"MULTI STORIED BUILDING"
2016,8,6,VENGALRAONAGAR,19,16,INDIVIDUAL/DOMESTIC
2016,8,6,YELLAREDDYGUDA,34,26,INDIVIDUAL/DOMESTIC
2016,8,6,YELLAREDDYGUDA,4,2,"MULTI STORIED BUILDING"
2016,8,7,BOIGUDA,25,20,INDIVIDUAL/DOMESTIC
2016,8,7,HUSSAINSAGAR,15,9,INDIVIDUAL/DOMESTIC
2016,8,7,LALAPET,15,14,INDIVIDUAL/DOMESTIC
2016,8,7,MARREDPALLY,34,28,INDIVIDUAL/DOMESTIC
2016,8,7,MARREDPALLY,3,2,"MULTI STORIED BUILDING"
2016,8,7,METTUGUDA,44,42,INDIVIDUAL/DOMESTIC
2016,8,7,NALLAGUTTA,10,8,INDIVIDUAL/DOMESTIC
2016,8,7,PRAKASHNAGAR,56,51,INDIVIDUAL/DOMESTIC
2016,8,7,PRAKASHNAGAR,1,0,"MULTI STORIED BUILDING"
2016,8,7,PRAKASHNAGAR,1,0,"NON REVENUE CONNECTIONS"
2016,8,7,SEETHAPALMANDI,3,3,INDIVIDUAL/DOMESTIC
2016,8,7,"SRINIVAS NAGAR",19,17,INDIVIDUAL/DOMESTIC
2016,8,7,"SRINIVAS NAGAR",1,0,"MULTI STORIED BUILDING"
2016,8,7,TARNAKA,82,71,INDIVIDUAL/DOMESTIC
2016,8,7,TARNAKA,1,0,"MULTI STORIED BUILDING"
2016,8,7,VIJAYAPURI,1,1,INDIVIDUAL/DOMESTIC
2016,8,8,"PATHANCHERU 832",2,0,INDIVIDUAL/DOMESTIC
2016,8,9,"BALAJINAGAR (DIV 9)",2,2,INDIVIDUAL/DOMESTIC
2016,8,9,"BALAJINAGAR (DIV 9)",7,0,"MULTI STORIED BUILDING"
2016,8,9,BALANAGAR,64,48,INDIVIDUAL/DOMESTIC
2016,8,9,BHAGYANAGAR,89,71,INDIVIDUAL/DOMESTIC
2016,8,9,BHAGYANAGAR,12,10,"MULTI STORIED BUILDING"
2016,8,9,"GAYATRI NAGAR",2,0,INDIVIDUAL/DOMESTIC
2016,8,9,HASMATHPET,43,34,INDIVIDUAL/DOMESTIC
2016,8,9,HASMATHPET,3,2,"MULTI STORIED BUILDING"
2016,8,9,KPHB,24,20,INDIVIDUAL/DOMESTIC
2016,8,9,KUKATPALLY,4,3,INDIVIDUAL/DOMESTIC
2016,8,9,MOOSAPET,569,550,INDIVIDUAL/DOMESTIC
2016,8,9,MOOSAPET,2,1,"MULTI STORIED BUILDING"
2016,8,9,"MOTI NAGAR",1,1,INDIVIDUAL/DOMESTIC
2016,8,9,"VIVEKANANDA NAGAR",4,1,INDIVIDUAL/DOMESTIC
2016,8,10,ALKAPURI,38,30,INDIVIDUAL/DOMESTIC
2016,8,10,ALKAPURI,2,1,"MULTI STORIED BUILDING"
2016,8,10,DILSHUKNAGAR,17,10,INDIVIDUAL/DOMESTIC
2016,8,10,DILSHUKNAGAR,3,1,"MULTI STORIED BUILDING"
2016,8,10,SAROORNAGAR,28,19,INDIVIDUAL/DOMESTIC
2016,8,10,SAROORNAGAR,6,1,"MULTI STORIED BUILDING"
2016,8,10,"VAISHALINAGAR (DIV 10)",49,42,INDIVIDUAL/DOMESTIC
2016,8,10,"VANASTHALIPURAM (DIV 10)",3,2,INDIVIDUAL/DOMESTIC
2016,8,11,SANATNAGAR-OLD,1,0,BULK
2016,8,12,ADARSHNAGAR,188,117,INDIVIDUAL/DOMESTIC
2016,8,12,CHINTAL,147,109,INDIVIDUAL/DOMESTIC
2016,8,12,CHINTAL,7,4,"MULTI STORIED BUILDING"
2016,8,12,JEEDIMETLA,3,0,BULK
2016,8,12,JEEDIMETLA,196,171,INDIVIDUAL/DOMESTIC
2016,8,12,JEEDIMETLA,3,0,"MULTI STORIED BUILDING"
2016,8,12,SHAPOORNAGAR,182,140,INDIVIDUAL/DOMESTIC
2016,8,12,SHAPOORNAGAR,7,0,"MULTI STORIED BUILDING"
2016,8,12,SURARAM,3,3,INDIVIDUAL/DOMESTIC
2016,8,13,"ALWAL (Div13)",101,69,INDIVIDUAL/DOMESTIC
2016,8,13,"ALWAL (Div13)",2,2,"MULTI STORIED BUILDING"
2016,8,13,CHANUKYAPURI,87,74,INDIVIDUAL/DOMESTIC
2016,8,13,CHANUKYAPURI,6,2,"MULTI STORIED BUILDING"
2016,8,13,"DEFENCE COLONY",217,195,INDIVIDUAL/DOMESTIC
2016,8,13,"DEFENCE COLONY",3,2,"MULTI STORIED BUILDING"
2016,8,13,"FATHER BALAIAHNAGAR (Div13)",35,28,INDIVIDUAL/DOMESTIC
2016,8,13,"FATHER BALAIAHNAGAR (Div13)",2,2,"MULTI STORIED BUILDING"
2016,8,13,"GOWTHAM NAGAR",23,17,INDIVIDUAL/DOMESTIC
2016,8,13,"GOWTHAM NAGAR",1,1,"MULTI STORIED BUILDING"
2016,8,13,MACHABOLLARAM,141,123,INDIVIDUAL/DOMESTIC
2016,8,13,MALKAJGIRI,10,7,INDIVIDUAL/DOMESTIC
2016,8,13,SAINATHPURAM,89,78,INDIVIDUAL/DOMESTIC
2016,8,13,SAINATHPURAM,4,2,"MULTI STORIED BUILDING"
2016,8,13,SAINATHPURAM,1,1,"NON REVENUE CONNECTIONS"
2016,8,13,"YAPRAL (Div13)",17,6,INDIVIDUAL/DOMESTIC
2016,8,13,"YAPRAL (Div13)",1,0,"MULTI STORIED BUILDING"
2016,8,14,"HOUSING BOARD",186,146,INDIVIDUAL/DOMESTIC
2016,8,14,"HOUSING BOARD",2,1,"MULTI STORIED BUILDING"
2016,8,14,"HOUSING BOARD",1,0,"NON REVENUE CONNECTIONS"
2016,8,14,HUBSIGUDA,9,5,INDIVIDUAL/DOMESTIC
2016,8,14,HUBSIGUDA,2,0,"MULTI STORIED BUILDING"
2016,8,14,RADHIKA,1,0,BULK
2016,8,14,RADHIKA,170,135,INDIVIDUAL/DOMESTIC
2016,8,14,RADHIKA,5,2,"MULTI STORIED BUILDING"
2016,8,14,"RAMANTHAPUR(DIV 14)",52,35,INDIVIDUAL/DOMESTIC
2016,8,14,"RAMANTHAPUR(DIV 14)",1,0,"MULTI STORIED BUILDING"
2016,8,14,UPPAL,188,128,INDIVIDUAL/DOMESTIC
2016,8,15,"CHANDA NAGAR",4,1,BULK
2016,8,15,"CHANDA NAGAR",84,67,INDIVIDUAL/DOMESTIC
2016,8,15,"CHANDA NAGAR",6,3,"MULTI STORIED BUILDING"
2016,8,15,"GACHIBOWLI (DIV 15)",84,73,INDIVIDUAL/DOMESTIC
2016,8,15,"GACHIBOWLI (DIV 15)",5,2,"MULTI STORIED BUILDING"
2016,8,15,"GACHIBOWLI (DIV 15)",1,0,"NON REVENUE CONNECTIONS"
2016,8,15,MADHAPUR,2,1,BULK
2016,8,15,MADHAPUR,47,38,INDIVIDUAL/DOMESTIC
2016,8,15,MADHAPUR,28,12,"MULTI STORIED BUILDING"
2016,8,15,MIYAPUR,78,69,INDIVIDUAL/DOMESTIC
2016,8,15,MIYAPUR,22,8,"MULTI STORIED BUILDING"
2016,8,15,MIYAPUR,1,0,"NON REVENUE CONNECTIONS"
2016,8,15,RAMACHANDRAPURAM,16,6,INDIVIDUAL/DOMESTIC
2016,8,16,"BUDVEL (DIV16)",32,20,INDIVIDUAL/DOMESTIC
2016,8,16,HYDERGUDA,234,215,INDIVIDUAL/DOMESTIC
2016,8,16,HYDERGUDA,2,0,"MULTI STORIED BUILDING"
2016,8,16,"MAILERDEV PALLY",50,43,INDIVIDUAL/DOMESTIC
2016,8,16,"MAILERDEV PALLY",1,0,"MULTI STORIED BUILDING"
2016,8,18,"MANIKONDA (DIV 18)",35,8,INDIVIDUAL/DOMESTIC
2016,8,18,"MANIKONDA (DIV 18)",6,1,"MULTI STORIED BUILDING"
2016,8,19,"BODUPPAL (DIV 19)",186,32,INDIVIDUAL/DOMESTIC
2016,8,19,"BODUPPAL (DIV 19)",10,0,"MULTI STORIED BUILDING"
2016,8,19,"PEERJADIGUDA (DIV 19)",3,2,INDIVIDUAL/DOMESTIC
2016,8,19,"PEERJADIGUDA (DIV 19)",1,0,"MULTI STORIED BUILDING"
2016,8,20,"JILLELAGUDA (DIV 20)",2,1,INDIVIDUAL/DOMESTIC
2016,8,20,"MEERPET (DIV 20)",1,0,INDIVIDUAL/DOMESTIC
2016,8,20,"MEERPET (DIV 20)",1,0,"MULTI STORIED BUILDING"
2016,8,20,"SHAMSHABAD (DIV 20)",1,0,INDIVIDUAL/DOMESTIC
2016,8,21,ALWAL,1,0,INDIVIDUAL/DOMESTIC
2016,8,21,SAINIKPURI,1,0,BULK
2016,8,22,"PEDDA AMBERPET (PD 1)",1,0,INDIVIDUAL/DOMESTIC
2016,8,22,"TURKAYAMJAL (PD 1)",1,0,BULK
2016,8,23,"BACHUPALLY (PD 7)",1,0,INDIVIDUAL/DOMESTIC
2016,8,23,"NIZAMPET (PD 7)",3,2,BULK
2016,8,23,"NIZAMPET (PD 7)",12,4,INDIVIDUAL/DOMESTIC
2016,8,23,"NIZAMPET (PD 7)",6,2,"MULTI STORIED BUILDING"
2016,8,25,"KOMPALLY (PD 7)",1,0,INDIVIDUAL/DOMESTIC
2016,8,34,AUTONAGAR,27,24,INDIVIDUAL/DOMESTIC
2016,8,34,AUTONAGAR,2,1,"MULTI STORIED BUILDING"
2016,8,34,L.B.NAGAR,58,39,INDIVIDUAL/DOMESTIC
2016,8,34,L.B.NAGAR,9,5,"MULTI STORIED BUILDING"
2016,8,34,MANSOORABAD,92,75,INDIVIDUAL/DOMESTIC
2016,8,34,MANSOORABAD,1,1,"MULTI STORIED BUILDING"
2016,8,34,"MARUTHINAGAR (DIV 10)",28,25,INDIVIDUAL/DOMESTIC
2016,8,34,"MARUTHINAGAR (DIV 10)",3,1,"MULTI STORIED BUILDING"
2016,8,34,"SAHEBNAGAR (DIV 10)",109,90,INDIVIDUAL/DOMESTIC
2016,8,34,"SAHEBNAGAR (DIV 10)",12,4,"MULTI STORIED BUILDING"
2016,8,34,SAROORNAGAR,1,0,INDIVIDUAL/DOMESTIC
2016,8,34,"VAISHALINAGAR (DIV 10)",1,0,INDIVIDUAL/DOMESTIC
2016,8,34,"VANASTHALIPURAM (DIV 10)",110,93,INDIVIDUAL/DOMESTIC
2016,8,34,"VANASTHALIPURAM (DIV 10)",1,1,"MULTI STORIED BUILDING"
