year,month,division,section,applied,approved,category
2017,2,1,AZAMPURA,7,7,INDIVIDUAL/DOMESTIC
2017,2,1,BAHADURPURA,35,35,INDIVIDUAL/DOMESTIC
2017,2,1,"CHANUDLAL BHARADARI",10,9,INDIVIDUAL/DOMESTIC
2017,2,1,"DARUL SHIFA",4,3,INDIVIDUAL/DOMESTIC
2017,2,1,"DHOOD BOWLI",6,6,INDIVIDUAL/DOMESTIC
2017,2,1,"HASSAN NAGAR",2,2,INDIVIDUAL/DOMESTIC
2017,2,1,M.R.G.FILTERS,9,6,INDIVIDUAL/DOMESTIC
2017,2,1,MISRIGUNJ,15,8,INDIVIDUAL/DOMESTIC
2017,2,1,MOGHULPURA,2,2,INDIVIDUAL/DOMESTIC
2017,2,1,PATHERGATTI,8,7,INDIVIDUAL/DOMESTIC
2017,2,2,ALIABAD,13,11,INDIVIDUAL/DOMESTIC
2017,2,2,ASMANGARH,8,6,INDIVIDUAL/DOMESTIC
2017,2,2,ASMANGARH,1,0,"MULTI STORIED BUILDING"
2017,2,2,BALAPUR,17,16,INDIVIDUAL/DOMESTIC
2017,2,2,"BANDLAGUDA  (DIV 2)",134,115,INDIVIDUAL/DOMESTIC
2017,2,2,CHANCHALGUDA,1,0,INDIVIDUAL/DOMESTIC
2017,2,2,GOWLIPURA,3,2,INDIVIDUAL/DOMESTIC
2017,2,2,JAHANUMA,20,14,INDIVIDUAL/DOMESTIC
2017,2,2,MADANNAPET,1,1,INDIVIDUAL/DOMESTIC
2017,2,2,MALAKPET,6,4,INDIVIDUAL/DOMESTIC
2017,2,2,MOOSARAMBAGH,5,1,INDIVIDUAL/DOMESTIC
2017,2,2,MOOSARAMBAGH,2,1,"MULTI STORIED BUILDING"
2017,2,2,MYSARAM,8,4,INDIVIDUAL/DOMESTIC
2017,2,2,SAIDABAD,2,0,"MULTI STORIED BUILDING"
2017,2,2,SALEEMNAGAR,6,6,INDIVIDUAL/DOMESTIC
2017,2,2,SANTOSHNAGAR,5,3,INDIVIDUAL/DOMESTIC
2017,2,2,YAKATPURA,7,6,INDIVIDUAL/DOMESTIC
2017,2,3,"AHMED NAGAR",10,6,INDIVIDUAL/DOMESTIC
2017,2,3,"CHINTAL BASTHI",1,0,INDIVIDUAL/DOMESTIC
2017,2,3,"CHINTAL BASTHI",2,1,"MULTI STORIED BUILDING"
2017,2,3,GOLCONDA,20,13,INDIVIDUAL/DOMESTIC
2017,2,3,"KAKATIYA NAGAR",4,3,INDIVIDUAL/DOMESTIC
2017,2,3,KARWAN,22,19,INDIVIDUAL/DOMESTIC
2017,2,3,MEHIDIPATNAM,60,45,INDIVIDUAL/DOMESTIC
2017,2,3,MEHIDIPATNAM,2,0,"MULTI STORIED BUILDING"
2017,2,3,"OLD MALLEPALLY",11,10,INDIVIDUAL/DOMESTIC
2017,2,3,SHAIKPET,28,20,INDIVIDUAL/DOMESTIC
2017,2,3,SHAIKPET,1,1,"MULTI STORIED BUILDING"
2017,2,3,SHAIKPET,2,0,"NON REVENUE CONNECTIONS"
2017,2,3,"TOLI CHOWK",22,12,INDIVIDUAL/DOMESTIC
2017,2,3,"TOLI CHOWK",1,0,"MULTI STORIED BUILDING"
2017,2,3,"VIJAYNAGAR COLONY",11,10,INDIVIDUAL/DOMESTIC
2017,2,3,"VIJAYNAGAR COLONY",1,0,"MULTI STORIED BUILDING"
2017,2,4,ALLABANDA,6,5,INDIVIDUAL/DOMESTIC
2017,2,4,GODE-KI-KABAR,9,9,INDIVIDUAL/DOMESTIC
2017,2,4,GOWLIGUDA,3,2,INDIVIDUAL/DOMESTIC
2017,2,4,GUNFOUNDRY,3,2,INDIVIDUAL/DOMESTIC
2017,2,4,"HINDI NAGAR",3,2,INDIVIDUAL/DOMESTIC
2017,2,4,"HINDI NAGAR",1,0,"NON REVENUE CONNECTIONS"
2017,2,4,"RED HILLS HIGH LEVEL",7,3,INDIVIDUAL/DOMESTIC
2017,2,4,"RED HILLS HIGH LEVEL",1,0,"MULTI STORIED BUILDING"
2017,2,4,"RED HILLS LOW LEVEL",8,6,INDIVIDUAL/DOMESTIC
2017,2,4,"SULTAN BAZAR",5,1,INDIVIDUAL/DOMESTIC
2017,2,4,"SULTAN BAZAR",1,0,"MULTI STORIED BUILDING"
2017,2,4,ZIAGUDA,6,4,INDIVIDUAL/DOMESTIC
2017,2,5,"ADIKMET DMA-1",5,3,INDIVIDUAL/DOMESTIC
2017,2,5,AZAMABAD,16,11,INDIVIDUAL/DOMESTIC
2017,2,5,"BAGH LINGAMPALLY",4,3,INDIVIDUAL/DOMESTIC
2017,2,5,BARKATPURA,3,2,INDIVIDUAL/DOMESTIC
2017,2,5,BARKATPURA,1,0,"MULTI STORIED BUILDING"
2017,2,5,"BOATS CLUB",8,5,INDIVIDUAL/DOMESTIC
2017,2,5,DOMALGUDA,2,0,INDIVIDUAL/DOMESTIC
2017,2,5,GANDHINAGAR,2,2,INDIVIDUAL/DOMESTIC
2017,2,5,GANDHINAGAR,5,3,"MULTI STORIED BUILDING"
2017,2,5,MUSHEERABAD,7,6,INDIVIDUAL/DOMESTIC
2017,2,5,MUSHEERABAD,1,1,"MULTI STORIED BUILDING"
2017,2,5,NARAYANGUDA,6,2,INDIVIDUAL/DOMESTIC
2017,2,5,NARAYANGUDA,5,5,"MULTI STORIED BUILDING"
2017,2,5,"RAMANTHAPUR (DIV 5)",8,4,INDIVIDUAL/DOMESTIC
2017,2,5,SHIVAM,8,7,INDIVIDUAL/DOMESTIC
2017,2,5,VIGYANPURI,5,3,INDIVIDUAL/DOMESTIC
2017,2,6,"BANJARA HILLS",15,14,INDIVIDUAL/DOMESTIC
2017,2,6,"BANJARA HILLS",3,1,"MULTI STORIED BUILDING"
2017,2,6,"BANJARA HILLS",1,0,"NON REVENUE CONNECTIONS"
2017,2,6,BORABANDA,2,1,INDIVIDUAL/DOMESTIC
2017,2,6,ERRAGADDA,18,12,INDIVIDUAL/DOMESTIC
2017,2,6,ERRAGADDA,1,0,"MULTI STORIED BUILDING"
2017,2,6,FATHENAGAR,10,6,INDIVIDUAL/DOMESTIC
2017,2,6,FATHENAGAR,1,1,"MULTI STORIED BUILDING"
2017,2,6,"JUBILEE HILLS",19,16,INDIVIDUAL/DOMESTIC
2017,2,6,"JUBILEE HILLS",8,4,"MULTI STORIED BUILDING"
2017,2,6,"S.P.R HILLS",18,14,INDIVIDUAL/DOMESTIC
2017,2,6,S.R.NAGAR,22,15,INDIVIDUAL/DOMESTIC
2017,2,6,S.R.NAGAR,4,1,"MULTI STORIED BUILDING"
2017,2,6,S.R.NAGAR,1,0,"NON REVENUE CONNECTIONS"
2017,2,6,SOMAJIGUDA,6,2,INDIVIDUAL/DOMESTIC
2017,2,6,SOMAJIGUDA,1,0,"MULTI STORIED BUILDING"
2017,2,6,THATTIKHANA,19,17,INDIVIDUAL/DOMESTIC
2017,2,6,THATTIKHANA,2,2,"MULTI STORIED BUILDING"
2017,2,6,VENGALRAONAGAR,11,9,INDIVIDUAL/DOMESTIC
2017,2,6,YELLAREDDYGUDA,4,4,INDIVIDUAL/DOMESTIC
2017,2,6,YELLAREDDYGUDA,2,0,"MULTI STORIED BUILDING"
2017,2,7,BOIGUDA,6,3,INDIVIDUAL/DOMESTIC
2017,2,7,HUSSAINSAGAR,8,5,INDIVIDUAL/DOMESTIC
2017,2,7,LALAPET,8,5,INDIVIDUAL/DOMESTIC
2017,2,7,MARREDPALLY,39,18,INDIVIDUAL/DOMESTIC
2017,2,7,MARREDPALLY,2,0,"MULTI STORIED BUILDING"
2017,2,7,METTUGUDA,5,1,INDIVIDUAL/DOMESTIC
2017,2,7,NALLAGUTTA,7,2,INDIVIDUAL/DOMESTIC
2017,2,7,NALLAGUTTA,1,0,"MULTI STORIED BUILDING"
2017,2,7,PRAKASHNAGAR,10,6,INDIVIDUAL/DOMESTIC
2017,2,7,PRAKASHNAGAR,2,0,"MULTI STORIED BUILDING"
2017,2,7,"REGIMENTAL BAZAR",1,0,"MULTI STORIED BUILDING"
2017,2,7,SEETHAPALMANDI,2,1,INDIVIDUAL/DOMESTIC
2017,2,7,"SRINIVAS NAGAR",5,4,INDIVIDUAL/DOMESTIC
2017,2,7,"SRINIVAS NAGAR",1,0,"MULTI STORIED BUILDING"
2017,2,7,TARNAKA,10,8,INDIVIDUAL/DOMESTIC
2017,2,7,TARNAKA,3,2,"MULTI STORIED BUILDING"
2017,2,7,VIJAYAPURI,1,0,INDIVIDUAL/DOMESTIC
2017,2,8,"PATHANCHERU 820",1,0,INDIVIDUAL/DOMESTIC
2017,2,8,"PATHANCHERU 832",1,1,INDIVIDUAL/DOMESTIC
2017,2,9,"BALAJINAGAR (DIV 9)",1,1,INDIVIDUAL/DOMESTIC
2017,2,9,"BALAJINAGAR (DIV 9)",8,0,"MULTI STORIED BUILDING"
2017,2,9,BALANAGAR,6,2,INDIVIDUAL/DOMESTIC
2017,2,9,BALANAGAR,1,0,"MULTI STORIED BUILDING"
2017,2,9,BHAGYANAGAR,57,39,INDIVIDUAL/DOMESTIC
2017,2,9,BHAGYANAGAR,3,1,"MULTI STORIED BUILDING"
2017,2,9,BHARATHNAGAR,1,1,INDIVIDUAL/DOMESTIC
2017,2,9,"GAYATRI NAGAR",2,2,INDIVIDUAL/DOMESTIC
2017,2,9,HASMATHPET,46,38,INDIVIDUAL/DOMESTIC
2017,2,9,HASMATHPET,5,5,"MULTI STORIED BUILDING"
2017,2,9,KPHB,13,8,INDIVIDUAL/DOMESTIC
2017,2,9,KPHB,3,3,"MULTI STORIED BUILDING"
2017,2,9,KUKATPALLY,1,1,INDIVIDUAL/DOMESTIC
2017,2,9,KUKATPALLY,3,0,"MULTI STORIED BUILDING"
2017,2,9,MOOSAPET,80,56,INDIVIDUAL/DOMESTIC
2017,2,9,MOOSAPET,1,1,"MULTI STORIED BUILDING"
2017,2,10,ALKAPURI,17,13,INDIVIDUAL/DOMESTIC
2017,2,10,DILSHUKNAGAR,9,8,INDIVIDUAL/DOMESTIC
2017,2,10,DILSHUKNAGAR,1,0,"MULTI STORIED BUILDING"
2017,2,10,SAROORNAGAR,13,7,INDIVIDUAL/DOMESTIC
2017,2,10,SAROORNAGAR,1,0,"MULTI STORIED BUILDING"
2017,2,10,"VAISHALINAGAR (DIV 10)",11,10,INDIVIDUAL/DOMESTIC
2017,2,10,"VAISHALINAGAR (DIV 10)",1,0,"MULTI STORIED BUILDING"
2017,2,10,"VANASTHALIPURAM (DIV 10)",8,7,INDIVIDUAL/DOMESTIC
2017,2,11,SANATNAGAR-OLD,1,1,INDIVIDUAL/DOMESTIC
2017,2,12,ADARSHNAGAR,20,16,INDIVIDUAL/DOMESTIC
2017,2,12,ADARSHNAGAR,4,0,"MULTI STORIED BUILDING"
2017,2,12,CHINTAL,1,0,BULK
2017,2,12,CHINTAL,39,35,INDIVIDUAL/DOMESTIC
2017,2,12,CHINTAL,2,1,"MULTI STORIED BUILDING"
2017,2,12,JEEDIMETLA,1,1,BULK
2017,2,12,JEEDIMETLA,34,30,INDIVIDUAL/DOMESTIC
2017,2,12,JEEDIMETLA,5,0,"MULTI STORIED BUILDING"
2017,2,12,SHAPOORNAGAR,31,24,INDIVIDUAL/DOMESTIC
2017,2,12,SHAPOORNAGAR,4,1,"MULTI STORIED BUILDING"
2017,2,13,"ALWAL (Div13)",39,29,INDIVIDUAL/DOMESTIC
2017,2,13,"ALWAL (Div13)",4,2,"MULTI STORIED BUILDING"
2017,2,13,CHANUKYAPURI,21,16,INDIVIDUAL/DOMESTIC
2017,2,13,CHANUKYAPURI,2,1,"MULTI STORIED BUILDING"
2017,2,13,"DEFENCE COLONY",54,47,INDIVIDUAL/DOMESTIC
2017,2,13,"DEFENCE COLONY",3,1,"MULTI STORIED BUILDING"
2017,2,13,"DEFENCE COLONY",1,1,"NON REVENUE CONNECTIONS"
2017,2,13,"FATHER BALAIAHNAGAR (Div13)",32,25,INDIVIDUAL/DOMESTIC
2017,2,13,"FATHER BALAIAHNAGAR (Div13)",1,0,"MULTI STORIED BUILDING"
2017,2,13,"GOWTHAM NAGAR",6,6,INDIVIDUAL/DOMESTIC
2017,2,13,"GOWTHAM NAGAR",2,1,"MULTI STORIED BUILDING"
2017,2,13,MACHABOLLARAM,54,46,INDIVIDUAL/DOMESTIC
2017,2,13,MACHABOLLARAM,1,0,"MULTI STORIED BUILDING"
2017,2,13,MALKAJGIRI,4,3,INDIVIDUAL/DOMESTIC
2017,2,13,MALKAJGIRI,2,0,"MULTI STORIED BUILDING"
2017,2,13,SAINATHPURAM,82,56,INDIVIDUAL/DOMESTIC
2017,2,13,SAINATHPURAM,1,1,"MULTI STORIED BUILDING"
2017,2,13,SAINATHPURAM,1,0,"NON REVENUE CONNECTIONS"
2017,2,13,"YAPRAL (Div13)",16,12,INDIVIDUAL/DOMESTIC
2017,2,14,"HOUSING BOARD",53,40,INDIVIDUAL/DOMESTIC
2017,2,14,"HOUSING BOARD",1,1,"MULTI STORIED BUILDING"
2017,2,14,HUBSIGUDA,2,2,INDIVIDUAL/DOMESTIC
2017,2,14,HUBSIGUDA,2,1,"MULTI STORIED BUILDING"
2017,2,14,RADHIKA,1,1,BULK
2017,2,14,RADHIKA,262,130,INDIVIDUAL/DOMESTIC
2017,2,14,RADHIKA,8,2,"MULTI STORIED BUILDING"
2017,2,14,"RAMANTHAPUR(DIV 14)",15,13,INDIVIDUAL/DOMESTIC
2017,2,14,"RAMANTHAPUR(DIV 14)",1,0,"MULTI STORIED BUILDING"
2017,2,14,UPPAL,1,0,BULK
2017,2,14,UPPAL,69,56,INDIVIDUAL/DOMESTIC
2017,2,14,UPPAL,3,1,"MULTI STORIED BUILDING"
2017,2,15,"CHANDA NAGAR",41,35,INDIVIDUAL/DOMESTIC
2017,2,15,"CHANDA NAGAR",4,2,"MULTI STORIED BUILDING"
2017,2,15,"GACHIBOWLI (DIV 15)",57,50,INDIVIDUAL/DOMESTIC
2017,2,15,"GACHIBOWLI (DIV 15)",9,8,"MULTI STORIED BUILDING"
2017,2,15,MADHAPUR,4,3,BULK
2017,2,15,MADHAPUR,80,59,INDIVIDUAL/DOMESTIC
2017,2,15,MADHAPUR,25,6,"MULTI STORIED BUILDING"
2017,2,15,MADHAPUR,1,0,"NON REVENUE CONNECTIONS"
2017,2,15,MIYAPUR,58,43,INDIVIDUAL/DOMESTIC
2017,2,15,MIYAPUR,21,10,"MULTI STORIED BUILDING"
2017,2,15,RAMACHANDRAPURAM,2,2,INDIVIDUAL/DOMESTIC
2017,2,16,"BUDVEL (DIV16)",15,11,INDIVIDUAL/DOMESTIC
2017,2,16,HYDERGUDA,52,32,INDIVIDUAL/DOMESTIC
2017,2,16,HYDERGUDA,5,1,"MULTI STORIED BUILDING"
2017,2,16,"MAILERDEV PALLY",34,25,INDIVIDUAL/DOMESTIC
2017,2,16,"MAILERDEV PALLY",1,1,"MULTI STORIED BUILDING"
2017,2,18,"MANIKONDA (DIV 18)",1,1,BULK
2017,2,18,"MANIKONDA (DIV 18)",5,3,INDIVIDUAL/DOMESTIC
2017,2,18,"MANIKONDA (DIV 18)",4,0,"MULTI STORIED BUILDING"
2017,2,19,"BODUPPAL (DIV 19)",55,29,INDIVIDUAL/DOMESTIC
2017,2,19,"PEERJADIGUDA (DIV 19)",1,1,INDIVIDUAL/DOMESTIC
2017,2,20,"BADANGPET  (DIV 20)",1,1,INDIVIDUAL/DOMESTIC
2017,2,20,"JILLELAGUDA (DIV 20)",13,9,INDIVIDUAL/DOMESTIC
2017,2,20,"MEERPET (DIV 20)",1,1,INDIVIDUAL/DOMESTIC
2017,2,20,"THUKKUGUDA (PD 1)",3,3,INDIVIDUAL/DOMESTIC
2017,2,21,ALWAL,1,0,INDIVIDUAL/DOMESTIC
2017,2,21,SAINIKPURI,1,0,INDIVIDUAL/DOMESTIC
2017,2,23,"NIZAMPET (PD 7)",1,0,BULK
2017,2,23,"NIZAMPET (PD 7)",22,11,INDIVIDUAL/DOMESTIC
2017,2,23,"NIZAMPET (PD 7)",34,17,"MULTI STORIED BUILDING"
2017,2,34,ALKAPURI,1,1,INDIVIDUAL/DOMESTIC
2017,2,34,AUTONAGAR,56,52,INDIVIDUAL/DOMESTIC
2017,2,34,AUTONAGAR,2,1,"MULTI STORIED BUILDING"
2017,2,34,L.B.NAGAR,118,101,INDIVIDUAL/DOMESTIC
2017,2,34,L.B.NAGAR,10,4,"MULTI STORIED BUILDING"
2017,2,34,MANSOORABAD,6,6,INDIVIDUAL/DOMESTIC
2017,2,34,MANSOORABAD,3,1,"MULTI STORIED BUILDING"
2017,2,34,"MARUTHINAGAR (DIV 10)",16,15,INDIVIDUAL/DOMESTIC
2017,2,34,NAGOLE,3,3,INDIVIDUAL/DOMESTIC
2017,2,34,"SAHEBNAGAR (DIV 10)",52,35,INDIVIDUAL/DOMESTIC
2017,2,34,"VANASTHALIPURAM (DIV 10)",78,61,INDIVIDUAL/DOMESTIC
2017,2,34,"VANASTHALIPURAM (DIV 10)",1,0,"MULTI STORIED BUILDING"
