year,month,division,section,applied,approved,category
2017,6,1,AZAMPURA,2,2,INDIVIDUAL/DOMESTIC
2017,6,1,BAHADURPURA,11,10,INDIVIDUAL/DOMESTIC
2017,6,1,"CHANUDLAL BHARADARI",3,1,INDIVIDUAL/DOMESTIC
2017,6,1,"DARUL SHIFA",5,2,INDIVIDUAL/DOMESTIC
2017,6,1,"DHOOD BOWLI",3,3,INDIVIDUAL/DOMESTIC
2017,6,1,"HASSAN NAGAR",2,0,INDIVIDUAL/DOMESTIC
2017,6,1,M.R.G.FILTERS,9,8,INDIVIDUAL/DOMESTIC
2017,6,1,MISRIGUNJ,9,7,INDIVIDUAL/DOMESTIC
2017,6,1,MOGHULPURA,1,1,INDIVIDUAL/DOMESTIC
2017,6,1,PATHERGATTI,1,1,INDIVIDUAL/DOMESTIC
2017,6,2,ALIABAD,4,1,INDIVIDUAL/DOMESTIC
2017,6,2,ASMANGARH,6,1,INDIVIDUAL/DOMESTIC
2017,6,2,BALAPUR,14,13,INDIVIDUAL/DOMESTIC
2017,6,2,"BANDLAGUDA  (DIV 2)",72,64,INDIVIDUAL/DOMESTIC
2017,6,2,CHANCHALGUDA,1,0,INDIVIDUAL/DOMESTIC
2017,6,2,CHANCHALGUDA,1,1,"MULTI STORIED BUILDING"
2017,6,2,GOWLIPURA,5,5,INDIVIDUAL/DOMESTIC
2017,6,2,JAHANUMA,13,10,INDIVIDUAL/DOMESTIC
2017,6,2,MADANNAPET,5,4,INDIVIDUAL/DOMESTIC
2017,6,2,MALAKPET,4,4,INDIVIDUAL/DOMESTIC
2017,6,2,MALAKPET,1,1,"MULTI STORIED BUILDING"
2017,6,2,MOOSARAMBAGH,2,1,"MULTI STORIED BUILDING"
2017,6,2,MYSARAM,16,13,INDIVIDUAL/DOMESTIC
2017,6,2,SAIDABAD,3,0,"MULTI STORIED BUILDING"
2017,6,2,SALEEMNAGAR,1,1,INDIVIDUAL/DOMESTIC
2017,6,2,SANTOSHNAGAR,5,3,INDIVIDUAL/DOMESTIC
2017,6,2,SANTOSHNAGAR,1,0,"MULTI STORIED BUILDING"
2017,6,2,YAKATPURA,1,0,INDIVIDUAL/DOMESTIC
2017,6,3,"AHMED NAGAR",2,2,INDIVIDUAL/DOMESTIC
2017,6,3,"ASIF NAGAR",3,0,INDIVIDUAL/DOMESTIC
2017,6,3,GOLCONDA,2,0,BULK
2017,6,3,GOLCONDA,20,13,INDIVIDUAL/DOMESTIC
2017,6,3,GOLCONDA,1,0,"MULTI STORIED BUILDING"
2017,6,3,"KAKATIYA NAGAR",1,1,"MULTI STORIED BUILDING"
2017,6,3,KARWAN,8,4,INDIVIDUAL/DOMESTIC
2017,6,3,MEHIDIPATNAM,22,9,INDIVIDUAL/DOMESTIC
2017,6,3,MEHIDIPATNAM,3,2,"MULTI STORIED BUILDING"
2017,6,3,"OLD MALLEPALLY",9,8,INDIVIDUAL/DOMESTIC
2017,6,3,SHAIKPET,24,22,INDIVIDUAL/DOMESTIC
2017,6,3,SHAIKPET,1,0,"NON REVENUE CONNECTIONS"
2017,6,3,"TOLI CHOWK",10,6,INDIVIDUAL/DOMESTIC
2017,6,3,"TOLI CHOWK",1,0,"MULTI STORIED BUILDING"
2017,6,3,"VIJAYNAGAR COLONY",7,2,INDIVIDUAL/DOMESTIC
2017,6,4,ALLABANDA,3,2,INDIVIDUAL/DOMESTIC
2017,6,4,GODE-KI-KABAR,6,4,INDIVIDUAL/DOMESTIC
2017,6,4,GUNFOUNDRY,2,0,INDIVIDUAL/DOMESTIC
2017,6,4,"HINDI NAGAR",5,4,INDIVIDUAL/DOMESTIC
2017,6,4,"HINDI NAGAR",1,0,"MULTI STORIED BUILDING"
2017,6,4,"RED HILLS HIGH LEVEL",4,2,INDIVIDUAL/DOMESTIC
2017,6,4,"RED HILLS LOW LEVEL",3,2,INDIVIDUAL/DOMESTIC
2017,6,4,"SULTAN BAZAR",1,0,"MULTI STORIED BUILDING"
2017,6,4,"SULTAN BAZAR",1,0,"NON REVENUE CONNECTIONS"
2017,6,4,ZIAGUDA,2,1,INDIVIDUAL/DOMESTIC
2017,6,5,"ADIKMET DMA-1",4,2,INDIVIDUAL/DOMESTIC
2017,6,5,AZAMABAD,10,5,INDIVIDUAL/DOMESTIC
2017,6,5,"BAGH LINGAMPALLY",6,4,INDIVIDUAL/DOMESTIC
2017,6,5,BARKATPURA,4,3,INDIVIDUAL/DOMESTIC
2017,6,5,BARKATPURA,2,2,"MULTI STORIED BUILDING"
2017,6,5,"BOATS CLUB",10,4,INDIVIDUAL/DOMESTIC
2017,6,5,DOMALGUDA,7,4,INDIVIDUAL/DOMESTIC
2017,6,5,GANDHINAGAR,3,2,INDIVIDUAL/DOMESTIC
2017,6,5,MUSHEERABAD,5,4,INDIVIDUAL/DOMESTIC
2017,6,5,NARAYANGUDA,8,4,INDIVIDUAL/DOMESTIC
2017,6,5,NARAYANGUDA,2,0,"MULTI STORIED BUILDING"
2017,6,5,"RAMANTHAPUR (DIV 5)",5,4,INDIVIDUAL/DOMESTIC
2017,6,5,SHIVAM,9,9,INDIVIDUAL/DOMESTIC
2017,6,5,SHIVAM,1,0,"MULTI STORIED BUILDING"
2017,6,5,VIGYANPURI,2,2,INDIVIDUAL/DOMESTIC
2017,6,6,"BANJARA HILLS",6,4,INDIVIDUAL/DOMESTIC
2017,6,6,"BANJARA HILLS",3,1,"MULTI STORIED BUILDING"
2017,6,6,BORABANDA,2,1,INDIVIDUAL/DOMESTIC
2017,6,6,ERRAGADDA,13,10,INDIVIDUAL/DOMESTIC
2017,6,6,FATHENAGAR,6,4,INDIVIDUAL/DOMESTIC
2017,6,6,FATHENAGAR,1,0,"MULTI STORIED BUILDING"
2017,6,6,"JUBILEE HILLS",10,4,INDIVIDUAL/DOMESTIC
2017,6,6,"JUBILEE HILLS",7,2,"MULTI STORIED BUILDING"
2017,6,6,"S.P.R HILLS",11,9,INDIVIDUAL/DOMESTIC
2017,6,6,S.R.NAGAR,9,6,INDIVIDUAL/DOMESTIC
2017,6,6,S.R.NAGAR,2,0,"MULTI STORIED BUILDING"
2017,6,6,SOMAJIGUDA,12,10,INDIVIDUAL/DOMESTIC
2017,6,6,SOMAJIGUDA,1,0,"MULTI STORIED BUILDING"
2017,6,6,THATTIKHANA,1,1,INDIVIDUAL/DOMESTIC
2017,6,6,VENGALRAONAGAR,12,11,INDIVIDUAL/DOMESTIC
2017,6,6,VENGALRAONAGAR,2,2,"MULTI STORIED BUILDING"
2017,6,6,YELLAREDDYGUDA,12,6,INDIVIDUAL/DOMESTIC
2017,6,6,YELLAREDDYGUDA,3,0,"MULTI STORIED BUILDING"
2017,6,7,BOIGUDA,12,11,INDIVIDUAL/DOMESTIC
2017,6,7,HUSSAINSAGAR,6,3,INDIVIDUAL/DOMESTIC
2017,6,7,LALAPET,6,5,INDIVIDUAL/DOMESTIC
2017,6,7,MARREDPALLY,25,14,INDIVIDUAL/DOMESTIC
2017,6,7,MARREDPALLY,3,1,"MULTI STORIED BUILDING"
2017,6,7,METTUGUDA,7,7,INDIVIDUAL/DOMESTIC
2017,6,7,NALLAGUTTA,13,9,INDIVIDUAL/DOMESTIC
2017,6,7,NALLAGUTTA,1,1,"MULTI STORIED BUILDING"
2017,6,7,PRAKASHNAGAR,13,10,INDIVIDUAL/DOMESTIC
2017,6,7,PRAKASHNAGAR,6,2,"MULTI STORIED BUILDING"
2017,6,7,PRAKASHNAGAR,1,0,"NON REVENUE CONNECTIONS"
2017,6,7,"REGIMENTAL BAZAR",1,0,INDIVIDUAL/DOMESTIC
2017,6,7,SEETHAPALMANDI,4,2,INDIVIDUAL/DOMESTIC
2017,6,7,"SRINIVAS NAGAR",7,6,INDIVIDUAL/DOMESTIC
2017,6,7,"SRINIVAS NAGAR",1,1,"MULTI STORIED BUILDING"
2017,6,7,TARNAKA,12,9,INDIVIDUAL/DOMESTIC
2017,6,8,"PATHANCHERU 820",2,0,INDIVIDUAL/DOMESTIC
2017,6,8,"PATHANCHERU 820",1,0,"MULTI STORIED BUILDING"
2017,6,8,"PATHANCHERU 831",1,0,INDIVIDUAL/DOMESTIC
2017,6,8,"PATHANCHERU 832",1,0,BULK
2017,6,8,"PATHANCHERU 832",3,1,INDIVIDUAL/DOMESTIC
2017,6,9,"BALAJINAGAR (DIV 9)",7,5,INDIVIDUAL/DOMESTIC
2017,6,9,"BALAJINAGAR (DIV 9)",4,1,"MULTI STORIED BUILDING"
2017,6,9,BALANAGAR,22,18,INDIVIDUAL/DOMESTIC
2017,6,9,BHAGYANAGAR,51,41,INDIVIDUAL/DOMESTIC
2017,6,9,BHAGYANAGAR,9,8,"MULTI STORIED BUILDING"
2017,6,9,BHARATHNAGAR,1,1,INDIVIDUAL/DOMESTIC
2017,6,9,"GAYATRI NAGAR",1,0,INDIVIDUAL/DOMESTIC
2017,6,9,HASMATHPET,27,24,INDIVIDUAL/DOMESTIC
2017,6,9,HASMATHPET,5,5,"MULTI STORIED BUILDING"
2017,6,9,KPHB,22,10,INDIVIDUAL/DOMESTIC
2017,6,9,KPHB,1,1,"MULTI STORIED BUILDING"
2017,6,9,KUKATPALLY,1,1,INDIVIDUAL/DOMESTIC
2017,6,9,MOOSAPET,77,66,INDIVIDUAL/DOMESTIC
2017,6,9,MOOSAPET,2,0,"MULTI STORIED BUILDING"
2017,6,9,"VIVEKANANDA NAGAR",1,1,"MULTI STORIED BUILDING"
2017,6,10,ALKAPURI,18,14,INDIVIDUAL/DOMESTIC
2017,6,10,ALKAPURI,4,1,"MULTI STORIED BUILDING"
2017,6,10,DILSHUKNAGAR,4,2,INDIVIDUAL/DOMESTIC
2017,6,10,DILSHUKNAGAR,1,1,"MULTI STORIED BUILDING"
2017,6,10,SAROORNAGAR,12,10,INDIVIDUAL/DOMESTIC
2017,6,10,SAROORNAGAR,7,0,"MULTI STORIED BUILDING"
2017,6,10,"VAISHALINAGAR (DIV 10)",16,13,INDIVIDUAL/DOMESTIC
2017,6,10,"VAISHALINAGAR (DIV 10)",3,0,"MULTI STORIED BUILDING"
2017,6,10,"VANASTHALIPURAM (DIV 10)",1,1,INDIVIDUAL/DOMESTIC
2017,6,12,ADARSHNAGAR,87,73,INDIVIDUAL/DOMESTIC
2017,6,12,ADARSHNAGAR,4,0,"MULTI STORIED BUILDING"
2017,6,12,CHINTAL,26,22,INDIVIDUAL/DOMESTIC
2017,6,12,CHINTAL,5,3,"MULTI STORIED BUILDING"
2017,6,12,JEEDIMETLA,25,17,INDIVIDUAL/DOMESTIC
2017,6,12,JEEDIMETLA,6,3,"MULTI STORIED BUILDING"
2017,6,12,SHAPOORNAGAR,55,38,INDIVIDUAL/DOMESTIC
2017,6,12,SHAPOORNAGAR,5,0,"MULTI STORIED BUILDING"
2017,6,13,"ALWAL (Div13)",45,34,INDIVIDUAL/DOMESTIC
2017,6,13,"ALWAL (Div13)",3,0,"MULTI STORIED BUILDING"
2017,6,13,CHANUKYAPURI,22,16,INDIVIDUAL/DOMESTIC
2017,6,13,CHANUKYAPURI,1,0,"MULTI STORIED BUILDING"
2017,6,13,"DEFENCE COLONY",28,22,INDIVIDUAL/DOMESTIC
2017,6,13,"DEFENCE COLONY",6,3,"MULTI STORIED BUILDING"
2017,6,13,"FATHER BALAIAHNAGAR (Div13)",35,29,INDIVIDUAL/DOMESTIC
2017,6,13,"FATHER BALAIAHNAGAR (Div13)",7,7,"MULTI STORIED BUILDING"
2017,6,13,"GOWTHAM NAGAR",88,80,INDIVIDUAL/DOMESTIC
2017,6,13,"GOWTHAM NAGAR",1,1,"MULTI STORIED BUILDING"
2017,6,13,MACHABOLLARAM,31,28,INDIVIDUAL/DOMESTIC
2017,6,13,MACHABOLLARAM,1,0,"MULTI STORIED BUILDING"
2017,6,13,MALKAJGIRI,1,0,INDIVIDUAL/DOMESTIC
2017,6,13,MALKAJGIRI,2,0,"MULTI STORIED BUILDING"
2017,6,13,SAINATHPURAM,18,14,INDIVIDUAL/DOMESTIC
2017,6,13,SAINATHPURAM,4,2,"MULTI STORIED BUILDING"
2017,6,13,SAINATHPURAM,1,0,"NON REVENUE CONNECTIONS"
2017,6,13,"YAPRAL (Div13)",1,0,BULK
2017,6,13,"YAPRAL (Div13)",28,24,INDIVIDUAL/DOMESTIC
2017,6,13,"YAPRAL (Div13)",1,1,"MULTI STORIED BUILDING"
2017,6,14,"HOUSING BOARD",57,43,INDIVIDUAL/DOMESTIC
2017,6,14,HUBSIGUDA,7,6,INDIVIDUAL/DOMESTIC
2017,6,14,RADHIKA,210,102,INDIVIDUAL/DOMESTIC
2017,6,14,RADHIKA,4,2,"MULTI STORIED BUILDING"
2017,6,14,RADHIKA,1,0,"NON REVENUE CONNECTIONS"
2017,6,14,"RAMANTHAPUR(DIV 14)",196,134,INDIVIDUAL/DOMESTIC
2017,6,14,"RAMANTHAPUR(DIV 14)",5,4,"MULTI STORIED BUILDING"
2017,6,14,UPPAL,1,0,BULK
2017,6,14,UPPAL,44,35,INDIVIDUAL/DOMESTIC
2017,6,14,UPPAL,1,1,"MULTI STORIED BUILDING"
2017,6,15,"CHANDA NAGAR",3,2,BULK
2017,6,15,"CHANDA NAGAR",33,26,INDIVIDUAL/DOMESTIC
2017,6,15,"CHANDA NAGAR",3,2,"MULTI STORIED BUILDING"
2017,6,15,"GACHIBOWLI (DIV 15)",136,112,INDIVIDUAL/DOMESTIC
2017,6,15,"GACHIBOWLI (DIV 15)",7,5,"MULTI STORIED BUILDING"
2017,6,15,MADHAPUR,3,2,BULK
2017,6,15,MADHAPUR,88,66,INDIVIDUAL/DOMESTIC
2017,6,15,MADHAPUR,67,24,"MULTI STORIED BUILDING"
2017,6,15,MIYAPUR,142,130,INDIVIDUAL/DOMESTIC
2017,6,15,MIYAPUR,43,22,"MULTI STORIED BUILDING"
2017,6,15,RAMACHANDRAPURAM,6,4,INDIVIDUAL/DOMESTIC
2017,6,16,"BUDVEL (DIV16)",12,7,INDIVIDUAL/DOMESTIC
2017,6,16,HYDERGUDA,62,36,INDIVIDUAL/DOMESTIC
2017,6,16,HYDERGUDA,7,1,"MULTI STORIED BUILDING"
2017,6,16,"MAILERDEV PALLY",51,46,INDIVIDUAL/DOMESTIC
2017,6,18,"MANIKONDA (DIV 18)",3,0,BULK
2017,6,18,"MANIKONDA (DIV 18)",13,3,INDIVIDUAL/DOMESTIC
2017,6,18,"MANIKONDA (DIV 18)",8,1,"MULTI STORIED BUILDING"
2017,6,19,"BODUPPAL (DIV 19)",42,26,INDIVIDUAL/DOMESTIC
2017,6,19,"PEERJADIGUDA (DIV 19)",3,2,INDIVIDUAL/DOMESTIC
2017,6,20,"JILLELAGUDA (DIV 20)",3,3,INDIVIDUAL/DOMESTIC
2017,6,21,ALWAL,1,0,INDIVIDUAL/DOMESTIC
2017,6,22,"TURKAYAMJAL (PD 1)",1,0,BULK
2017,6,23,"BACHUPALLY (PD 7)",2,0,"MULTI STORIED BUILDING"
2017,6,23,"NIZAMPET (PD 7)",26,23,INDIVIDUAL/DOMESTIC
2017,6,23,"NIZAMPET (PD 7)",9,1,"MULTI STORIED BUILDING"
2017,6,34,ALKAPURI,5,3,INDIVIDUAL/DOMESTIC
2017,6,34,AUTONAGAR,77,64,INDIVIDUAL/DOMESTIC
2017,6,34,AUTONAGAR,1,1,"MULTI STORIED BUILDING"
2017,6,34,L.B.NAGAR,49,36,INDIVIDUAL/DOMESTIC
2017,6,34,L.B.NAGAR,3,1,"MULTI STORIED BUILDING"
2017,6,34,LINGOJIGUDA,1,1,INDIVIDUAL/DOMESTIC
2017,6,34,MANSOORABAD,36,35,INDIVIDUAL/DOMESTIC
2017,6,34,"MARUTHINAGAR (DIV 10)",9,8,INDIVIDUAL/DOMESTIC
2017,6,34,"MARUTHINAGAR (DIV 10)",3,2,"MULTI STORIED BUILDING"
2017,6,34,"SAHEBNAGAR (DIV 10)",73,54,INDIVIDUAL/DOMESTIC
2017,6,34,"SAHEBNAGAR (DIV 10)",4,1,"MULTI STORIED BUILDING"
2017,6,34,"VANASTHALIPURAM (DIV 10)",44,36,INDIVIDUAL/DOMESTIC
