year,month,division,section,applied,approved,category
2015,12,1,AZAMPURA,4,4,INDIVIDUAL/DOMESTIC
2015,12,1,BAHADURPURA,65,63,INDIVIDUAL/DOMESTIC
2015,12,1,"CHANUDLAL BHARADARI",36,31,INDIVIDUAL/DOMESTIC
2015,12,1,"DARUL SHIFA",5,5,INDIVIDUAL/DOMESTIC
2015,12,1,"DHOOD BOWLI",17,14,INDIVIDUAL/DOMESTIC
2015,12,1,"HASSAN NAGAR",4,0,INDIVIDUAL/DOMESTIC
2015,12,1,"KISHAN BAGH",2,2,INDIVIDUAL/DOMESTIC
2015,12,1,M.R.G.FILTERS,455,426,INDIVIDUAL/DOMESTIC
2015,12,1,MISRIGUNJ,5,4,INDIVIDUAL/DOMESTIC
2015,12,1,MOGHULPURA,6,4,INDIVIDUAL/DOMESTIC
2015,12,1,PATHERGATTI,6,3,INDIVIDUAL/DOMESTIC
2015,12,2,ALIABAD,4,2,INDIVIDUAL/DOMESTIC
2015,12,2,ASMANGARH,8,5,INDIVIDUAL/DOMESTIC
2015,12,2,ASMANGARH,2,2,"MULTI STORIED BUILDING"
2015,12,2,BALAPUR,22,15,INDIVIDUAL/DOMESTIC
2015,12,2,"BANDLAGUDA  (DIV 2)",3,0,INDIVIDUAL/DOMESTIC
2015,12,2,CHANCHALGUDA,1,1,INDIVIDUAL/DOMESTIC
2015,12,2,GOWLIPURA,8,2,INDIVIDUAL/DOMESTIC
2015,12,2,JAHANUMA,230,187,INDIVIDUAL/DOMESTIC
2015,12,2,MADANNAPET,5,4,INDIVIDUAL/DOMESTIC
2015,12,2,MALAKPET,8,6,INDIVIDUAL/DOMESTIC
2015,12,2,MOOSARAMBAGH,5,5,INDIVIDUAL/DOMESTIC
2015,12,2,MOOSARAMBAGH,2,1,"MULTI STORIED BUILDING"
2015,12,2,MYSARAM,863,686,INDIVIDUAL/DOMESTIC
2015,12,2,SAIDABAD,1,0,INDIVIDUAL/DOMESTIC
2015,12,2,SAIDABAD,1,0,"MULTI STORIED BUILDING"
2015,12,2,SALEEMNAGAR,2,2,INDIVIDUAL/DOMESTIC
2015,12,2,SANTOSHNAGAR,8,7,INDIVIDUAL/DOMESTIC
2015,12,2,SANTOSHNAGAR,2,1,"MULTI STORIED BUILDING"
2015,12,2,YAKATPURA,3,3,INDIVIDUAL/DOMESTIC
2015,12,3,"AHMED NAGAR",24,19,INDIVIDUAL/DOMESTIC
2015,12,3,"ASIF NAGAR",3,0,INDIVIDUAL/DOMESTIC
2015,12,3,"CHINTAL BASTHI",2,0,INDIVIDUAL/DOMESTIC
2015,12,3,GOLCONDA,2,0,BULK
2015,12,3,GOLCONDA,20,10,INDIVIDUAL/DOMESTIC
2015,12,3,"KAKATIYA NAGAR",6,5,INDIVIDUAL/DOMESTIC
2015,12,3,KARWAN,23,15,INDIVIDUAL/DOMESTIC
2015,12,3,MEHIDIPATNAM,27,18,INDIVIDUAL/DOMESTIC
2015,12,3,MEHIDIPATNAM,2,1,"MULTI STORIED BUILDING"
2015,12,3,"OLD MALLEPALLY",13,11,INDIVIDUAL/DOMESTIC
2015,12,3,SHAIKPET,67,41,INDIVIDUAL/DOMESTIC
2015,12,3,SHAIKPET,12,4,"MULTI STORIED BUILDING"
2015,12,3,"TOLI CHOWK",21,17,INDIVIDUAL/DOMESTIC
2015,12,3,"TOLI CHOWK",3,1,"MULTI STORIED BUILDING"
2015,12,3,"VIJAYNAGAR COLONY",10,8,INDIVIDUAL/DOMESTIC
2015,12,4,ALLABANDA,6,2,INDIVIDUAL/DOMESTIC
2015,12,4,GODE-KI-KABAR,7,4,INDIVIDUAL/DOMESTIC
2015,12,4,GOWLIGUDA,1,0,INDIVIDUAL/DOMESTIC
2015,12,4,GOWLIGUDA,2,2,"MULTI STORIED BUILDING"
2015,12,4,GUNFOUNDRY,1,1,INDIVIDUAL/DOMESTIC
2015,12,4,"HINDI NAGAR",15,7,INDIVIDUAL/DOMESTIC
2015,12,4,"RED HILLS HIGH LEVEL",8,8,INDIVIDUAL/DOMESTIC
2015,12,4,"RED HILLS HIGH LEVEL",4,2,"MULTI STORIED BUILDING"
2015,12,4,"RED HILLS LOW LEVEL",6,6,INDIVIDUAL/DOMESTIC
2015,12,4,"RED HILLS LOW LEVEL",1,1,"MULTI STORIED BUILDING"
2015,12,4,"SULTAN BAZAR",7,3,INDIVIDUAL/DOMESTIC
2015,12,4,ZIAGUDA,4,2,INDIVIDUAL/DOMESTIC
2015,12,5,"ADIKMET DMA-1",7,5,INDIVIDUAL/DOMESTIC
2015,12,5,"ADIKMET DMA-2",2,1,INDIVIDUAL/DOMESTIC
2015,12,5,AZAMABAD,5,4,INDIVIDUAL/DOMESTIC
2015,12,5,"BAGH LINGAMPALLY",4,4,INDIVIDUAL/DOMESTIC
2015,12,5,"BAGH LINGAMPALLY",1,1,"MULTI STORIED BUILDING"
2015,12,5,BARKATPURA,1,0,INDIVIDUAL/DOMESTIC
2015,12,5,"BOATS CLUB",21,11,INDIVIDUAL/DOMESTIC
2015,12,5,DOMALGUDA,3,3,INDIVIDUAL/DOMESTIC
2015,12,5,GANDHINAGAR,2,1,INDIVIDUAL/DOMESTIC
2015,12,5,MUSHEERABAD,10,5,INDIVIDUAL/DOMESTIC
2015,12,5,NARAYANGUDA,6,3,INDIVIDUAL/DOMESTIC
2015,12,5,NARAYANGUDA,2,1,"MULTI STORIED BUILDING"
2015,12,5,"RAMANTHAPUR (DIV 5)",10,8,INDIVIDUAL/DOMESTIC
2015,12,5,SHIVAM,5,5,INDIVIDUAL/DOMESTIC
2015,12,5,SHIVAM,1,0,"MULTI STORIED BUILDING"
2015,12,5,VIGYANPURI,1,0,INDIVIDUAL/DOMESTIC
2015,12,5,VIGYANPURI,1,1,"MULTI STORIED BUILDING"
2015,12,6,"BANJARA HILLS",17,8,INDIVIDUAL/DOMESTIC
2015,12,6,"BANJARA HILLS",5,1,"MULTI STORIED BUILDING"
2015,12,6,BORABANDA,2,0,INDIVIDUAL/DOMESTIC
2015,12,6,ERRAGADDA,15,6,INDIVIDUAL/DOMESTIC
2015,12,6,FATHENAGAR,22,14,INDIVIDUAL/DOMESTIC
2015,12,6,FATHENAGAR,1,1,"MULTI STORIED BUILDING"
2015,12,6,"JUBILEE HILLS",48,35,INDIVIDUAL/DOMESTIC
2015,12,6,"JUBILEE HILLS",2,1,"MULTI STORIED BUILDING"
2015,12,6,"S.P.R HILLS",11,7,INDIVIDUAL/DOMESTIC
2015,12,6,"S.P.R HILLS",1,0,"NON REVENUE CONNECTIONS"
2015,12,6,S.R.NAGAR,10,5,INDIVIDUAL/DOMESTIC
2015,12,6,S.R.NAGAR,3,1,"MULTI STORIED BUILDING"
2015,12,6,SOMAJIGUDA,9,5,INDIVIDUAL/DOMESTIC
2015,12,6,SOMAJIGUDA,1,0,"MULTI STORIED BUILDING"
2015,12,6,THATTIKHANA,24,14,INDIVIDUAL/DOMESTIC
2015,12,6,THATTIKHANA,1,1,"MULTI STORIED BUILDING"
2015,12,6,VENGALRAONAGAR,14,10,INDIVIDUAL/DOMESTIC
2015,12,6,VENGALRAONAGAR,2,0,"MULTI STORIED BUILDING"
2015,12,6,YELLAREDDYGUDA,20,19,INDIVIDUAL/DOMESTIC
2015,12,6,YELLAREDDYGUDA,2,2,"MULTI STORIED BUILDING"
2015,12,7,BOIGUDA,18,5,INDIVIDUAL/DOMESTIC
2015,12,7,HUSSAINSAGAR,15,7,INDIVIDUAL/DOMESTIC
2015,12,7,LALAPET,9,8,INDIVIDUAL/DOMESTIC
2015,12,7,MARREDPALLY,15,9,INDIVIDUAL/DOMESTIC
2015,12,7,MARREDPALLY,2,1,"MULTI STORIED BUILDING"
2015,12,7,METTUGUDA,7,6,INDIVIDUAL/DOMESTIC
2015,12,7,NALLAGUTTA,2,1,INDIVIDUAL/DOMESTIC
2015,12,7,PRAKASHNAGAR,12,8,INDIVIDUAL/DOMESTIC
2015,12,7,PRAKASHNAGAR,3,2,"MULTI STORIED BUILDING"
2015,12,7,"REGIMENTAL BAZAR",1,1,INDIVIDUAL/DOMESTIC
2015,12,7,SEETHAPALMANDI,10,9,INDIVIDUAL/DOMESTIC
2015,12,7,SEETHAPALMANDI,1,1,"MULTI STORIED BUILDING"
2015,12,7,"SRINIVAS NAGAR",15,15,INDIVIDUAL/DOMESTIC
2015,12,7,TARNAKA,7,4,INDIVIDUAL/DOMESTIC
2015,12,7,TARNAKA,3,0,"MULTI STORIED BUILDING"
2015,12,8,"PATHANCHERU 820",2,1,INDIVIDUAL/DOMESTIC
2015,12,8,"PATHANCHERU 820",2,0,"MULTI STORIED BUILDING"
2015,12,8,"PATHANCHERU 832",2,0,BULK
2015,12,8,"PATHANCHERU 832",1,0,INDIVIDUAL/DOMESTIC
2015,12,9,"BALAJINAGAR (DIV 9)",12,9,INDIVIDUAL/DOMESTIC
2015,12,9,"BALAJINAGAR (DIV 9)",3,0,"MULTI STORIED BUILDING"
2015,12,9,BALANAGAR,17,14,INDIVIDUAL/DOMESTIC
2015,12,9,BALANAGAR,1,0,"MULTI STORIED BUILDING"
2015,12,9,BHAGYANAGAR,137,116,INDIVIDUAL/DOMESTIC
2015,12,9,BHAGYANAGAR,13,9,"MULTI STORIED BUILDING"
2015,12,9,"GAYATRI NAGAR",2,1,INDIVIDUAL/DOMESTIC
2015,12,9,HASMATHPET,26,22,INDIVIDUAL/DOMESTIC
2015,12,9,HASMATHPET,3,2,"MULTI STORIED BUILDING"
2015,12,9,KPHB,89,74,INDIVIDUAL/DOMESTIC
2015,12,9,KPHB,2,2,"MULTI STORIED BUILDING"
2015,12,9,KUKATPALLY,5,0,INDIVIDUAL/DOMESTIC
2015,12,9,KUKATPALLY,2,2,"MULTI STORIED BUILDING"
2015,12,9,MOOSAPET,139,117,INDIVIDUAL/DOMESTIC
2015,12,9,MOOSAPET,3,2,"MULTI STORIED BUILDING"
2015,12,9,"MOTI NAGAR",2,1,INDIVIDUAL/DOMESTIC
2015,12,9,"VIVEKANANDA NAGAR",2,1,INDIVIDUAL/DOMESTIC
2015,12,9,"VIVEKANANDA NAGAR",3,2,"MULTI STORIED BUILDING"
2015,12,10,ALKAPURI,27,20,INDIVIDUAL/DOMESTIC
2015,12,10,ALKAPURI,1,0,"MULTI STORIED BUILDING"
2015,12,10,ALKAPURI,1,1,"NON REVENUE CONNECTIONS"
2015,12,10,DILSHUKNAGAR,21,17,INDIVIDUAL/DOMESTIC
2015,12,10,DILSHUKNAGAR,4,3,"MULTI STORIED BUILDING"
2015,12,10,SAROORNAGAR,8,8,INDIVIDUAL/DOMESTIC
2015,12,10,"VAISHALINAGAR (DIV 10)",21,19,INDIVIDUAL/DOMESTIC
2015,12,10,"VAISHALINAGAR (DIV 10)",1,1,"MULTI STORIED BUILDING"
2015,12,10,"VANASTHALIPURAM (DIV 10)",5,3,INDIVIDUAL/DOMESTIC
2015,12,12,ADARSHNAGAR,55,44,INDIVIDUAL/DOMESTIC
2015,12,12,ADARSHNAGAR,1,0,"MULTI STORIED BUILDING"
2015,12,12,CHINTAL,1,0,BULK
2015,12,12,CHINTAL,63,44,INDIVIDUAL/DOMESTIC
2015,12,12,CHINTAL,7,2,"MULTI STORIED BUILDING"
2015,12,12,JEEDIMETLA,1,0,BULK
2015,12,12,JEEDIMETLA,39,27,INDIVIDUAL/DOMESTIC
2015,12,12,JEEDIMETLA,4,0,"MULTI STORIED BUILDING"
2015,12,12,SHAPOORNAGAR,1,0,BULK
2015,12,12,SHAPOORNAGAR,45,33,INDIVIDUAL/DOMESTIC
2015,12,12,SHAPOORNAGAR,9,4,"MULTI STORIED BUILDING"
2015,12,13,"ALWAL (Div13)",1,1,BULK
2015,12,13,"ALWAL (Div13)",47,31,INDIVIDUAL/DOMESTIC
2015,12,13,"ALWAL (Div13)",2,1,"MULTI STORIED BUILDING"
2015,12,13,CHANUKYAPURI,21,16,INDIVIDUAL/DOMESTIC
2015,12,13,CHANUKYAPURI,1,0,"MULTI STORIED BUILDING"
2015,12,13,"DEFENCE COLONY",32,27,INDIVIDUAL/DOMESTIC
2015,12,13,"DEFENCE COLONY",1,0,"MULTI STORIED BUILDING"
2015,12,13,"FATHER BALAIAHNAGAR (Div13)",48,42,INDIVIDUAL/DOMESTIC
2015,12,13,"FATHER BALAIAHNAGAR (Div13)",1,1,"MULTI STORIED BUILDING"
2015,12,13,"GOWTHAM NAGAR",2,2,INDIVIDUAL/DOMESTIC
2015,12,13,"GOWTHAM NAGAR",2,1,"MULTI STORIED BUILDING"
2015,12,13,MACHABOLLARAM,1,1,BULK
2015,12,13,MACHABOLLARAM,20,18,INDIVIDUAL/DOMESTIC
2015,12,13,MALKAJGIRI,1,0,INDIVIDUAL/DOMESTIC
2015,12,13,SAINATHPURAM,27,21,INDIVIDUAL/DOMESTIC
2015,12,13,SAINATHPURAM,2,2,"MULTI STORIED BUILDING"
2015,12,13,"YAPRAL (Div13)",21,8,INDIVIDUAL/DOMESTIC
2015,12,13,"YAPRAL (Div13)",1,1,"MULTI STORIED BUILDING"
2015,12,14,"HOUSING BOARD",101,79,INDIVIDUAL/DOMESTIC
2015,12,14,"HOUSING BOARD",1,1,"MULTI STORIED BUILDING"
2015,12,14,HUBSIGUDA,12,10,INDIVIDUAL/DOMESTIC
2015,12,14,HUBSIGUDA,2,1,"MULTI STORIED BUILDING"
2015,12,14,RADHIKA,33,24,INDIVIDUAL/DOMESTIC
2015,12,14,RADHIKA,3,3,"MULTI STORIED BUILDING"
2015,12,14,"RAMANTHAPUR(DIV 14)",22,21,INDIVIDUAL/DOMESTIC
2015,12,14,"RAMANTHAPUR(DIV 14)",2,2,"MULTI STORIED BUILDING"
2015,12,14,UPPAL,47,24,INDIVIDUAL/DOMESTIC
2015,12,15,"CHANDA NAGAR",16,10,INDIVIDUAL/DOMESTIC
2015,12,15,"CHANDA NAGAR",4,3,"MULTI STORIED BUILDING"
2015,12,15,"GACHIBOWLI (DIV 15)",56,48,INDIVIDUAL/DOMESTIC
2015,12,15,"GACHIBOWLI (DIV 15)",4,3,"MULTI STORIED BUILDING"
2015,12,15,MADHAPUR,115,52,INDIVIDUAL/DOMESTIC
2015,12,15,MADHAPUR,30,6,"MULTI STORIED BUILDING"
2015,12,15,MIYAPUR,1,0,BULK
2015,12,15,MIYAPUR,31,17,INDIVIDUAL/DOMESTIC
2015,12,15,MIYAPUR,14,4,"MULTI STORIED BUILDING"
2015,12,15,RAMACHANDRAPURAM,8,6,INDIVIDUAL/DOMESTIC
2015,12,16,"BUDVEL (DIV16)",21,16,INDIVIDUAL/DOMESTIC
2015,12,16,HYDERGUDA,316,278,INDIVIDUAL/DOMESTIC
2015,12,16,HYDERGUDA,4,2,"MULTI STORIED BUILDING"
2015,12,16,"MAILERDEV PALLY",51,42,INDIVIDUAL/DOMESTIC
2015,12,16,"MAILERDEV PALLY",2,1,"MULTI STORIED BUILDING"
2015,12,18,"MANIKONDA (DIV 18)",80,21,INDIVIDUAL/DOMESTIC
2015,12,18,"MANIKONDA (DIV 18)",13,1,"MULTI STORIED BUILDING"
2015,12,19,"BODUPPAL (DIV 19)",38,16,INDIVIDUAL/DOMESTIC
2015,12,19,"PEERJADIGUDA (DIV 19)",4,1,INDIVIDUAL/DOMESTIC
2015,12,21,ALWAL,1,0,BULK
2015,12,21,ALWAL,1,0,"MULTI STORIED BUILDING"
2015,12,21,SAINIKPURI,1,0,BULK
2015,12,22,"TURKAYAMJAL (PD 1)",2,1,BULK
2015,12,34,ALKAPURI,2,2,INDIVIDUAL/DOMESTIC
2015,12,34,AUTONAGAR,24,23,INDIVIDUAL/DOMESTIC
2015,12,34,AUTONAGAR,1,1,"MULTI STORIED BUILDING"
2015,12,34,L.B.NAGAR,77,68,INDIVIDUAL/DOMESTIC
2015,12,34,L.B.NAGAR,6,2,"MULTI STORIED BUILDING"
2015,12,34,MANSOORABAD,9,6,INDIVIDUAL/DOMESTIC
2015,12,34,MANSOORABAD,1,1,"MULTI STORIED BUILDING"
2015,12,34,"MARUTHINAGAR (DIV 10)",10,8,INDIVIDUAL/DOMESTIC
2015,12,34,"SAHEBNAGAR (DIV 10)",61,52,INDIVIDUAL/DOMESTIC
2015,12,34,"SAHEBNAGAR (DIV 10)",1,0,"MULTI STORIED BUILDING"
2015,12,34,"VANASTHALIPURAM (DIV 10)",31,27,INDIVIDUAL/DOMESTIC
2015,12,34,"VANASTHALIPURAM (DIV 10)",1,1,"MULTI STORIED BUILDING"
