year,month,division,section,applied,approved,category
2017,8,1,AZAMPURA,3,3,INDIVIDUAL/DOMESTIC
2017,8,1,BAHADURPURA,70,65,INDIVIDUAL/DOMESTIC
2017,8,1,"CHANUDLAL BHARADARI",4,3,INDIVIDUAL/DOMESTIC
2017,8,1,"DARUL SHIFA",3,2,INDIVIDUAL/DOMESTIC
2017,8,1,"DHOOD BOWLI",4,3,INDIVIDUAL/DOMESTIC
2017,8,1,"HASSAN NAGAR",3,3,INDIVIDUAL/DOMESTIC
2017,8,1,M.R.G.FILTERS,26,26,INDIVIDUAL/DOMESTIC
2017,8,1,MISRIGUNJ,1,1,INDIVIDUAL/DOMESTIC
2017,8,1,MOGHULPURA,7,7,INDIVIDUAL/DOMESTIC
2017,8,1,PATHERGATTI,6,6,INDIVIDUAL/DOMESTIC
2017,8,2,ALIABAD,4,3,INDIVIDUAL/DOMESTIC
2017,8,2,ASMANGARH,6,1,INDIVIDUAL/DOMESTIC
2017,8,2,BALAPUR,1,0,BULK
2017,8,2,BALAPUR,16,14,INDIVIDUAL/DOMESTIC
2017,8,2,"BANDLAGUDA  (DIV 2)",74,69,INDIVIDUAL/DOMESTIC
2017,8,2,CHANCHALGUDA,2,1,INDIVIDUAL/DOMESTIC
2017,8,2,GOWLIPURA,4,4,INDIVIDUAL/DOMESTIC
2017,8,2,JAHANUMA,68,63,INDIVIDUAL/DOMESTIC
2017,8,2,MADANNAPET,3,2,INDIVIDUAL/DOMESTIC
2017,8,2,MADANNAPET,1,1,"MULTI STORIED BUILDING"
2017,8,2,MALAKPET,9,9,INDIVIDUAL/DOMESTIC
2017,8,2,MOOSARAMBAGH,1,1,BULK
2017,8,2,MOOSARAMBAGH,2,1,INDIVIDUAL/DOMESTIC
2017,8,2,MOOSARAMBAGH,1,0,"MULTI STORIED BUILDING"
2017,8,2,MYSARAM,9,3,INDIVIDUAL/DOMESTIC
2017,8,2,SAIDABAD,1,0,"MULTI STORIED BUILDING"
2017,8,2,SANTOSHNAGAR,8,6,INDIVIDUAL/DOMESTIC
2017,8,2,YAKATPURA,4,3,INDIVIDUAL/DOMESTIC
2017,8,3,"AHMED NAGAR",7,5,INDIVIDUAL/DOMESTIC
2017,8,3,"AHMED NAGAR",1,1,"MULTI STORIED BUILDING"
2017,8,3,"ASIF NAGAR",5,2,INDIVIDUAL/DOMESTIC
2017,8,3,GOLCONDA,20,13,INDIVIDUAL/DOMESTIC
2017,8,3,"KAKATIYA NAGAR",2,1,INDIVIDUAL/DOMESTIC
2017,8,3,"KAKATIYA NAGAR",1,1,"MULTI STORIED BUILDING"
2017,8,3,KARWAN,5,3,INDIVIDUAL/DOMESTIC
2017,8,3,MEHIDIPATNAM,32,20,INDIVIDUAL/DOMESTIC
2017,8,3,MEHIDIPATNAM,1,0,"MULTI STORIED BUILDING"
2017,8,3,"OLD MALLEPALLY",6,3,INDIVIDUAL/DOMESTIC
2017,8,3,"OLD MALLEPALLY",1,0,"MULTI STORIED BUILDING"
2017,8,3,SHAIKPET,36,26,INDIVIDUAL/DOMESTIC
2017,8,3,SHAIKPET,2,2,"MULTI STORIED BUILDING"
2017,8,3,"TOLI CHOWK",29,18,INDIVIDUAL/DOMESTIC
2017,8,3,"VIJAYNAGAR COLONY",6,5,INDIVIDUAL/DOMESTIC
2017,8,4,ALLABANDA,2,1,INDIVIDUAL/DOMESTIC
2017,8,4,GODE-KI-KABAR,3,1,INDIVIDUAL/DOMESTIC
2017,8,4,GOWLIGUDA,3,2,INDIVIDUAL/DOMESTIC
2017,8,4,GOWLIGUDA,1,1,"MULTI STORIED BUILDING"
2017,8,4,GUNFOUNDRY,2,2,INDIVIDUAL/DOMESTIC
2017,8,4,GUNFOUNDRY,1,1,"MULTI STORIED BUILDING"
2017,8,4,"HINDI NAGAR",7,7,INDIVIDUAL/DOMESTIC
2017,8,4,"RED HILLS HIGH LEVEL",3,2,INDIVIDUAL/DOMESTIC
2017,8,4,"RED HILLS LOW LEVEL",2,0,INDIVIDUAL/DOMESTIC
2017,8,4,"SULTAN BAZAR",4,4,INDIVIDUAL/DOMESTIC
2017,8,4,ZIAGUDA,5,3,INDIVIDUAL/DOMESTIC
2017,8,5,"ADIKMET DMA-1",6,4,INDIVIDUAL/DOMESTIC
2017,8,5,AZAMABAD,6,3,INDIVIDUAL/DOMESTIC
2017,8,5,AZAMABAD,1,0,"MULTI STORIED BUILDING"
2017,8,5,"BAGH LINGAMPALLY",3,3,INDIVIDUAL/DOMESTIC
2017,8,5,BARKATPURA,4,2,INDIVIDUAL/DOMESTIC
2017,8,5,"BOATS CLUB",6,4,INDIVIDUAL/DOMESTIC
2017,8,5,"BOATS CLUB",1,1,"MULTI STORIED BUILDING"
2017,8,5,DOMALGUDA,4,2,INDIVIDUAL/DOMESTIC
2017,8,5,DOMALGUDA,1,0,"MULTI STORIED BUILDING"
2017,8,5,GANDHINAGAR,2,0,INDIVIDUAL/DOMESTIC
2017,8,5,MUSHEERABAD,6,5,INDIVIDUAL/DOMESTIC
2017,8,5,NARAYANGUDA,7,3,INDIVIDUAL/DOMESTIC
2017,8,5,NARAYANGUDA,1,1,"MULTI STORIED BUILDING"
2017,8,5,"RAMANTHAPUR (DIV 5)",11,10,INDIVIDUAL/DOMESTIC
2017,8,5,SHIVAM,12,10,INDIVIDUAL/DOMESTIC
2017,8,6,"BANJARA HILLS",10,7,INDIVIDUAL/DOMESTIC
2017,8,6,"BANJARA HILLS",5,1,"MULTI STORIED BUILDING"
2017,8,6,ERRAGADDA,13,11,INDIVIDUAL/DOMESTIC
2017,8,6,FATHENAGAR,10,9,INDIVIDUAL/DOMESTIC
2017,8,6,"JUBILEE HILLS",15,10,INDIVIDUAL/DOMESTIC
2017,8,6,"JUBILEE HILLS",5,3,"MULTI STORIED BUILDING"
2017,8,6,"S.P.R HILLS",14,12,INDIVIDUAL/DOMESTIC
2017,8,6,S.R.NAGAR,12,8,INDIVIDUAL/DOMESTIC
2017,8,6,SOMAJIGUDA,4,3,INDIVIDUAL/DOMESTIC
2017,8,6,THATTIKHANA,10,9,INDIVIDUAL/DOMESTIC
2017,8,6,THATTIKHANA,1,1,"MULTI STORIED BUILDING"
2017,8,6,VENGALRAONAGAR,4,4,INDIVIDUAL/DOMESTIC
2017,8,6,YELLAREDDYGUDA,9,8,INDIVIDUAL/DOMESTIC
2017,8,6,YELLAREDDYGUDA,1,1,"MULTI STORIED BUILDING"
2017,8,7,BOIGUDA,9,4,INDIVIDUAL/DOMESTIC
2017,8,7,BOIGUDA,2,0,"MULTI STORIED BUILDING"
2017,8,7,HUSSAINSAGAR,3,2,INDIVIDUAL/DOMESTIC
2017,8,7,LALAPET,3,1,INDIVIDUAL/DOMESTIC
2017,8,7,MARREDPALLY,14,9,INDIVIDUAL/DOMESTIC
2017,8,7,MARREDPALLY,2,0,"MULTI STORIED BUILDING"
2017,8,7,METTUGUDA,2,2,INDIVIDUAL/DOMESTIC
2017,8,7,NALLAGUTTA,32,13,INDIVIDUAL/DOMESTIC
2017,8,7,NALLAGUTTA,2,0,"MULTI STORIED BUILDING"
2017,8,7,PRAKASHNAGAR,14,8,INDIVIDUAL/DOMESTIC
2017,8,7,SEETHAPALMANDI,2,2,INDIVIDUAL/DOMESTIC
2017,8,7,SEETHAPALMANDI,1,0,"MULTI STORIED BUILDING"
2017,8,7,"SRINIVAS NAGAR",4,0,INDIVIDUAL/DOMESTIC
2017,8,7,TARNAKA,8,8,INDIVIDUAL/DOMESTIC
2017,8,7,TARNAKA,2,1,"MULTI STORIED BUILDING"
2017,8,8,"PATHANCHERU 820",2,1,INDIVIDUAL/DOMESTIC
2017,8,8,"PATHANCHERU 832",2,0,INDIVIDUAL/DOMESTIC
2017,8,8,"PATHANCHERU 832",3,0,"MULTI STORIED BUILDING"
2017,8,9,"BALAJINAGAR (DIV 9)",1,1,INDIVIDUAL/DOMESTIC
2017,8,9,"BALAJINAGAR (DIV 9)",8,0,"MULTI STORIED BUILDING"
2017,8,9,BALANAGAR,7,4,INDIVIDUAL/DOMESTIC
2017,8,9,BHAGYANAGAR,1,0,BULK
2017,8,9,BHAGYANAGAR,61,49,INDIVIDUAL/DOMESTIC
2017,8,9,BHAGYANAGAR,4,2,"MULTI STORIED BUILDING"
2017,8,9,"GAYATRI NAGAR",4,2,INDIVIDUAL/DOMESTIC
2017,8,9,HASMATHPET,30,25,INDIVIDUAL/DOMESTIC
2017,8,9,HASMATHPET,1,0,"MULTI STORIED BUILDING"
2017,8,9,KPHB,18,15,INDIVIDUAL/DOMESTIC
2017,8,9,KPHB,1,1,"MULTI STORIED BUILDING"
2017,8,9,KUKATPALLY,2,2,INDIVIDUAL/DOMESTIC
2017,8,9,KUKATPALLY,1,0,"MULTI STORIED BUILDING"
2017,8,9,MOOSAPET,55,48,INDIVIDUAL/DOMESTIC
2017,8,9,MOOSAPET,1,1,"MULTI STORIED BUILDING"
2017,8,9,"MOTI NAGAR",1,1,INDIVIDUAL/DOMESTIC
2017,8,9,"VIVEKANANDA NAGAR",1,1,INDIVIDUAL/DOMESTIC
2017,8,9,"VIVEKANANDA NAGAR",1,0,"MULTI STORIED BUILDING"
2017,8,10,ALKAPURI,210,201,INDIVIDUAL/DOMESTIC
2017,8,10,ALKAPURI,1,1,"MULTI STORIED BUILDING"
2017,8,10,DILSHUKNAGAR,1,1,INDIVIDUAL/DOMESTIC
2017,8,10,DILSHUKNAGAR,1,0,"MULTI STORIED BUILDING"
2017,8,10,SAROORNAGAR,9,5,INDIVIDUAL/DOMESTIC
2017,8,10,SAROORNAGAR,5,1,"MULTI STORIED BUILDING"
2017,8,10,"VAISHALINAGAR (DIV 10)",15,12,INDIVIDUAL/DOMESTIC
2017,8,10,"VAISHALINAGAR (DIV 10)",1,0,"MULTI STORIED BUILDING"
2017,8,10,"VANASTHALIPURAM (DIV 10)",2,2,INDIVIDUAL/DOMESTIC
2017,8,11,SANATNAGAR-OLD,1,0,INDIVIDUAL/DOMESTIC
2017,8,12,ADARSHNAGAR,31,17,INDIVIDUAL/DOMESTIC
2017,8,12,ADARSHNAGAR,2,0,"MULTI STORIED BUILDING"
2017,8,12,CHINTAL,31,19,INDIVIDUAL/DOMESTIC
2017,8,12,CHINTAL,10,10,"MULTI STORIED BUILDING"
2017,8,12,JEEDIMETLA,57,35,INDIVIDUAL/DOMESTIC
2017,8,12,JEEDIMETLA,8,1,"MULTI STORIED BUILDING"
2017,8,12,SHAPOORNAGAR,49,34,INDIVIDUAL/DOMESTIC
2017,8,12,SHAPOORNAGAR,11,1,"MULTI STORIED BUILDING"
2017,8,12,suchitra,1,1,INDIVIDUAL/DOMESTIC
2017,8,13,"ALWAL (Div13)",26,24,INDIVIDUAL/DOMESTIC
2017,8,13,"ALWAL (Div13)",8,2,"MULTI STORIED BUILDING"
2017,8,13,CHANUKYAPURI,19,13,INDIVIDUAL/DOMESTIC
2017,8,13,CHANUKYAPURI,2,2,"MULTI STORIED BUILDING"
2017,8,13,"DEFENCE COLONY",48,42,INDIVIDUAL/DOMESTIC
2017,8,13,"DEFENCE COLONY",2,1,"MULTI STORIED BUILDING"
2017,8,13,"FATHER BALAIAHNAGAR (Div13)",1,1,BULK
2017,8,13,"FATHER BALAIAHNAGAR (Div13)",35,31,INDIVIDUAL/DOMESTIC
2017,8,13,"GOWTHAM NAGAR",91,87,INDIVIDUAL/DOMESTIC
2017,8,13,MACHABOLLARAM,22,20,INDIVIDUAL/DOMESTIC
2017,8,13,MACHABOLLARAM,1,1,"MULTI STORIED BUILDING"
2017,8,13,MALKAJGIRI,1,1,INDIVIDUAL/DOMESTIC
2017,8,13,SAINATHPURAM,22,14,INDIVIDUAL/DOMESTIC
2017,8,13,SAINATHPURAM,2,0,"MULTI STORIED BUILDING"
2017,8,13,"YAPRAL (Div13)",1,0,BULK
2017,8,13,"YAPRAL (Div13)",10,8,INDIVIDUAL/DOMESTIC
2017,8,13,"YAPRAL (Div13)",2,1,"MULTI STORIED BUILDING"
2017,8,14,"HOUSING BOARD",29,20,INDIVIDUAL/DOMESTIC
2017,8,14,HUBSIGUDA,5,3,INDIVIDUAL/DOMESTIC
2017,8,14,HUBSIGUDA,1,0,"MULTI STORIED BUILDING"
2017,8,14,RADHIKA,260,224,INDIVIDUAL/DOMESTIC
2017,8,14,RADHIKA,7,1,"MULTI STORIED BUILDING"
2017,8,14,RADHIKA,1,0,"NON REVENUE CONNECTIONS"
2017,8,14,"RAMANTHAPUR(DIV 14)",12,10,INDIVIDUAL/DOMESTIC
2017,8,14,"RAMANTHAPUR(DIV 14)",1,1,"MULTI STORIED BUILDING"
2017,8,14,UPPAL,29,20,INDIVIDUAL/DOMESTIC
2017,8,14,UPPAL,3,0,"MULTI STORIED BUILDING"
2017,8,14,UPPAL,1,0,"NON REVENUE CONNECTIONS"
2017,8,15,"CHANDA NAGAR",19,18,INDIVIDUAL/DOMESTIC
2017,8,15,"CHANDA NAGAR",10,3,"MULTI STORIED BUILDING"
2017,8,15,"GACHIBOWLI (DIV 15)",1,0,BULK
2017,8,15,"GACHIBOWLI (DIV 15)",97,81,INDIVIDUAL/DOMESTIC
2017,8,15,"GACHIBOWLI (DIV 15)",7,1,"MULTI STORIED BUILDING"
2017,8,15,MADHAPUR,3,2,BULK
2017,8,15,MADHAPUR,160,124,INDIVIDUAL/DOMESTIC
2017,8,15,MADHAPUR,46,21,"MULTI STORIED BUILDING"
2017,8,15,MIYAPUR,105,95,INDIVIDUAL/DOMESTIC
2017,8,15,MIYAPUR,34,13,"MULTI STORIED BUILDING"
2017,8,15,RAMACHANDRAPURAM,2,1,INDIVIDUAL/DOMESTIC
2017,8,16,"BUDVEL (DIV16)",18,10,INDIVIDUAL/DOMESTIC
2017,8,16,HYDERGUDA,38,26,INDIVIDUAL/DOMESTIC
2017,8,16,HYDERGUDA,2,1,"MULTI STORIED BUILDING"
2017,8,16,"MAILERDEV PALLY",49,36,INDIVIDUAL/DOMESTIC
2017,8,18,"MANIKONDA (DIV 18)",1,0,BULK
2017,8,18,"MANIKONDA (DIV 18)",21,15,INDIVIDUAL/DOMESTIC
2017,8,18,"MANIKONDA (DIV 18)",3,0,"MULTI STORIED BUILDING"
2017,8,19,"BODUPPAL (DIV 19)",23,20,INDIVIDUAL/DOMESTIC
2017,8,19,"BODUPPAL (DIV 19)",2,0,"MULTI STORIED BUILDING"
2017,8,19,"PEERJADIGUDA (DIV 19)",1,0,BULK
2017,8,20,"BADANGPET  (DIV 20)",5,4,INDIVIDUAL/DOMESTIC
2017,8,20,"JALPALLY (DIV 20)",1,0,INDIVIDUAL/DOMESTIC
2017,8,20,"JILLELAGUDA (DIV 20)",1,1,INDIVIDUAL/DOMESTIC
2017,8,20,"MEERPET (DIV 20)",2,1,INDIVIDUAL/DOMESTIC
2017,8,20,"THUKKUGUDA (PD 1)",1,1,INDIVIDUAL/DOMESTIC
2017,8,23,"BACHUPALLY (PD 7)",2,1,BULK
2017,8,23,"BACHUPALLY (PD 7)",1,0,"MULTI STORIED BUILDING"
2017,8,23,"NIZAMPET (PD 7)",2,2,BULK
2017,8,23,"NIZAMPET (PD 7)",11,10,INDIVIDUAL/DOMESTIC
2017,8,23,"NIZAMPET (PD 7)",10,3,"MULTI STORIED BUILDING"
2017,8,34,ALKAPURI,2,2,INDIVIDUAL/DOMESTIC
2017,8,34,AUTONAGAR,39,36,INDIVIDUAL/DOMESTIC
2017,8,34,AUTONAGAR,1,0,"MULTI STORIED BUILDING"
2017,8,34,L.B.NAGAR,62,55,INDIVIDUAL/DOMESTIC
2017,8,34,L.B.NAGAR,5,3,"MULTI STORIED BUILDING"
2017,8,34,MANSOORABAD,8,7,INDIVIDUAL/DOMESTIC
2017,8,34,MANSOORABAD,6,3,"MULTI STORIED BUILDING"
2017,8,34,"MARUTHINAGAR (DIV 10)",7,6,INDIVIDUAL/DOMESTIC
2017,8,34,"MARUTHINAGAR (DIV 10)",2,1,"MULTI STORIED BUILDING"
2017,8,34,NAGOLE,4,2,INDIVIDUAL/DOMESTIC
2017,8,34,"SAHEBNAGAR (DIV 10)",29,24,INDIVIDUAL/DOMESTIC
2017,8,34,"SAHEBNAGAR (DIV 10)",2,0,"MULTI STORIED BUILDING"
2017,8,34,SAROORNAGAR,3,1,INDIVIDUAL/DOMESTIC
2017,8,34,"VANASTHALIPURAM (DIV 10)",33,27,INDIVIDUAL/DOMESTIC
