year,month,division,section,applied,approved,category
2017,10,1,BAHADURPURA,49,48,INDIVIDUAL/DOMESTIC
2017,10,1,"CHANUDLAL BHARADARI",20,20,INDIVIDUAL/DOMESTIC
2017,10,1,"DARUL SHIFA",5,4,INDIVIDUAL/DOMESTIC
2017,10,1,"DHOOD BOWLI",8,4,INDIVIDUAL/DOMESTIC
2017,10,1,"HASSAN NAGAR",1,1,INDIVIDUAL/DOMESTIC
2017,10,1,"HASSAN NAGAR",1,0,"MULTI STORIED BUILDING"
2017,10,1,M.R.G.FILTERS,14,12,INDIVIDUAL/DOMESTIC
2017,10,1,MOGHULPURA,8,8,INDIVIDUAL/DOMESTIC
2017,10,1,PATHERGATTI,1,1,INDIVIDUAL/DOMESTIC
2017,10,2,ALIABAD,4,3,INDIVIDUAL/DOMESTIC
2017,10,2,ASMANGARH,7,4,INDIVIDUAL/DOMESTIC
2017,10,2,ASMANGARH,1,0,"MULTI STORIED BUILDING"
2017,10,2,BALAPUR,15,14,INDIVIDUAL/DOMESTIC
2017,10,2,"BANDLAGUDA  (DIV 2)",105,96,INDIVIDUAL/DOMESTIC
2017,10,2,CHANCHALGUDA,1,1,INDIVIDUAL/DOMESTIC
2017,10,2,GOWLIPURA,10,8,INDIVIDUAL/DOMESTIC
2017,10,2,JAHANUMA,13,7,INDIVIDUAL/DOMESTIC
2017,10,2,MADANNAPET,1,1,INDIVIDUAL/DOMESTIC
2017,10,2,MALAKPET,11,6,INDIVIDUAL/DOMESTIC
2017,10,2,MALAKPET,1,1,"MULTI STORIED BUILDING"
2017,10,2,MOOSARAMBAGH,5,4,INDIVIDUAL/DOMESTIC
2017,10,2,MOOSARAMBAGH,1,0,"MULTI STORIED BUILDING"
2017,10,2,MYSARAM,17,11,INDIVIDUAL/DOMESTIC
2017,10,2,SALEEMNAGAR,1,1,INDIVIDUAL/DOMESTIC
2017,10,2,SANTOSHNAGAR,12,10,INDIVIDUAL/DOMESTIC
2017,10,2,SANTOSHNAGAR,2,2,"MULTI STORIED BUILDING"
2017,10,2,YAKATPURA,2,2,INDIVIDUAL/DOMESTIC
2017,10,3,"AHMED NAGAR",10,8,INDIVIDUAL/DOMESTIC
2017,10,3,"ASIF NAGAR",2,0,INDIVIDUAL/DOMESTIC
2017,10,3,"CHINTAL BASTHI",1,0,INDIVIDUAL/DOMESTIC
2017,10,3,GOLCONDA,14,8,INDIVIDUAL/DOMESTIC
2017,10,3,"KAKATIYA NAGAR",1,1,INDIVIDUAL/DOMESTIC
2017,10,3,KARWAN,1,0,BULK
2017,10,3,KARWAN,28,19,INDIVIDUAL/DOMESTIC
2017,10,3,MEHIDIPATNAM,13,10,INDIVIDUAL/DOMESTIC
2017,10,3,MEHIDIPATNAM,4,2,"MULTI STORIED BUILDING"
2017,10,3,"OLD MALLEPALLY",4,4,INDIVIDUAL/DOMESTIC
2017,10,3,SHAIKPET,24,18,INDIVIDUAL/DOMESTIC
2017,10,3,SHAIKPET,6,2,"MULTI STORIED BUILDING"
2017,10,3,"TOLI CHOWK",23,19,INDIVIDUAL/DOMESTIC
2017,10,3,"TOLI CHOWK",1,0,"MULTI STORIED BUILDING"
2017,10,3,"VIJAYNAGAR COLONY",3,0,INDIVIDUAL/DOMESTIC
2017,10,4,ALLABANDA,3,3,INDIVIDUAL/DOMESTIC
2017,10,4,GODE-KI-KABAR,22,18,INDIVIDUAL/DOMESTIC
2017,10,4,GOWLIGUDA,1,1,INDIVIDUAL/DOMESTIC
2017,10,4,"HINDI NAGAR",1,0,INDIVIDUAL/DOMESTIC
2017,10,4,"RED HILLS HIGH LEVEL",2,2,INDIVIDUAL/DOMESTIC
2017,10,4,"RED HILLS HIGH LEVEL",1,1,"MULTI STORIED BUILDING"
2017,10,4,"RED HILLS LOW LEVEL",4,4,INDIVIDUAL/DOMESTIC
2017,10,4,"RED HILLS LOW LEVEL",1,0,"MULTI STORIED BUILDING"
2017,10,4,"SULTAN BAZAR",1,1,INDIVIDUAL/DOMESTIC
2017,10,4,ZIAGUDA,1,0,INDIVIDUAL/DOMESTIC
2017,10,5,"ADIKMET DMA-1",7,7,INDIVIDUAL/DOMESTIC
2017,10,5,"ADIKMET DMA-1",4,2,"MULTI STORIED BUILDING"
2017,10,5,AZAMABAD,7,6,INDIVIDUAL/DOMESTIC
2017,10,5,"BAGH LINGAMPALLY",1,0,"MULTI STORIED BUILDING"
2017,10,5,BARKATPURA,2,1,INDIVIDUAL/DOMESTIC
2017,10,5,BARKATPURA,1,0,"MULTI STORIED BUILDING"
2017,10,5,"BOATS CLUB",9,3,INDIVIDUAL/DOMESTIC
2017,10,5,DOMALGUDA,2,1,INDIVIDUAL/DOMESTIC
2017,10,5,GANDHINAGAR,2,1,INDIVIDUAL/DOMESTIC
2017,10,5,GANDHINAGAR,2,2,"MULTI STORIED BUILDING"
2017,10,5,MUSHEERABAD,10,8,INDIVIDUAL/DOMESTIC
2017,10,5,NARAYANGUDA,3,3,INDIVIDUAL/DOMESTIC
2017,10,5,NARAYANGUDA,1,0,"MULTI STORIED BUILDING"
2017,10,5,"RAMANTHAPUR (DIV 5)",6,5,INDIVIDUAL/DOMESTIC
2017,10,5,SHIVAM,9,9,INDIVIDUAL/DOMESTIC
2017,10,5,SHIVAM,3,2,"MULTI STORIED BUILDING"
2017,10,5,VIGYANPURI,5,4,INDIVIDUAL/DOMESTIC
2017,10,6,"BANJARA HILLS",9,6,INDIVIDUAL/DOMESTIC
2017,10,6,"BANJARA HILLS",3,1,"MULTI STORIED BUILDING"
2017,10,6,BORABANDA,4,3,INDIVIDUAL/DOMESTIC
2017,10,6,ERRAGADDA,20,16,INDIVIDUAL/DOMESTIC
2017,10,6,FATHENAGAR,14,12,INDIVIDUAL/DOMESTIC
2017,10,6,FATHENAGAR,1,0,"MULTI STORIED BUILDING"
2017,10,6,"JUBILEE HILLS",16,10,INDIVIDUAL/DOMESTIC
2017,10,6,"JUBILEE HILLS",1,1,"MULTI STORIED BUILDING"
2017,10,6,"S.P.R HILLS",35,30,INDIVIDUAL/DOMESTIC
2017,10,6,S.R.NAGAR,18,9,INDIVIDUAL/DOMESTIC
2017,10,6,SOMAJIGUDA,7,6,INDIVIDUAL/DOMESTIC
2017,10,6,SOMAJIGUDA,1,1,"MULTI STORIED BUILDING"
2017,10,6,THATTIKHANA,18,17,INDIVIDUAL/DOMESTIC
2017,10,6,THATTIKHANA,3,2,"MULTI STORIED BUILDING"
2017,10,6,VENGALRAONAGAR,8,8,INDIVIDUAL/DOMESTIC
2017,10,6,YELLAREDDYGUDA,11,8,INDIVIDUAL/DOMESTIC
2017,10,6,YELLAREDDYGUDA,2,1,"MULTI STORIED BUILDING"
2017,10,7,BOIGUDA,12,11,INDIVIDUAL/DOMESTIC
2017,10,7,BOIGUDA,1,1,"MULTI STORIED BUILDING"
2017,10,7,HUSSAINSAGAR,6,5,INDIVIDUAL/DOMESTIC
2017,10,7,LALAPET,8,4,INDIVIDUAL/DOMESTIC
2017,10,7,MARREDPALLY,17,9,INDIVIDUAL/DOMESTIC
2017,10,7,MARREDPALLY,5,2,"MULTI STORIED BUILDING"
2017,10,7,METTUGUDA,3,1,INDIVIDUAL/DOMESTIC
2017,10,7,NALLAGUTTA,4,4,INDIVIDUAL/DOMESTIC
2017,10,7,PRAKASHNAGAR,14,9,INDIVIDUAL/DOMESTIC
2017,10,7,PRAKASHNAGAR,3,0,"MULTI STORIED BUILDING"
2017,10,7,"REGIMENTAL BAZAR",1,0,"MULTI STORIED BUILDING"
2017,10,7,"REGIMENTAL BAZAR",1,0,"NON REVENUE CONNECTIONS"
2017,10,7,SEETHAPALMANDI,6,5,INDIVIDUAL/DOMESTIC
2017,10,7,SEETHAPALMANDI,1,1,"MULTI STORIED BUILDING"
2017,10,7,"SRINIVAS NAGAR",3,3,INDIVIDUAL/DOMESTIC
2017,10,7,"SRINIVAS NAGAR",1,0,"MULTI STORIED BUILDING"
2017,10,7,TARNAKA,24,19,INDIVIDUAL/DOMESTIC
2017,10,8,"PATHANCHERU 832",4,1,INDIVIDUAL/DOMESTIC
2017,10,8,"PATHANCHERU 832",1,0,"MULTI STORIED BUILDING"
2017,10,9,"BALAJINAGAR (DIV 9)",8,5,INDIVIDUAL/DOMESTIC
2017,10,9,"BALAJINAGAR (DIV 9)",4,1,"MULTI STORIED BUILDING"
2017,10,9,BALANAGAR,14,9,INDIVIDUAL/DOMESTIC
2017,10,9,BALANAGAR,1,0,"MULTI STORIED BUILDING"
2017,10,9,BHAGYANAGAR,60,48,INDIVIDUAL/DOMESTIC
2017,10,9,BHAGYANAGAR,11,5,"MULTI STORIED BUILDING"
2017,10,9,"GAYATRI NAGAR",4,1,INDIVIDUAL/DOMESTIC
2017,10,9,HASMATHPET,16,13,INDIVIDUAL/DOMESTIC
2017,10,9,HASMATHPET,2,0,"MULTI STORIED BUILDING"
2017,10,9,KPHB,15,12,INDIVIDUAL/DOMESTIC
2017,10,9,KPHB,2,1,"MULTI STORIED BUILDING"
2017,10,9,KUKATPALLY,2,1,INDIVIDUAL/DOMESTIC
2017,10,9,MOOSAPET,1,0,BULK
2017,10,9,MOOSAPET,70,61,INDIVIDUAL/DOMESTIC
2017,10,9,MOOSAPET,4,1,"MULTI STORIED BUILDING"
2017,10,9,"MOTI NAGAR",1,1,INDIVIDUAL/DOMESTIC
2017,10,9,"VIVEKANANDA NAGAR",2,2,INDIVIDUAL/DOMESTIC
2017,10,10,ALKAPURI,16,12,INDIVIDUAL/DOMESTIC
2017,10,10,ALKAPURI,3,2,"MULTI STORIED BUILDING"
2017,10,10,DILSHUKNAGAR,4,3,INDIVIDUAL/DOMESTIC
2017,10,10,DILSHUKNAGAR,2,1,"MULTI STORIED BUILDING"
2017,10,10,SAROORNAGAR,17,8,INDIVIDUAL/DOMESTIC
2017,10,10,SAROORNAGAR,4,2,"MULTI STORIED BUILDING"
2017,10,10,"VAISHALINAGAR (DIV 10)",15,9,INDIVIDUAL/DOMESTIC
2017,10,10,"VAISHALINAGAR (DIV 10)",1,1,"MULTI STORIED BUILDING"
2017,10,10,"VANASTHALIPURAM (DIV 10)",6,5,INDIVIDUAL/DOMESTIC
2017,10,12,ADARSHNAGAR,44,37,INDIVIDUAL/DOMESTIC
2017,10,12,ADARSHNAGAR,3,0,"MULTI STORIED BUILDING"
2017,10,12,CHINTAL,26,20,INDIVIDUAL/DOMESTIC
2017,10,12,CHINTAL,17,10,"MULTI STORIED BUILDING"
2017,10,12,CHINTAL,1,0,"NON REVENUE CONNECTIONS"
2017,10,12,JEEDIMETLA,1,0,BULK
2017,10,12,JEEDIMETLA,43,34,INDIVIDUAL/DOMESTIC
2017,10,12,JEEDIMETLA,8,1,"MULTI STORIED BUILDING"
2017,10,12,SHAPOORNAGAR,89,68,INDIVIDUAL/DOMESTIC
2017,10,12,SHAPOORNAGAR,3,1,"MULTI STORIED BUILDING"
2017,10,12,SHAPOORNAGAR,1,1,"NON REVENUE CONNECTIONS"
2017,10,13,"ALWAL (Div13)",28,20,INDIVIDUAL/DOMESTIC
2017,10,13,"ALWAL (Div13)",6,2,"MULTI STORIED BUILDING"
2017,10,13,CHANUKYAPURI,11,9,INDIVIDUAL/DOMESTIC
2017,10,13,"DEFENCE COLONY",34,30,INDIVIDUAL/DOMESTIC
2017,10,13,"DEFENCE COLONY",1,1,"MULTI STORIED BUILDING"
2017,10,13,"FATHER BALAIAHNAGAR (Div13)",43,39,INDIVIDUAL/DOMESTIC
2017,10,13,"FATHER BALAIAHNAGAR (Div13)",2,2,"MULTI STORIED BUILDING"
2017,10,13,"GOWTHAM NAGAR",100,89,INDIVIDUAL/DOMESTIC
2017,10,13,"GOWTHAM NAGAR",2,0,"NON REVENUE CONNECTIONS"
2017,10,13,MACHABOLLARAM,17,11,INDIVIDUAL/DOMESTIC
2017,10,13,MACHABOLLARAM,1,1,"MULTI STORIED BUILDING"
2017,10,13,MALKAJGIRI,3,3,INDIVIDUAL/DOMESTIC
2017,10,13,SAINATHPURAM,25,18,INDIVIDUAL/DOMESTIC
2017,10,13,SAINATHPURAM,2,1,"MULTI STORIED BUILDING"
2017,10,13,SAINATHPURAM,1,0,"NON REVENUE CONNECTIONS"
2017,10,13,"YAPRAL (Div13)",11,8,INDIVIDUAL/DOMESTIC
2017,10,14,"HOUSING BOARD",39,27,INDIVIDUAL/DOMESTIC
2017,10,14,"HOUSING BOARD",2,1,"MULTI STORIED BUILDING"
2017,10,14,HUBSIGUDA,5,2,INDIVIDUAL/DOMESTIC
2017,10,14,RADHIKA,2,1,BULK
2017,10,14,RADHIKA,303,258,INDIVIDUAL/DOMESTIC
2017,10,14,RADHIKA,3,2,"MULTI STORIED BUILDING"
2017,10,14,"RAMANTHAPUR(DIV 14)",40,31,INDIVIDUAL/DOMESTIC
2017,10,14,"RAMANTHAPUR(DIV 14)",1,0,"MULTI STORIED BUILDING"
2017,10,14,UPPAL,40,27,INDIVIDUAL/DOMESTIC
2017,10,14,UPPAL,2,0,"MULTI STORIED BUILDING"
2017,10,15,"CHANDA NAGAR",19,17,INDIVIDUAL/DOMESTIC
2017,10,15,"CHANDA NAGAR",2,1,"MULTI STORIED BUILDING"
2017,10,15,"GACHIBOWLI (DIV 15)",1,1,BULK
2017,10,15,"GACHIBOWLI (DIV 15)",101,80,INDIVIDUAL/DOMESTIC
2017,10,15,"GACHIBOWLI (DIV 15)",5,4,"MULTI STORIED BUILDING"
2017,10,15,MADHAPUR,1,1,BULK
2017,10,15,MADHAPUR,66,58,INDIVIDUAL/DOMESTIC
2017,10,15,MADHAPUR,41,11,"MULTI STORIED BUILDING"
2017,10,15,MIYAPUR,50,43,INDIVIDUAL/DOMESTIC
2017,10,15,MIYAPUR,22,7,"MULTI STORIED BUILDING"
2017,10,15,"PATANCHERU (DIV15)",1,0,"MULTI STORIED BUILDING"
2017,10,15,RAMACHANDRAPURAM,2,2,INDIVIDUAL/DOMESTIC
2017,10,16,"BUDVEL (DIV16)",16,10,INDIVIDUAL/DOMESTIC
2017,10,16,"BUDVEL (DIV16)",3,0,"MULTI STORIED BUILDING"
2017,10,16,HYDERGUDA,83,47,INDIVIDUAL/DOMESTIC
2017,10,16,HYDERGUDA,7,4,"MULTI STORIED BUILDING"
2017,10,16,"MAILERDEV PALLY",68,57,INDIVIDUAL/DOMESTIC
2017,10,16,"MAILERDEV PALLY",1,0,"MULTI STORIED BUILDING"
2017,10,18,"MANIKONDA (DIV 18)",2,1,BULK
2017,10,18,"MANIKONDA (DIV 18)",8,4,INDIVIDUAL/DOMESTIC
2017,10,18,"MANIKONDA (DIV 18)",3,1,"MULTI STORIED BUILDING"
2017,10,19,"BODUPPAL (DIV 19)",33,18,INDIVIDUAL/DOMESTIC
2017,10,19,"PEERJADIGUDA (DIV 19)",1,0,INDIVIDUAL/DOMESTIC
2017,10,20,"BADANGPET  (DIV 20)",2,0,BULK
2017,10,20,"BADANGPET  (DIV 20)",1,0,INDIVIDUAL/DOMESTIC
2017,10,20,"JILLELAGUDA (DIV 20)",5,5,INDIVIDUAL/DOMESTIC
2017,10,20,"SHAMSHABAD (DIV 20)",1,0,BULK
2017,10,21,SAINIKPURI,2,0,BULK
2017,10,22,"ADIBATLA (PD 1)",1,0,BULK
2017,10,22,"TURKAYAMJAL (PD 1)",1,0,BULK
2017,10,23,"BACHUPALLY (PD 7)",1,0,"MULTI STORIED BUILDING"
2017,10,23,"NIZAMPET (PD 7)",5,3,BULK
2017,10,23,"NIZAMPET (PD 7)",24,19,INDIVIDUAL/DOMESTIC
2017,10,23,"NIZAMPET (PD 7)",46,35,"MULTI STORIED BUILDING"
2017,10,34,AUTONAGAR,35,33,INDIVIDUAL/DOMESTIC
2017,10,34,AUTONAGAR,4,1,"MULTI STORIED BUILDING"
2017,10,34,KAMALANAGAR,2,1,INDIVIDUAL/DOMESTIC
2017,10,34,L.B.NAGAR,44,39,INDIVIDUAL/DOMESTIC
2017,10,34,L.B.NAGAR,8,5,"MULTI STORIED BUILDING"
2017,10,34,MANSOORABAD,4,2,INDIVIDUAL/DOMESTIC
2017,10,34,MANSOORABAD,1,1,"MULTI STORIED BUILDING"
2017,10,34,"MARUTHINAGAR (DIV 10)",4,4,INDIVIDUAL/DOMESTIC
2017,10,34,"MARUTHINAGAR (DIV 10)",1,0,"MULTI STORIED BUILDING"
2017,10,34,NAGOLE,9,9,INDIVIDUAL/DOMESTIC
2017,10,34,"SAHEBNAGAR (DIV 10)",42,38,INDIVIDUAL/DOMESTIC
2017,10,34,"SAHEBNAGAR (DIV 10)",11,5,"MULTI STORIED BUILDING"
2017,10,34,SAROORNAGAR,2,0,INDIVIDUAL/DOMESTIC
2017,10,34,"VANASTHALIPURAM (DIV 10)",50,44,INDIVIDUAL/DOMESTIC
