year,month,division,section,applied,approved,category
2022,5,1,AZAMPURA,2,0,INDIVIDUAL/DOMESTIC
2022,5,1,AZAMPURA,1,0,"MULTI STORIED BUILDING"
2022,5,1,BAHADURPURA,7,0,INDIVIDUAL/DOMESTIC
2022,5,1,"CHANUDLAL BHARADARI",6,0,INDIVIDUAL/DOMESTIC
2022,5,1,"CHANUDLAL BHARADARI",1,0,"MULTI STORIED BUILDING"
2022,5,1,"DHOOD BOWLI",4,2,INDIVIDUAL/DOMESTIC
2022,5,1,"DHOOD BOWLI",1,0,"MULTI STORIED BUILDING"
2022,5,1,"HASSAN NAGAR",10,0,INDIVIDUAL/DOMESTIC
2022,5,1,"KISHAN BAGH",6,1,INDIVIDUAL/DOMESTIC
2022,5,1,M.R.G.FILTERS,1,0,INDIVIDUAL/DOMESTIC
2022,5,1,MOGHULPURA,9,3,INDIVIDUAL/DOMESTIC
2022,5,1,PATHERGATTI,4,2,INDIVIDUAL/DOMESTIC
2022,5,2,ASMANGARH,3,2,INDIVIDUAL/DOMESTIC
2022,5,2,BALAPUR,4,0,INDIVIDUAL/DOMESTIC
2022,5,2,"BANDLAGUDA  (DIV 2)",38,30,INDIVIDUAL/DOMESTIC
2022,5,2,CHANCHALGUDA,3,1,INDIVIDUAL/DOMESTIC
2022,5,2,CHANCHALGUDA,1,0,"MULTI STORIED BUILDING"
2022,5,2,GOWLIPURA,7,5,INDIVIDUAL/DOMESTIC
2022,5,2,JAHANUMA,8,3,INDIVIDUAL/DOMESTIC
2022,5,2,JANGAMMET,1,1,INDIVIDUAL/DOMESTIC
2022,5,2,MADANNAPET,2,0,INDIVIDUAL/DOMESTIC
2022,5,2,MALAKPET,1,1,INDIVIDUAL/DOMESTIC
2022,5,2,MALAKPET,1,1,"MULTI STORIED BUILDING"
2022,5,2,MOOSARAMBAGH,9,5,INDIVIDUAL/DOMESTIC
2022,5,2,MOOSARAMBAGH,1,0,"MULTI STORIED BUILDING"
2022,5,2,MYSARAM,7,4,INDIVIDUAL/DOMESTIC
2022,5,2,SAIDABAD,2,1,INDIVIDUAL/DOMESTIC
2022,5,2,SAIDABAD,1,0,"MULTI STORIED BUILDING"
2022,5,2,SANTOSHNAGAR,3,3,INDIVIDUAL/DOMESTIC
2022,5,2,SANTOSHNAGAR,3,0,"MULTI STORIED BUILDING"
2022,5,2,"VINAY NAGAR (DIV 2 (a))",1,1,INDIVIDUAL/DOMESTIC
2022,5,2,"VINAY NAGAR (DIV 2 (a))",1,0,"MULTI STORIED BUILDING"
2022,5,3,"AHMED NAGAR",6,2,INDIVIDUAL/DOMESTIC
2022,5,3,"ASIF NAGAR",8,6,INDIVIDUAL/DOMESTIC
2022,5,3,"ASIF NAGAR",1,0,"MULTI STORIED BUILDING"
2022,5,3,"CHINTAL BASTHI",3,2,INDIVIDUAL/DOMESTIC
2022,5,3,"CHINTAL BASTHI",1,0,"MULTI STORIED BUILDING"
2022,5,3,GOLCONDA,6,4,INDIVIDUAL/DOMESTIC
2022,5,3,HAKEEMPET,5,2,INDIVIDUAL/DOMESTIC
2022,5,3,"KAKATIYA NAGAR",3,3,INDIVIDUAL/DOMESTIC
2022,5,3,"KAKATIYA NAGAR",1,1,"MULTI STORIED BUILDING"
2022,5,3,KARWAN,1,0,INDIVIDUAL/DOMESTIC
2022,5,3,"LANGER HOUSE",8,7,INDIVIDUAL/DOMESTIC
2022,5,3,MEHIDIPATNAM,10,8,INDIVIDUAL/DOMESTIC
2022,5,3,MEHIDIPATNAM,2,2,"MULTI STORIED BUILDING"
2022,5,3,"OLD MALLEPALLY",14,9,INDIVIDUAL/DOMESTIC
2022,5,3,SHAIKPET,28,14,INDIVIDUAL/DOMESTIC
2022,5,3,SHAIKPET,4,0,"MULTI STORIED BUILDING"
2022,5,3,"TAPPA CHABUTRA",3,2,INDIVIDUAL/DOMESTIC
2022,5,3,"TOLI CHOWK",12,8,INDIVIDUAL/DOMESTIC
2022,5,3,"VIJAYNAGAR COLONY",7,5,INDIVIDUAL/DOMESTIC
2022,5,3,"VIJAYNAGAR COLONY",1,0,"MULTI STORIED BUILDING"
2022,5,4,ALLABANDA,7,0,INDIVIDUAL/DOMESTIC
2022,5,4,GODE-KI-KABAR,4,2,INDIVIDUAL/DOMESTIC
2022,5,4,GOWLIGUDA,3,2,INDIVIDUAL/DOMESTIC
2022,5,4,GOWLIGUDA,1,0,"MULTI STORIED BUILDING"
2022,5,4,GUNFOUNDRY,1,0,INDIVIDUAL/DOMESTIC
2022,5,4,GUNFOUNDRY,3,0,"MULTI STORIED BUILDING"
2022,5,4,"HINDI NAGAR",1,0,INDIVIDUAL/DOMESTIC
2022,5,4,"RED HILLS HIGH LEVEL",4,2,INDIVIDUAL/DOMESTIC
2022,5,4,"RED HILLS LOW LEVEL",2,2,INDIVIDUAL/DOMESTIC
2022,5,4,"SULTAN BAZAR",1,1,INDIVIDUAL/DOMESTIC
2022,5,4,ZIAGUDA,9,0,INDIVIDUAL/DOMESTIC
2022,5,5,"ADIKMET DMA-1",6,6,INDIVIDUAL/DOMESTIC
2022,5,5,"ADIKMET DMA-1",1,0,"MULTI STORIED BUILDING"
2022,5,5,AZAMABAD,4,2,INDIVIDUAL/DOMESTIC
2022,5,5,AZAMABAD,2,1,"MULTI STORIED BUILDING"
2022,5,5,"BAGH LINGAMPALLY",1,0,INDIVIDUAL/DOMESTIC
2022,5,5,"BAGH LINGAMPALLY",1,0,"MULTI STORIED BUILDING"
2022,5,5,BARKATPURA,3,2,INDIVIDUAL/DOMESTIC
2022,5,5,"BOATS CLUB",11,3,INDIVIDUAL/DOMESTIC
2022,5,5,DOMALGUDA,2,2,INDIVIDUAL/DOMESTIC
2022,5,5,DOMALGUDA,1,1,"MULTI STORIED BUILDING"
2022,5,5,GANDHINAGAR,6,5,INDIVIDUAL/DOMESTIC
2022,5,5,MUSHEERABAD,4,4,INDIVIDUAL/DOMESTIC
2022,5,5,MUSHEERABAD,1,0,"MULTI STORIED BUILDING"
2022,5,5,NARAYANGUDA,5,1,INDIVIDUAL/DOMESTIC
2022,5,5,NARAYANGUDA,1,0,"MULTI STORIED BUILDING"
2022,5,5,"RAMANTHAPUR (DIV 5)",2,2,INDIVIDUAL/DOMESTIC
2022,5,5,SHIVAM,10,4,INDIVIDUAL/DOMESTIC
2022,5,5,SHIVAM,1,0,"MULTI STORIED BUILDING"
2022,5,5,VIGYANPURI,2,1,INDIVIDUAL/DOMESTIC
2022,5,6,"BANJARA HILLS",7,2,INDIVIDUAL/DOMESTIC
2022,5,6,"BANJARA HILLS",4,0,"MULTI STORIED BUILDING"
2022,5,6,BORABANDA,4,2,INDIVIDUAL/DOMESTIC
2022,5,6,BORABANDA,1,1,"MULTI STORIED BUILDING"
2022,5,6,ERRAGADDA,1,0,BULK
2022,5,6,ERRAGADDA,5,1,INDIVIDUAL/DOMESTIC
2022,5,6,ERRAGADDA,1,0,"MULTI STORIED BUILDING"
2022,5,6,FATHENAGAR,4,3,INDIVIDUAL/DOMESTIC
2022,5,6,FATHENAGAR,4,0,"MULTI STORIED BUILDING"
2022,5,6,"FILM NAGAR",14,3,INDIVIDUAL/DOMESTIC
2022,5,6,"FILM NAGAR",2,1,"MULTI STORIED BUILDING"
2022,5,6,"JUBILEE HILLS",10,1,INDIVIDUAL/DOMESTIC
2022,5,6,"JUBILEE HILLS",5,0,"MULTI STORIED BUILDING"
2022,5,6,"S.P.R HILLS",6,4,INDIVIDUAL/DOMESTIC
2022,5,6,S.R.NAGAR,8,6,INDIVIDUAL/DOMESTIC
2022,5,6,SOMAJIGUDA,2,0,INDIVIDUAL/DOMESTIC
2022,5,6,SOMAJIGUDA,2,0,"MULTI STORIED BUILDING"
2022,5,6,THATTIKHANA,11,8,INDIVIDUAL/DOMESTIC
2022,5,6,THATTIKHANA,1,0,"MULTI STORIED BUILDING"
2022,5,6,VENGALRAONAGAR,2,0,INDIVIDUAL/DOMESTIC
2022,5,6,VENGALRAONAGAR,1,0,"MULTI STORIED BUILDING"
2022,5,6,YELLAREDDYGUDA,1,0,BULK
2022,5,6,YELLAREDDYGUDA,4,0,INDIVIDUAL/DOMESTIC
2022,5,6,YELLAREDDYGUDA,1,0,"MULTI STORIED BUILDING"
2022,5,7,BOIGUDA,5,2,INDIVIDUAL/DOMESTIC
2022,5,7,BOUDHANAGAR,2,1,INDIVIDUAL/DOMESTIC
2022,5,7,HUSSAINSAGAR,1,0,INDIVIDUAL/DOMESTIC
2022,5,7,LALAPET,7,5,INDIVIDUAL/DOMESTIC
2022,5,7,MARREDPALLY,10,4,INDIVIDUAL/DOMESTIC
2022,5,7,METTUGUDA,4,3,INDIVIDUAL/DOMESTIC
2022,5,7,PRAKASHNAGAR,4,3,INDIVIDUAL/DOMESTIC
2022,5,7,PRAKASHNAGAR,1,1,"MULTI STORIED BUILDING"
2022,5,7,"REGIMENTAL BAZAR",2,0,INDIVIDUAL/DOMESTIC
2022,5,7,SEETHAPALMANDI,2,1,INDIVIDUAL/DOMESTIC
2022,5,7,"SRINIVAS NAGAR",2,0,INDIVIDUAL/DOMESTIC
2022,5,7,"SRINIVAS NAGAR",2,0,"MULTI STORIED BUILDING"
2022,5,7,TARNAKA,7,5,INDIVIDUAL/DOMESTIC
2022,5,7,TARNAKA,2,0,"MULTI STORIED BUILDING"
2022,5,9,"BALAJINAGAR (DIV 9)",8,5,INDIVIDUAL/DOMESTIC
2022,5,9,"BALAJINAGAR (DIV 9)",1,1,"MULTI STORIED BUILDING"
2022,5,9,BALANAGAR,15,9,INDIVIDUAL/DOMESTIC
2022,5,9,BHAGYANAGAR,10,5,INDIVIDUAL/DOMESTIC
2022,5,9,BHAGYANAGAR,12,5,"MULTI STORIED BUILDING"
2022,5,9,BHARATHNAGAR,4,2,INDIVIDUAL/DOMESTIC
2022,5,9,"GAYATRI NAGAR",16,14,INDIVIDUAL/DOMESTIC
2022,5,9,"GAYATRI NAGAR",1,1,"MULTI STORIED BUILDING"
2022,5,9,HASMATHPET,11,8,INDIVIDUAL/DOMESTIC
2022,5,9,HASMATHPET,3,0,"MULTI STORIED BUILDING"
2022,5,9,KPHB,4,3,INDIVIDUAL/DOMESTIC
2022,5,9,KPHB,5,1,"MULTI STORIED BUILDING"
2022,5,9,KUKATPALLY,18,12,INDIVIDUAL/DOMESTIC
2022,5,9,KUKATPALLY,5,1,"MULTI STORIED BUILDING"
2022,5,9,MOOSAPET,7,7,INDIVIDUAL/DOMESTIC
2022,5,9,MOOSAPET,2,0,"MULTI STORIED BUILDING"
2022,5,9,"MOTI NAGAR",9,4,INDIVIDUAL/DOMESTIC
2022,5,9,"MOTI NAGAR",2,0,"MULTI STORIED BUILDING"
2022,5,9,"VIVEKANANDA NAGAR",2,0,INDIVIDUAL/DOMESTIC
2022,5,9,"VIVEKANANDA NAGAR",1,1,"MULTI STORIED BUILDING"
2022,5,9,YELLAMMABANDA,52,42,INDIVIDUAL/DOMESTIC
2022,5,10,ALKAPURI,8,3,INDIVIDUAL/DOMESTIC
2022,5,10,ALKAPURI,2,0,"MULTI STORIED BUILDING"
2022,5,10,"B.N.REDDY NAGAR",32,28,INDIVIDUAL/DOMESTIC
2022,5,10,"B.N.REDDY NAGAR",2,1,"MULTI STORIED BUILDING"
2022,5,10,DILSHUKNAGAR,3,0,INDIVIDUAL/DOMESTIC
2022,5,10,"NGO COLONY",11,8,INDIVIDUAL/DOMESTIC
2022,5,10,"NGO COLONY",1,0,"MULTI STORIED BUILDING"
2022,5,10,SAROORNAGAR,8,5,INDIVIDUAL/DOMESTIC
2022,5,10,SAROORNAGAR,6,0,"MULTI STORIED BUILDING"
2022,5,10,"VAISHALINAGAR (DIV 10)",17,13,INDIVIDUAL/DOMESTIC
2022,5,10,"VAISHALINAGAR (DIV 10)",2,2,"MULTI STORIED BUILDING"
2022,5,10,"VANASTHALIPURAM (DIV 10)",7,5,INDIVIDUAL/DOMESTIC
2022,5,10,"VANASTHALIPURAM (DIV 10)",1,1,"MULTI STORIED BUILDING"
2022,5,12,ADARSHNAGAR,1,0,BULK
2022,5,12,ADARSHNAGAR,12,8,INDIVIDUAL/DOMESTIC
2022,5,12,ADARSHNAGAR,1,0,"MULTI STORIED BUILDING"
2022,5,12,"Bhagatsingh Nagar",7,6,INDIVIDUAL/DOMESTIC
2022,5,12,CHINTAL,1,1,BULK
2022,5,12,CHINTAL,17,9,INDIVIDUAL/DOMESTIC
2022,5,12,CHINTAL,2,0,"MULTI STORIED BUILDING"
2022,5,12,GAJULARAMARAM,3,0,BULK
2022,5,12,GAJULARAMARAM,135,115,INDIVIDUAL/DOMESTIC
2022,5,12,GAJULARAMARAM,17,8,"MULTI STORIED BUILDING"
2022,5,12,JEEDIMETLA,21,13,INDIVIDUAL/DOMESTIC
2022,5,12,JEEDIMETLA,13,2,"MULTI STORIED BUILDING"
2022,5,12,Jagathgirigutta,22,19,INDIVIDUAL/DOMESTIC
2022,5,12,SHAPOORNAGAR,11,8,INDIVIDUAL/DOMESTIC
2022,5,12,SHAPOORNAGAR,3,0,"MULTI STORIED BUILDING"
2022,5,12,SURARAM,30,23,INDIVIDUAL/DOMESTIC
2022,5,12,USHODAYA,21,12,INDIVIDUAL/DOMESTIC
2022,5,12,suchitra,14,8,INDIVIDUAL/DOMESTIC
2022,5,12,suchitra,4,3,"MULTI STORIED BUILDING"
2022,5,13,"ALWAL (Div13)",28,15,INDIVIDUAL/DOMESTIC
2022,5,13,"ALWAL (Div13)",14,0,"MULTI STORIED BUILDING"
2022,5,13,CHANUKYAPURI,8,6,INDIVIDUAL/DOMESTIC
2022,5,13,"DEFENCE COLONY",7,5,INDIVIDUAL/DOMESTIC
2022,5,13,"DEFENCE COLONY",3,0,"MULTI STORIED BUILDING"
2022,5,13,"FATHER BALAIAHNAGAR (Div13)",54,40,INDIVIDUAL/DOMESTIC
2022,5,13,"FATHER BALAIAHNAGAR (Div13)",5,4,"MULTI STORIED BUILDING"
2022,5,13,"GOWTHAM NAGAR",15,10,INDIVIDUAL/DOMESTIC
2022,5,13,"GOWTHAM NAGAR",2,1,"MULTI STORIED BUILDING"
2022,5,13,MACHABOLLARAM,82,71,INDIVIDUAL/DOMESTIC
2022,5,13,MACHABOLLARAM,4,2,"MULTI STORIED BUILDING"
2022,5,13,SAINATHPURAM,1,0,BULK
2022,5,13,SAINATHPURAM,39,30,INDIVIDUAL/DOMESTIC
2022,5,13,"VAJPAYEE NAGAR",14,10,INDIVIDUAL/DOMESTIC
2022,5,13,VENKATAPURAM,16,9,INDIVIDUAL/DOMESTIC
2022,5,13,VENKATAPURAM,1,1,"MULTI STORIED BUILDING"
2022,5,13,"YAPRAL (Div13)",46,28,INDIVIDUAL/DOMESTIC
2022,5,13,"YAPRAL (Div13)",9,1,"MULTI STORIED BUILDING"
2022,5,14,"HOUSING BOARD",13,10,INDIVIDUAL/DOMESTIC
2022,5,14,"HOUSING BOARD",2,2,"MULTI STORIED BUILDING"
2022,5,14,HUBSIGUDA,1,0,BULK
2022,5,14,HUBSIGUDA,11,7,INDIVIDUAL/DOMESTIC
2022,5,14,HUBSIGUDA,2,1,"MULTI STORIED BUILDING"
2022,5,14,NACHARAM,26,19,INDIVIDUAL/DOMESTIC
2022,5,14,RADHIKA,43,33,INDIVIDUAL/DOMESTIC
2022,5,14,RADHIKA,4,0,"MULTI STORIED BUILDING"
2022,5,14,"RAMANTHAPUR(DIV 14)",16,14,INDIVIDUAL/DOMESTIC
2022,5,14,"SAIBABA NAGAR",49,34,INDIVIDUAL/DOMESTIC
2022,5,14,"SAIBABA NAGAR",3,1,"MULTI STORIED BUILDING"
2022,5,14,UPPAL,1,0,BULK
2022,5,14,UPPAL,26,14,INDIVIDUAL/DOMESTIC
2022,5,14,UPPAL,4,0,"MULTI STORIED BUILDING"
2022,5,15,"CHANDA NAGAR",14,10,INDIVIDUAL/DOMESTIC
2022,5,15,"CHANDA NAGAR",2,0,"MULTI STORIED BUILDING"
2022,5,15,"DEEPTHISRI NAGAR (DIV 15)",10,9,INDIVIDUAL/DOMESTIC
2022,5,15,"DEEPTHISRI NAGAR (DIV 15)",4,3,"MULTI STORIED BUILDING"
2022,5,15,"Doyens section",13,8,INDIVIDUAL/DOMESTIC
2022,5,15,"Doyens section",5,2,"MULTI STORIED BUILDING"
2022,5,15,"GACHIBOWLI (DIV 15)",35,25,INDIVIDUAL/DOMESTIC
2022,5,15,"GACHIBOWLI (DIV 15)",10,2,"MULTI STORIED BUILDING"
2022,5,15,"HAFEEZPET (DIV 15)",19,17,INDIVIDUAL/DOMESTIC
2022,5,15,"HAFEEZPET (DIV 15)",15,10,"MULTI STORIED BUILDING"
2022,5,15,"KONDAPUR (DIV 15)",36,23,INDIVIDUAL/DOMESTIC
2022,5,15,"KONDAPUR (DIV 15)",18,9,"MULTI STORIED BUILDING"
2022,5,15,MADHAPUR,40,24,INDIVIDUAL/DOMESTIC
2022,5,15,MADHAPUR,22,7,"MULTI STORIED BUILDING"
2022,5,15,MIYAPUR,22,16,INDIVIDUAL/DOMESTIC
2022,5,15,MIYAPUR,11,4,"MULTI STORIED BUILDING"
2022,5,15,"NALLAGANDLA (DIV 15)",1,0,BULK
2022,5,15,"NALLAGANDLA (DIV 15)",24,21,INDIVIDUAL/DOMESTIC
2022,5,15,"NALLAGANDLA (DIV 15)",13,4,"MULTI STORIED BUILDING"
2022,5,15,"PATANCHERU (DIV15)",7,5,INDIVIDUAL/DOMESTIC
2022,5,15,RAMACHANDRAPURAM,11,10,INDIVIDUAL/DOMESTIC
2022,5,16,ATTAPUR,41,31,INDIVIDUAL/DOMESTIC
2022,5,16,"BUDVEL (DIV16)",45,40,INDIVIDUAL/DOMESTIC
2022,5,16,"BUDVEL (DIV16)",2,0,"MULTI STORIED BUILDING"
2022,5,16,HYDERGUDA,40,27,INDIVIDUAL/DOMESTIC
2022,5,16,KATEDAN,48,43,INDIVIDUAL/DOMESTIC
2022,5,16,"MAILERDEV PALLY",17,16,INDIVIDUAL/DOMESTIC
2022,5,16,"SULEMAN NAGAR",14,12,INDIVIDUAL/DOMESTIC
2022,5,17,"OSMANSAGAR (DIV 17)",3,0,INDIVIDUAL/DOMESTIC
2022,5,18,"KISMATHPUR (DIV 18)",192,179,INDIVIDUAL/DOMESTIC
2022,5,18,"KISMATHPUR (DIV 18)",2,1,"MULTI STORIED BUILDING"
2022,5,18,"MANIKONDA (DIV 18)",2,0,BULK
2022,5,18,"MANIKONDA (DIV 18)",206,69,INDIVIDUAL/DOMESTIC
2022,5,18,"MANIKONDA (DIV 18)",21,2,"MULTI STORIED BUILDING"
2022,5,19,"BODUPPAL (DIV 19)",1,0,BULK
2022,5,19,"BODUPPAL (DIV 19)",133,64,INDIVIDUAL/DOMESTIC
2022,5,19,"BODUPPAL (DIV 19)",1,0,"MULTI STORIED BUILDING"
2022,5,19,"CHEERYAL (DIV 19)",55,45,INDIVIDUAL/DOMESTIC
2022,5,19,"DHAMMAIGUDA (DIV 19)",83,51,INDIVIDUAL/DOMESTIC
2022,5,19,"NAGARAM (DIV 19)",65,43,INDIVIDUAL/DOMESTIC
2022,5,19,"PEERJADIGUDA (DIV 19)",54,34,INDIVIDUAL/DOMESTIC
2022,5,19,"POCHARAM (DIV 19)",29,10,INDIVIDUAL/DOMESTIC
2022,5,20,"BADANGPET  (DIV 20)",77,66,INDIVIDUAL/DOMESTIC
2022,5,20,"BADANGPET  (DIV 20)",2,1,"MULTI STORIED BUILDING"
2022,5,20,"JALPALLY (DIV 20)",196,127,INDIVIDUAL/DOMESTIC
2022,5,20,"JILLELAGUDA (DIV 20)",11,9,INDIVIDUAL/DOMESTIC
2022,5,20,"JILLELAGUDA (DIV 20)",2,0,"MULTI STORIED BUILDING"
2022,5,20,"MEERPET (DIV 20)",19,16,INDIVIDUAL/DOMESTIC
2022,5,20,"SHAMSHABAD (DIV 20)",3,3,INDIVIDUAL/DOMESTIC
2022,5,20,"THUKKUGUDA (PD 1)",7,2,INDIVIDUAL/DOMESTIC
2022,5,21,SAINIKPURI,1,0,INDIVIDUAL/DOMESTIC
2022,5,22,"PEDDA AMBERPET (PD 1)",35,24,INDIVIDUAL/DOMESTIC
2022,5,22,"PEDDA AMBERPET (PD 1)",1,0,"MULTI STORIED BUILDING"
2022,5,22,"TURKAYAMJAL (PD 1)",112,86,INDIVIDUAL/DOMESTIC
2022,5,23,"BACHUPALLY (PD 7)",1,1,BULK
2022,5,23,"BACHUPALLY (PD 7)",25,22,INDIVIDUAL/DOMESTIC
2022,5,23,"BACHUPALLY (PD 7)",39,37,"MULTI STORIED BUILDING"
2022,5,23,"GANDIMAISAMMA (PD 7)",49,32,INDIVIDUAL/DOMESTIC
2022,5,23,"NIZAMPET (PD 7)",18,13,INDIVIDUAL/DOMESTIC
2022,5,23,"NIZAMPET (PD 7)",12,8,"MULTI STORIED BUILDING"
2022,5,23,"PRAGATHINAGAR (PD 7)",1,0,BULK
2022,5,23,"PRAGATHINAGAR (PD 7)",6,2,INDIVIDUAL/DOMESTIC
2022,5,23,"PRAGATHINAGAR (PD 7)",18,12,"MULTI STORIED BUILDING"
2022,5,24,"AMEENPUR (PD 8)",131,96,INDIVIDUAL/DOMESTIC
2022,5,24,"AMEENPUR (PD 8)",1,1,"MULTI STORIED BUILDING"
2022,5,24,"BEERAMGUDA (PD 8)",2,0,BULK
2022,5,24,"BEERAMGUDA (PD 8)",44,42,INDIVIDUAL/DOMESTIC
2022,5,24,"BEERAMGUDA (PD 8)",4,4,"MULTI STORIED BUILDING"
2022,5,24,"BOLLARAM (PD 8)",2,0,INDIVIDUAL/DOMESTIC
2022,5,25,"JAWAHARNAGAR (PD 3)",455,155,INDIVIDUAL/DOMESTIC
2022,5,25,"KOMPALLY (PD 7)",2,0,BULK
2022,5,25,"KOMPALLY (PD 7)",9,6,INDIVIDUAL/DOMESTIC
2022,5,25,"KOMPALLY (PD 7)",9,4,"MULTI STORIED BUILDING"
2022,5,25,"THOOMKUNTA (PD 3)",1,0,BULK
2022,5,25,"THOOMKUNTA (PD 3)",21,7,INDIVIDUAL/DOMESTIC
2022,5,33,KANCHANBAGH,2,2,INDIVIDUAL/DOMESTIC
2022,5,33,"RIYASATH NAGAR",2,1,INDIVIDUAL/DOMESTIC
2022,5,34,AUTONAGAR,56,49,INDIVIDUAL/DOMESTIC
2022,5,34,AUTONAGAR,1,0,"MULTI STORIED BUILDING"
2022,5,34,KAMALANAGAR,26,25,INDIVIDUAL/DOMESTIC
2022,5,34,KAMALANAGAR,1,1,"MULTI STORIED BUILDING"
2022,5,34,KOTHAPETA,4,3,INDIVIDUAL/DOMESTIC
2022,5,34,L.B.NAGAR,7,7,INDIVIDUAL/DOMESTIC
2022,5,34,L.B.NAGAR,3,2,"MULTI STORIED BUILDING"
2022,5,34,LINGOJIGUDA,9,5,INDIVIDUAL/DOMESTIC
2022,5,34,MANSOORABAD,7,4,INDIVIDUAL/DOMESTIC
2022,5,34,MANSOORABAD,1,1,"MULTI STORIED BUILDING"
2022,5,34,"MARUTHINAGAR (DIV 10)",3,2,INDIVIDUAL/DOMESTIC
2022,5,34,"MARUTHINAGAR (DIV 10)",2,1,"MULTI STORIED BUILDING"
2022,5,34,NAGOLE,15,14,INDIVIDUAL/DOMESTIC
2022,5,34,NAGOLE,1,1,"MULTI STORIED BUILDING"
2022,5,34,"SAHEBNAGAR (DIV 10)",36,29,INDIVIDUAL/DOMESTIC
2022,5,34,"SAHEBNAGAR (DIV 10)",11,11,"MULTI STORIED BUILDING"
2022,5,34,"VAISHALINAGAR (DIV 10)",2,2,INDIVIDUAL/DOMESTIC
2022,5,34,"VANASTHALIPURAM (DIV 10)",14,12,INDIVIDUAL/DOMESTIC
2022,5,34,"VANASTHALIPURAM (DIV 10)",2,1,"MULTI STORIED BUILDING"
