year,month,division,section,applied,approved,category
2014,1,1,AZAMPURA,10,10,INDIVIDUAL/DOMESTIC
2014,1,1,BAHADURPURA,45,39,INDIVIDUAL/DOMESTIC
2014,1,1,"CHANUDLAL BHARADARI",9,5,INDIVIDUAL/DOMESTIC
2014,1,1,"DARUL SHIFA",3,2,INDIVIDUAL/DOMESTIC
2014,1,1,"DHOOD BOWLI",9,7,INDIVIDUAL/DOMESTIC
2014,1,1,"HASSAN NAGAR",4,1,INDIVIDUAL/DOMESTIC
2014,1,1,M.R.G.FILTERS,28,18,INDIVIDUAL/DOMESTIC
2014,1,1,MISRIGUNJ,3,3,INDIVIDUAL/DOMESTIC
2014,1,1,MOGHULPURA,14,9,INDIVIDUAL/DOMESTIC
2014,1,1,MOGHULPURA,1,0,"NON REVENUE CONNECTIONS"
2014,1,1,PATHERGATTI,6,3,INDIVIDUAL/DOMESTIC
2014,1,2,ALIABAD,1,1,INDIVIDUAL/DOMESTIC
2014,1,2,ASMANGARH,4,4,INDIVIDUAL/DOMESTIC
2014,1,2,ASMANGARH,2,2,"MULTI STORIED BUILDING"
2014,1,2,BALAPUR,15,9,INDIVIDUAL/DOMESTIC
2014,1,2,CHANCHALGUDA,8,4,INDIVIDUAL/DOMESTIC
2014,1,2,DABEERPURA,1,1,INDIVIDUAL/DOMESTIC
2014,1,2,GOWLIPURA,12,11,INDIVIDUAL/DOMESTIC
2014,1,2,JAHANUMA,43,13,INDIVIDUAL/DOMESTIC
2014,1,2,MADANNAPET,11,6,INDIVIDUAL/DOMESTIC
2014,1,2,MADANNAPET,1,0,"MULTI STORIED BUILDING"
2014,1,2,MALAKPET,8,7,INDIVIDUAL/DOMESTIC
2014,1,2,MALAKPET,1,0,"MULTI STORIED BUILDING"
2014,1,2,MOOSARAMBAGH,2,2,INDIVIDUAL/DOMESTIC
2014,1,2,MOOSARAMBAGH,1,0,"MULTI STORIED BUILDING"
2014,1,2,MYSARAM,22,12,INDIVIDUAL/DOMESTIC
2014,1,2,SAIDABAD,1,0,INDIVIDUAL/DOMESTIC
2014,1,2,SAIDABAD,1,0,"MULTI STORIED BUILDING"
2014,1,2,SALEEMNAGAR,5,2,INDIVIDUAL/DOMESTIC
2014,1,2,SANTOSHNAGAR,19,16,INDIVIDUAL/DOMESTIC
2014,1,2,YAKATPURA,3,3,INDIVIDUAL/DOMESTIC
2014,1,3,"AHMED NAGAR",16,12,INDIVIDUAL/DOMESTIC
2014,1,3,"ASIF NAGAR",11,6,INDIVIDUAL/DOMESTIC
2014,1,3,"CHINTAL BASTHI",2,0,INDIVIDUAL/DOMESTIC
2014,1,3,"CHINTAL BASTHI",1,0,"MULTI STORIED BUILDING"
2014,1,3,GOLCONDA,29,16,INDIVIDUAL/DOMESTIC
2014,1,3,GOLCONDA,1,0,"MULTI STORIED BUILDING"
2014,1,3,"KAKATIYA NAGAR",5,1,INDIVIDUAL/DOMESTIC
2014,1,3,KARWAN,40,28,INDIVIDUAL/DOMESTIC
2014,1,3,KARWAN,1,0,"MULTI STORIED BUILDING"
2014,1,3,MEHIDIPATNAM,35,22,INDIVIDUAL/DOMESTIC
2014,1,3,MEHIDIPATNAM,3,2,"MULTI STORIED BUILDING"
2014,1,3,"OLD MALLEPALLY",9,8,INDIVIDUAL/DOMESTIC
2014,1,3,SHAIKPET,43,25,INDIVIDUAL/DOMESTIC
2014,1,3,SHAIKPET,3,0,"MULTI STORIED BUILDING"
2014,1,3,"TOLI CHOWK",25,20,INDIVIDUAL/DOMESTIC
2014,1,3,"TOLI CHOWK",1,1,"MULTI STORIED BUILDING"
2014,1,3,"VIJAYNAGAR COLONY",2,2,INDIVIDUAL/DOMESTIC
2014,1,4,ALLABANDA,8,8,INDIVIDUAL/DOMESTIC
2014,1,4,GODE-KI-KABAR,17,10,INDIVIDUAL/DOMESTIC
2014,1,4,GODE-KI-KABAR,1,1,"MULTI STORIED BUILDING"
2014,1,4,GOWLIGUDA,5,5,INDIVIDUAL/DOMESTIC
2014,1,4,GUNFOUNDRY,2,1,INDIVIDUAL/DOMESTIC
2014,1,4,GUNFOUNDRY,1,0,"MULTI STORIED BUILDING"
2014,1,4,"HINDI NAGAR",1,1,INDIVIDUAL/DOMESTIC
2014,1,4,"RED HILLS HIGH LEVEL",4,3,INDIVIDUAL/DOMESTIC
2014,1,4,"RED HILLS HIGH LEVEL",1,1,"MULTI STORIED BUILDING"
2014,1,4,"RED HILLS LOW LEVEL",3,2,INDIVIDUAL/DOMESTIC
2014,1,4,"SULTAN BAZAR",1,0,INDIVIDUAL/DOMESTIC
2014,1,4,"SULTAN BAZAR",2,1,"MULTI STORIED BUILDING"
2014,1,4,ZIAGUDA,14,12,INDIVIDUAL/DOMESTIC
2014,1,5,"ADIKMET DMA-1",9,8,INDIVIDUAL/DOMESTIC
2014,1,5,"ADIKMET DMA-2",2,2,INDIVIDUAL/DOMESTIC
2014,1,5,"ADIKMET DMA-2",1,1,"MULTI STORIED BUILDING"
2014,1,5,AZAMABAD,13,9,INDIVIDUAL/DOMESTIC
2014,1,5,AZAMABAD,2,1,"MULTI STORIED BUILDING"
2014,1,5,"BAGH LINGAMPALLY",2,2,INDIVIDUAL/DOMESTIC
2014,1,5,"BAGH LINGAMPALLY",2,0,"MULTI STORIED BUILDING"
2014,1,5,BARKATPURA,3,3,INDIVIDUAL/DOMESTIC
2014,1,5,BARKATPURA,3,1,"MULTI STORIED BUILDING"
2014,1,5,"BOATS CLUB",36,7,INDIVIDUAL/DOMESTIC
2014,1,5,"BOATS CLUB",1,1,"MULTI STORIED BUILDING"
2014,1,5,DOMALGUDA,11,9,INDIVIDUAL/DOMESTIC
2014,1,5,DOMALGUDA,1,0,"MULTI STORIED BUILDING"
2014,1,5,GANDHINAGAR,2,2,INDIVIDUAL/DOMESTIC
2014,1,5,GANDHINAGAR,3,0,"MULTI STORIED BUILDING"
2014,1,5,MUSHEERABAD,6,3,INDIVIDUAL/DOMESTIC
2014,1,5,NARAYANGUDA,14,12,INDIVIDUAL/DOMESTIC
2014,1,5,NARAYANGUDA,3,0,"MULTI STORIED BUILDING"
2014,1,5,SHIVAM,6,4,INDIVIDUAL/DOMESTIC
2014,1,5,SHIVAM,6,3,"MULTI STORIED BUILDING"
2014,1,5,VIGYANPURI,2,2,INDIVIDUAL/DOMESTIC
2014,1,6,"BANJARA HILLS",8,6,INDIVIDUAL/DOMESTIC
2014,1,6,"BANJARA HILLS",2,1,"MULTI STORIED BUILDING"
2014,1,6,BORABANDA,2,1,INDIVIDUAL/DOMESTIC
2014,1,6,ERRAGADDA,25,15,INDIVIDUAL/DOMESTIC
2014,1,6,ERRAGADDA,2,1,"MULTI STORIED BUILDING"
2014,1,6,FATHENAGAR,22,15,INDIVIDUAL/DOMESTIC
2014,1,6,"JUBILEE HILLS",29,19,INDIVIDUAL/DOMESTIC
2014,1,6,"JUBILEE HILLS",5,3,"MULTI STORIED BUILDING"
2014,1,6,"S.P.R HILLS",25,18,INDIVIDUAL/DOMESTIC
2014,1,6,S.R.NAGAR,12,7,INDIVIDUAL/DOMESTIC
2014,1,6,S.R.NAGAR,4,0,"MULTI STORIED BUILDING"
2014,1,6,SOMAJIGUDA,6,6,INDIVIDUAL/DOMESTIC
2014,1,6,THATTIKHANA,17,8,INDIVIDUAL/DOMESTIC
2014,1,6,THATTIKHANA,3,1,"MULTI STORIED BUILDING"
2014,1,6,VENGALRAONAGAR,6,5,INDIVIDUAL/DOMESTIC
2014,1,6,YELLAREDDYGUDA,14,8,INDIVIDUAL/DOMESTIC
2014,1,6,YELLAREDDYGUDA,2,1,"MULTI STORIED BUILDING"
2014,1,7,BOIGUDA,7,6,INDIVIDUAL/DOMESTIC
2014,1,7,HUSSAINSAGAR,15,12,INDIVIDUAL/DOMESTIC
2014,1,7,LALAPET,7,6,INDIVIDUAL/DOMESTIC
2014,1,7,MARREDPALLY,17,11,INDIVIDUAL/DOMESTIC
2014,1,7,MARREDPALLY,2,1,"MULTI STORIED BUILDING"
2014,1,7,METTUGUDA,12,10,INDIVIDUAL/DOMESTIC
2014,1,7,NALLAGUTTA,5,4,INDIVIDUAL/DOMESTIC
2014,1,7,PRAKASHNAGAR,1,1,BULK
2014,1,7,PRAKASHNAGAR,10,7,INDIVIDUAL/DOMESTIC
2014,1,7,PRAKASHNAGAR,3,0,"MULTI STORIED BUILDING"
2014,1,7,SEETHAPALMANDI,5,2,INDIVIDUAL/DOMESTIC
2014,1,7,SEETHAPALMANDI,2,0,"MULTI STORIED BUILDING"
2014,1,7,"SRINIVAS NAGAR",16,12,INDIVIDUAL/DOMESTIC
2014,1,7,"SRINIVAS NAGAR",1,0,"MULTI STORIED BUILDING"
2014,1,7,TARNAKA,9,4,INDIVIDUAL/DOMESTIC
2014,1,7,TARNAKA,1,0,"MULTI STORIED BUILDING"
2014,1,8,"PATHANCHERU 832",1,0,BULK
2014,1,8,"PATHANCHERU 832",1,1,INDIVIDUAL/DOMESTIC
2014,1,9,"BALAJINAGAR (DIV 9)",6,5,INDIVIDUAL/DOMESTIC
2014,1,9,"BALAJINAGAR (DIV 9)",6,0,"MULTI STORIED BUILDING"
2014,1,9,BALANAGAR,15,13,INDIVIDUAL/DOMESTIC
2014,1,9,BHAGYANAGAR,1,0,BULK
2014,1,9,BHAGYANAGAR,120,106,INDIVIDUAL/DOMESTIC
2014,1,9,BHAGYANAGAR,17,8,"MULTI STORIED BUILDING"
2014,1,9,HASMATHPET,25,17,INDIVIDUAL/DOMESTIC
2014,1,9,HASMATHPET,5,5,"MULTI STORIED BUILDING"
2014,1,9,KPHB,31,25,INDIVIDUAL/DOMESTIC
2014,1,9,KPHB,2,2,"MULTI STORIED BUILDING"
2014,1,9,KUKATPALLY,3,1,INDIVIDUAL/DOMESTIC
2014,1,9,KUKATPALLY,1,1,"MULTI STORIED BUILDING"
2014,1,9,MOOSAPET,42,34,INDIVIDUAL/DOMESTIC
2014,1,9,MOOSAPET,3,3,"MULTI STORIED BUILDING"
2014,1,9,"VIVEKANANDA NAGAR",5,2,INDIVIDUAL/DOMESTIC
2014,1,10,ALKAPURI,21,15,INDIVIDUAL/DOMESTIC
2014,1,10,ALKAPURI,3,1,"MULTI STORIED BUILDING"
2014,1,10,DILSHUKNAGAR,6,4,INDIVIDUAL/DOMESTIC
2014,1,10,DILSHUKNAGAR,2,1,"MULTI STORIED BUILDING"
2014,1,10,SAROORNAGAR,15,11,INDIVIDUAL/DOMESTIC
2014,1,10,SAROORNAGAR,4,2,"MULTI STORIED BUILDING"
2014,1,10,"VAISHALINAGAR (DIV 10)",24,24,INDIVIDUAL/DOMESTIC
2014,1,10,"VAISHALINAGAR (DIV 10)",1,1,"MULTI STORIED BUILDING"
2014,1,10,"VANASTHALIPURAM (DIV 10)",6,6,INDIVIDUAL/DOMESTIC
2014,1,12,ADARSHNAGAR,73,62,INDIVIDUAL/DOMESTIC
2014,1,12,CHINTAL,69,47,INDIVIDUAL/DOMESTIC
2014,1,12,CHINTAL,3,3,"MULTI STORIED BUILDING"
2014,1,12,JEEDIMETLA,59,46,INDIVIDUAL/DOMESTIC
2014,1,12,JEEDIMETLA,1,0,"MULTI STORIED BUILDING"
2014,1,12,SHAPOORNAGAR,2,0,BULK
2014,1,12,SHAPOORNAGAR,97,82,INDIVIDUAL/DOMESTIC
2014,1,12,SHAPOORNAGAR,4,1,"MULTI STORIED BUILDING"
2014,1,13,"ALWAL (Div13)",1,0,BULK
2014,1,13,"ALWAL (Div13)",48,28,INDIVIDUAL/DOMESTIC
2014,1,13,"ALWAL (Div13)",8,3,"MULTI STORIED BUILDING"
2014,1,13,CHANUKYAPURI,22,16,INDIVIDUAL/DOMESTIC
2014,1,13,"DEFENCE COLONY",47,33,INDIVIDUAL/DOMESTIC
2014,1,13,"DEFENCE COLONY",6,3,"MULTI STORIED BUILDING"
2014,1,13,"FATHER BALAIAHNAGAR (Div13)",25,20,INDIVIDUAL/DOMESTIC
2014,1,13,"GOWTHAM NAGAR",40,31,INDIVIDUAL/DOMESTIC
2014,1,13,MACHABOLLARAM,39,30,INDIVIDUAL/DOMESTIC
2014,1,13,MALKAJGIRI,3,0,INDIVIDUAL/DOMESTIC
2014,1,13,SAINATHPURAM,35,16,INDIVIDUAL/DOMESTIC
2014,1,13,SAINATHPURAM,3,2,"MULTI STORIED BUILDING"
2014,1,13,"YAPRAL (Div13)",21,12,INDIVIDUAL/DOMESTIC
2014,1,13,"YAPRAL (Div13)",1,1,"MULTI STORIED BUILDING"
2014,1,14,"HOUSING BOARD",30,25,INDIVIDUAL/DOMESTIC
2014,1,14,"HOUSING BOARD",2,0,"MULTI STORIED BUILDING"
2014,1,14,HUBSIGUDA,1,0,"MULTI STORIED BUILDING"
2014,1,14,RADHIKA,162,144,INDIVIDUAL/DOMESTIC
2014,1,14,RADHIKA,9,4,"MULTI STORIED BUILDING"
2014,1,14,"RAMANTHAPUR(DIV 14)",30,30,INDIVIDUAL/DOMESTIC
2014,1,14,"RAMANTHAPUR(DIV 14)",1,1,"MULTI STORIED BUILDING"
2014,1,14,UPPAL,47,44,INDIVIDUAL/DOMESTIC
2014,1,14,UPPAL,3,0,"MULTI STORIED BUILDING"
2014,1,15,"CHANDA NAGAR",23,16,INDIVIDUAL/DOMESTIC
2014,1,15,"CHANDA NAGAR",5,1,"MULTI STORIED BUILDING"
2014,1,15,"GACHIBOWLI (DIV 15)",52,44,INDIVIDUAL/DOMESTIC
2014,1,15,"GACHIBOWLI (DIV 15)",4,1,"MULTI STORIED BUILDING"
2014,1,15,MADHAPUR,63,44,INDIVIDUAL/DOMESTIC
2014,1,15,MADHAPUR,35,9,"MULTI STORIED BUILDING"
2014,1,15,MIYAPUR,1,0,BULK
2014,1,15,MIYAPUR,51,43,INDIVIDUAL/DOMESTIC
2014,1,15,MIYAPUR,24,12,"MULTI STORIED BUILDING"
2014,1,15,RAMACHANDRAPURAM,6,4,INDIVIDUAL/DOMESTIC
2014,1,16,HYDERGUDA,124,99,INDIVIDUAL/DOMESTIC
2014,1,16,HYDERGUDA,5,3,"MULTI STORIED BUILDING"
2014,1,16,"MAILERDEV PALLY",120,102,INDIVIDUAL/DOMESTIC
2014,1,21,SAINIKPURI,2,0,BULK
2014,1,34,AUTONAGAR,32,28,INDIVIDUAL/DOMESTIC
2014,1,34,KOTHAPETA,1,0,INDIVIDUAL/DOMESTIC
2014,1,34,L.B.NAGAR,130,91,INDIVIDUAL/DOMESTIC
2014,1,34,L.B.NAGAR,9,3,"MULTI STORIED BUILDING"
2014,1,34,MANSOORABAD,2,1,INDIVIDUAL/DOMESTIC
2014,1,34,MANSOORABAD,1,0,"MULTI STORIED BUILDING"
2014,1,34,"MARUTHINAGAR (DIV 10)",11,8,INDIVIDUAL/DOMESTIC
2014,1,34,"SAHEBNAGAR (DIV 10)",51,44,INDIVIDUAL/DOMESTIC
2014,1,34,"SAHEBNAGAR (DIV 10)",4,3,"MULTI STORIED BUILDING"
2014,1,34,SAROORNAGAR,1,0,"MULTI STORIED BUILDING"
2014,1,34,"VANASTHALIPURAM (DIV 10)",63,56,INDIVIDUAL/DOMESTIC
