year,month,division,section,applied,approved,category
2015,7,1,AZAMPURA,5,5,INDIVIDUAL/DOMESTIC
2015,7,1,BAHADURPURA,56,46,INDIVIDUAL/DOMESTIC
2015,7,1,"CHANUDLAL BHARADARI",9,3,INDIVIDUAL/DOMESTIC
2015,7,1,"DARUL SHIFA",6,5,INDIVIDUAL/DOMESTIC
2015,7,1,"DHOOD BOWLI",4,1,INDIVIDUAL/DOMESTIC
2015,7,1,"HASSAN NAGAR",2,0,INDIVIDUAL/DOMESTIC
2015,7,1,M.R.G.FILTERS,12,4,INDIVIDUAL/DOMESTIC
2015,7,1,MISRIGUNJ,1,0,INDIVIDUAL/DOMESTIC
2015,7,1,MOGHULPURA,1,1,INDIVIDUAL/DOMESTIC
2015,7,1,PATHERGATTI,6,4,INDIVIDUAL/DOMESTIC
2015,7,2,ALIABAD,5,3,INDIVIDUAL/DOMESTIC
2015,7,2,ASMANGARH,3,2,INDIVIDUAL/DOMESTIC
2015,7,2,ASMANGARH,2,1,"MULTI STORIED BUILDING"
2015,7,2,BALAPUR,20,11,INDIVIDUAL/DOMESTIC
2015,7,2,CHANCHALGUDA,4,1,INDIVIDUAL/DOMESTIC
2015,7,2,JAHANUMA,20,8,INDIVIDUAL/DOMESTIC
2015,7,2,MADANNAPET,2,1,INDIVIDUAL/DOMESTIC
2015,7,2,MALAKPET,6,6,INDIVIDUAL/DOMESTIC
2015,7,2,MALAKPET,1,1,"MULTI STORIED BUILDING"
2015,7,2,MOOSARAMBAGH,9,6,INDIVIDUAL/DOMESTIC
2015,7,2,MYSARAM,7,2,INDIVIDUAL/DOMESTIC
2015,7,2,SAIDABAD,1,0,"MULTI STORIED BUILDING"
2015,7,2,SALEEMNAGAR,4,4,INDIVIDUAL/DOMESTIC
2015,7,2,SANTOSHNAGAR,11,6,INDIVIDUAL/DOMESTIC
2015,7,2,SANTOSHNAGAR,1,1,"MULTI STORIED BUILDING"
2015,7,2,YAKATPURA,2,2,INDIVIDUAL/DOMESTIC
2015,7,3,"AHMED NAGAR",20,9,INDIVIDUAL/DOMESTIC
2015,7,3,"AHMED NAGAR",3,0,"MULTI STORIED BUILDING"
2015,7,3,"ASIF NAGAR",3,2,INDIVIDUAL/DOMESTIC
2015,7,3,"CHINTAL BASTHI",43,4,INDIVIDUAL/DOMESTIC
2015,7,3,GOLCONDA,31,15,INDIVIDUAL/DOMESTIC
2015,7,3,"KAKATIYA NAGAR",6,5,INDIVIDUAL/DOMESTIC
2015,7,3,KARWAN,41,17,INDIVIDUAL/DOMESTIC
2015,7,3,KARWAN,1,1,"MULTI STORIED BUILDING"
2015,7,3,MEHIDIPATNAM,111,60,INDIVIDUAL/DOMESTIC
2015,7,3,MEHIDIPATNAM,2,2,"MULTI STORIED BUILDING"
2015,7,3,"OLD MALLEPALLY",11,10,INDIVIDUAL/DOMESTIC
2015,7,3,SHAIKPET,88,14,INDIVIDUAL/DOMESTIC
2015,7,3,SHAIKPET,4,0,"MULTI STORIED BUILDING"
2015,7,3,"TOLI CHOWK",37,25,INDIVIDUAL/DOMESTIC
2015,7,3,"TOLI CHOWK",1,1,"MULTI STORIED BUILDING"
2015,7,3,"VIJAYNAGAR COLONY",5,5,INDIVIDUAL/DOMESTIC
2015,7,4,ALLABANDA,4,2,INDIVIDUAL/DOMESTIC
2015,7,4,GODE-KI-KABAR,25,12,INDIVIDUAL/DOMESTIC
2015,7,4,GOWLIGUDA,8,4,INDIVIDUAL/DOMESTIC
2015,7,4,GUNFOUNDRY,2,0,INDIVIDUAL/DOMESTIC
2015,7,4,"HINDI NAGAR",11,5,INDIVIDUAL/DOMESTIC
2015,7,4,MANGALGHAT,1,1,INDIVIDUAL/DOMESTIC
2015,7,4,"RED HILLS HIGH LEVEL",6,4,INDIVIDUAL/DOMESTIC
2015,7,4,"RED HILLS LOW LEVEL",3,2,INDIVIDUAL/DOMESTIC
2015,7,4,"SULTAN BAZAR",1,1,INDIVIDUAL/DOMESTIC
2015,7,4,"SULTAN BAZAR",1,0,"MULTI STORIED BUILDING"
2015,7,4,ZIAGUDA,5,2,INDIVIDUAL/DOMESTIC
2015,7,5,"ADIKMET DMA-1",2,0,INDIVIDUAL/DOMESTIC
2015,7,5,"ADIKMET DMA-1",2,1,"MULTI STORIED BUILDING"
2015,7,5,"ADIKMET DMA-2",1,1,INDIVIDUAL/DOMESTIC
2015,7,5,AZAMABAD,9,3,INDIVIDUAL/DOMESTIC
2015,7,5,"BAGH LINGAMPALLY",3,3,INDIVIDUAL/DOMESTIC
2015,7,5,BARKATPURA,3,3,INDIVIDUAL/DOMESTIC
2015,7,5,BARKATPURA,2,1,"MULTI STORIED BUILDING"
2015,7,5,"BOATS CLUB",9,5,INDIVIDUAL/DOMESTIC
2015,7,5,"BOATS CLUB",1,1,"MULTI STORIED BUILDING"
2015,7,5,DOMALGUDA,9,7,INDIVIDUAL/DOMESTIC
2015,7,5,GANDHINAGAR,6,4,INDIVIDUAL/DOMESTIC
2015,7,5,MUSHEERABAD,6,4,INDIVIDUAL/DOMESTIC
2015,7,5,MUSHEERABAD,1,0,"MULTI STORIED BUILDING"
2015,7,5,NARAYANGUDA,5,3,INDIVIDUAL/DOMESTIC
2015,7,5,NARAYANGUDA,3,1,"MULTI STORIED BUILDING"
2015,7,5,"RAMANTHAPUR (DIV 5)",7,5,INDIVIDUAL/DOMESTIC
2015,7,5,SHIVAM,8,6,INDIVIDUAL/DOMESTIC
2015,7,5,SHIVAM,2,1,"MULTI STORIED BUILDING"
2015,7,5,VIGYANPURI,4,3,INDIVIDUAL/DOMESTIC
2015,7,6,"BANJARA HILLS",23,11,INDIVIDUAL/DOMESTIC
2015,7,6,"BANJARA HILLS",3,0,"MULTI STORIED BUILDING"
2015,7,6,BORABANDA,1,0,INDIVIDUAL/DOMESTIC
2015,7,6,ERRAGADDA,18,9,INDIVIDUAL/DOMESTIC
2015,7,6,ERRAGADDA,1,0,"MULTI STORIED BUILDING"
2015,7,6,FATHENAGAR,11,10,INDIVIDUAL/DOMESTIC
2015,7,6,FATHENAGAR,1,0,"NON REVENUE CONNECTIONS"
2015,7,6,"JUBILEE HILLS",30,22,INDIVIDUAL/DOMESTIC
2015,7,6,"JUBILEE HILLS",6,2,"MULTI STORIED BUILDING"
2015,7,6,"S.P.R HILLS",21,17,INDIVIDUAL/DOMESTIC
2015,7,6,S.R.NAGAR,16,9,INDIVIDUAL/DOMESTIC
2015,7,6,S.R.NAGAR,2,0,"MULTI STORIED BUILDING"
2015,7,6,SOMAJIGUDA,38,26,INDIVIDUAL/DOMESTIC
2015,7,6,SOMAJIGUDA,3,1,"MULTI STORIED BUILDING"
2015,7,6,THATTIKHANA,15,13,INDIVIDUAL/DOMESTIC
2015,7,6,THATTIKHANA,5,2,"MULTI STORIED BUILDING"
2015,7,6,VENGALRAONAGAR,26,15,INDIVIDUAL/DOMESTIC
2015,7,6,VENGALRAONAGAR,2,0,"MULTI STORIED BUILDING"
2015,7,6,YELLAREDDYGUDA,16,4,INDIVIDUAL/DOMESTIC
2015,7,6,YELLAREDDYGUDA,5,1,"MULTI STORIED BUILDING"
2015,7,7,BOIGUDA,4,4,INDIVIDUAL/DOMESTIC
2015,7,7,HUSSAINSAGAR,6,3,INDIVIDUAL/DOMESTIC
2015,7,7,LALAPET,5,4,INDIVIDUAL/DOMESTIC
2015,7,7,LALAPET,1,0,"MULTI STORIED BUILDING"
2015,7,7,MARREDPALLY,23,13,INDIVIDUAL/DOMESTIC
2015,7,7,MARREDPALLY,4,1,"MULTI STORIED BUILDING"
2015,7,7,METTUGUDA,24,17,INDIVIDUAL/DOMESTIC
2015,7,7,METTUGUDA,1,0,"MULTI STORIED BUILDING"
2015,7,7,NALLAGUTTA,5,0,INDIVIDUAL/DOMESTIC
2015,7,7,NALLAGUTTA,1,0,"MULTI STORIED BUILDING"
2015,7,7,PRAKASHNAGAR,6,4,INDIVIDUAL/DOMESTIC
2015,7,7,PRAKASHNAGAR,1,1,"MULTI STORIED BUILDING"
2015,7,7,SEETHAPALMANDI,10,9,INDIVIDUAL/DOMESTIC
2015,7,7,"SRINIVAS NAGAR",11,10,INDIVIDUAL/DOMESTIC
2015,7,7,"SRINIVAS NAGAR",4,0,"MULTI STORIED BUILDING"
2015,7,7,TARNAKA,5,3,INDIVIDUAL/DOMESTIC
2015,7,7,TARNAKA,1,0,"MULTI STORIED BUILDING"
2015,7,8,"PATHANCHERU 820",2,0,INDIVIDUAL/DOMESTIC
2015,7,8,"PATHANCHERU 820",1,1,"MULTI STORIED BUILDING"
2015,7,8,"PATHANCHERU 832",2,1,INDIVIDUAL/DOMESTIC
2015,7,8,"PATHANCHERU 832",1,0,"MULTI STORIED BUILDING"
2015,7,9,"BALAJINAGAR (DIV 9)",7,6,INDIVIDUAL/DOMESTIC
2015,7,9,"BALAJINAGAR (DIV 9)",9,1,"MULTI STORIED BUILDING"
2015,7,9,BALANAGAR,15,7,INDIVIDUAL/DOMESTIC
2015,7,9,BALANAGAR,1,0,"MULTI STORIED BUILDING"
2015,7,9,BHAGYANAGAR,3,1,BULK
2015,7,9,BHAGYANAGAR,87,70,INDIVIDUAL/DOMESTIC
2015,7,9,BHAGYANAGAR,14,7,"MULTI STORIED BUILDING"
2015,7,9,"GAYATRI NAGAR",2,1,INDIVIDUAL/DOMESTIC
2015,7,9,HASMATHPET,26,24,INDIVIDUAL/DOMESTIC
2015,7,9,HASMATHPET,4,4,"MULTI STORIED BUILDING"
2015,7,9,KPHB,39,35,INDIVIDUAL/DOMESTIC
2015,7,9,KPHB,7,1,"MULTI STORIED BUILDING"
2015,7,9,KUKATPALLY,1,1,INDIVIDUAL/DOMESTIC
2015,7,9,MOOSAPET,87,72,INDIVIDUAL/DOMESTIC
2015,7,9,MOOSAPET,5,2,"MULTI STORIED BUILDING"
2015,7,9,"VIVEKANANDA NAGAR",2,0,INDIVIDUAL/DOMESTIC
2015,7,10,ALKAPURI,31,29,INDIVIDUAL/DOMESTIC
2015,7,10,ALKAPURI,5,3,"MULTI STORIED BUILDING"
2015,7,10,DILSHUKNAGAR,15,12,INDIVIDUAL/DOMESTIC
2015,7,10,DILSHUKNAGAR,1,0,"MULTI STORIED BUILDING"
2015,7,10,SAROORNAGAR,22,21,INDIVIDUAL/DOMESTIC
2015,7,10,SAROORNAGAR,4,2,"MULTI STORIED BUILDING"
2015,7,10,"VAISHALINAGAR (DIV 10)",21,18,INDIVIDUAL/DOMESTIC
2015,7,10,"VAISHALINAGAR (DIV 10)",2,2,"MULTI STORIED BUILDING"
2015,7,10,"VANASTHALIPURAM (DIV 10)",6,6,INDIVIDUAL/DOMESTIC
2015,7,12,ADARSHNAGAR,36,24,INDIVIDUAL/DOMESTIC
2015,7,12,CHINTAL,55,19,INDIVIDUAL/DOMESTIC
2015,7,12,CHINTAL,5,3,"MULTI STORIED BUILDING"
2015,7,12,CHINTAL,1,0,"NON REVENUE CONNECTIONS"
2015,7,12,JEEDIMETLA,9,0,BULK
2015,7,12,JEEDIMETLA,59,28,INDIVIDUAL/DOMESTIC
2015,7,12,JEEDIMETLA,4,0,"MULTI STORIED BUILDING"
2015,7,12,SHAPOORNAGAR,47,28,INDIVIDUAL/DOMESTIC
2015,7,12,SHAPOORNAGAR,2,0,"MULTI STORIED BUILDING"
2015,7,13,"ALWAL (Div13)",1,0,BULK
2015,7,13,"ALWAL (Div13)",47,29,INDIVIDUAL/DOMESTIC
2015,7,13,"ALWAL (Div13)",8,0,"MULTI STORIED BUILDING"
2015,7,13,CHANUKYAPURI,19,14,INDIVIDUAL/DOMESTIC
2015,7,13,CHANUKYAPURI,2,1,"MULTI STORIED BUILDING"
2015,7,13,"DEFENCE COLONY",34,25,INDIVIDUAL/DOMESTIC
2015,7,13,"DEFENCE COLONY",3,2,"MULTI STORIED BUILDING"
2015,7,13,"FATHER BALAIAHNAGAR (Div13)",15,12,INDIVIDUAL/DOMESTIC
2015,7,13,"FATHER BALAIAHNAGAR (Div13)",2,1,"MULTI STORIED BUILDING"
2015,7,13,"GOWTHAM NAGAR",11,9,INDIVIDUAL/DOMESTIC
2015,7,13,"GOWTHAM NAGAR",2,1,"MULTI STORIED BUILDING"
2015,7,13,MACHABOLLARAM,32,27,INDIVIDUAL/DOMESTIC
2015,7,13,MALKAJGIRI,1,1,INDIVIDUAL/DOMESTIC
2015,7,13,MALKAJGIRI,2,0,"MULTI STORIED BUILDING"
2015,7,13,SAINATHPURAM,43,40,INDIVIDUAL/DOMESTIC
2015,7,13,SAINATHPURAM,6,1,"MULTI STORIED BUILDING"
2015,7,13,"YAPRAL (Div13)",7,6,INDIVIDUAL/DOMESTIC
2015,7,13,"YAPRAL (Div13)",1,1,"MULTI STORIED BUILDING"
2015,7,14,"HOUSING BOARD",1,0,BULK
2015,7,14,"HOUSING BOARD",57,42,INDIVIDUAL/DOMESTIC
2015,7,14,"HOUSING BOARD",3,2,"MULTI STORIED BUILDING"
2015,7,14,HUBSIGUDA,1,0,BULK
2015,7,14,HUBSIGUDA,2,2,INDIVIDUAL/DOMESTIC
2015,7,14,RADHIKA,71,44,INDIVIDUAL/DOMESTIC
2015,7,14,RADHIKA,5,1,"MULTI STORIED BUILDING"
2015,7,14,"RAMANTHAPUR(DIV 14)",19,18,INDIVIDUAL/DOMESTIC
2015,7,14,"RAMANTHAPUR(DIV 14)",1,0,"MULTI STORIED BUILDING"
2015,7,14,UPPAL,56,37,INDIVIDUAL/DOMESTIC
2015,7,14,UPPAL,4,2,"MULTI STORIED BUILDING"
2015,7,15,"CHANDA NAGAR",20,16,INDIVIDUAL/DOMESTIC
2015,7,15,"CHANDA NAGAR",3,0,"MULTI STORIED BUILDING"
2015,7,15,"GACHIBOWLI (DIV 15)",1,0,BULK
2015,7,15,"GACHIBOWLI (DIV 15)",405,355,INDIVIDUAL/DOMESTIC
2015,7,15,"GACHIBOWLI (DIV 15)",1,1,"MULTI STORIED BUILDING"
2015,7,15,MADHAPUR,158,123,INDIVIDUAL/DOMESTIC
2015,7,15,MADHAPUR,32,5,"MULTI STORIED BUILDING"
2015,7,15,MIYAPUR,1,1,BULK
2015,7,15,MIYAPUR,105,86,INDIVIDUAL/DOMESTIC
2015,7,15,MIYAPUR,14,5,"MULTI STORIED BUILDING"
2015,7,15,RAMACHANDRAPURAM,14,9,INDIVIDUAL/DOMESTIC
2015,7,16,"BUDVEL (DIV16)",32,24,INDIVIDUAL/DOMESTIC
2015,7,16,HYDERGUDA,173,143,INDIVIDUAL/DOMESTIC
2015,7,16,HYDERGUDA,10,5,"MULTI STORIED BUILDING"
2015,7,16,"MAILERDEV PALLY",54,38,INDIVIDUAL/DOMESTIC
2015,7,16,"MAILERDEV PALLY",2,0,"MULTI STORIED BUILDING"
2015,7,18,"MANIKONDA (DIV 18)",271,118,INDIVIDUAL/DOMESTIC
2015,7,18,"MANIKONDA (DIV 18)",18,5,"MULTI STORIED BUILDING"
2015,7,18,"MANIKONDA (DIV 18)",1,0,"NON REVENUE CONNECTIONS"
2015,7,19,"BODUPPAL (DIV 19)",34,27,INDIVIDUAL/DOMESTIC
2015,7,19,"PEERJADIGUDA (DIV 19)",5,2,INDIVIDUAL/DOMESTIC
2015,7,21,ALWAL,1,0,BULK
2015,7,34,ALKAPURI,1,1,INDIVIDUAL/DOMESTIC
2015,7,34,AUTONAGAR,50,45,INDIVIDUAL/DOMESTIC
2015,7,34,AUTONAGAR,2,0,"MULTI STORIED BUILDING"
2015,7,34,KOTHAPETA,1,0,"MULTI STORIED BUILDING"
2015,7,34,L.B.NAGAR,76,58,INDIVIDUAL/DOMESTIC
2015,7,34,L.B.NAGAR,9,5,"MULTI STORIED BUILDING"
2015,7,34,MANSOORABAD,2,2,INDIVIDUAL/DOMESTIC
2015,7,34,"MARUTHINAGAR (DIV 10)",15,13,INDIVIDUAL/DOMESTIC
2015,7,34,"SAHEBNAGAR (DIV 10)",1,0,BULK
2015,7,34,"SAHEBNAGAR (DIV 10)",50,37,INDIVIDUAL/DOMESTIC
2015,7,34,"SAHEBNAGAR (DIV 10)",1,0,"MULTI STORIED BUILDING"
2015,7,34,"VAISHALINAGAR (DIV 10)",1,1,INDIVIDUAL/DOMESTIC
2015,7,34,"VANASTHALIPURAM (DIV 10)",35,28,INDIVIDUAL/DOMESTIC
2015,7,34,"VANASTHALIPURAM (DIV 10)",1,1,"MULTI STORIED BUILDING"
