year,month,division,section,applied,approved,category
2021,5,1,AZAMPURA,1,1,INDIVIDUAL/DOMESTIC
2021,5,1,BAHADURPURA,4,1,INDIVIDUAL/DOMESTIC
2021,5,1,BAHADURPURA,1,0,"MULTI STORIED BUILDING"
2021,5,1,"CHANUDLAL BHARADARI",6,4,INDIVIDUAL/DOMESTIC
2021,5,1,"DHOOD BOWLI",1,1,INDIVIDUAL/DOMESTIC
2021,5,1,"HASSAN NAGAR",2,2,INDIVIDUAL/DOMESTIC
2021,5,1,M.R.G.FILTERS,3,1,INDIVIDUAL/DOMESTIC
2021,5,1,MISRIGUNJ,1,1,INDIVIDUAL/DOMESTIC
2021,5,1,MOGHULPURA,3,3,INDIVIDUAL/DOMESTIC
2021,5,2,ALIABAD,1,1,INDIVIDUAL/DOMESTIC
2021,5,2,ASMANGARH,1,0,"MULTI STORIED BUILDING"
2021,5,2,BALAPUR,4,2,INDIVIDUAL/DOMESTIC
2021,5,2,"BANDLAGUDA  (DIV 2)",3,2,INDIVIDUAL/DOMESTIC
2021,5,2,GOWLIPURA,5,3,INDIVIDUAL/DOMESTIC
2021,5,2,JAHANUMA,11,2,INDIVIDUAL/DOMESTIC
2021,5,2,MADANNAPET,1,0,INDIVIDUAL/DOMESTIC
2021,5,2,MALAKPET,2,2,INDIVIDUAL/DOMESTIC
2021,5,2,MOOSARAMBAGH,2,2,INDIVIDUAL/DOMESTIC
2021,5,2,MYSARAM,9,6,INDIVIDUAL/DOMESTIC
2021,5,2,SANTOSHNAGAR,3,2,INDIVIDUAL/DOMESTIC
2021,5,2,YAKATPURA,1,0,INDIVIDUAL/DOMESTIC
2021,5,3,"AHMED NAGAR",12,12,INDIVIDUAL/DOMESTIC
2021,5,3,"ASIF NAGAR",2,1,INDIVIDUAL/DOMESTIC
2021,5,3,GOLCONDA,11,7,INDIVIDUAL/DOMESTIC
2021,5,3,HAKEEMPET,1,1,INDIVIDUAL/DOMESTIC
2021,5,3,KARWAN,6,2,INDIVIDUAL/DOMESTIC
2021,5,3,MEHIDIPATNAM,7,4,INDIVIDUAL/DOMESTIC
2021,5,3,"OLD MALLEPALLY",3,3,INDIVIDUAL/DOMESTIC
2021,5,3,SHAIKPET,12,7,INDIVIDUAL/DOMESTIC
2021,5,3,SHAIKPET,1,1,"MULTI STORIED BUILDING"
2021,5,3,"TOLI CHOWK",7,2,INDIVIDUAL/DOMESTIC
2021,5,3,"VIJAYNAGAR COLONY",4,4,INDIVIDUAL/DOMESTIC
2021,5,4,ALLABANDA,2,2,INDIVIDUAL/DOMESTIC
2021,5,4,BOGULKUNTA,1,0,INDIVIDUAL/DOMESTIC
2021,5,4,GODE-KI-KABAR,3,2,INDIVIDUAL/DOMESTIC
2021,5,4,GOWLIGUDA,1,1,INDIVIDUAL/DOMESTIC
2021,5,4,"HINDI NAGAR",2,1,INDIVIDUAL/DOMESTIC
2021,5,4,"HINDI NAGAR",1,0,"MULTI STORIED BUILDING"
2021,5,4,"RED HILLS HIGH LEVEL",3,2,INDIVIDUAL/DOMESTIC
2021,5,4,"RED HILLS LOW LEVEL",1,0,INDIVIDUAL/DOMESTIC
2021,5,4,"SULTAN BAZAR",3,3,INDIVIDUAL/DOMESTIC
2021,5,4,ZIAGUDA,3,1,INDIVIDUAL/DOMESTIC
2021,5,5,"ADIKMET DMA-1",3,2,INDIVIDUAL/DOMESTIC
2021,5,5,AZAMABAD,1,1,INDIVIDUAL/DOMESTIC
2021,5,5,"BOATS CLUB",16,6,INDIVIDUAL/DOMESTIC
2021,5,5,"BOATS CLUB",1,0,"MULTI STORIED BUILDING"
2021,5,5,GANDHINAGAR,2,2,INDIVIDUAL/DOMESTIC
2021,5,5,MUSHEERABAD,2,1,INDIVIDUAL/DOMESTIC
2021,5,5,NARAYANGUDA,1,1,INDIVIDUAL/DOMESTIC
2021,5,5,NARAYANGUDA,2,0,"MULTI STORIED BUILDING"
2021,5,5,"RAMANTHAPUR (DIV 5)",6,2,INDIVIDUAL/DOMESTIC
2021,5,5,SHIVAM,1,0,INDIVIDUAL/DOMESTIC
2021,5,6,"BANJARA HILLS",1,0,BULK
2021,5,6,"BANJARA HILLS",2,1,INDIVIDUAL/DOMESTIC
2021,5,6,"BANJARA HILLS",1,0,"MULTI STORIED BUILDING"
2021,5,6,BORABANDA,1,0,INDIVIDUAL/DOMESTIC
2021,5,6,ERRAGADDA,8,6,INDIVIDUAL/DOMESTIC
2021,5,6,ERRAGADDA,1,1,"MULTI STORIED BUILDING"
2021,5,6,FATHENAGAR,1,1,INDIVIDUAL/DOMESTIC
2021,5,6,FATHENAGAR,1,1,"MULTI STORIED BUILDING"
2021,5,6,"JUBILEE HILLS",5,4,INDIVIDUAL/DOMESTIC
2021,5,6,"JUBILEE HILLS",2,1,"MULTI STORIED BUILDING"
2021,5,6,"S.P.R HILLS",8,2,INDIVIDUAL/DOMESTIC
2021,5,6,S.R.NAGAR,1,1,INDIVIDUAL/DOMESTIC
2021,5,6,SOMAJIGUDA,1,0,"MULTI STORIED BUILDING"
2021,5,6,THATTIKHANA,1,1,INDIVIDUAL/DOMESTIC
2021,5,6,THATTIKHANA,2,2,"MULTI STORIED BUILDING"
2021,5,6,VENGALRAONAGAR,3,1,INDIVIDUAL/DOMESTIC
2021,5,6,YELLAREDDYGUDA,8,3,INDIVIDUAL/DOMESTIC
2021,5,7,BOIGUDA,4,3,INDIVIDUAL/DOMESTIC
2021,5,7,HUSSAINSAGAR,2,2,INDIVIDUAL/DOMESTIC
2021,5,7,LALAPET,5,5,INDIVIDUAL/DOMESTIC
2021,5,7,MARREDPALLY,12,8,INDIVIDUAL/DOMESTIC
2021,5,7,MARREDPALLY,1,1,"MULTI STORIED BUILDING"
2021,5,7,NALLAGUTTA,3,1,INDIVIDUAL/DOMESTIC
2021,5,7,PRAKASHNAGAR,3,2,INDIVIDUAL/DOMESTIC
2021,5,7,"REGIMENTAL BAZAR",1,1,INDIVIDUAL/DOMESTIC
2021,5,7,"REGIMENTAL BAZAR",1,0,"MULTI STORIED BUILDING"
2021,5,7,SEETHAPALMANDI,1,1,INDIVIDUAL/DOMESTIC
2021,5,7,"SRINIVAS NAGAR",5,3,INDIVIDUAL/DOMESTIC
2021,5,7,"SRINIVAS NAGAR",1,0,"MULTI STORIED BUILDING"
2021,5,7,TARNAKA,2,0,INDIVIDUAL/DOMESTIC
2021,5,7,TARNAKA,1,1,"MULTI STORIED BUILDING"
2021,5,8,"PATHANCHERU 832",1,0,BULK
2021,5,9,"BALAJINAGAR (DIV 9)",3,1,INDIVIDUAL/DOMESTIC
2021,5,9,"BALAJINAGAR (DIV 9)",2,1,"MULTI STORIED BUILDING"
2021,5,9,BALANAGAR,8,3,INDIVIDUAL/DOMESTIC
2021,5,9,BHAGYANAGAR,6,2,INDIVIDUAL/DOMESTIC
2021,5,9,BHAGYANAGAR,7,1,"MULTI STORIED BUILDING"
2021,5,9,BHARATHNAGAR,4,2,INDIVIDUAL/DOMESTIC
2021,5,9,BHARATHNAGAR,1,0,"MULTI STORIED BUILDING"
2021,5,9,"GAYATRI NAGAR",1,1,INDIVIDUAL/DOMESTIC
2021,5,9,HASMATHPET,17,12,INDIVIDUAL/DOMESTIC
2021,5,9,KPHB,3,3,INDIVIDUAL/DOMESTIC
2021,5,9,KPHB,3,3,"MULTI STORIED BUILDING"
2021,5,9,KUKATPALLY,11,7,INDIVIDUAL/DOMESTIC
2021,5,9,KUKATPALLY,2,2,"MULTI STORIED BUILDING"
2021,5,9,MOOSAPET,24,12,INDIVIDUAL/DOMESTIC
2021,5,9,"VIVEKANANDA NAGAR",4,2,INDIVIDUAL/DOMESTIC
2021,5,9,YELLAMMABANDA,33,31,INDIVIDUAL/DOMESTIC
2021,5,10,ALKAPURI,5,1,INDIVIDUAL/DOMESTIC
2021,5,10,DILSHUKNAGAR,2,2,INDIVIDUAL/DOMESTIC
2021,5,10,SAROORNAGAR,10,7,INDIVIDUAL/DOMESTIC
2021,5,10,SAROORNAGAR,7,1,"MULTI STORIED BUILDING"
2021,5,10,"VAISHALINAGAR (DIV 10)",2,1,INDIVIDUAL/DOMESTIC
2021,5,12,ADARSHNAGAR,19,13,INDIVIDUAL/DOMESTIC
2021,5,12,CHINTAL,25,20,INDIVIDUAL/DOMESTIC
2021,5,12,CHINTAL,4,2,"MULTI STORIED BUILDING"
2021,5,12,JEEDIMETLA,76,70,INDIVIDUAL/DOMESTIC
2021,5,12,JEEDIMETLA,4,0,"MULTI STORIED BUILDING"
2021,5,12,SHAPOORNAGAR,46,41,INDIVIDUAL/DOMESTIC
2021,5,12,SHAPOORNAGAR,12,3,"MULTI STORIED BUILDING"
2021,5,12,suchitra,1,1,INDIVIDUAL/DOMESTIC
2021,5,13,"ALWAL (Div13)",36,22,INDIVIDUAL/DOMESTIC
2021,5,13,"ALWAL (Div13)",5,3,"MULTI STORIED BUILDING"
2021,5,13,CHANUKYAPURI,9,9,INDIVIDUAL/DOMESTIC
2021,5,13,CHANUKYAPURI,3,1,"MULTI STORIED BUILDING"
2021,5,13,"DEFENCE COLONY",15,13,INDIVIDUAL/DOMESTIC
2021,5,13,"DEFENCE COLONY",2,0,"MULTI STORIED BUILDING"
2021,5,13,"FATHER BALAIAHNAGAR (Div13)",20,17,INDIVIDUAL/DOMESTIC
2021,5,13,"FATHER BALAIAHNAGAR (Div13)",7,0,"MULTI STORIED BUILDING"
2021,5,13,"GOWTHAM NAGAR",13,9,INDIVIDUAL/DOMESTIC
2021,5,13,MACHABOLLARAM,11,10,INDIVIDUAL/DOMESTIC
2021,5,13,SAINATHPURAM,13,7,INDIVIDUAL/DOMESTIC
2021,5,13,"VAJPAYEE NAGAR",2,1,INDIVIDUAL/DOMESTIC
2021,5,13,VENKATAPURAM,1,0,INDIVIDUAL/DOMESTIC
2021,5,13,"YAPRAL (Div13)",62,50,INDIVIDUAL/DOMESTIC
2021,5,13,"YAPRAL (Div13)",1,0,"MULTI STORIED BUILDING"
2021,5,14,"HOUSING BOARD",35,22,INDIVIDUAL/DOMESTIC
2021,5,14,"HOUSING BOARD",3,1,"MULTI STORIED BUILDING"
2021,5,14,HUBSIGUDA,5,4,INDIVIDUAL/DOMESTIC
2021,5,14,HUBSIGUDA,1,1,"MULTI STORIED BUILDING"
2021,5,14,NACHARAM,1,1,INDIVIDUAL/DOMESTIC
2021,5,14,RADHIKA,19,15,INDIVIDUAL/DOMESTIC
2021,5,14,RADHIKA,6,0,"MULTI STORIED BUILDING"
2021,5,14,"RAMANTHAPUR(DIV 14)",22,15,INDIVIDUAL/DOMESTIC
2021,5,14,"SAIBABA NAGAR",1,0,INDIVIDUAL/DOMESTIC
2021,5,14,UPPAL,26,18,INDIVIDUAL/DOMESTIC
2021,5,14,UPPAL,1,0,"MULTI STORIED BUILDING"
2021,5,15,"CHANDA NAGAR",1,0,BULK
2021,5,15,"CHANDA NAGAR",13,10,INDIVIDUAL/DOMESTIC
2021,5,15,"CHANDA NAGAR",1,1,"MULTI STORIED BUILDING"
2021,5,15,"GACHIBOWLI (DIV 15)",24,21,INDIVIDUAL/DOMESTIC
2021,5,15,"GACHIBOWLI (DIV 15)",1,1,"MULTI STORIED BUILDING"
2021,5,15,"KONDAPUR (DIV 15)",40,32,INDIVIDUAL/DOMESTIC
2021,5,15,"KONDAPUR (DIV 15)",4,1,"MULTI STORIED BUILDING"
2021,5,15,MADHAPUR,42,30,INDIVIDUAL/DOMESTIC
2021,5,15,MADHAPUR,3,1,"MULTI STORIED BUILDING"
2021,5,15,MIYAPUR,18,16,INDIVIDUAL/DOMESTIC
2021,5,15,MIYAPUR,10,9,"MULTI STORIED BUILDING"
2021,5,15,"NALLAGANDLA (DIV 15)",12,11,INDIVIDUAL/DOMESTIC
2021,5,15,"NALLAGANDLA (DIV 15)",1,0,"MULTI STORIED BUILDING"
2021,5,15,"PATANCHERU (DIV15)",5,3,INDIVIDUAL/DOMESTIC
2021,5,15,"PATANCHERU (DIV15)",1,0,"MULTI STORIED BUILDING"
2021,5,15,RAMACHANDRAPURAM,6,4,INDIVIDUAL/DOMESTIC
2021,5,16,"BUDVEL (DIV16)",15,13,INDIVIDUAL/DOMESTIC
2021,5,16,"BUDVEL (DIV16)",1,0,"MULTI STORIED BUILDING"
2021,5,16,HYDERGUDA,41,34,INDIVIDUAL/DOMESTIC
2021,5,16,HYDERGUDA,3,1,"MULTI STORIED BUILDING"
2021,5,16,"MAILERDEV PALLY",56,46,INDIVIDUAL/DOMESTIC
2021,5,18,"KISMATHPUR (DIV 18)",41,30,INDIVIDUAL/DOMESTIC
2021,5,18,"KISMATHPUR (DIV 18)",1,1,"MULTI STORIED BUILDING"
2021,5,18,"MANIKONDA (DIV 18)",3,1,BULK
2021,5,18,"MANIKONDA (DIV 18)",43,25,INDIVIDUAL/DOMESTIC
2021,5,18,"MANIKONDA (DIV 18)",3,2,"MULTI STORIED BUILDING"
2021,5,19,"BODUPPAL (DIV 19)",149,113,INDIVIDUAL/DOMESTIC
2021,5,19,"BODUPPAL (DIV 19)",6,1,"MULTI STORIED BUILDING"
2021,5,19,"CHEERYAL (DIV 19)",2,1,INDIVIDUAL/DOMESTIC
2021,5,19,"DHAMMAIGUDA (DIV 19)",20,17,INDIVIDUAL/DOMESTIC
2021,5,19,"NAGARAM (DIV 19)",44,27,INDIVIDUAL/DOMESTIC
2021,5,19,"NAGARAM (DIV 19)",1,0,"MULTI STORIED BUILDING"
2021,5,19,"PEERJADIGUDA (DIV 19)",69,61,INDIVIDUAL/DOMESTIC
2021,5,19,"POCHARAM (DIV 19)",1,0,BULK
2021,5,19,"POCHARAM (DIV 19)",37,19,INDIVIDUAL/DOMESTIC
2021,5,20,"BADANGPET  (DIV 20)",52,43,INDIVIDUAL/DOMESTIC
2021,5,20,"BADANGPET  (DIV 20)",1,1,"MULTI STORIED BUILDING"
2021,5,20,"JALPALLY (DIV 20)",110,73,INDIVIDUAL/DOMESTIC
2021,5,20,"JILLELAGUDA (DIV 20)",8,7,INDIVIDUAL/DOMESTIC
2021,5,20,"MEERPET (DIV 20)",14,13,INDIVIDUAL/DOMESTIC
2021,5,20,"SHAMSHABAD (DIV 20)",14,5,INDIVIDUAL/DOMESTIC
2021,5,20,"THUKKUGUDA (PD 1)",1,0,BULK
2021,5,20,"THUKKUGUDA (PD 1)",74,64,INDIVIDUAL/DOMESTIC
2021,5,21,ALWAL,1,0,INDIVIDUAL/DOMESTIC
2021,5,22,"PEDDA AMBERPET (PD 1)",61,56,INDIVIDUAL/DOMESTIC
2021,5,22,"TURKAYAMJAL (PD 1)",119,102,INDIVIDUAL/DOMESTIC
2021,5,23,"BACHUPALLY (PD 7)",1,1,BULK
2021,5,23,"BACHUPALLY (PD 7)",19,13,INDIVIDUAL/DOMESTIC
2021,5,23,"BACHUPALLY (PD 7)",4,4,"MULTI STORIED BUILDING"
2021,5,23,"GANDIMAISAMMA (PD 7)",7,5,INDIVIDUAL/DOMESTIC
2021,5,23,"NIZAMPET (PD 7)",14,10,INDIVIDUAL/DOMESTIC
2021,5,23,"NIZAMPET (PD 7)",2,2,"MULTI STORIED BUILDING"
2021,5,23,"PRAGATHINAGAR (PD 7)",10,8,INDIVIDUAL/DOMESTIC
2021,5,23,"PRAGATHINAGAR (PD 7)",18,13,"MULTI STORIED BUILDING"
2021,5,24,"AMEENPUR (PD 8)",76,54,INDIVIDUAL/DOMESTIC
2021,5,24,"AMEENPUR (PD 8)",4,1,"MULTI STORIED BUILDING"
2021,5,24,"BEERAMGUDA (PD 8)",20,18,INDIVIDUAL/DOMESTIC
2021,5,24,"BEERAMGUDA (PD 8)",2,0,"MULTI STORIED BUILDING"
2021,5,24,"BOLLARAM (PD 8)",1,0,BULK
2021,5,25,"JAWAHARNAGAR (PD 3)",1,1,INDIVIDUAL/DOMESTIC
2021,5,25,"KOMPALLY (PD 7)",6,2,INDIVIDUAL/DOMESTIC
2021,5,25,"KOMPALLY (PD 7)",5,2,"MULTI STORIED BUILDING"
2021,5,25,"THOOMKUNTA (PD 3)",13,8,INDIVIDUAL/DOMESTIC
2021,5,34,ALKAPURI,2,1,INDIVIDUAL/DOMESTIC
2021,5,34,AUTONAGAR,33,30,INDIVIDUAL/DOMESTIC
2021,5,34,AUTONAGAR,6,1,"MULTI STORIED BUILDING"
2021,5,34,KAMALANAGAR,1,0,INDIVIDUAL/DOMESTIC
2021,5,34,L.B.NAGAR,3,3,INDIVIDUAL/DOMESTIC
2021,5,34,L.B.NAGAR,2,1,"MULTI STORIED BUILDING"
2021,5,34,MANSOORABAD,16,14,INDIVIDUAL/DOMESTIC
2021,5,34,MANSOORABAD,3,1,"MULTI STORIED BUILDING"
2021,5,34,"MARUTHINAGAR (DIV 10)",2,1,INDIVIDUAL/DOMESTIC
2021,5,34,"SAHEBNAGAR (DIV 10)",36,29,INDIVIDUAL/DOMESTIC
2021,5,34,"SAHEBNAGAR (DIV 10)",2,1,"MULTI STORIED BUILDING"
2021,5,34,SAROORNAGAR,1,1,INDIVIDUAL/DOMESTIC
2021,5,34,SAROORNAGAR,1,0,"MULTI STORIED BUILDING"
2021,5,34,"VAISHALINAGAR (DIV 10)",1,1,INDIVIDUAL/DOMESTIC
2021,5,34,"VANASTHALIPURAM (DIV 10)",30,24,INDIVIDUAL/DOMESTIC
