year,month,division,section,applied,approved,category
2022,4,1,AZAMPURA,4,3,INDIVIDUAL/DOMESTIC
2022,4,1,"CHANUDLAL BHARADARI",3,0,INDIVIDUAL/DOMESTIC
2022,4,1,"CHANUDLAL BHARADARI",2,0,"MULTI STORIED BUILDING"
2022,4,1,"DARUL SHIFA",1,1,INDIVIDUAL/DOMESTIC
2022,4,1,"DHOOD BOWLI",1,1,INDIVIDUAL/DOMESTIC
2022,4,1,"HASSAN NAGAR",2,0,INDIVIDUAL/DOMESTIC
2022,4,1,"KISHAN BAGH",1,0,INDIVIDUAL/DOMESTIC
2022,4,1,M.R.G.FILTERS,5,0,INDIVIDUAL/DOMESTIC
2022,4,1,MISRIGUNJ,3,2,INDIVIDUAL/DOMESTIC
2022,4,1,MOGHULPURA,3,1,INDIVIDUAL/DOMESTIC
2022,4,1,PATHERGATTI,6,4,INDIVIDUAL/DOMESTIC
2022,4,2,ALIABAD,1,1,INDIVIDUAL/DOMESTIC
2022,4,2,BALAPUR,5,2,INDIVIDUAL/DOMESTIC
2022,4,2,"BANDLAGUDA  (DIV 2)",36,34,INDIVIDUAL/DOMESTIC
2022,4,2,CHANCHALGUDA,2,1,INDIVIDUAL/DOMESTIC
2022,4,2,CHANCHALGUDA,1,1,"MULTI STORIED BUILDING"
2022,4,2,GOWLIPURA,2,2,INDIVIDUAL/DOMESTIC
2022,4,2,JAHANUMA,2,0,INDIVIDUAL/DOMESTIC
2022,4,2,MADANNAPET,2,2,INDIVIDUAL/DOMESTIC
2022,4,2,MALAKPET,2,1,INDIVIDUAL/DOMESTIC
2022,4,2,MALAKPET,1,0,"MULTI STORIED BUILDING"
2022,4,2,MOOSARAMBAGH,7,4,INDIVIDUAL/DOMESTIC
2022,4,2,MYSARAM,10,7,INDIVIDUAL/DOMESTIC
2022,4,2,MYSARAM,1,0,"MULTI STORIED BUILDING"
2022,4,2,SAIDABAD,2,1,INDIVIDUAL/DOMESTIC
2022,4,2,SAIDABAD,1,0,"MULTI STORIED BUILDING"
2022,4,2,SANTOSHNAGAR,4,2,INDIVIDUAL/DOMESTIC
2022,4,2,"VINAY NAGAR (DIV 2 (a))",4,3,INDIVIDUAL/DOMESTIC
2022,4,2,"VINAY NAGAR (DIV 2 (a))",2,1,"MULTI STORIED BUILDING"
2022,4,2,YAKATPURA,2,0,INDIVIDUAL/DOMESTIC
2022,4,3,"AHMED NAGAR",3,1,INDIVIDUAL/DOMESTIC
2022,4,3,"AHMED NAGAR",2,0,"MULTI STORIED BUILDING"
2022,4,3,"ASIF NAGAR",7,5,INDIVIDUAL/DOMESTIC
2022,4,3,"ASIF NAGAR",2,0,"MULTI STORIED BUILDING"
2022,4,3,"CHINTAL BASTHI",1,1,INDIVIDUAL/DOMESTIC
2022,4,3,"CHINTAL BASTHI",1,0,"MULTI STORIED BUILDING"
2022,4,3,GOLCONDA,2,1,INDIVIDUAL/DOMESTIC
2022,4,3,HAKEEMPET,5,4,INDIVIDUAL/DOMESTIC
2022,4,3,"KAKATIYA NAGAR",7,3,INDIVIDUAL/DOMESTIC
2022,4,3,KARWAN,6,5,INDIVIDUAL/DOMESTIC
2022,4,3,"LANGER HOUSE",8,4,INDIVIDUAL/DOMESTIC
2022,4,3,MEHIDIPATNAM,9,5,INDIVIDUAL/DOMESTIC
2022,4,3,"OLD MALLEPALLY",12,12,INDIVIDUAL/DOMESTIC
2022,4,3,SHAIKPET,28,22,INDIVIDUAL/DOMESTIC
2022,4,3,"TAPPA CHABUTRA",6,5,INDIVIDUAL/DOMESTIC
2022,4,3,"TOLI CHOWK",14,6,INDIVIDUAL/DOMESTIC
2022,4,3,"VIJAYNAGAR COLONY",3,2,INDIVIDUAL/DOMESTIC
2022,4,4,GODE-KI-KABAR,5,2,INDIVIDUAL/DOMESTIC
2022,4,4,GOWLIGUDA,4,4,INDIVIDUAL/DOMESTIC
2022,4,4,GUNFOUNDRY,2,1,INDIVIDUAL/DOMESTIC
2022,4,4,"HINDI NAGAR",1,0,INDIVIDUAL/DOMESTIC
2022,4,4,"RED HILLS HIGH LEVEL",4,2,INDIVIDUAL/DOMESTIC
2022,4,4,"RED HILLS LOW LEVEL",1,0,INDIVIDUAL/DOMESTIC
2022,4,4,"SULTAN BAZAR",2,2,INDIVIDUAL/DOMESTIC
2022,4,4,ZIAGUDA,1,0,INDIVIDUAL/DOMESTIC
2022,4,5,"ADIKMET DMA-1",3,2,INDIVIDUAL/DOMESTIC
2022,4,5,"ADIKMET DMA-1",1,0,"MULTI STORIED BUILDING"
2022,4,5,AZAMABAD,2,0,INDIVIDUAL/DOMESTIC
2022,4,5,"BAGH LINGAMPALLY",1,0,INDIVIDUAL/DOMESTIC
2022,4,5,BARKATPURA,1,1,INDIVIDUAL/DOMESTIC
2022,4,5,"BOATS CLUB",10,7,INDIVIDUAL/DOMESTIC
2022,4,5,DOMALGUDA,4,3,INDIVIDUAL/DOMESTIC
2022,4,5,DOMALGUDA,2,1,"MULTI STORIED BUILDING"
2022,4,5,GANDHINAGAR,4,2,INDIVIDUAL/DOMESTIC
2022,4,5,MUSHEERABAD,5,5,INDIVIDUAL/DOMESTIC
2022,4,5,NARAYANGUDA,4,0,INDIVIDUAL/DOMESTIC
2022,4,5,NARAYANGUDA,1,1,"MULTI STORIED BUILDING"
2022,4,5,"RAMANTHAPUR (DIV 5)",2,2,INDIVIDUAL/DOMESTIC
2022,4,5,SHIVAM,6,4,INDIVIDUAL/DOMESTIC
2022,4,5,SHIVAM,1,1,"MULTI STORIED BUILDING"
2022,4,5,VIGYANPURI,5,2,INDIVIDUAL/DOMESTIC
2022,4,6,"BANJARA HILLS",11,5,INDIVIDUAL/DOMESTIC
2022,4,6,"BANJARA HILLS",3,1,"MULTI STORIED BUILDING"
2022,4,6,BORABANDA,7,0,INDIVIDUAL/DOMESTIC
2022,4,6,ERRAGADDA,4,0,INDIVIDUAL/DOMESTIC
2022,4,6,FATHENAGAR,3,3,INDIVIDUAL/DOMESTIC
2022,4,6,"FILM NAGAR",8,6,INDIVIDUAL/DOMESTIC
2022,4,6,"FILM NAGAR",1,0,"MULTI STORIED BUILDING"
2022,4,6,"JUBILEE HILLS",6,4,INDIVIDUAL/DOMESTIC
2022,4,6,"JUBILEE HILLS",1,0,"MULTI STORIED BUILDING"
2022,4,6,"S.P.R HILLS",14,4,INDIVIDUAL/DOMESTIC
2022,4,6,S.R.NAGAR,5,2,INDIVIDUAL/DOMESTIC
2022,4,6,S.R.NAGAR,1,1,"MULTI STORIED BUILDING"
2022,4,6,SOMAJIGUDA,3,1,INDIVIDUAL/DOMESTIC
2022,4,6,SOMAJIGUDA,5,3,"MULTI STORIED BUILDING"
2022,4,6,THATTIKHANA,1,0,BULK
2022,4,6,THATTIKHANA,9,9,INDIVIDUAL/DOMESTIC
2022,4,6,THATTIKHANA,2,0,"MULTI STORIED BUILDING"
2022,4,6,VENGALRAONAGAR,3,1,INDIVIDUAL/DOMESTIC
2022,4,6,YELLAREDDYGUDA,6,1,INDIVIDUAL/DOMESTIC
2022,4,6,YELLAREDDYGUDA,4,0,"MULTI STORIED BUILDING"
2022,4,7,BOIGUDA,1,0,"MULTI STORIED BUILDING"
2022,4,7,BOUDHANAGAR,4,2,INDIVIDUAL/DOMESTIC
2022,4,7,HUSSAINSAGAR,2,2,INDIVIDUAL/DOMESTIC
2022,4,7,LALAPET,11,8,INDIVIDUAL/DOMESTIC
2022,4,7,MARREDPALLY,15,5,INDIVIDUAL/DOMESTIC
2022,4,7,MARREDPALLY,1,0,"MULTI STORIED BUILDING"
2022,4,7,METTUGUDA,1,0,INDIVIDUAL/DOMESTIC
2022,4,7,PRAKASHNAGAR,1,1,INDIVIDUAL/DOMESTIC
2022,4,7,PRAKASHNAGAR,1,0,"MULTI STORIED BUILDING"
2022,4,7,"REGIMENTAL BAZAR",2,1,INDIVIDUAL/DOMESTIC
2022,4,7,SEETHAPALMANDI,6,3,INDIVIDUAL/DOMESTIC
2022,4,7,"SRINIVAS NAGAR",1,1,INDIVIDUAL/DOMESTIC
2022,4,7,"SRINIVAS NAGAR",2,1,"MULTI STORIED BUILDING"
2022,4,7,TARNAKA,4,4,INDIVIDUAL/DOMESTIC
2022,4,7,TARNAKA,2,1,"MULTI STORIED BUILDING"
2022,4,8,"PATHANCHERU 832",1,0,BULK
2022,4,9,"BALAJINAGAR (DIV 9)",11,7,INDIVIDUAL/DOMESTIC
2022,4,9,"BALAJINAGAR (DIV 9)",1,1,"MULTI STORIED BUILDING"
2022,4,9,BALANAGAR,11,6,INDIVIDUAL/DOMESTIC
2022,4,9,BHAGYANAGAR,20,11,INDIVIDUAL/DOMESTIC
2022,4,9,BHAGYANAGAR,6,4,"MULTI STORIED BUILDING"
2022,4,9,BHARATHNAGAR,5,2,INDIVIDUAL/DOMESTIC
2022,4,9,BHARATHNAGAR,2,1,"MULTI STORIED BUILDING"
2022,4,9,"GAYATRI NAGAR",16,10,INDIVIDUAL/DOMESTIC
2022,4,9,HASMATHPET,19,12,INDIVIDUAL/DOMESTIC
2022,4,9,HASMATHPET,2,1,"MULTI STORIED BUILDING"
2022,4,9,KPHB,11,6,INDIVIDUAL/DOMESTIC
2022,4,9,KPHB,9,2,"MULTI STORIED BUILDING"
2022,4,9,KUKATPALLY,8,6,INDIVIDUAL/DOMESTIC
2022,4,9,KUKATPALLY,4,2,"MULTI STORIED BUILDING"
2022,4,9,MOOSAPET,12,9,INDIVIDUAL/DOMESTIC
2022,4,9,"MOTI NAGAR",2,0,INDIVIDUAL/DOMESTIC
2022,4,9,"VIVEKANANDA NAGAR",3,3,INDIVIDUAL/DOMESTIC
2022,4,9,"VIVEKANANDA NAGAR",3,2,"MULTI STORIED BUILDING"
2022,4,9,YELLAMMABANDA,37,31,INDIVIDUAL/DOMESTIC
2022,4,10,ALKAPURI,7,6,INDIVIDUAL/DOMESTIC
2022,4,10,ALKAPURI,3,1,"MULTI STORIED BUILDING"
2022,4,10,"B.N.REDDY NAGAR",22,21,INDIVIDUAL/DOMESTIC
2022,4,10,DILSHUKNAGAR,3,1,INDIVIDUAL/DOMESTIC
2022,4,10,"NGO COLONY",12,8,INDIVIDUAL/DOMESTIC
2022,4,10,"NGO COLONY",1,1,"MULTI STORIED BUILDING"
2022,4,10,SAROORNAGAR,9,5,INDIVIDUAL/DOMESTIC
2022,4,10,SAROORNAGAR,2,0,"MULTI STORIED BUILDING"
2022,4,10,"VAISHALINAGAR (DIV 10)",16,11,INDIVIDUAL/DOMESTIC
2022,4,10,"VAISHALINAGAR (DIV 10)",1,0,"MULTI STORIED BUILDING"
2022,4,10,"VANASTHALIPURAM (DIV 10)",6,2,INDIVIDUAL/DOMESTIC
2022,4,12,ADARSHNAGAR,5,2,INDIVIDUAL/DOMESTIC
2022,4,12,ADARSHNAGAR,1,0,"MULTI STORIED BUILDING"
2022,4,12,"Bhagatsingh Nagar",1,0,BULK
2022,4,12,"Bhagatsingh Nagar",17,11,INDIVIDUAL/DOMESTIC
2022,4,12,"Bhagatsingh Nagar",1,1,"MULTI STORIED BUILDING"
2022,4,12,CHINTAL,20,16,INDIVIDUAL/DOMESTIC
2022,4,12,CHINTAL,2,0,"MULTI STORIED BUILDING"
2022,4,12,GAJULARAMARAM,68,56,INDIVIDUAL/DOMESTIC
2022,4,12,GAJULARAMARAM,10,2,"MULTI STORIED BUILDING"
2022,4,12,JEEDIMETLA,1,0,BULK
2022,4,12,JEEDIMETLA,33,22,INDIVIDUAL/DOMESTIC
2022,4,12,JEEDIMETLA,14,6,"MULTI STORIED BUILDING"
2022,4,12,Jagathgirigutta,10,10,INDIVIDUAL/DOMESTIC
2022,4,12,SHAPOORNAGAR,23,16,INDIVIDUAL/DOMESTIC
2022,4,12,SURARAM,36,34,INDIVIDUAL/DOMESTIC
2022,4,12,SURARAM,4,3,"MULTI STORIED BUILDING"
2022,4,12,USHODAYA,16,12,INDIVIDUAL/DOMESTIC
2022,4,12,suchitra,16,14,INDIVIDUAL/DOMESTIC
2022,4,12,suchitra,4,1,"MULTI STORIED BUILDING"
2022,4,13,"ALWAL (Div13)",1,0,BULK
2022,4,13,"ALWAL (Div13)",20,9,INDIVIDUAL/DOMESTIC
2022,4,13,"ALWAL (Div13)",15,1,"MULTI STORIED BUILDING"
2022,4,13,CHANUKYAPURI,21,19,INDIVIDUAL/DOMESTIC
2022,4,13,CHANUKYAPURI,1,0,"MULTI STORIED BUILDING"
2022,4,13,"DEFENCE COLONY",9,3,INDIVIDUAL/DOMESTIC
2022,4,13,"FATHER BALAIAHNAGAR (Div13)",63,51,INDIVIDUAL/DOMESTIC
2022,4,13,"FATHER BALAIAHNAGAR (Div13)",6,2,"MULTI STORIED BUILDING"
2022,4,13,"GOWTHAM NAGAR",7,6,INDIVIDUAL/DOMESTIC
2022,4,13,"GOWTHAM NAGAR",2,1,"MULTI STORIED BUILDING"
2022,4,13,MACHABOLLARAM,67,54,INDIVIDUAL/DOMESTIC
2022,4,13,MACHABOLLARAM,4,1,"MULTI STORIED BUILDING"
2022,4,13,SAINATHPURAM,31,25,INDIVIDUAL/DOMESTIC
2022,4,13,SAINATHPURAM,4,1,"MULTI STORIED BUILDING"
2022,4,13,"VAJPAYEE NAGAR",12,10,INDIVIDUAL/DOMESTIC
2022,4,13,"VAJPAYEE NAGAR",3,2,"MULTI STORIED BUILDING"
2022,4,13,VENKATAPURAM,14,12,INDIVIDUAL/DOMESTIC
2022,4,13,"YAPRAL (Div13)",1,0,BULK
2022,4,13,"YAPRAL (Div13)",21,11,INDIVIDUAL/DOMESTIC
2022,4,13,"YAPRAL (Div13)",7,3,"MULTI STORIED BUILDING"
2022,4,14,"HOUSING BOARD",16,9,INDIVIDUAL/DOMESTIC
2022,4,14,HUBSIGUDA,5,4,INDIVIDUAL/DOMESTIC
2022,4,14,HUBSIGUDA,1,1,"MULTI STORIED BUILDING"
2022,4,14,NACHARAM,33,27,INDIVIDUAL/DOMESTIC
2022,4,14,NACHARAM,2,1,"MULTI STORIED BUILDING"
2022,4,14,RADHIKA,48,29,INDIVIDUAL/DOMESTIC
2022,4,14,RADHIKA,3,0,"MULTI STORIED BUILDING"
2022,4,14,"RAMANTHAPUR(DIV 14)",20,17,INDIVIDUAL/DOMESTIC
2022,4,14,"RAMANTHAPUR(DIV 14)",2,1,"MULTI STORIED BUILDING"
2022,4,14,"SAIBABA NAGAR",43,33,INDIVIDUAL/DOMESTIC
2022,4,14,"SAIBABA NAGAR",3,1,"MULTI STORIED BUILDING"
2022,4,14,"SAIBABA NAGAR",1,0,"NON REVENUE CONNECTIONS"
2022,4,14,UPPAL,39,32,INDIVIDUAL/DOMESTIC
2022,4,14,UPPAL,4,1,"MULTI STORIED BUILDING"
2022,4,15,"CHANDA NAGAR",9,6,INDIVIDUAL/DOMESTIC
2022,4,15,"CHANDA NAGAR",1,0,"MULTI STORIED BUILDING"
2022,4,15,"DEEPTHISRI NAGAR (DIV 15)",12,10,INDIVIDUAL/DOMESTIC
2022,4,15,"DEEPTHISRI NAGAR (DIV 15)",4,4,"MULTI STORIED BUILDING"
2022,4,15,"Doyens section",26,19,INDIVIDUAL/DOMESTIC
2022,4,15,"GACHIBOWLI (DIV 15)",3,0,BULK
2022,4,15,"GACHIBOWLI (DIV 15)",65,54,INDIVIDUAL/DOMESTIC
2022,4,15,"GACHIBOWLI (DIV 15)",7,5,"MULTI STORIED BUILDING"
2022,4,15,"HAFEEZPET (DIV 15)",20,18,INDIVIDUAL/DOMESTIC
2022,4,15,"HAFEEZPET (DIV 15)",19,16,"MULTI STORIED BUILDING"
2022,4,15,"KONDAPUR (DIV 15)",44,33,INDIVIDUAL/DOMESTIC
2022,4,15,"KONDAPUR (DIV 15)",10,7,"MULTI STORIED BUILDING"
2022,4,15,MADHAPUR,69,51,INDIVIDUAL/DOMESTIC
2022,4,15,MADHAPUR,20,6,"MULTI STORIED BUILDING"
2022,4,15,MIYAPUR,20,16,INDIVIDUAL/DOMESTIC
2022,4,15,MIYAPUR,7,3,"MULTI STORIED BUILDING"
2022,4,15,"NALLAGANDLA (DIV 15)",2,0,BULK
2022,4,15,"NALLAGANDLA (DIV 15)",15,14,INDIVIDUAL/DOMESTIC
2022,4,15,"NALLAGANDLA (DIV 15)",2,1,"MULTI STORIED BUILDING"
2022,4,15,"PATANCHERU (DIV15)",1,0,BULK
2022,4,15,"PATANCHERU (DIV15)",9,4,INDIVIDUAL/DOMESTIC
2022,4,15,"PATANCHERU (DIV15)",1,1,"MULTI STORIED BUILDING"
2022,4,15,RAMACHANDRAPURAM,1,0,BULK
2022,4,15,RAMACHANDRAPURAM,10,8,INDIVIDUAL/DOMESTIC
2022,4,16,ATTAPUR,39,33,INDIVIDUAL/DOMESTIC
2022,4,16,ATTAPUR,1,1,"MULTI STORIED BUILDING"
2022,4,16,"BUDVEL (DIV16)",25,20,INDIVIDUAL/DOMESTIC
2022,4,16,"BUDVEL (DIV16)",2,0,"MULTI STORIED BUILDING"
2022,4,16,HYDERGUDA,50,40,INDIVIDUAL/DOMESTIC
2022,4,16,HYDERGUDA,3,1,"MULTI STORIED BUILDING"
2022,4,16,KATEDAN,28,26,INDIVIDUAL/DOMESTIC
2022,4,16,"MAILERDEV PALLY",11,10,INDIVIDUAL/DOMESTIC
2022,4,16,"MAILERDEV PALLY",2,1,"MULTI STORIED BUILDING"
2022,4,16,"SULEMAN NAGAR",11,8,INDIVIDUAL/DOMESTIC
2022,4,17,"OSMANSAGAR (DIV 17)",1,0,INDIVIDUAL/DOMESTIC
2022,4,18,"KISMATHPUR (DIV 18)",1,0,BULK
2022,4,18,"KISMATHPUR (DIV 18)",149,142,INDIVIDUAL/DOMESTIC
2022,4,18,"KISMATHPUR (DIV 18)",2,2,"MULTI STORIED BUILDING"
2022,4,18,"MANIKONDA (DIV 18)",1,1,BULK
2022,4,18,"MANIKONDA (DIV 18)",226,155,INDIVIDUAL/DOMESTIC
2022,4,18,"MANIKONDA (DIV 18)",23,14,"MULTI STORIED BUILDING"
2022,4,19,"BODUPPAL (DIV 19)",100,38,INDIVIDUAL/DOMESTIC
2022,4,19,"BODUPPAL (DIV 19)",2,2,"MULTI STORIED BUILDING"
2022,4,19,"CHEERYAL (DIV 19)",4,1,INDIVIDUAL/DOMESTIC
2022,4,19,"DHAMMAIGUDA (DIV 19)",104,59,INDIVIDUAL/DOMESTIC
2022,4,19,"DHAMMAIGUDA (DIV 19)",1,0,"MULTI STORIED BUILDING"
2022,4,19,"NAGARAM (DIV 19)",96,66,INDIVIDUAL/DOMESTIC
2022,4,19,"PEERJADIGUDA (DIV 19)",35,26,INDIVIDUAL/DOMESTIC
2022,4,19,"POCHARAM (DIV 19)",38,22,INDIVIDUAL/DOMESTIC
2022,4,19,"POCHARAM (DIV 19)",1,0,"MULTI STORIED BUILDING"
2022,4,20,"BADANGPET  (DIV 20)",90,71,INDIVIDUAL/DOMESTIC
2022,4,20,"JALPALLY (DIV 20)",188,132,INDIVIDUAL/DOMESTIC
2022,4,20,"JILLELAGUDA (DIV 20)",8,6,INDIVIDUAL/DOMESTIC
2022,4,20,"MEERPET (DIV 20)",33,29,INDIVIDUAL/DOMESTIC
2022,4,20,"MEERPET (DIV 20)",4,3,"MULTI STORIED BUILDING"
2022,4,20,"SHAMSHABAD (DIV 20)",4,2,INDIVIDUAL/DOMESTIC
2022,4,20,"THUKKUGUDA (PD 1)",2,0,BULK
2022,4,20,"THUKKUGUDA (PD 1)",15,8,INDIVIDUAL/DOMESTIC
2022,4,22,"PEDDA AMBERPET (PD 1)",41,35,INDIVIDUAL/DOMESTIC
2022,4,22,"TURKAYAMJAL (PD 1)",62,53,INDIVIDUAL/DOMESTIC
2022,4,23,"BACHUPALLY (PD 7)",1,0,BULK
2022,4,23,"BACHUPALLY (PD 7)",28,22,INDIVIDUAL/DOMESTIC
2022,4,23,"BACHUPALLY (PD 7)",16,14,"MULTI STORIED BUILDING"
2022,4,23,"GANDIMAISAMMA (PD 7)",54,37,INDIVIDUAL/DOMESTIC
2022,4,23,"NIZAMPET (PD 7)",18,13,INDIVIDUAL/DOMESTIC
2022,4,23,"NIZAMPET (PD 7)",12,11,"MULTI STORIED BUILDING"
2022,4,23,"PRAGATHINAGAR (PD 7)",10,5,INDIVIDUAL/DOMESTIC
2022,4,23,"PRAGATHINAGAR (PD 7)",16,12,"MULTI STORIED BUILDING"
2022,4,24,"AMEENPUR (PD 8)",1,0,BULK
2022,4,24,"AMEENPUR (PD 8)",29,25,INDIVIDUAL/DOMESTIC
2022,4,24,"AMEENPUR (PD 8)",1,0,"MULTI STORIED BUILDING"
2022,4,24,"BEERAMGUDA (PD 8)",17,16,INDIVIDUAL/DOMESTIC
2022,4,24,"BEERAMGUDA (PD 8)",4,4,"MULTI STORIED BUILDING"
2022,4,24,"BOLLARAM (PD 8)",1,0,BULK
2022,4,24,"BOLLARAM (PD 8)",1,0,INDIVIDUAL/DOMESTIC
2022,4,24,"TELLAPUR (PD 8)",1,1,INDIVIDUAL/DOMESTIC
2022,4,25,"GUNDLAPOCHAMPALLY (PD 7)",4,0,INDIVIDUAL/DOMESTIC
2022,4,25,"JAWAHARNAGAR (PD 3)",419,158,INDIVIDUAL/DOMESTIC
2022,4,25,"KOMPALLY (PD 7)",17,9,INDIVIDUAL/DOMESTIC
2022,4,25,"KOMPALLY (PD 7)",3,2,"MULTI STORIED BUILDING"
2022,4,25,"THOOMKUNTA (PD 3)",25,13,INDIVIDUAL/DOMESTIC
2022,4,33,KANCHANBAGH,8,2,INDIVIDUAL/DOMESTIC
2022,4,33,"RIYASATH NAGAR",1,1,INDIVIDUAL/DOMESTIC
2022,4,34,AUTONAGAR,31,23,INDIVIDUAL/DOMESTIC
2022,4,34,KAMALANAGAR,28,23,INDIVIDUAL/DOMESTIC
2022,4,34,KOTHAPETA,9,4,INDIVIDUAL/DOMESTIC
2022,4,34,KOTHAPETA,1,0,"MULTI STORIED BUILDING"
2022,4,34,L.B.NAGAR,21,16,INDIVIDUAL/DOMESTIC
2022,4,34,L.B.NAGAR,4,3,"MULTI STORIED BUILDING"
2022,4,34,LINGOJIGUDA,6,3,INDIVIDUAL/DOMESTIC
2022,4,34,MANSOORABAD,3,2,INDIVIDUAL/DOMESTIC
2022,4,34,MANSOORABAD,4,2,"MULTI STORIED BUILDING"
2022,4,34,"MARUTHINAGAR (DIV 10)",4,4,INDIVIDUAL/DOMESTIC
2022,4,34,NAGOLE,15,14,INDIVIDUAL/DOMESTIC
2022,4,34,NAGOLE,3,2,"MULTI STORIED BUILDING"
2022,4,34,"SAHEBNAGAR (DIV 10)",47,34,INDIVIDUAL/DOMESTIC
2022,4,34,"SAHEBNAGAR (DIV 10)",12,9,"MULTI STORIED BUILDING"
2022,4,34,"VANASTHALIPURAM (DIV 10)",8,6,INDIVIDUAL/DOMESTIC
2022,4,34,"VANASTHALIPURAM (DIV 10)",2,2,"MULTI STORIED BUILDING"
