year,month,division,section,applied,approved,category
2015,8,1,AZAMPURA,2,2,INDIVIDUAL/DOMESTIC
2015,8,1,BAHADURPURA,74,65,INDIVIDUAL/DOMESTIC
2015,8,1,"CHANUDLAL BHARADARI",10,6,INDIVIDUAL/DOMESTIC
2015,8,1,"DARUL SHIFA",5,4,INDIVIDUAL/DOMESTIC
2015,8,1,"DHOOD BOWLI",4,2,INDIVIDUAL/DOMESTIC
2015,8,1,"KISHAN BAGH",1,0,"MULTI STORIED BUILDING"
2015,8,1,M.R.G.FILTERS,25,10,INDIVIDUAL/DOMESTIC
2015,8,1,MISRIGUNJ,1,0,INDIVIDUAL/DOMESTIC
2015,8,1,MOGHULPURA,2,1,INDIVIDUAL/DOMESTIC
2015,8,1,PATHERGATTI,1,0,INDIVIDUAL/DOMESTIC
2015,8,1,PATHERGATTI,2,1,"MULTI STORIED BUILDING"
2015,8,2,ALIABAD,5,3,INDIVIDUAL/DOMESTIC
2015,8,2,ASMANGARH,7,5,INDIVIDUAL/DOMESTIC
2015,8,2,ASMANGARH,1,1,"MULTI STORIED BUILDING"
2015,8,2,BALAPUR,1,0,BULK
2015,8,2,BALAPUR,16,10,INDIVIDUAL/DOMESTIC
2015,8,2,CHANCHALGUDA,5,2,INDIVIDUAL/DOMESTIC
2015,8,2,GOWLIPURA,10,1,INDIVIDUAL/DOMESTIC
2015,8,2,JAHANUMA,21,13,INDIVIDUAL/DOMESTIC
2015,8,2,MADANNAPET,8,5,INDIVIDUAL/DOMESTIC
2015,8,2,MALAKPET,9,3,INDIVIDUAL/DOMESTIC
2015,8,2,MALAKPET,1,1,"MULTI STORIED BUILDING"
2015,8,2,MOOSARAMBAGH,7,7,INDIVIDUAL/DOMESTIC
2015,8,2,MYSARAM,12,4,INDIVIDUAL/DOMESTIC
2015,8,2,SAIDABAD,1,0,"MULTI STORIED BUILDING"
2015,8,2,SALEEMNAGAR,7,5,INDIVIDUAL/DOMESTIC
2015,8,2,SANTOSHNAGAR,11,7,INDIVIDUAL/DOMESTIC
2015,8,2,SANTOSHNAGAR,1,0,"MULTI STORIED BUILDING"
2015,8,2,YAKATPURA,6,5,INDIVIDUAL/DOMESTIC
2015,8,3,"AHMED NAGAR",20,18,INDIVIDUAL/DOMESTIC
2015,8,3,"AHMED NAGAR",3,0,"MULTI STORIED BUILDING"
2015,8,3,"CHINTAL BASTHI",5,1,INDIVIDUAL/DOMESTIC
2015,8,3,GOLCONDA,28,16,INDIVIDUAL/DOMESTIC
2015,8,3,"KAKATIYA NAGAR",8,6,INDIVIDUAL/DOMESTIC
2015,8,3,KARWAN,27,16,INDIVIDUAL/DOMESTIC
2015,8,3,MEHIDIPATNAM,58,35,INDIVIDUAL/DOMESTIC
2015,8,3,MEHIDIPATNAM,3,0,"MULTI STORIED BUILDING"
2015,8,3,"OLD MALLEPALLY",15,13,INDIVIDUAL/DOMESTIC
2015,8,3,SHAIKPET,58,21,INDIVIDUAL/DOMESTIC
2015,8,3,SHAIKPET,4,1,"MULTI STORIED BUILDING"
2015,8,3,"TOLI CHOWK",57,35,INDIVIDUAL/DOMESTIC
2015,8,3,"TOLI CHOWK",11,0,"MULTI STORIED BUILDING"
2015,8,3,"VIJAYNAGAR COLONY",4,4,INDIVIDUAL/DOMESTIC
2015,8,4,ALLABANDA,2,0,INDIVIDUAL/DOMESTIC
2015,8,4,BOGULKUNTA,1,1,INDIVIDUAL/DOMESTIC
2015,8,4,GODE-KI-KABAR,11,7,INDIVIDUAL/DOMESTIC
2015,8,4,GOWLIGUDA,1,1,INDIVIDUAL/DOMESTIC
2015,8,4,GUNFOUNDRY,2,1,INDIVIDUAL/DOMESTIC
2015,8,4,"HINDI NAGAR",14,3,INDIVIDUAL/DOMESTIC
2015,8,4,"RED HILLS HIGH LEVEL",8,5,INDIVIDUAL/DOMESTIC
2015,8,4,"RED HILLS LOW LEVEL",8,0,INDIVIDUAL/DOMESTIC
2015,8,4,"RED HILLS LOW LEVEL",1,1,"MULTI STORIED BUILDING"
2015,8,4,"SULTAN BAZAR",8,1,INDIVIDUAL/DOMESTIC
2015,8,4,ZIAGUDA,6,3,INDIVIDUAL/DOMESTIC
2015,8,5,"ADIKMET DMA-1",9,5,INDIVIDUAL/DOMESTIC
2015,8,5,"ADIKMET DMA-2",3,2,INDIVIDUAL/DOMESTIC
2015,8,5,AZAMABAD,4,1,INDIVIDUAL/DOMESTIC
2015,8,5,"BAGH LINGAMPALLY",3,3,INDIVIDUAL/DOMESTIC
2015,8,5,"BAGH LINGAMPALLY",1,0,"MULTI STORIED BUILDING"
2015,8,5,BARKATPURA,4,4,INDIVIDUAL/DOMESTIC
2015,8,5,BARKATPURA,3,3,"MULTI STORIED BUILDING"
2015,8,5,"BOATS CLUB",8,6,INDIVIDUAL/DOMESTIC
2015,8,5,"BOATS CLUB",1,1,"MULTI STORIED BUILDING"
2015,8,5,DOMALGUDA,6,6,INDIVIDUAL/DOMESTIC
2015,8,5,GANDHINAGAR,3,2,INDIVIDUAL/DOMESTIC
2015,8,5,MUSHEERABAD,9,4,INDIVIDUAL/DOMESTIC
2015,8,5,NARAYANGUDA,2,2,INDIVIDUAL/DOMESTIC
2015,8,5,NARAYANGUDA,2,1,"MULTI STORIED BUILDING"
2015,8,5,"RAMANTHAPUR (DIV 5)",8,7,INDIVIDUAL/DOMESTIC
2015,8,5,"RAMANTHAPUR (DIV 5)",1,1,"MULTI STORIED BUILDING"
2015,8,5,SHIVAM,4,2,INDIVIDUAL/DOMESTIC
2015,8,5,SHIVAM,2,1,"MULTI STORIED BUILDING"
2015,8,5,VIGYANPURI,3,2,INDIVIDUAL/DOMESTIC
2015,8,6,"BANJARA HILLS",25,12,INDIVIDUAL/DOMESTIC
2015,8,6,"BANJARA HILLS",1,0,"MULTI STORIED BUILDING"
2015,8,6,ERRAGADDA,18,8,INDIVIDUAL/DOMESTIC
2015,8,6,ERRAGADDA,3,2,"MULTI STORIED BUILDING"
2015,8,6,FATHENAGAR,12,9,INDIVIDUAL/DOMESTIC
2015,8,6,FATHENAGAR,1,0,"MULTI STORIED BUILDING"
2015,8,6,"JUBILEE HILLS",43,32,INDIVIDUAL/DOMESTIC
2015,8,6,"JUBILEE HILLS",3,1,"MULTI STORIED BUILDING"
2015,8,6,"S.P.R HILLS",25,21,INDIVIDUAL/DOMESTIC
2015,8,6,S.R.NAGAR,8,4,INDIVIDUAL/DOMESTIC
2015,8,6,S.R.NAGAR,4,1,"MULTI STORIED BUILDING"
2015,8,6,SOMAJIGUDA,6,4,INDIVIDUAL/DOMESTIC
2015,8,6,SOMAJIGUDA,2,0,"MULTI STORIED BUILDING"
2015,8,6,THATTIKHANA,23,17,INDIVIDUAL/DOMESTIC
2015,8,6,VENGALRAONAGAR,14,10,INDIVIDUAL/DOMESTIC
2015,8,6,VENGALRAONAGAR,1,1,"MULTI STORIED BUILDING"
2015,8,6,YELLAREDDYGUDA,22,15,INDIVIDUAL/DOMESTIC
2015,8,6,YELLAREDDYGUDA,4,2,"MULTI STORIED BUILDING"
2015,8,7,BOIGUDA,2,1,INDIVIDUAL/DOMESTIC
2015,8,7,BOIGUDA,1,0,"MULTI STORIED BUILDING"
2015,8,7,HUSSAINSAGAR,7,6,INDIVIDUAL/DOMESTIC
2015,8,7,LALAPET,8,7,INDIVIDUAL/DOMESTIC
2015,8,7,MARREDPALLY,28,20,INDIVIDUAL/DOMESTIC
2015,8,7,MARREDPALLY,1,0,"MULTI STORIED BUILDING"
2015,8,7,METTUGUDA,6,3,INDIVIDUAL/DOMESTIC
2015,8,7,NALLAGUTTA,5,2,INDIVIDUAL/DOMESTIC
2015,8,7,PRAKASHNAGAR,5,3,INDIVIDUAL/DOMESTIC
2015,8,7,SEETHAPALMANDI,9,7,INDIVIDUAL/DOMESTIC
2015,8,7,"SRINIVAS NAGAR",17,12,INDIVIDUAL/DOMESTIC
2015,8,7,"SRINIVAS NAGAR",3,1,"MULTI STORIED BUILDING"
2015,8,7,TARNAKA,1,0,BULK
2015,8,7,TARNAKA,24,8,INDIVIDUAL/DOMESTIC
2015,8,7,TARNAKA,2,1,"MULTI STORIED BUILDING"
2015,8,8,"PATHANCHERU 820",6,0,INDIVIDUAL/DOMESTIC
2015,8,8,"PATHANCHERU 832",1,1,"MULTI STORIED BUILDING"
2015,8,9,"BALAJINAGAR (DIV 9)",6,3,INDIVIDUAL/DOMESTIC
2015,8,9,"BALAJINAGAR (DIV 9)",7,0,"MULTI STORIED BUILDING"
2015,8,9,BALANAGAR,1,0,BULK
2015,8,9,BALANAGAR,10,7,INDIVIDUAL/DOMESTIC
2015,8,9,BHAGYANAGAR,95,64,INDIVIDUAL/DOMESTIC
2015,8,9,BHAGYANAGAR,11,6,"MULTI STORIED BUILDING"
2015,8,9,"GAYATRI NAGAR",1,0,INDIVIDUAL/DOMESTIC
2015,8,9,HASMATHPET,24,20,INDIVIDUAL/DOMESTIC
2015,8,9,HASMATHPET,1,1,"MULTI STORIED BUILDING"
2015,8,9,KPHB,38,38,INDIVIDUAL/DOMESTIC
2015,8,9,KPHB,1,1,"MULTI STORIED BUILDING"
2015,8,9,KUKATPALLY,2,2,INDIVIDUAL/DOMESTIC
2015,8,9,MOOSAPET,240,201,INDIVIDUAL/DOMESTIC
2015,8,9,MOOSAPET,9,4,"MULTI STORIED BUILDING"
2015,8,9,"VIVEKANANDA NAGAR",2,1,INDIVIDUAL/DOMESTIC
2015,8,9,"VIVEKANANDA NAGAR",1,1,"MULTI STORIED BUILDING"
2015,8,10,ALKAPURI,29,22,INDIVIDUAL/DOMESTIC
2015,8,10,ALKAPURI,5,3,"MULTI STORIED BUILDING"
2015,8,10,DILSHUKNAGAR,15,13,INDIVIDUAL/DOMESTIC
2015,8,10,DILSHUKNAGAR,1,1,"MULTI STORIED BUILDING"
2015,8,10,SAROORNAGAR,18,14,INDIVIDUAL/DOMESTIC
2015,8,10,SAROORNAGAR,5,1,"MULTI STORIED BUILDING"
2015,8,10,"VAISHALINAGAR (DIV 10)",25,19,INDIVIDUAL/DOMESTIC
2015,8,10,"VANASTHALIPURAM (DIV 10)",7,7,INDIVIDUAL/DOMESTIC
2015,8,12,ADARSHNAGAR,33,22,INDIVIDUAL/DOMESTIC
2015,8,12,CHINTAL,68,26,INDIVIDUAL/DOMESTIC
2015,8,12,CHINTAL,7,3,"MULTI STORIED BUILDING"
2015,8,12,JEEDIMETLA,2,0,BULK
2015,8,12,JEEDIMETLA,44,25,INDIVIDUAL/DOMESTIC
2015,8,12,JEEDIMETLA,3,0,"MULTI STORIED BUILDING"
2015,8,12,SHAPOORNAGAR,1,0,BULK
2015,8,12,SHAPOORNAGAR,36,26,INDIVIDUAL/DOMESTIC
2015,8,12,SHAPOORNAGAR,1,0,"MULTI STORIED BUILDING"
2015,8,13,"ALWAL (Div13)",1,1,BULK
2015,8,13,"ALWAL (Div13)",62,42,INDIVIDUAL/DOMESTIC
2015,8,13,"ALWAL (Div13)",9,3,"MULTI STORIED BUILDING"
2015,8,13,CHANUKYAPURI,17,15,INDIVIDUAL/DOMESTIC
2015,8,13,CHANUKYAPURI,2,0,"MULTI STORIED BUILDING"
2015,8,13,"DEFENCE COLONY",45,34,INDIVIDUAL/DOMESTIC
2015,8,13,"DEFENCE COLONY",6,0,"MULTI STORIED BUILDING"
2015,8,13,"DEFENCE COLONY",1,0,"NON REVENUE CONNECTIONS"
2015,8,13,"FATHER BALAIAHNAGAR (Div13)",68,63,INDIVIDUAL/DOMESTIC
2015,8,13,"FATHER BALAIAHNAGAR (Div13)",1,1,"MULTI STORIED BUILDING"
2015,8,13,"GOWTHAM NAGAR",7,5,INDIVIDUAL/DOMESTIC
2015,8,13,"GOWTHAM NAGAR",1,0,"MULTI STORIED BUILDING"
2015,8,13,MACHABOLLARAM,24,16,INDIVIDUAL/DOMESTIC
2015,8,13,MACHABOLLARAM,1,1,"MULTI STORIED BUILDING"
2015,8,13,MALKAJGIRI,1,0,"MULTI STORIED BUILDING"
2015,8,13,SAINATHPURAM,30,22,INDIVIDUAL/DOMESTIC
2015,8,13,SAINATHPURAM,1,0,"MULTI STORIED BUILDING"
2015,8,13,"YAPRAL (Div13)",8,7,INDIVIDUAL/DOMESTIC
2015,8,13,"YAPRAL (Div13)",2,1,"MULTI STORIED BUILDING"
2015,8,14,"HOUSING BOARD",21,19,INDIVIDUAL/DOMESTIC
2015,8,14,"HOUSING BOARD",7,3,"MULTI STORIED BUILDING"
2015,8,14,HUBSIGUDA,9,4,INDIVIDUAL/DOMESTIC
2015,8,14,HUBSIGUDA,1,0,"MULTI STORIED BUILDING"
2015,8,14,RADHIKA,31,20,INDIVIDUAL/DOMESTIC
2015,8,14,RADHIKA,4,3,"MULTI STORIED BUILDING"
2015,8,14,"RAMANTHAPUR(DIV 14)",26,21,INDIVIDUAL/DOMESTIC
2015,8,14,"RAMANTHAPUR(DIV 14)",1,0,"MULTI STORIED BUILDING"
2015,8,14,UPPAL,45,24,INDIVIDUAL/DOMESTIC
2015,8,14,UPPAL,4,1,"MULTI STORIED BUILDING"
2015,8,15,"CHANDA NAGAR",18,12,INDIVIDUAL/DOMESTIC
2015,8,15,"CHANDA NAGAR",5,4,"MULTI STORIED BUILDING"
2015,8,15,"GACHIBOWLI (DIV 15)",1,1,BULK
2015,8,15,"GACHIBOWLI (DIV 15)",294,269,INDIVIDUAL/DOMESTIC
2015,8,15,"GACHIBOWLI (DIV 15)",3,0,"MULTI STORIED BUILDING"
2015,8,15,MADHAPUR,605,190,INDIVIDUAL/DOMESTIC
2015,8,15,MADHAPUR,33,8,"MULTI STORIED BUILDING"
2015,8,15,MIYAPUR,111,82,INDIVIDUAL/DOMESTIC
2015,8,15,MIYAPUR,24,9,"MULTI STORIED BUILDING"
2015,8,15,RAMACHANDRAPURAM,6,4,INDIVIDUAL/DOMESTIC
2015,8,16,"BUDVEL (DIV16)",17,12,INDIVIDUAL/DOMESTIC
2015,8,16,HYDERGUDA,215,146,INDIVIDUAL/DOMESTIC
2015,8,16,HYDERGUDA,3,2,"MULTI STORIED BUILDING"
2015,8,16,"MAILERDEV PALLY",1,0,BULK
2015,8,16,"MAILERDEV PALLY",42,33,INDIVIDUAL/DOMESTIC
2015,8,18,"KISMATHPUR (DIV 18)",1,1,INDIVIDUAL/DOMESTIC
2015,8,18,"MANIKONDA (DIV 18)",1,0,BULK
2015,8,18,"MANIKONDA (DIV 18)",287,97,INDIVIDUAL/DOMESTIC
2015,8,18,"MANIKONDA (DIV 18)",13,3,"MULTI STORIED BUILDING"
2015,8,19,"BODUPPAL (DIV 19)",59,44,INDIVIDUAL/DOMESTIC
2015,8,19,"PEERJADIGUDA (DIV 19)",5,0,INDIVIDUAL/DOMESTIC
2015,8,20,"JILLELAGUDA (DIV 20)",1,0,INDIVIDUAL/DOMESTIC
2015,8,21,SAINIKPURI,1,0,BULK
2015,8,21,SAINIKPURI,5,0,INDIVIDUAL/DOMESTIC
2015,8,34,ALKAPURI,6,5,INDIVIDUAL/DOMESTIC
2015,8,34,AUTONAGAR,25,22,INDIVIDUAL/DOMESTIC
2015,8,34,L.B.NAGAR,58,49,INDIVIDUAL/DOMESTIC
2015,8,34,L.B.NAGAR,10,5,"MULTI STORIED BUILDING"
2015,8,34,MANSOORABAD,1,1,INDIVIDUAL/DOMESTIC
2015,8,34,"MARUTHINAGAR (DIV 10)",27,26,INDIVIDUAL/DOMESTIC
2015,8,34,"MARUTHINAGAR (DIV 10)",3,1,"MULTI STORIED BUILDING"
2015,8,34,"MARUTHINAGAR (DIV 10)",1,1,"NON REVENUE CONNECTIONS"
2015,8,34,"SAHEBNAGAR (DIV 10)",45,34,INDIVIDUAL/DOMESTIC
2015,8,34,"SAHEBNAGAR (DIV 10)",4,3,"MULTI STORIED BUILDING"
2015,8,34,SAROORNAGAR,1,0,"MULTI STORIED BUILDING"
2015,8,34,"VANASTHALIPURAM (DIV 10)",14,12,INDIVIDUAL/DOMESTIC
