year,month,division,section,applied,approved,category
2021,2,1,AZAMPURA,7,5,INDIVIDUAL/DOMESTIC
2021,2,1,BAHADURPURA,7,6,INDIVIDUAL/DOMESTIC
2021,2,1,"CHANUDLAL BHARADARI",4,1,INDIVIDUAL/DOMESTIC
2021,2,1,"CHANUDLAL BHARADARI",1,0,"MULTI STORIED BUILDING"
2021,2,1,"DARUL SHIFA",2,2,INDIVIDUAL/DOMESTIC
2021,2,1,"DHOOD BOWLI",10,9,INDIVIDUAL/DOMESTIC
2021,2,1,"HASSAN NAGAR",5,3,INDIVIDUAL/DOMESTIC
2021,2,1,M.R.G.FILTERS,7,4,INDIVIDUAL/DOMESTIC
2021,2,1,MISRIGUNJ,3,1,INDIVIDUAL/DOMESTIC
2021,2,1,MOGHULPURA,8,1,INDIVIDUAL/DOMESTIC
2021,2,1,PATHERGATTI,1,1,INDIVIDUAL/DOMESTIC
2021,2,2,ALIABAD,8,7,INDIVIDUAL/DOMESTIC
2021,2,2,ASMANGARH,26,20,INDIVIDUAL/DOMESTIC
2021,2,2,ASMANGARH,1,1,"MULTI STORIED BUILDING"
2021,2,2,BALAPUR,11,6,INDIVIDUAL/DOMESTIC
2021,2,2,"BANDLAGUDA  (DIV 2)",85,72,INDIVIDUAL/DOMESTIC
2021,2,2,"BANDLAGUDA  (DIV 2)",1,0,"MULTI STORIED BUILDING"
2021,2,2,CHANCHALGUDA,5,3,INDIVIDUAL/DOMESTIC
2021,2,2,GOWLIPURA,1,1,INDIVIDUAL/DOMESTIC
2021,2,2,JAHANUMA,12,8,INDIVIDUAL/DOMESTIC
2021,2,2,JAHANUMA,1,0,"MULTI STORIED BUILDING"
2021,2,2,MADANNAPET,3,2,INDIVIDUAL/DOMESTIC
2021,2,2,MALAKPET,1,1,INDIVIDUAL/DOMESTIC
2021,2,2,MALAKPET,2,1,"MULTI STORIED BUILDING"
2021,2,2,MOOSARAMBAGH,5,5,INDIVIDUAL/DOMESTIC
2021,2,2,MOOSARAMBAGH,1,1,"MULTI STORIED BUILDING"
2021,2,2,MYSARAM,10,6,INDIVIDUAL/DOMESTIC
2021,2,2,SAIDABAD,2,0,"MULTI STORIED BUILDING"
2021,2,2,SANTOSHNAGAR,9,8,INDIVIDUAL/DOMESTIC
2021,2,2,SANTOSHNAGAR,2,1,"MULTI STORIED BUILDING"
2021,2,2,YAKATPURA,7,5,INDIVIDUAL/DOMESTIC
2021,2,3,"AHMED NAGAR",17,12,INDIVIDUAL/DOMESTIC
2021,2,3,"AHMED NAGAR",2,0,"MULTI STORIED BUILDING"
2021,2,3,"ASIF NAGAR",4,1,INDIVIDUAL/DOMESTIC
2021,2,3,"CHINTAL BASTHI",1,0,INDIVIDUAL/DOMESTIC
2021,2,3,GOLCONDA,22,6,INDIVIDUAL/DOMESTIC
2021,2,3,HAKEEMPET,1,1,INDIVIDUAL/DOMESTIC
2021,2,3,"KAKATIYA NAGAR",4,2,INDIVIDUAL/DOMESTIC
2021,2,3,KARWAN,19,14,INDIVIDUAL/DOMESTIC
2021,2,3,MEHIDIPATNAM,13,9,INDIVIDUAL/DOMESTIC
2021,2,3,MEHIDIPATNAM,4,1,"MULTI STORIED BUILDING"
2021,2,3,"OLD MALLEPALLY",5,4,INDIVIDUAL/DOMESTIC
2021,2,3,SHAIKPET,83,50,INDIVIDUAL/DOMESTIC
2021,2,3,SHAIKPET,1,1,"MULTI STORIED BUILDING"
2021,2,3,"TOLI CHOWK",16,11,INDIVIDUAL/DOMESTIC
2021,2,3,"TOLI CHOWK",1,0,"MULTI STORIED BUILDING"
2021,2,3,"VIJAYNAGAR COLONY",4,3,INDIVIDUAL/DOMESTIC
2021,2,3,"VIJAYNAGAR COLONY",2,0,"MULTI STORIED BUILDING"
2021,2,4,ALLABANDA,8,7,INDIVIDUAL/DOMESTIC
2021,2,4,GODE-KI-KABAR,8,6,INDIVIDUAL/DOMESTIC
2021,2,4,GOWLIGUDA,3,3,INDIVIDUAL/DOMESTIC
2021,2,4,GUNFOUNDRY,2,2,INDIVIDUAL/DOMESTIC
2021,2,4,"HINDI NAGAR",6,6,INDIVIDUAL/DOMESTIC
2021,2,4,"HINDI NAGAR",1,0,"MULTI STORIED BUILDING"
2021,2,4,"RED HILLS HIGH LEVEL",2,1,INDIVIDUAL/DOMESTIC
2021,2,4,"RED HILLS LOW LEVEL",6,4,INDIVIDUAL/DOMESTIC
2021,2,4,"SULTAN BAZAR",7,5,INDIVIDUAL/DOMESTIC
2021,2,4,ZIAGUDA,1,0,INDIVIDUAL/DOMESTIC
2021,2,5,"ADIKMET DMA-1",5,5,INDIVIDUAL/DOMESTIC
2021,2,5,"ADIKMET DMA-2",1,1,INDIVIDUAL/DOMESTIC
2021,2,5,AZAMABAD,9,2,INDIVIDUAL/DOMESTIC
2021,2,5,AZAMABAD,1,0,"MULTI STORIED BUILDING"
2021,2,5,"BAGH LINGAMPALLY",2,0,"MULTI STORIED BUILDING"
2021,2,5,BARKATPURA,5,1,INDIVIDUAL/DOMESTIC
2021,2,5,BARKATPURA,1,0,"MULTI STORIED BUILDING"
2021,2,5,"BOATS CLUB",21,9,INDIVIDUAL/DOMESTIC
2021,2,5,"BOATS CLUB",2,1,"MULTI STORIED BUILDING"
2021,2,5,DOMALGUDA,4,2,INDIVIDUAL/DOMESTIC
2021,2,5,GANDHINAGAR,3,3,INDIVIDUAL/DOMESTIC
2021,2,5,GANDHINAGAR,4,3,"MULTI STORIED BUILDING"
2021,2,5,MUSHEERABAD,3,0,INDIVIDUAL/DOMESTIC
2021,2,5,MUSHEERABAD,2,0,"MULTI STORIED BUILDING"
2021,2,5,NARAYANGUDA,5,5,INDIVIDUAL/DOMESTIC
2021,2,5,NARAYANGUDA,1,1,"MULTI STORIED BUILDING"
2021,2,5,"RAMANTHAPUR (DIV 5)",6,4,INDIVIDUAL/DOMESTIC
2021,2,5,SHIVAM,9,7,INDIVIDUAL/DOMESTIC
2021,2,5,SHIVAM,2,1,"MULTI STORIED BUILDING"
2021,2,5,VIGYANPURI,5,2,INDIVIDUAL/DOMESTIC
2021,2,6,"BANJARA HILLS",19,9,INDIVIDUAL/DOMESTIC
2021,2,6,"BANJARA HILLS",4,1,"MULTI STORIED BUILDING"
2021,2,6,BORABANDA,2,2,INDIVIDUAL/DOMESTIC
2021,2,6,ERRAGADDA,19,15,INDIVIDUAL/DOMESTIC
2021,2,6,FATHENAGAR,6,4,INDIVIDUAL/DOMESTIC
2021,2,6,FATHENAGAR,1,1,"MULTI STORIED BUILDING"
2021,2,6,"JUBILEE HILLS",29,12,INDIVIDUAL/DOMESTIC
2021,2,6,"JUBILEE HILLS",4,1,"MULTI STORIED BUILDING"
2021,2,6,"S.P.R HILLS",27,17,INDIVIDUAL/DOMESTIC
2021,2,6,S.R.NAGAR,9,6,INDIVIDUAL/DOMESTIC
2021,2,6,S.R.NAGAR,1,0,"MULTI STORIED BUILDING"
2021,2,6,SOMAJIGUDA,1,1,"MULTI STORIED BUILDING"
2021,2,6,THATTIKHANA,19,18,INDIVIDUAL/DOMESTIC
2021,2,6,THATTIKHANA,4,2,"MULTI STORIED BUILDING"
2021,2,6,VENGALRAONAGAR,4,3,INDIVIDUAL/DOMESTIC
2021,2,6,YELLAREDDYGUDA,11,9,INDIVIDUAL/DOMESTIC
2021,2,6,YELLAREDDYGUDA,3,0,"MULTI STORIED BUILDING"
2021,2,7,BOIGUDA,2,1,INDIVIDUAL/DOMESTIC
2021,2,7,BOIGUDA,1,1,"MULTI STORIED BUILDING"
2021,2,7,HUSSAINSAGAR,5,1,INDIVIDUAL/DOMESTIC
2021,2,7,HUSSAINSAGAR,1,1,"MULTI STORIED BUILDING"
2021,2,7,LALAPET,10,7,INDIVIDUAL/DOMESTIC
2021,2,7,MARREDPALLY,18,9,INDIVIDUAL/DOMESTIC
2021,2,7,MARREDPALLY,2,2,"MULTI STORIED BUILDING"
2021,2,7,METTUGUDA,2,1,INDIVIDUAL/DOMESTIC
2021,2,7,NALLAGUTTA,3,1,INDIVIDUAL/DOMESTIC
2021,2,7,NALLAGUTTA,2,2,"MULTI STORIED BUILDING"
2021,2,7,PRAKASHNAGAR,2,2,INDIVIDUAL/DOMESTIC
2021,2,7,PRAKASHNAGAR,5,1,"MULTI STORIED BUILDING"
2021,2,7,"SRINIVAS NAGAR",12,8,INDIVIDUAL/DOMESTIC
2021,2,7,TARNAKA,6,5,INDIVIDUAL/DOMESTIC
2021,2,7,TARNAKA,3,0,"MULTI STORIED BUILDING"
2021,2,8,"PATHANCHERU 832",3,0,INDIVIDUAL/DOMESTIC
2021,2,9,"BALAJINAGAR (DIV 9)",2,1,INDIVIDUAL/DOMESTIC
2021,2,9,"BALAJINAGAR (DIV 9)",3,0,"MULTI STORIED BUILDING"
2021,2,9,BALANAGAR,12,8,INDIVIDUAL/DOMESTIC
2021,2,9,BHAGYANAGAR,153,126,INDIVIDUAL/DOMESTIC
2021,2,9,BHAGYANAGAR,26,17,"MULTI STORIED BUILDING"
2021,2,9,BHARATHNAGAR,1,1,INDIVIDUAL/DOMESTIC
2021,2,9,HASMATHPET,1,0,BULK
2021,2,9,HASMATHPET,26,18,INDIVIDUAL/DOMESTIC
2021,2,9,HASMATHPET,2,0,"MULTI STORIED BUILDING"
2021,2,9,KPHB,1,1,BULK
2021,2,9,KPHB,14,10,INDIVIDUAL/DOMESTIC
2021,2,9,KPHB,10,6,"MULTI STORIED BUILDING"
2021,2,9,KUKATPALLY,1,1,INDIVIDUAL/DOMESTIC
2021,2,9,MOOSAPET,45,35,INDIVIDUAL/DOMESTIC
2021,2,9,MOOSAPET,2,2,"MULTI STORIED BUILDING"
2021,2,9,"VIVEKANANDA NAGAR",1,0,INDIVIDUAL/DOMESTIC
2021,2,9,"VIVEKANANDA NAGAR",1,0,"MULTI STORIED BUILDING"
2021,2,10,ALKAPURI,17,11,INDIVIDUAL/DOMESTIC
2021,2,10,ALKAPURI,3,3,"MULTI STORIED BUILDING"
2021,2,10,DILSHUKNAGAR,8,7,INDIVIDUAL/DOMESTIC
2021,2,10,DILSHUKNAGAR,1,0,"MULTI STORIED BUILDING"
2021,2,10,SAROORNAGAR,11,5,INDIVIDUAL/DOMESTIC
2021,2,10,SAROORNAGAR,13,1,"MULTI STORIED BUILDING"
2021,2,10,"VAISHALINAGAR (DIV 10)",8,7,INDIVIDUAL/DOMESTIC
2021,2,10,"VANASTHALIPURAM (DIV 10)",2,2,INDIVIDUAL/DOMESTIC
2021,2,11,SANATNAGAR-OLD,1,0,INDIVIDUAL/DOMESTIC
2021,2,12,ADARSHNAGAR,21,19,INDIVIDUAL/DOMESTIC
2021,2,12,ADARSHNAGAR,2,0,"MULTI STORIED BUILDING"
2021,2,12,CHINTAL,26,22,INDIVIDUAL/DOMESTIC
2021,2,12,CHINTAL,13,6,"MULTI STORIED BUILDING"
2021,2,12,JEEDIMETLA,1,0,BULK
2021,2,12,JEEDIMETLA,60,49,INDIVIDUAL/DOMESTIC
2021,2,12,JEEDIMETLA,7,1,"MULTI STORIED BUILDING"
2021,2,12,SHAPOORNAGAR,196,169,INDIVIDUAL/DOMESTIC
2021,2,12,SHAPOORNAGAR,12,3,"MULTI STORIED BUILDING"
2021,2,13,"ALWAL (Div13)",61,39,INDIVIDUAL/DOMESTIC
2021,2,13,"ALWAL (Div13)",5,0,"MULTI STORIED BUILDING"
2021,2,13,CHANUKYAPURI,28,23,INDIVIDUAL/DOMESTIC
2021,2,13,CHANUKYAPURI,2,0,"MULTI STORIED BUILDING"
2021,2,13,"DEFENCE COLONY",70,45,INDIVIDUAL/DOMESTIC
2021,2,13,"DEFENCE COLONY",1,0,"MULTI STORIED BUILDING"
2021,2,13,"FATHER BALAIAHNAGAR (Div13)",33,22,INDIVIDUAL/DOMESTIC
2021,2,13,"FATHER BALAIAHNAGAR (Div13)",13,2,"MULTI STORIED BUILDING"
2021,2,13,"GOWTHAM NAGAR",22,14,INDIVIDUAL/DOMESTIC
2021,2,13,"GOWTHAM NAGAR",2,1,"MULTI STORIED BUILDING"
2021,2,13,MACHABOLLARAM,40,35,INDIVIDUAL/DOMESTIC
2021,2,13,SAINATHPURAM,65,48,INDIVIDUAL/DOMESTIC
2021,2,13,SAINATHPURAM,1,1,"MULTI STORIED BUILDING"
2021,2,13,"YAPRAL (Div13)",3,1,BULK
2021,2,13,"YAPRAL (Div13)",132,81,INDIVIDUAL/DOMESTIC
2021,2,13,"YAPRAL (Div13)",10,1,"MULTI STORIED BUILDING"
2021,2,14,"HOUSING BOARD",67,38,INDIVIDUAL/DOMESTIC
2021,2,14,"HOUSING BOARD",4,1,"MULTI STORIED BUILDING"
2021,2,14,HUBSIGUDA,4,3,INDIVIDUAL/DOMESTIC
2021,2,14,HUBSIGUDA,1,1,"MULTI STORIED BUILDING"
2021,2,14,RADHIKA,261,190,INDIVIDUAL/DOMESTIC
2021,2,14,RADHIKA,13,3,"MULTI STORIED BUILDING"
2021,2,14,"RAMANTHAPUR(DIV 14)",1,0,BULK
2021,2,14,"RAMANTHAPUR(DIV 14)",38,30,INDIVIDUAL/DOMESTIC
2021,2,14,"RAMANTHAPUR(DIV 14)",2,1,"MULTI STORIED BUILDING"
2021,2,14,UPPAL,35,27,INDIVIDUAL/DOMESTIC
2021,2,14,UPPAL,3,2,"MULTI STORIED BUILDING"
2021,2,15,"CHANDA NAGAR",34,29,INDIVIDUAL/DOMESTIC
2021,2,15,"CHANDA NAGAR",3,1,"MULTI STORIED BUILDING"
2021,2,15,"GACHIBOWLI (DIV 15)",37,25,INDIVIDUAL/DOMESTIC
2021,2,15,"GACHIBOWLI (DIV 15)",4,1,"MULTI STORIED BUILDING"
2021,2,15,"KONDAPUR (DIV 15)",2,2,BULK
2021,2,15,"KONDAPUR (DIV 15)",69,58,INDIVIDUAL/DOMESTIC
2021,2,15,"KONDAPUR (DIV 15)",11,11,"MULTI STORIED BUILDING"
2021,2,15,MADHAPUR,1,1,BULK
2021,2,15,MADHAPUR,77,42,INDIVIDUAL/DOMESTIC
2021,2,15,MADHAPUR,19,7,"MULTI STORIED BUILDING"
2021,2,15,MIYAPUR,55,50,INDIVIDUAL/DOMESTIC
2021,2,15,MIYAPUR,34,28,"MULTI STORIED BUILDING"
2021,2,15,"NALLAGANDLA (DIV 15)",37,28,INDIVIDUAL/DOMESTIC
2021,2,15,"NALLAGANDLA (DIV 15)",5,1,"MULTI STORIED BUILDING"
2021,2,15,"PATANCHERU (DIV15)",28,21,INDIVIDUAL/DOMESTIC
2021,2,15,RAMACHANDRAPURAM,29,22,INDIVIDUAL/DOMESTIC
2021,2,16,"BUDVEL (DIV16)",1,0,BULK
2021,2,16,"BUDVEL (DIV16)",19,18,INDIVIDUAL/DOMESTIC
2021,2,16,"BUDVEL (DIV16)",1,1,"MULTI STORIED BUILDING"
2021,2,16,HYDERGUDA,87,71,INDIVIDUAL/DOMESTIC
2021,2,16,HYDERGUDA,9,2,"MULTI STORIED BUILDING"
2021,2,16,"MAILERDEV PALLY",55,49,INDIVIDUAL/DOMESTIC
2021,2,16,"MAILERDEV PALLY",3,0,"MULTI STORIED BUILDING"
2021,2,18,"KISMATHPUR (DIV 18)",254,207,INDIVIDUAL/DOMESTIC
2021,2,18,"KISMATHPUR (DIV 18)",1,1,"MULTI STORIED BUILDING"
2021,2,18,"MANIKONDA (DIV 18)",1,1,BULK
2021,2,18,"MANIKONDA (DIV 18)",204,88,INDIVIDUAL/DOMESTIC
2021,2,18,"MANIKONDA (DIV 18)",11,3,"MULTI STORIED BUILDING"
2021,2,19,"BODUPPAL (DIV 19)",218,179,INDIVIDUAL/DOMESTIC
2021,2,19,"BODUPPAL (DIV 19)",1,0,"MULTI STORIED BUILDING"
2021,2,19,"CHEERYAL (DIV 19)",8,3,INDIVIDUAL/DOMESTIC
2021,2,19,"DHAMMAIGUDA (DIV 19)",94,66,INDIVIDUAL/DOMESTIC
2021,2,19,"DHAMMAIGUDA (DIV 19)",1,0,"MULTI STORIED BUILDING"
2021,2,19,"NAGARAM (DIV 19)",1,0,BULK
2021,2,19,"NAGARAM (DIV 19)",137,60,INDIVIDUAL/DOMESTIC
2021,2,19,"PEERJADIGUDA (DIV 19)",173,146,INDIVIDUAL/DOMESTIC
2021,2,19,"PEERJADIGUDA (DIV 19)",4,1,"MULTI STORIED BUILDING"
2021,2,19,"POCHARAM (DIV 19)",449,405,INDIVIDUAL/DOMESTIC
2021,2,20,"BADANGPET  (DIV 20)",126,112,INDIVIDUAL/DOMESTIC
2021,2,20,"JALPALLY (DIV 20)",230,174,INDIVIDUAL/DOMESTIC
2021,2,20,"JILLELAGUDA (DIV 20)",17,12,INDIVIDUAL/DOMESTIC
2021,2,20,"JILLELAGUDA (DIV 20)",1,0,"MULTI STORIED BUILDING"
2021,2,20,"MEERPET (DIV 20)",34,24,INDIVIDUAL/DOMESTIC
2021,2,20,"SHAMSHABAD (DIV 20)",1,0,BULK
2021,2,20,"SHAMSHABAD (DIV 20)",4,2,INDIVIDUAL/DOMESTIC
2021,2,20,"THUKKUGUDA (PD 1)",1,1,BULK
2021,2,20,"THUKKUGUDA (PD 1)",37,32,INDIVIDUAL/DOMESTIC
2021,2,21,SAINIKPURI,2,0,INDIVIDUAL/DOMESTIC
2021,2,22,"PEDDA AMBERPET (PD 1)",33,24,INDIVIDUAL/DOMESTIC
2021,2,22,"TURKAYAMJAL (PD 1)",92,79,INDIVIDUAL/DOMESTIC
2021,2,22,"TURKAYAMJAL (PD 1)",3,0,"MULTI STORIED BUILDING"
2021,2,23,"BACHUPALLY (PD 7)",2,2,BULK
2021,2,23,"BACHUPALLY (PD 7)",14,7,INDIVIDUAL/DOMESTIC
2021,2,23,"BACHUPALLY (PD 7)",30,27,"MULTI STORIED BUILDING"
2021,2,23,"GANDIMAISAMMA (PD 7)",40,22,INDIVIDUAL/DOMESTIC
2021,2,23,"NIZAMPET (PD 7)",38,31,INDIVIDUAL/DOMESTIC
2021,2,23,"NIZAMPET (PD 7)",8,6,"MULTI STORIED BUILDING"
2021,2,23,"PRAGATHINAGAR (PD 7)",14,13,INDIVIDUAL/DOMESTIC
2021,2,23,"PRAGATHINAGAR (PD 7)",21,18,"MULTI STORIED BUILDING"
2021,2,24,"AMEENPUR (PD 8)",1,1,BULK
2021,2,24,"AMEENPUR (PD 8)",53,42,INDIVIDUAL/DOMESTIC
2021,2,24,"AMEENPUR (PD 8)",1,1,"MULTI STORIED BUILDING"
2021,2,24,"BEERAMGUDA (PD 8)",1,1,BULK
2021,2,24,"BEERAMGUDA (PD 8)",148,124,INDIVIDUAL/DOMESTIC
2021,2,24,"BEERAMGUDA (PD 8)",2,1,"MULTI STORIED BUILDING"
2021,2,24,"BOLLARAM (PD 8)",2,0,BULK
2021,2,25,"JAWAHARNAGAR (PD 3)",4,2,INDIVIDUAL/DOMESTIC
2021,2,25,"KOMPALLY (PD 7)",13,10,INDIVIDUAL/DOMESTIC
2021,2,25,"KOMPALLY (PD 7)",1,1,"MULTI STORIED BUILDING"
2021,2,25,"THOOMKUNTA (PD 3)",44,28,INDIVIDUAL/DOMESTIC
2021,2,34,ALKAPURI,1,0,INDIVIDUAL/DOMESTIC
2021,2,34,AUTONAGAR,87,72,INDIVIDUAL/DOMESTIC
2021,2,34,AUTONAGAR,10,4,"MULTI STORIED BUILDING"
2021,2,34,KAMALANAGAR,5,4,INDIVIDUAL/DOMESTIC
2021,2,34,L.B.NAGAR,31,25,INDIVIDUAL/DOMESTIC
2021,2,34,L.B.NAGAR,9,8,"MULTI STORIED BUILDING"
2021,2,34,MANSOORABAD,34,30,INDIVIDUAL/DOMESTIC
2021,2,34,MANSOORABAD,5,4,"MULTI STORIED BUILDING"
2021,2,34,"MARUTHINAGAR (DIV 10)",13,11,INDIVIDUAL/DOMESTIC
2021,2,34,NAGOLE,2,2,INDIVIDUAL/DOMESTIC
2021,2,34,"SAHEBNAGAR (DIV 10)",61,48,INDIVIDUAL/DOMESTIC
2021,2,34,"SAHEBNAGAR (DIV 10)",13,11,"MULTI STORIED BUILDING"
2021,2,34,"VAISHALINAGAR (DIV 10)",1,0,INDIVIDUAL/DOMESTIC
2021,2,34,"VANASTHALIPURAM (DIV 10)",61,53,INDIVIDUAL/DOMESTIC
2021,2,34,"VANASTHALIPURAM (DIV 10)",2,2,"MULTI STORIED BUILDING"
