year,month,division,section,applied,approved,category
2019,7,1,AZAMPURA,3,3,INDIVIDUAL/DOMESTIC
2019,7,1,BAHADURPURA,14,12,INDIVIDUAL/DOMESTIC
2019,7,1,BAHADURPURA,2,2,"MULTI STORIED BUILDING"
2019,7,1,"CHANUDLAL BHARADARI",3,1,INDIVIDUAL/DOMESTIC
2019,7,1,"DARUL SHIFA",1,1,INDIVIDUAL/DOMESTIC
2019,7,1,"DHOOD BOWLI",2,2,INDIVIDUAL/DOMESTIC
2019,7,1,"HASSAN NAGAR",1,1,INDIVIDUAL/DOMESTIC
2019,7,1,M.R.G.FILTERS,14,6,INDIVIDUAL/DOMESTIC
2019,7,1,MISRIGUNJ,4,4,INDIVIDUAL/DOMESTIC
2019,7,1,MOGHULPURA,5,5,INDIVIDUAL/DOMESTIC
2019,7,1,PATHERGATTI,4,4,INDIVIDUAL/DOMESTIC
2019,7,1,PATHERGATTI,1,1,"MULTI STORIED BUILDING"
2019,7,2,ALIABAD,6,6,INDIVIDUAL/DOMESTIC
2019,7,2,ASMANGARH,3,1,INDIVIDUAL/DOMESTIC
2019,7,2,ASMANGARH,1,1,"MULTI STORIED BUILDING"
2019,7,2,BALAPUR,6,2,INDIVIDUAL/DOMESTIC
2019,7,2,"BANDLAGUDA  (DIV 2)",81,71,INDIVIDUAL/DOMESTIC
2019,7,2,GOWLIPURA,1,0,INDIVIDUAL/DOMESTIC
2019,7,2,JAHANUMA,8,7,INDIVIDUAL/DOMESTIC
2019,7,2,JAHANUMA,1,0,"MULTI STORIED BUILDING"
2019,7,2,MADANNAPET,3,3,INDIVIDUAL/DOMESTIC
2019,7,2,MALAKPET,6,6,INDIVIDUAL/DOMESTIC
2019,7,2,MALAKPET,1,0,"MULTI STORIED BUILDING"
2019,7,2,MOOSARAMBAGH,10,10,INDIVIDUAL/DOMESTIC
2019,7,2,MOOSARAMBAGH,1,1,"MULTI STORIED BUILDING"
2019,7,2,MYSARAM,11,8,INDIVIDUAL/DOMESTIC
2019,7,2,SANTOSHNAGAR,8,5,INDIVIDUAL/DOMESTIC
2019,7,2,SANTOSHNAGAR,1,1,"MULTI STORIED BUILDING"
2019,7,2,YAKATPURA,4,3,INDIVIDUAL/DOMESTIC
2019,7,3,"AHMED NAGAR",13,9,INDIVIDUAL/DOMESTIC
2019,7,3,"ASIF NAGAR",2,2,INDIVIDUAL/DOMESTIC
2019,7,3,"CHINTAL BASTHI",1,0,"MULTI STORIED BUILDING"
2019,7,3,GOLCONDA,1,0,BULK
2019,7,3,GOLCONDA,30,18,INDIVIDUAL/DOMESTIC
2019,7,3,GOLCONDA,1,0,"MULTI STORIED BUILDING"
2019,7,3,HAKEEMPET,1,1,INDIVIDUAL/DOMESTIC
2019,7,3,"KAKATIYA NAGAR",7,6,INDIVIDUAL/DOMESTIC
2019,7,3,KARWAN,23,15,INDIVIDUAL/DOMESTIC
2019,7,3,MEHIDIPATNAM,1,1,BULK
2019,7,3,MEHIDIPATNAM,20,17,INDIVIDUAL/DOMESTIC
2019,7,3,"OLD MALLEPALLY",8,5,INDIVIDUAL/DOMESTIC
2019,7,3,SHAIKPET,34,22,INDIVIDUAL/DOMESTIC
2019,7,3,"TOLI CHOWK",17,11,INDIVIDUAL/DOMESTIC
2019,7,3,"VIJAYNAGAR COLONY",6,6,INDIVIDUAL/DOMESTIC
2019,7,4,GODE-KI-KABAR,3,3,INDIVIDUAL/DOMESTIC
2019,7,4,GODE-KI-KABAR,1,1,"MULTI STORIED BUILDING"
2019,7,4,GOWLIGUDA,3,3,INDIVIDUAL/DOMESTIC
2019,7,4,GOWLIGUDA,2,1,"MULTI STORIED BUILDING"
2019,7,4,"HINDI NAGAR",2,1,INDIVIDUAL/DOMESTIC
2019,7,4,"RED HILLS HIGH LEVEL",4,1,INDIVIDUAL/DOMESTIC
2019,7,4,"RED HILLS LOW LEVEL",6,4,INDIVIDUAL/DOMESTIC
2019,7,4,"SULTAN BAZAR",2,2,INDIVIDUAL/DOMESTIC
2019,7,4,ZIAGUDA,7,1,INDIVIDUAL/DOMESTIC
2019,7,5,"ADIKMET DMA-1",5,4,INDIVIDUAL/DOMESTIC
2019,7,5,"ADIKMET DMA-1",2,2,"MULTI STORIED BUILDING"
2019,7,5,"ADIKMET DMA-2",1,0,INDIVIDUAL/DOMESTIC
2019,7,5,AZAMABAD,13,10,INDIVIDUAL/DOMESTIC
2019,7,5,AZAMABAD,2,1,"MULTI STORIED BUILDING"
2019,7,5,"BAGH LINGAMPALLY",6,3,INDIVIDUAL/DOMESTIC
2019,7,5,"BAGH LINGAMPALLY",1,0,"MULTI STORIED BUILDING"
2019,7,5,BARKATPURA,6,6,INDIVIDUAL/DOMESTIC
2019,7,5,"BOATS CLUB",36,29,INDIVIDUAL/DOMESTIC
2019,7,5,"BOATS CLUB",2,1,"MULTI STORIED BUILDING"
2019,7,5,DOMALGUDA,3,3,INDIVIDUAL/DOMESTIC
2019,7,5,DOMALGUDA,1,0,"MULTI STORIED BUILDING"
2019,7,5,GANDHINAGAR,9,7,INDIVIDUAL/DOMESTIC
2019,7,5,MUSHEERABAD,25,20,INDIVIDUAL/DOMESTIC
2019,7,5,NARAYANGUDA,4,4,INDIVIDUAL/DOMESTIC
2019,7,5,NARAYANGUDA,3,1,"MULTI STORIED BUILDING"
2019,7,5,"RAMANTHAPUR (DIV 5)",9,9,INDIVIDUAL/DOMESTIC
2019,7,5,SHIVAM,5,5,INDIVIDUAL/DOMESTIC
2019,7,5,SHIVAM,1,1,"MULTI STORIED BUILDING"
2019,7,5,VIGYANPURI,7,5,INDIVIDUAL/DOMESTIC
2019,7,6,"BANJARA HILLS",16,12,INDIVIDUAL/DOMESTIC
2019,7,6,"BANJARA HILLS",1,0,"MULTI STORIED BUILDING"
2019,7,6,ERRAGADDA,26,16,INDIVIDUAL/DOMESTIC
2019,7,6,FATHENAGAR,10,7,INDIVIDUAL/DOMESTIC
2019,7,6,FATHENAGAR,3,1,"MULTI STORIED BUILDING"
2019,7,6,"JUBILEE HILLS",38,27,INDIVIDUAL/DOMESTIC
2019,7,6,"JUBILEE HILLS",2,1,"MULTI STORIED BUILDING"
2019,7,6,"S.P.R HILLS",18,17,INDIVIDUAL/DOMESTIC
2019,7,6,S.R.NAGAR,9,5,INDIVIDUAL/DOMESTIC
2019,7,6,S.R.NAGAR,3,1,"MULTI STORIED BUILDING"
2019,7,6,SOMAJIGUDA,4,3,INDIVIDUAL/DOMESTIC
2019,7,6,THATTIKHANA,12,7,INDIVIDUAL/DOMESTIC
2019,7,6,VENGALRAONAGAR,20,15,INDIVIDUAL/DOMESTIC
2019,7,6,YELLAREDDYGUDA,9,9,INDIVIDUAL/DOMESTIC
2019,7,6,YELLAREDDYGUDA,4,0,"MULTI STORIED BUILDING"
2019,7,7,BOIGUDA,2,2,INDIVIDUAL/DOMESTIC
2019,7,7,BOIGUDA,1,1,"MULTI STORIED BUILDING"
2019,7,7,HUSSAINSAGAR,1,0,"MULTI STORIED BUILDING"
2019,7,7,LALAPET,5,3,INDIVIDUAL/DOMESTIC
2019,7,7,MARREDPALLY,109,69,INDIVIDUAL/DOMESTIC
2019,7,7,MARREDPALLY,2,1,"MULTI STORIED BUILDING"
2019,7,7,METTUGUDA,5,2,INDIVIDUAL/DOMESTIC
2019,7,7,NALLAGUTTA,5,4,INDIVIDUAL/DOMESTIC
2019,7,7,PRAKASHNAGAR,10,8,INDIVIDUAL/DOMESTIC
2019,7,7,PRAKASHNAGAR,2,1,"MULTI STORIED BUILDING"
2019,7,7,SEETHAPALMANDI,10,8,INDIVIDUAL/DOMESTIC
2019,7,7,"SRINIVAS NAGAR",13,11,INDIVIDUAL/DOMESTIC
2019,7,7,"SRINIVAS NAGAR",4,3,"MULTI STORIED BUILDING"
2019,7,7,TARNAKA,15,11,INDIVIDUAL/DOMESTIC
2019,7,7,TARNAKA,6,4,"MULTI STORIED BUILDING"
2019,7,8,"PATHANCHERU 832",1,0,BULK
2019,7,8,"PATHANCHERU 832",1,0,INDIVIDUAL/DOMESTIC
2019,7,9,"BALAJINAGAR (DIV 9)",5,3,INDIVIDUAL/DOMESTIC
2019,7,9,"BALAJINAGAR (DIV 9)",3,0,"MULTI STORIED BUILDING"
2019,7,9,BALANAGAR,1,0,BULK
2019,7,9,BALANAGAR,14,10,INDIVIDUAL/DOMESTIC
2019,7,9,BALANAGAR,2,0,"MULTI STORIED BUILDING"
2019,7,9,BHAGYANAGAR,58,31,INDIVIDUAL/DOMESTIC
2019,7,9,BHAGYANAGAR,14,9,"MULTI STORIED BUILDING"
2019,7,9,BHARATHNAGAR,13,8,INDIVIDUAL/DOMESTIC
2019,7,9,HASMATHPET,38,32,INDIVIDUAL/DOMESTIC
2019,7,9,HASMATHPET,2,2,"MULTI STORIED BUILDING"
2019,7,9,KPHB,21,17,INDIVIDUAL/DOMESTIC
2019,7,9,KPHB,11,11,"MULTI STORIED BUILDING"
2019,7,9,KUKATPALLY,4,0,INDIVIDUAL/DOMESTIC
2019,7,9,KUKATPALLY,4,0,"MULTI STORIED BUILDING"
2019,7,9,MOOSAPET,100,86,INDIVIDUAL/DOMESTIC
2019,7,9,MOOSAPET,7,6,"MULTI STORIED BUILDING"
2019,7,9,"MOTI NAGAR",1,1,INDIVIDUAL/DOMESTIC
2019,7,9,"VIVEKANANDA NAGAR",5,3,INDIVIDUAL/DOMESTIC
2019,7,9,"VIVEKANANDA NAGAR",2,0,"MULTI STORIED BUILDING"
2019,7,10,ALKAPURI,34,25,INDIVIDUAL/DOMESTIC
2019,7,10,ALKAPURI,10,5,"MULTI STORIED BUILDING"
2019,7,10,DILSHUKNAGAR,13,8,INDIVIDUAL/DOMESTIC
2019,7,10,DILSHUKNAGAR,5,3,"MULTI STORIED BUILDING"
2019,7,10,SAROORNAGAR,19,8,INDIVIDUAL/DOMESTIC
2019,7,10,SAROORNAGAR,9,0,"MULTI STORIED BUILDING"
2019,7,10,"VAISHALINAGAR (DIV 10)",17,17,INDIVIDUAL/DOMESTIC
2019,7,10,"VANASTHALIPURAM (DIV 10)",14,12,INDIVIDUAL/DOMESTIC
2019,7,12,ADARSHNAGAR,84,66,INDIVIDUAL/DOMESTIC
2019,7,12,ADARSHNAGAR,1,1,"MULTI STORIED BUILDING"
2019,7,12,CHINTAL,45,35,INDIVIDUAL/DOMESTIC
2019,7,12,CHINTAL,9,7,"MULTI STORIED BUILDING"
2019,7,12,JEEDIMETLA,1,0,BULK
2019,7,12,JEEDIMETLA,90,65,INDIVIDUAL/DOMESTIC
2019,7,12,JEEDIMETLA,4,3,"MULTI STORIED BUILDING"
2019,7,12,SHAPOORNAGAR,187,146,INDIVIDUAL/DOMESTIC
2019,7,12,SHAPOORNAGAR,22,9,"MULTI STORIED BUILDING"
2019,7,13,"ALWAL (Div13)",89,62,INDIVIDUAL/DOMESTIC
2019,7,13,"ALWAL (Div13)",7,0,"MULTI STORIED BUILDING"
2019,7,13,CHANUKYAPURI,37,27,INDIVIDUAL/DOMESTIC
2019,7,13,CHANUKYAPURI,1,1,"MULTI STORIED BUILDING"
2019,7,13,"DEFENCE COLONY",65,53,INDIVIDUAL/DOMESTIC
2019,7,13,"DEFENCE COLONY",4,3,"MULTI STORIED BUILDING"
2019,7,13,"FATHER BALAIAHNAGAR (Div13)",63,51,INDIVIDUAL/DOMESTIC
2019,7,13,"FATHER BALAIAHNAGAR (Div13)",5,4,"MULTI STORIED BUILDING"
2019,7,13,"GOWTHAM NAGAR",14,10,INDIVIDUAL/DOMESTIC
2019,7,13,MACHABOLLARAM,45,35,INDIVIDUAL/DOMESTIC
2019,7,13,MACHABOLLARAM,3,2,"MULTI STORIED BUILDING"
2019,7,13,MALKAJGIRI,1,0,INDIVIDUAL/DOMESTIC
2019,7,13,MALKAJGIRI,1,0,"MULTI STORIED BUILDING"
2019,7,13,SAINATHPURAM,170,100,INDIVIDUAL/DOMESTIC
2019,7,13,SAINATHPURAM,3,1,"MULTI STORIED BUILDING"
2019,7,13,"YAPRAL (Div13)",1,1,BULK
2019,7,13,"YAPRAL (Div13)",136,69,INDIVIDUAL/DOMESTIC
2019,7,13,"YAPRAL (Div13)",1,0,"MULTI STORIED BUILDING"
2019,7,14,"HOUSING BOARD",3,0,BULK
2019,7,14,"HOUSING BOARD",220,69,INDIVIDUAL/DOMESTIC
2019,7,14,HUBSIGUDA,5,4,INDIVIDUAL/DOMESTIC
2019,7,14,RADHIKA,168,104,INDIVIDUAL/DOMESTIC
2019,7,14,RADHIKA,16,4,"MULTI STORIED BUILDING"
2019,7,14,"RAMANTHAPUR(DIV 14)",79,52,INDIVIDUAL/DOMESTIC
2019,7,14,UPPAL,57,44,INDIVIDUAL/DOMESTIC
2019,7,14,UPPAL,4,2,"MULTI STORIED BUILDING"
2019,7,15,"CHANDA NAGAR",53,45,INDIVIDUAL/DOMESTIC
2019,7,15,"CHANDA NAGAR",4,3,"MULTI STORIED BUILDING"
2019,7,15,"GACHIBOWLI (DIV 15)",2,1,BULK
2019,7,15,"GACHIBOWLI (DIV 15)",92,71,INDIVIDUAL/DOMESTIC
2019,7,15,"GACHIBOWLI (DIV 15)",11,6,"MULTI STORIED BUILDING"
2019,7,15,MADHAPUR,241,173,INDIVIDUAL/DOMESTIC
2019,7,15,MADHAPUR,53,31,"MULTI STORIED BUILDING"
2019,7,15,MIYAPUR,55,40,INDIVIDUAL/DOMESTIC
2019,7,15,MIYAPUR,19,13,"MULTI STORIED BUILDING"
2019,7,15,"PATANCHERU (DIV15)",15,7,INDIVIDUAL/DOMESTIC
2019,7,15,RAMACHANDRAPURAM,21,10,INDIVIDUAL/DOMESTIC
2019,7,15,RAMACHANDRAPURAM,1,0,"MULTI STORIED BUILDING"
2019,7,16,"BUDVEL (DIV16)",26,23,INDIVIDUAL/DOMESTIC
2019,7,16,HYDERGUDA,1,1,BULK
2019,7,16,HYDERGUDA,117,93,INDIVIDUAL/DOMESTIC
2019,7,16,HYDERGUDA,4,1,"MULTI STORIED BUILDING"
2019,7,16,"MAILERDEV PALLY",90,63,INDIVIDUAL/DOMESTIC
2019,7,18,"KISMATHPUR (DIV 18)",122,54,INDIVIDUAL/DOMESTIC
2019,7,18,"KISMATHPUR (DIV 18)",1,0,"MULTI STORIED BUILDING"
2019,7,18,"MANIKONDA (DIV 18)",5,2,BULK
2019,7,18,"MANIKONDA (DIV 18)",44,26,INDIVIDUAL/DOMESTIC
2019,7,18,"MANIKONDA (DIV 18)",18,9,"MULTI STORIED BUILDING"
2019,7,19,"BODUPPAL (DIV 19)",647,573,INDIVIDUAL/DOMESTIC
2019,7,19,"BODUPPAL (DIV 19)",2,0,"MULTI STORIED BUILDING"
2019,7,19,"CHEERYAL (DIV 19)",1,0,INDIVIDUAL/DOMESTIC
2019,7,19,"DHAMMAIGUDA (DIV 19)",219,183,INDIVIDUAL/DOMESTIC
2019,7,19,"NAGARAM (DIV 19)",231,163,INDIVIDUAL/DOMESTIC
2019,7,19,"NAGARAM (DIV 19)",1,0,"MULTI STORIED BUILDING"
2019,7,19,"PEERJADIGUDA (DIV 19)",194,175,INDIVIDUAL/DOMESTIC
2019,7,19,"POCHARAM (DIV 19)",46,43,INDIVIDUAL/DOMESTIC
2019,7,20,"BADANGPET  (DIV 20)",572,425,INDIVIDUAL/DOMESTIC
2019,7,20,"JALPALLY (DIV 20)",12,7,INDIVIDUAL/DOMESTIC
2019,7,20,"JILLELAGUDA (DIV 20)",19,9,INDIVIDUAL/DOMESTIC
2019,7,20,"MEERPET (DIV 20)",66,48,INDIVIDUAL/DOMESTIC
2019,7,20,"THUKKUGUDA (PD 1)",3,0,INDIVIDUAL/DOMESTIC
2019,7,22,"PEDDA AMBERPET (PD 1)",236,157,INDIVIDUAL/DOMESTIC
2019,7,22,"TURKAYAMJAL (PD 1)",214,169,INDIVIDUAL/DOMESTIC
2019,7,23,"BACHUPALLY (PD 7)",1,1,BULK
2019,7,23,"BACHUPALLY (PD 7)",29,26,INDIVIDUAL/DOMESTIC
2019,7,23,"BACHUPALLY (PD 7)",4,3,"MULTI STORIED BUILDING"
2019,7,23,"GANDIMAISAMMA (PD 7)",1,0,INDIVIDUAL/DOMESTIC
2019,7,23,"NIZAMPET (PD 7)",1,1,BULK
2019,7,23,"NIZAMPET (PD 7)",113,61,INDIVIDUAL/DOMESTIC
2019,7,23,"NIZAMPET (PD 7)",37,25,"MULTI STORIED BUILDING"
2019,7,24,"AMEENPUR (PD 8)",9,5,INDIVIDUAL/DOMESTIC
2019,7,24,"AMEENPUR (PD 8)",1,0,"MULTI STORIED BUILDING"
2019,7,24,"BEERAMGUDA (PD 8)",1,0,BULK
2019,7,24,"TELLAPUR (PD 8)",1,0,BULK
2019,7,25,"JAWAHARNAGAR (PD 3)",1,1,BULK
2019,7,25,"JAWAHARNAGAR (PD 3)",1,0,INDIVIDUAL/DOMESTIC
2019,7,25,"KOMPALLY (PD 7)",35,33,INDIVIDUAL/DOMESTIC
2019,7,25,"KOMPALLY (PD 7)",2,2,"MULTI STORIED BUILDING"
2019,7,25,"THOOMKUNTA (PD 3)",1,0,BULK
2019,7,25,"THOOMKUNTA (PD 3)",29,16,INDIVIDUAL/DOMESTIC
2019,7,34,ALKAPURI,2,2,INDIVIDUAL/DOMESTIC
2019,7,34,AUTONAGAR,101,88,INDIVIDUAL/DOMESTIC
2019,7,34,AUTONAGAR,9,4,"MULTI STORIED BUILDING"
2019,7,34,KAMALANAGAR,1,1,INDIVIDUAL/DOMESTIC
2019,7,34,KOTHAPETA,1,0,"MULTI STORIED BUILDING"
2019,7,34,L.B.NAGAR,32,27,INDIVIDUAL/DOMESTIC
2019,7,34,L.B.NAGAR,1,1,"MULTI STORIED BUILDING"
2019,7,34,MANSOORABAD,38,31,INDIVIDUAL/DOMESTIC
2019,7,34,MANSOORABAD,2,1,"MULTI STORIED BUILDING"
2019,7,34,"MARUTHINAGAR (DIV 10)",20,15,INDIVIDUAL/DOMESTIC
2019,7,34,NAGOLE,2,2,INDIVIDUAL/DOMESTIC
2019,7,34,"SAHEBNAGAR (DIV 10)",138,94,INDIVIDUAL/DOMESTIC
2019,7,34,"SAHEBNAGAR (DIV 10)",7,5,"MULTI STORIED BUILDING"
2019,7,34,SAROORNAGAR,1,0,INDIVIDUAL/DOMESTIC
2019,7,34,"VANASTHALIPURAM (DIV 10)",83,75,INDIVIDUAL/DOMESTIC
