year,month,division,section,applied,approved,category
2018,3,1,AZAMPURA,6,4,INDIVIDUAL/DOMESTIC
2018,3,1,BAHADURPURA,23,23,INDIVIDUAL/DOMESTIC
2018,3,1,"CHANUDLAL BHARADARI",21,17,INDIVIDUAL/DOMESTIC
2018,3,1,"DARUL SHIFA",1,0,BULK
2018,3,1,"DARUL SHIFA",7,6,INDIVIDUAL/DOMESTIC
2018,3,1,"DHOOD BOWLI",4,4,INDIVIDUAL/DOMESTIC
2018,3,1,"HASSAN NAGAR",1,1,INDIVIDUAL/DOMESTIC
2018,3,1,M.R.G.FILTERS,49,45,INDIVIDUAL/DOMESTIC
2018,3,1,MISRIGUNJ,5,4,INDIVIDUAL/DOMESTIC
2018,3,1,MOGHULPURA,10,10,INDIVIDUAL/DOMESTIC
2018,3,1,PATHERGATTI,2,1,INDIVIDUAL/DOMESTIC
2018,3,2,ALIABAD,3,2,INDIVIDUAL/DOMESTIC
2018,3,2,ASMANGARH,5,4,INDIVIDUAL/DOMESTIC
2018,3,2,BALAPUR,9,9,INDIVIDUAL/DOMESTIC
2018,3,2,"BANDLAGUDA  (DIV 2)",52,49,INDIVIDUAL/DOMESTIC
2018,3,2,CHANCHALGUDA,1,1,INDIVIDUAL/DOMESTIC
2018,3,2,JAHANUMA,12,9,INDIVIDUAL/DOMESTIC
2018,3,2,MALAKPET,6,6,INDIVIDUAL/DOMESTIC
2018,3,2,MOOSARAMBAGH,14,10,INDIVIDUAL/DOMESTIC
2018,3,2,MYSARAM,4,3,INDIVIDUAL/DOMESTIC
2018,3,2,SAIDABAD,1,0,"MULTI STORIED BUILDING"
2018,3,2,SANTOSHNAGAR,76,65,INDIVIDUAL/DOMESTIC
2018,3,2,SANTOSHNAGAR,4,0,"MULTI STORIED BUILDING"
2018,3,2,YAKATPURA,9,8,INDIVIDUAL/DOMESTIC
2018,3,3,"AHMED NAGAR",10,5,INDIVIDUAL/DOMESTIC
2018,3,3,"AHMED NAGAR",1,0,"MULTI STORIED BUILDING"
2018,3,3,"ASIF NAGAR",1,1,INDIVIDUAL/DOMESTIC
2018,3,3,"ASIF NAGAR",1,0,"MULTI STORIED BUILDING"
2018,3,3,GOLCONDA,19,16,INDIVIDUAL/DOMESTIC
2018,3,3,"KAKATIYA NAGAR",4,2,INDIVIDUAL/DOMESTIC
2018,3,3,KARWAN,19,12,INDIVIDUAL/DOMESTIC
2018,3,3,MEHIDIPATNAM,22,11,INDIVIDUAL/DOMESTIC
2018,3,3,MEHIDIPATNAM,1,1,"MULTI STORIED BUILDING"
2018,3,3,"OLD MALLEPALLY",3,3,INDIVIDUAL/DOMESTIC
2018,3,3,SHAIKPET,51,38,INDIVIDUAL/DOMESTIC
2018,3,3,SHAIKPET,1,1,"MULTI STORIED BUILDING"
2018,3,3,"TOLI CHOWK",9,5,INDIVIDUAL/DOMESTIC
2018,3,3,"VIJAYNAGAR COLONY",8,8,INDIVIDUAL/DOMESTIC
2018,3,3,"VIJAYNAGAR COLONY",1,0,"MULTI STORIED BUILDING"
2018,3,4,ALLABANDA,1,1,INDIVIDUAL/DOMESTIC
2018,3,4,BOGULKUNTA,1,0,INDIVIDUAL/DOMESTIC
2018,3,4,GODE-KI-KABAR,5,4,INDIVIDUAL/DOMESTIC
2018,3,4,GOWLIGUDA,1,1,INDIVIDUAL/DOMESTIC
2018,3,4,GOWLIGUDA,1,1,"MULTI STORIED BUILDING"
2018,3,4,GUNFOUNDRY,1,0,INDIVIDUAL/DOMESTIC
2018,3,4,GUNFOUNDRY,1,0,"NON REVENUE CONNECTIONS"
2018,3,4,"HINDI NAGAR",9,2,INDIVIDUAL/DOMESTIC
2018,3,4,"RED HILLS HIGH LEVEL",1,1,INDIVIDUAL/DOMESTIC
2018,3,4,"RED HILLS LOW LEVEL",1,0,INDIVIDUAL/DOMESTIC
2018,3,4,"SULTAN BAZAR",5,4,INDIVIDUAL/DOMESTIC
2018,3,4,"SULTAN BAZAR",1,0,"MULTI STORIED BUILDING"
2018,3,4,ZIAGUDA,6,3,INDIVIDUAL/DOMESTIC
2018,3,5,"ADIKMET DMA-1",8,7,INDIVIDUAL/DOMESTIC
2018,3,5,"ADIKMET DMA-1",3,3,"MULTI STORIED BUILDING"
2018,3,5,"ADIKMET DMA-2",1,1,INDIVIDUAL/DOMESTIC
2018,3,5,AZAMABAD,18,12,INDIVIDUAL/DOMESTIC
2018,3,5,"BAGH LINGAMPALLY",5,5,INDIVIDUAL/DOMESTIC
2018,3,5,BARKATPURA,4,3,INDIVIDUAL/DOMESTIC
2018,3,5,BARKATPURA,1,1,"MULTI STORIED BUILDING"
2018,3,5,"BOATS CLUB",8,5,INDIVIDUAL/DOMESTIC
2018,3,5,"BOATS CLUB",2,0,"MULTI STORIED BUILDING"
2018,3,5,DOMALGUDA,9,2,INDIVIDUAL/DOMESTIC
2018,3,5,GANDHINAGAR,4,2,INDIVIDUAL/DOMESTIC
2018,3,5,GANDHINAGAR,1,1,"MULTI STORIED BUILDING"
2018,3,5,MUSHEERABAD,11,10,INDIVIDUAL/DOMESTIC
2018,3,5,NARAYANGUDA,14,11,INDIVIDUAL/DOMESTIC
2018,3,5,NARAYANGUDA,4,1,"MULTI STORIED BUILDING"
2018,3,5,"RAMANTHAPUR (DIV 5)",5,4,INDIVIDUAL/DOMESTIC
2018,3,5,SHIVAM,8,6,INDIVIDUAL/DOMESTIC
2018,3,5,SHIVAM,1,1,"MULTI STORIED BUILDING"
2018,3,5,VIGYANPURI,40,24,INDIVIDUAL/DOMESTIC
2018,3,5,VIGYANPURI,1,1,"MULTI STORIED BUILDING"
2018,3,6,"BANJARA HILLS",43,39,INDIVIDUAL/DOMESTIC
2018,3,6,"BANJARA HILLS",5,1,"MULTI STORIED BUILDING"
2018,3,6,BORABANDA,3,2,INDIVIDUAL/DOMESTIC
2018,3,6,ERRAGADDA,21,14,INDIVIDUAL/DOMESTIC
2018,3,6,FATHENAGAR,9,2,INDIVIDUAL/DOMESTIC
2018,3,6,FATHENAGAR,3,3,"MULTI STORIED BUILDING"
2018,3,6,"JUBILEE HILLS",77,64,INDIVIDUAL/DOMESTIC
2018,3,6,"JUBILEE HILLS",6,2,"MULTI STORIED BUILDING"
2018,3,6,"S.P.R HILLS",47,38,INDIVIDUAL/DOMESTIC
2018,3,6,S.R.NAGAR,11,5,INDIVIDUAL/DOMESTIC
2018,3,6,S.R.NAGAR,3,3,"MULTI STORIED BUILDING"
2018,3,6,SOMAJIGUDA,7,2,INDIVIDUAL/DOMESTIC
2018,3,6,SOMAJIGUDA,2,0,"MULTI STORIED BUILDING"
2018,3,6,THATTIKHANA,24,13,INDIVIDUAL/DOMESTIC
2018,3,6,THATTIKHANA,4,4,"MULTI STORIED BUILDING"
2018,3,6,VENGALRAONAGAR,17,15,INDIVIDUAL/DOMESTIC
2018,3,6,YELLAREDDYGUDA,14,10,INDIVIDUAL/DOMESTIC
2018,3,6,YELLAREDDYGUDA,3,0,"MULTI STORIED BUILDING"
2018,3,7,BOIGUDA,4,1,INDIVIDUAL/DOMESTIC
2018,3,7,BOIGUDA,2,2,"MULTI STORIED BUILDING"
2018,3,7,HUSSAINSAGAR,45,18,INDIVIDUAL/DOMESTIC
2018,3,7,LALAPET,11,10,INDIVIDUAL/DOMESTIC
2018,3,7,MARREDPALLY,18,9,INDIVIDUAL/DOMESTIC
2018,3,7,MARREDPALLY,3,1,"MULTI STORIED BUILDING"
2018,3,7,METTUGUDA,8,1,INDIVIDUAL/DOMESTIC
2018,3,7,METTUGUDA,1,0,"MULTI STORIED BUILDING"
2018,3,7,NALLAGUTTA,6,5,INDIVIDUAL/DOMESTIC
2018,3,7,PRAKASHNAGAR,16,11,INDIVIDUAL/DOMESTIC
2018,3,7,PRAKASHNAGAR,3,2,"MULTI STORIED BUILDING"
2018,3,7,SEETHAPALMANDI,2,1,INDIVIDUAL/DOMESTIC
2018,3,7,SEETHAPALMANDI,1,1,"MULTI STORIED BUILDING"
2018,3,7,"SRINIVAS NAGAR",9,7,INDIVIDUAL/DOMESTIC
2018,3,7,TARNAKA,4,2,INDIVIDUAL/DOMESTIC
2018,3,7,TARNAKA,2,0,"MULTI STORIED BUILDING"
2018,3,7,VIJAYAPURI,1,0,INDIVIDUAL/DOMESTIC
2018,3,8,"PATHANCHERU 820",1,0,"MULTI STORIED BUILDING"
2018,3,8,"PATHANCHERU 832",1,0,INDIVIDUAL/DOMESTIC
2018,3,8,"PATHANCHERU 832",1,0,"MULTI STORIED BUILDING"
2018,3,9,"BALAJINAGAR (DIV 9)",9,3,INDIVIDUAL/DOMESTIC
2018,3,9,"BALAJINAGAR (DIV 9)",8,1,"MULTI STORIED BUILDING"
2018,3,9,BALANAGAR,5,4,INDIVIDUAL/DOMESTIC
2018,3,9,BHAGYANAGAR,68,56,INDIVIDUAL/DOMESTIC
2018,3,9,BHAGYANAGAR,11,9,"MULTI STORIED BUILDING"
2018,3,9,"GAYATRI NAGAR",3,1,INDIVIDUAL/DOMESTIC
2018,3,9,HASMATHPET,31,27,INDIVIDUAL/DOMESTIC
2018,3,9,HASMATHPET,2,2,"MULTI STORIED BUILDING"
2018,3,9,KPHB,38,28,INDIVIDUAL/DOMESTIC
2018,3,9,KPHB,3,0,"MULTI STORIED BUILDING"
2018,3,9,KUKATPALLY,2,2,INDIVIDUAL/DOMESTIC
2018,3,9,KUKATPALLY,2,2,"MULTI STORIED BUILDING"
2018,3,9,MOOSAPET,1,1,BULK
2018,3,9,MOOSAPET,63,49,INDIVIDUAL/DOMESTIC
2018,3,9,MOOSAPET,5,4,"MULTI STORIED BUILDING"
2018,3,9,"VIVEKANANDA NAGAR",2,1,INDIVIDUAL/DOMESTIC
2018,3,10,ALKAPURI,17,9,INDIVIDUAL/DOMESTIC
2018,3,10,ALKAPURI,1,1,"MULTI STORIED BUILDING"
2018,3,10,DILSHUKNAGAR,13,10,INDIVIDUAL/DOMESTIC
2018,3,10,DILSHUKNAGAR,2,1,"MULTI STORIED BUILDING"
2018,3,10,SAROORNAGAR,17,11,INDIVIDUAL/DOMESTIC
2018,3,10,SAROORNAGAR,12,1,"MULTI STORIED BUILDING"
2018,3,10,"VAISHALINAGAR (DIV 10)",9,7,INDIVIDUAL/DOMESTIC
2018,3,10,"VANASTHALIPURAM (DIV 10)",12,9,INDIVIDUAL/DOMESTIC
2018,3,12,ADARSHNAGAR,110,77,INDIVIDUAL/DOMESTIC
2018,3,12,ADARSHNAGAR,2,0,"MULTI STORIED BUILDING"
2018,3,12,CHINTAL,34,26,INDIVIDUAL/DOMESTIC
2018,3,12,CHINTAL,4,2,"MULTI STORIED BUILDING"
2018,3,12,JEEDIMETLA,1,0,BULK
2018,3,12,JEEDIMETLA,58,40,INDIVIDUAL/DOMESTIC
2018,3,12,JEEDIMETLA,5,1,"MULTI STORIED BUILDING"
2018,3,12,SHAPOORNAGAR,45,32,INDIVIDUAL/DOMESTIC
2018,3,12,SHAPOORNAGAR,4,3,"MULTI STORIED BUILDING"
2018,3,13,"ALWAL (Div13)",53,30,INDIVIDUAL/DOMESTIC
2018,3,13,"ALWAL (Div13)",10,1,"MULTI STORIED BUILDING"
2018,3,13,CHANUKYAPURI,15,11,INDIVIDUAL/DOMESTIC
2018,3,13,CHANUKYAPURI,2,1,"MULTI STORIED BUILDING"
2018,3,13,"DEFENCE COLONY",135,122,INDIVIDUAL/DOMESTIC
2018,3,13,"DEFENCE COLONY",4,2,"MULTI STORIED BUILDING"
2018,3,13,"FATHER BALAIAHNAGAR (Div13)",1,0,BULK
2018,3,13,"FATHER BALAIAHNAGAR (Div13)",52,39,INDIVIDUAL/DOMESTIC
2018,3,13,"FATHER BALAIAHNAGAR (Div13)",1,1,"MULTI STORIED BUILDING"
2018,3,13,"GOWTHAM NAGAR",88,73,INDIVIDUAL/DOMESTIC
2018,3,13,MACHABOLLARAM,26,22,INDIVIDUAL/DOMESTIC
2018,3,13,MACHABOLLARAM,1,1,"MULTI STORIED BUILDING"
2018,3,13,MALKAJGIRI,1,0,INDIVIDUAL/DOMESTIC
2018,3,13,MALKAJGIRI,4,0,"MULTI STORIED BUILDING"
2018,3,13,SAINATHPURAM,23,18,INDIVIDUAL/DOMESTIC
2018,3,13,SAINATHPURAM,2,1,"MULTI STORIED BUILDING"
2018,3,13,"YAPRAL (Div13)",31,13,INDIVIDUAL/DOMESTIC
2018,3,13,"YAPRAL (Div13)",1,0,"MULTI STORIED BUILDING"
2018,3,14,"HOUSING BOARD",71,55,INDIVIDUAL/DOMESTIC
2018,3,14,"HOUSING BOARD",1,0,"MULTI STORIED BUILDING"
2018,3,14,HUBSIGUDA,2,2,INDIVIDUAL/DOMESTIC
2018,3,14,HUBSIGUDA,2,1,"MULTI STORIED BUILDING"
2018,3,14,RADHIKA,157,89,INDIVIDUAL/DOMESTIC
2018,3,14,RADHIKA,9,3,"MULTI STORIED BUILDING"
2018,3,14,"RAMANTHAPUR(DIV 14)",20,15,INDIVIDUAL/DOMESTIC
2018,3,14,UPPAL,24,20,INDIVIDUAL/DOMESTIC
2018,3,14,UPPAL,4,0,"MULTI STORIED BUILDING"
2018,3,15,"CHANDA NAGAR",2,1,BULK
2018,3,15,"CHANDA NAGAR",27,24,INDIVIDUAL/DOMESTIC
2018,3,15,"CHANDA NAGAR",7,0,"MULTI STORIED BUILDING"
2018,3,15,"GACHIBOWLI (DIV 15)",3,2,BULK
2018,3,15,"GACHIBOWLI (DIV 15)",85,56,INDIVIDUAL/DOMESTIC
2018,3,15,"GACHIBOWLI (DIV 15)",17,12,"MULTI STORIED BUILDING"
2018,3,15,MADHAPUR,1,1,BULK
2018,3,15,MADHAPUR,147,118,INDIVIDUAL/DOMESTIC
2018,3,15,MADHAPUR,52,22,"MULTI STORIED BUILDING"
2018,3,15,MIYAPUR,2,1,BULK
2018,3,15,MIYAPUR,99,93,INDIVIDUAL/DOMESTIC
2018,3,15,MIYAPUR,39,18,"MULTI STORIED BUILDING"
2018,3,15,"PATANCHERU (DIV15)",104,84,INDIVIDUAL/DOMESTIC
2018,3,15,"PATANCHERU (DIV15)",1,0,"MULTI STORIED BUILDING"
2018,3,15,RAMACHANDRAPURAM,1,0,INDIVIDUAL/DOMESTIC
2018,3,16,"BUDVEL (DIV16)",17,13,INDIVIDUAL/DOMESTIC
2018,3,16,HYDERGUDA,80,65,INDIVIDUAL/DOMESTIC
2018,3,16,HYDERGUDA,6,0,"MULTI STORIED BUILDING"
2018,3,16,"MAILERDEV PALLY",41,38,INDIVIDUAL/DOMESTIC
2018,3,17,"OSMANSAGAR (DIV 17)",1,0,BULK
2018,3,18,"MANIKONDA (DIV 18)",2,0,BULK
2018,3,18,"MANIKONDA (DIV 18)",3,3,INDIVIDUAL/DOMESTIC
2018,3,18,"MANIKONDA (DIV 18)",2,1,"MULTI STORIED BUILDING"
2018,3,19,"BODUPPAL (DIV 19)",25,18,INDIVIDUAL/DOMESTIC
2018,3,19,"BODUPPAL (DIV 19)",1,0,"MULTI STORIED BUILDING"
2018,3,19,"PEERJADIGUDA (DIV 19)",3,1,INDIVIDUAL/DOMESTIC
2018,3,20,"BADANGPET  (DIV 20)",1,0,INDIVIDUAL/DOMESTIC
2018,3,20,"JALPALLY (DIV 20)",2,0,INDIVIDUAL/DOMESTIC
2018,3,21,ALWAL,1,0,INDIVIDUAL/DOMESTIC
2018,3,21,SAINIKPURI,1,0,INDIVIDUAL/DOMESTIC
2018,3,23,"BACHUPALLY (PD 7)",1,0,"MULTI STORIED BUILDING"
2018,3,23,"NIZAMPET (PD 7)",42,31,INDIVIDUAL/DOMESTIC
2018,3,23,"NIZAMPET (PD 7)",17,7,"MULTI STORIED BUILDING"
2018,3,24,"TELLAPUR (PD 8)",1,1,BULK
2018,3,25,"KOMPALLY (PD 7)",1,0,BULK
2018,3,34,ALKAPURI,1,1,INDIVIDUAL/DOMESTIC
2018,3,34,ALKAPURI,1,1,"MULTI STORIED BUILDING"
2018,3,34,AUTONAGAR,276,208,INDIVIDUAL/DOMESTIC
2018,3,34,AUTONAGAR,2,1,"MULTI STORIED BUILDING"
2018,3,34,L.B.NAGAR,3,3,BULK
2018,3,34,L.B.NAGAR,39,33,INDIVIDUAL/DOMESTIC
2018,3,34,L.B.NAGAR,3,2,"MULTI STORIED BUILDING"
2018,3,34,MANSOORABAD,15,13,INDIVIDUAL/DOMESTIC
2018,3,34,MANSOORABAD,2,1,"MULTI STORIED BUILDING"
2018,3,34,"MARUTHINAGAR (DIV 10)",17,12,INDIVIDUAL/DOMESTIC
2018,3,34,"MARUTHINAGAR (DIV 10)",2,2,"MULTI STORIED BUILDING"
2018,3,34,NAGOLE,18,15,INDIVIDUAL/DOMESTIC
2018,3,34,NAGOLE,2,0,"MULTI STORIED BUILDING"
2018,3,34,"SAHEBNAGAR (DIV 10)",1,1,BULK
2018,3,34,"SAHEBNAGAR (DIV 10)",167,99,INDIVIDUAL/DOMESTIC
2018,3,34,"SAHEBNAGAR (DIV 10)",6,2,"MULTI STORIED BUILDING"
2018,3,34,SAROORNAGAR,1,0,INDIVIDUAL/DOMESTIC
2018,3,34,"VANASTHALIPURAM (DIV 10)",25,20,INDIVIDUAL/DOMESTIC
2018,3,34,"VANASTHALIPURAM (DIV 10)",2,1,"MULTI STORIED BUILDING"
