year,month,division,section,applied,approved,category
2016,9,1,AZAMPURA,57,57,INDIVIDUAL/DOMESTIC
2016,9,1,BAHADURPURA,516,502,INDIVIDUAL/DOMESTIC
2016,9,1,"CHANUDLAL BHARADARI",52,48,INDIVIDUAL/DOMESTIC
2016,9,1,"DARUL SHIFA",23,23,INDIVIDUAL/DOMESTIC
2016,9,1,"DHOOD BOWLI",307,119,INDIVIDUAL/DOMESTIC
2016,9,1,M.R.G.FILTERS,370,265,INDIVIDUAL/DOMESTIC
2016,9,1,M.R.G.FILTERS,1,1,"MULTI STORIED BUILDING"
2016,9,1,MISRIGUNJ,73,38,INDIVIDUAL/DOMESTIC
2016,9,1,MOGHULPURA,44,36,INDIVIDUAL/DOMESTIC
2016,9,1,PATHERGATTI,37,24,INDIVIDUAL/DOMESTIC
2016,9,2,ALIABAD,100,96,INDIVIDUAL/DOMESTIC
2016,9,2,ASMANGARH,116,103,INDIVIDUAL/DOMESTIC
2016,9,2,ASMANGARH,3,2,"MULTI STORIED BUILDING"
2016,9,2,BALAPUR,488,451,INDIVIDUAL/DOMESTIC
2016,9,2,"BANDLAGUDA  (DIV 2)",15,9,INDIVIDUAL/DOMESTIC
2016,9,2,CHANCHALGUDA,19,18,INDIVIDUAL/DOMESTIC
2016,9,2,GOWLIPURA,413,407,INDIVIDUAL/DOMESTIC
2016,9,2,JAHANUMA,525,468,INDIVIDUAL/DOMESTIC
2016,9,2,MADANNAPET,35,31,INDIVIDUAL/DOMESTIC
2016,9,2,MALAKPET,178,171,INDIVIDUAL/DOMESTIC
2016,9,2,MALAKPET,2,1,"MULTI STORIED BUILDING"
2016,9,2,MOOSARAMBAGH,114,106,INDIVIDUAL/DOMESTIC
2016,9,2,MYSARAM,756,739,INDIVIDUAL/DOMESTIC
2016,9,2,SALEEMNAGAR,1,1,INDIVIDUAL/DOMESTIC
2016,9,2,SANTOSHNAGAR,89,87,INDIVIDUAL/DOMESTIC
2016,9,2,YAKATPURA,111,109,INDIVIDUAL/DOMESTIC
2016,9,3,"AHMED NAGAR",311,174,INDIVIDUAL/DOMESTIC
2016,9,3,"ASIF NAGAR",4,0,INDIVIDUAL/DOMESTIC
2016,9,3,"CHINTAL BASTHI",2,0,INDIVIDUAL/DOMESTIC
2016,9,3,GOLCONDA,150,61,INDIVIDUAL/DOMESTIC
2016,9,3,"KAKATIYA NAGAR",26,23,INDIVIDUAL/DOMESTIC
2016,9,3,KARWAN,139,107,INDIVIDUAL/DOMESTIC
2016,9,3,MEHIDIPATNAM,168,115,INDIVIDUAL/DOMESTIC
2016,9,3,MEHIDIPATNAM,2,1,"MULTI STORIED BUILDING"
2016,9,3,"OLD MALLEPALLY",87,26,INDIVIDUAL/DOMESTIC
2016,9,3,SHAIKPET,251,114,INDIVIDUAL/DOMESTIC
2016,9,3,SHAIKPET,1,0,"MULTI STORIED BUILDING"
2016,9,3,"TOLI CHOWK",17,9,INDIVIDUAL/DOMESTIC
2016,9,3,"TOLI CHOWK",1,1,"MULTI STORIED BUILDING"
2016,9,3,"VIJAYNAGAR COLONY",76,63,INDIVIDUAL/DOMESTIC
2016,9,3,"VIJAYNAGAR COLONY",2,2,"MULTI STORIED BUILDING"
2016,9,4,ALLABANDA,492,436,INDIVIDUAL/DOMESTIC
2016,9,4,GODE-KI-KABAR,125,105,INDIVIDUAL/DOMESTIC
2016,9,4,GOWLIGUDA,87,69,INDIVIDUAL/DOMESTIC
2016,9,4,GUNFOUNDRY,13,8,INDIVIDUAL/DOMESTIC
2016,9,4,GUNFOUNDRY,1,1,"MULTI STORIED BUILDING"
2016,9,4,"HINDI NAGAR",127,113,INDIVIDUAL/DOMESTIC
2016,9,4,"RED HILLS HIGH LEVEL",164,68,INDIVIDUAL/DOMESTIC
2016,9,4,"RED HILLS LOW LEVEL",120,101,INDIVIDUAL/DOMESTIC
2016,9,4,"RED HILLS LOW LEVEL",1,0,"MULTI STORIED BUILDING"
2016,9,4,"SULTAN BAZAR",22,20,INDIVIDUAL/DOMESTIC
2016,9,4,ZIAGUDA,131,63,INDIVIDUAL/DOMESTIC
2016,9,5,"ADIKMET DMA-1",70,66,INDIVIDUAL/DOMESTIC
2016,9,5,"ADIKMET DMA-1",1,1,"MULTI STORIED BUILDING"
2016,9,5,AZAMABAD,80,61,INDIVIDUAL/DOMESTIC
2016,9,5,"BAGH LINGAMPALLY",68,49,INDIVIDUAL/DOMESTIC
2016,9,5,BARKATPURA,24,24,INDIVIDUAL/DOMESTIC
2016,9,5,"BOATS CLUB",21,19,INDIVIDUAL/DOMESTIC
2016,9,5,DOMALGUDA,56,49,INDIVIDUAL/DOMESTIC
2016,9,5,GANDHINAGAR,40,38,INDIVIDUAL/DOMESTIC
2016,9,5,GANDHINAGAR,1,1,"MULTI STORIED BUILDING"
2016,9,5,MUSHEERABAD,30,15,INDIVIDUAL/DOMESTIC
2016,9,5,MUSHEERABAD,1,0,"MULTI STORIED BUILDING"
2016,9,5,NARAYANGUDA,106,95,INDIVIDUAL/DOMESTIC
2016,9,5,NARAYANGUDA,1,1,"MULTI STORIED BUILDING"
2016,9,5,"RAMANTHAPUR (DIV 5)",64,60,INDIVIDUAL/DOMESTIC
2016,9,5,"RAMANTHAPUR (DIV 5)",1,0,"MULTI STORIED BUILDING"
2016,9,5,SHIVAM,87,72,INDIVIDUAL/DOMESTIC
2016,9,5,SHIVAM,1,0,"MULTI STORIED BUILDING"
2016,9,5,VIGYANPURI,39,31,INDIVIDUAL/DOMESTIC
2016,9,6,"BANJARA HILLS",171,140,INDIVIDUAL/DOMESTIC
2016,9,6,"BANJARA HILLS",5,0,"MULTI STORIED BUILDING"
2016,9,6,BORABANDA,12,12,INDIVIDUAL/DOMESTIC
2016,9,6,ERRAGADDA,138,130,INDIVIDUAL/DOMESTIC
2016,9,6,FATHENAGAR,74,63,INDIVIDUAL/DOMESTIC
2016,9,6,"JUBILEE HILLS",318,283,INDIVIDUAL/DOMESTIC
2016,9,6,"JUBILEE HILLS",2,1,"MULTI STORIED BUILDING"
2016,9,6,"JUBILEE HILLS",1,1,"NON REVENUE CONNECTIONS"
2016,9,6,"S.P.R HILLS",321,272,INDIVIDUAL/DOMESTIC
2016,9,6,S.R.NAGAR,38,24,INDIVIDUAL/DOMESTIC
2016,9,6,S.R.NAGAR,1,1,"MULTI STORIED BUILDING"
2016,9,6,SOMAJIGUDA,23,16,INDIVIDUAL/DOMESTIC
2016,9,6,THATTIKHANA,212,188,INDIVIDUAL/DOMESTIC
2016,9,6,THATTIKHANA,2,1,"MULTI STORIED BUILDING"
2016,9,6,VENGALRAONAGAR,52,49,INDIVIDUAL/DOMESTIC
2016,9,6,VENGALRAONAGAR,2,0,"MULTI STORIED BUILDING"
2016,9,6,YELLAREDDYGUDA,71,64,INDIVIDUAL/DOMESTIC
2016,9,6,YELLAREDDYGUDA,1,0,"MULTI STORIED BUILDING"
2016,9,7,BOIGUDA,94,74,INDIVIDUAL/DOMESTIC
2016,9,7,BOIGUDA,1,0,"MULTI STORIED BUILDING"
2016,9,7,BOIGUDA,1,0,"NON REVENUE CONNECTIONS"
2016,9,7,HUSSAINSAGAR,56,24,INDIVIDUAL/DOMESTIC
2016,9,7,LALAPET,25,23,INDIVIDUAL/DOMESTIC
2016,9,7,MARREDPALLY,2,0,BULK
2016,9,7,MARREDPALLY,130,84,INDIVIDUAL/DOMESTIC
2016,9,7,MARREDPALLY,1,0,"MULTI STORIED BUILDING"
2016,9,7,MARREDPALLY,1,0,"NON REVENUE CONNECTIONS"
2016,9,7,METTUGUDA,36,29,INDIVIDUAL/DOMESTIC
2016,9,7,NALLAGUTTA,19,10,INDIVIDUAL/DOMESTIC
2016,9,7,PRAKASHNAGAR,75,67,INDIVIDUAL/DOMESTIC
2016,9,7,PRAKASHNAGAR,1,0,"MULTI STORIED BUILDING"
2016,9,7,PRAKASHNAGAR,2,0,"NON REVENUE CONNECTIONS"
2016,9,7,"REGIMENTAL BAZAR",1,1,INDIVIDUAL/DOMESTIC
2016,9,7,SEETHAPALMANDI,59,48,INDIVIDUAL/DOMESTIC
2016,9,7,SEETHAPALMANDI,1,0,"MULTI STORIED BUILDING"
2016,9,7,"SRINIVAS NAGAR",72,63,INDIVIDUAL/DOMESTIC
2016,9,7,"SRINIVAS NAGAR",2,0,"MULTI STORIED BUILDING"
2016,9,7,TARNAKA,166,159,INDIVIDUAL/DOMESTIC
2016,9,8,"PATHANCHERU 820",1,0,INDIVIDUAL/DOMESTIC
2016,9,8,"PATHANCHERU 832",1,1,INDIVIDUAL/DOMESTIC
2016,9,8,"PATHANCHERU 832",2,1,"MULTI STORIED BUILDING"
2016,9,9,"BALAJINAGAR (DIV 9)",2,1,INDIVIDUAL/DOMESTIC
2016,9,9,"BALAJINAGAR (DIV 9)",2,0,"MULTI STORIED BUILDING"
2016,9,9,BALANAGAR,140,120,INDIVIDUAL/DOMESTIC
2016,9,9,BALANAGAR,4,0,"MULTI STORIED BUILDING"
2016,9,9,BHAGYANAGAR,181,159,INDIVIDUAL/DOMESTIC
2016,9,9,BHAGYANAGAR,5,3,"MULTI STORIED BUILDING"
2016,9,9,"GAYATRI NAGAR",1,0,INDIVIDUAL/DOMESTIC
2016,9,9,HASMATHPET,153,143,INDIVIDUAL/DOMESTIC
2016,9,9,HASMATHPET,2,0,"MULTI STORIED BUILDING"
2016,9,9,KPHB,26,21,INDIVIDUAL/DOMESTIC
2016,9,9,KPHB,4,1,"MULTI STORIED BUILDING"
2016,9,9,KUKATPALLY,1,1,INDIVIDUAL/DOMESTIC
2016,9,9,MOOSAPET,1269,1235,INDIVIDUAL/DOMESTIC
2016,9,9,"MOTI NAGAR",1,0,"MULTI STORIED BUILDING"
2016,9,9,"VIVEKANANDA NAGAR",1,0,INDIVIDUAL/DOMESTIC
2016,9,10,ALKAPURI,69,57,INDIVIDUAL/DOMESTIC
2016,9,10,ALKAPURI,2,1,"MULTI STORIED BUILDING"
2016,9,10,DILSHUKNAGAR,19,17,INDIVIDUAL/DOMESTIC
2016,9,10,DILSHUKNAGAR,3,2,"MULTI STORIED BUILDING"
2016,9,10,SAROORNAGAR,50,38,INDIVIDUAL/DOMESTIC
2016,9,10,SAROORNAGAR,6,2,"MULTI STORIED BUILDING"
2016,9,10,"VAISHALINAGAR (DIV 10)",161,157,INDIVIDUAL/DOMESTIC
2016,9,10,"VAISHALINAGAR (DIV 10)",1,0,"MULTI STORIED BUILDING"
2016,9,10,"VANASTHALIPURAM (DIV 10)",11,6,INDIVIDUAL/DOMESTIC
2016,9,11,"CONTROL ROOM",4,4,BULK
2016,9,11,SANATNAGAR-OLD,1,0,"MULTI STORIED BUILDING"
2016,9,12,ADARSHNAGAR,254,183,INDIVIDUAL/DOMESTIC
2016,9,12,ADARSHNAGAR,6,1,"MULTI STORIED BUILDING"
2016,9,12,CHINTAL,1,0,BULK
2016,9,12,CHINTAL,284,238,INDIVIDUAL/DOMESTIC
2016,9,12,CHINTAL,12,2,"MULTI STORIED BUILDING"
2016,9,12,JEEDIMETLA,445,363,INDIVIDUAL/DOMESTIC
2016,9,12,JEEDIMETLA,2,0,"MULTI STORIED BUILDING"
2016,9,12,SHAPOORNAGAR,449,384,INDIVIDUAL/DOMESTIC
2016,9,12,SHAPOORNAGAR,6,0,"MULTI STORIED BUILDING"
2016,9,12,SURARAM,2,1,INDIVIDUAL/DOMESTIC
2016,9,13,"ALWAL (Div13)",152,110,INDIVIDUAL/DOMESTIC
2016,9,13,"ALWAL (Div13)",1,0,"MULTI STORIED BUILDING"
2016,9,13,CHANUKYAPURI,213,190,INDIVIDUAL/DOMESTIC
2016,9,13,CHANUKYAPURI,1,1,"MULTI STORIED BUILDING"
2016,9,13,CHANUKYAPURI,1,1,"NON REVENUE CONNECTIONS"
2016,9,13,"DEFENCE COLONY",316,301,INDIVIDUAL/DOMESTIC
2016,9,13,"DEFENCE COLONY",3,1,"MULTI STORIED BUILDING"
2016,9,13,"FATHER BALAIAHNAGAR (Div13)",77,71,INDIVIDUAL/DOMESTIC
2016,9,13,"FATHER BALAIAHNAGAR (Div13)",1,1,"MULTI STORIED BUILDING"
2016,9,13,"GOWTHAM NAGAR",57,52,INDIVIDUAL/DOMESTIC
2016,9,13,"GOWTHAM NAGAR",1,0,"MULTI STORIED BUILDING"
2016,9,13,MACHABOLLARAM,162,145,INDIVIDUAL/DOMESTIC
2016,9,13,MALKAJGIRI,9,6,INDIVIDUAL/DOMESTIC
2016,9,13,SAINATHPURAM,232,200,INDIVIDUAL/DOMESTIC
2016,9,13,SAINATHPURAM,1,1,"MULTI STORIED BUILDING"
2016,9,13,"YAPRAL (Div13)",234,186,INDIVIDUAL/DOMESTIC
2016,9,13,"YAPRAL (Div13)",1,0,"MULTI STORIED BUILDING"
2016,9,13,"YAPRAL (Div13)",1,0,"NON REVENUE CONNECTIONS"
2016,9,14,"HOUSING BOARD",956,322,INDIVIDUAL/DOMESTIC
2016,9,14,"HOUSING BOARD",4,2,"MULTI STORIED BUILDING"
2016,9,14,HUBSIGUDA,35,30,INDIVIDUAL/DOMESTIC
2016,9,14,HUBSIGUDA,2,2,"MULTI STORIED BUILDING"
2016,9,14,RADHIKA,258,216,INDIVIDUAL/DOMESTIC
2016,9,14,RADHIKA,2,0,"MULTI STORIED BUILDING"
2016,9,14,"RAMANTHAPUR(DIV 14)",101,95,INDIVIDUAL/DOMESTIC
2016,9,14,"RAMANTHAPUR(DIV 14)",1,1,"MULTI STORIED BUILDING"
2016,9,14,UPPAL,326,266,INDIVIDUAL/DOMESTIC
2016,9,14,UPPAL,4,0,"MULTI STORIED BUILDING"
2016,9,15,"CHANDA NAGAR",203,144,INDIVIDUAL/DOMESTIC
2016,9,15,"CHANDA NAGAR",12,7,"MULTI STORIED BUILDING"
2016,9,15,"GACHIBOWLI (DIV 15)",305,242,INDIVIDUAL/DOMESTIC
2016,9,15,"GACHIBOWLI (DIV 15)",4,2,"MULTI STORIED BUILDING"
2016,9,15,MADHAPUR,101,76,INDIVIDUAL/DOMESTIC
2016,9,15,MADHAPUR,21,8,"MULTI STORIED BUILDING"
2016,9,15,MIYAPUR,211,194,INDIVIDUAL/DOMESTIC
2016,9,15,MIYAPUR,21,11,"MULTI STORIED BUILDING"
2016,9,15,RAMACHANDRAPURAM,72,61,INDIVIDUAL/DOMESTIC
2016,9,16,"BUDVEL (DIV16)",227,185,INDIVIDUAL/DOMESTIC
2016,9,16,"BUDVEL (DIV16)",1,0,"MULTI STORIED BUILDING"
2016,9,16,HYDERGUDA,1159,1088,INDIVIDUAL/DOMESTIC
2016,9,16,HYDERGUDA,5,2,"MULTI STORIED BUILDING"
2016,9,16,"MAILERDEV PALLY",339,304,INDIVIDUAL/DOMESTIC
2016,9,16,"MAILERDEV PALLY",1,0,"MULTI STORIED BUILDING"
2016,9,18,"MANIKONDA (DIV 18)",3,0,BULK
2016,9,18,"MANIKONDA (DIV 18)",32,17,INDIVIDUAL/DOMESTIC
2016,9,18,"MANIKONDA (DIV 18)",12,2,"MULTI STORIED BUILDING"
2016,9,19,"BODUPPAL (DIV 19)",60,15,INDIVIDUAL/DOMESTIC
2016,9,19,"BODUPPAL (DIV 19)",3,1,"MULTI STORIED BUILDING"
2016,9,19,"PEERJADIGUDA (DIV 19)",2,1,INDIVIDUAL/DOMESTIC
2016,9,20,"JILLELAGUDA (DIV 20)",1,0,INDIVIDUAL/DOMESTIC
2016,9,21,SAINIKPURI,1,0,INDIVIDUAL/DOMESTIC
2016,9,23,"NIZAMPET (PD 7)",5,2,BULK
2016,9,23,"NIZAMPET (PD 7)",433,317,INDIVIDUAL/DOMESTIC
2016,9,23,"NIZAMPET (PD 7)",95,53,"MULTI STORIED BUILDING"
2016,9,34,ALKAPURI,2,1,INDIVIDUAL/DOMESTIC
2016,9,34,ALKAPURI,2,2,"MULTI STORIED BUILDING"
2016,9,34,AUTONAGAR,195,184,INDIVIDUAL/DOMESTIC
2016,9,34,AUTONAGAR,2,0,"MULTI STORIED BUILDING"
2016,9,34,L.B.NAGAR,37,27,INDIVIDUAL/DOMESTIC
2016,9,34,L.B.NAGAR,3,0,"MULTI STORIED BUILDING"
2016,9,34,MANSOORABAD,79,68,INDIVIDUAL/DOMESTIC
2016,9,34,"MARUTHINAGAR (DIV 10)",10,9,INDIVIDUAL/DOMESTIC
2016,9,34,"MARUTHINAGAR (DIV 10)",1,1,"MULTI STORIED BUILDING"
2016,9,34,"SAHEBNAGAR (DIV 10)",111,75,INDIVIDUAL/DOMESTIC
2016,9,34,"SAHEBNAGAR (DIV 10)",10,3,"MULTI STORIED BUILDING"
2016,9,34,"VAISHALINAGAR (DIV 10)",1,0,INDIVIDUAL/DOMESTIC
2016,9,34,"VANASTHALIPURAM (DIV 10)",87,75,INDIVIDUAL/DOMESTIC
2016,9,34,"VANASTHALIPURAM (DIV 10)",2,2,"MULTI STORIED BUILDING"
