year,month,division,section,applied,approved,category
2022,8,1,BAHADURPURA,1,0,INDIVIDUAL/DOMESTIC
2022,8,1,"CHANUDLAL BHARADARI",5,0,INDIVIDUAL/DOMESTIC
2022,8,1,"CHANUDLAL BHARADARI",5,0,"MULTI STORIED BUILDING"
2022,8,1,"DHOOD BOWLI",5,0,INDIVIDUAL/DOMESTIC
2022,8,1,"HASSAN NAGAR",3,0,INDIVIDUAL/DOMESTIC
2022,8,1,"KISHAN BAGH",15,0,INDIVIDUAL/DOMESTIC
2022,8,1,"KISHAN BAGH",1,0,"MULTI STORIED BUILDING"
2022,8,1,M.R.G.FILTERS,2,0,INDIVIDUAL/DOMESTIC
2022,8,1,MISRIGUNJ,3,0,INDIVIDUAL/DOMESTIC
2022,8,1,MOGHULPURA,5,0,INDIVIDUAL/DOMESTIC
2022,8,1,PATHERGATTI,4,0,INDIVIDUAL/DOMESTIC
2022,8,2,ALIABAD,3,0,INDIVIDUAL/DOMESTIC
2022,8,2,ASMANGARH,1,0,"MULTI STORIED BUILDING"
2022,8,2,BALAPUR,3,0,INDIVIDUAL/DOMESTIC
2022,8,2,"BANDLAGUDA  (DIV 2)",33,11,INDIVIDUAL/DOMESTIC
2022,8,2,CHANCHALGUDA,1,0,INDIVIDUAL/DOMESTIC
2022,8,2,GOWLIPURA,2,0,INDIVIDUAL/DOMESTIC
2022,8,2,JAHANUMA,5,0,INDIVIDUAL/DOMESTIC
2022,8,2,JANGAMMET,3,0,INDIVIDUAL/DOMESTIC
2022,8,2,MADANNAPET,3,0,INDIVIDUAL/DOMESTIC
2022,8,2,MALAKPET,1,0,INDIVIDUAL/DOMESTIC
2022,8,2,MOOSARAMBAGH,6,3,INDIVIDUAL/DOMESTIC
2022,8,2,MYSARAM,6,0,INDIVIDUAL/DOMESTIC
2022,8,2,SAIDABAD,1,0,"MULTI STORIED BUILDING"
2022,8,2,SANTOSHNAGAR,5,0,INDIVIDUAL/DOMESTIC
2022,8,2,"VINAY NAGAR (DIV 2 (a))",1,0,INDIVIDUAL/DOMESTIC
2022,8,2,YAKATPURA,2,0,INDIVIDUAL/DOMESTIC
2022,8,3,"AHMED NAGAR",4,1,INDIVIDUAL/DOMESTIC
2022,8,3,"ASIF NAGAR",6,0,INDIVIDUAL/DOMESTIC
2022,8,3,"CHINTAL BASTHI",2,0,INDIVIDUAL/DOMESTIC
2022,8,3,HAKEEMPET,2,0,INDIVIDUAL/DOMESTIC
2022,8,3,"KAKATIYA NAGAR",1,0,INDIVIDUAL/DOMESTIC
2022,8,3,"KAKATIYA NAGAR",1,0,"MULTI STORIED BUILDING"
2022,8,3,KARWAN,5,0,INDIVIDUAL/DOMESTIC
2022,8,3,"LANGER HOUSE",5,0,INDIVIDUAL/DOMESTIC
2022,8,3,MEHIDIPATNAM,2,1,INDIVIDUAL/DOMESTIC
2022,8,3,MEHIDIPATNAM,1,0,"MULTI STORIED BUILDING"
2022,8,3,"OLD MALLEPALLY",3,1,INDIVIDUAL/DOMESTIC
2022,8,3,SHAIKPET,14,3,INDIVIDUAL/DOMESTIC
2022,8,3,SHAIKPET,3,0,"MULTI STORIED BUILDING"
2022,8,3,"TAPPA CHABUTRA",6,1,INDIVIDUAL/DOMESTIC
2022,8,3,"TOLI CHOWK",4,1,INDIVIDUAL/DOMESTIC
2022,8,3,"VIJAYNAGAR COLONY",6,0,INDIVIDUAL/DOMESTIC
2022,8,4,GODE-KI-KABAR,4,0,INDIVIDUAL/DOMESTIC
2022,8,4,GOWLIGUDA,2,0,INDIVIDUAL/DOMESTIC
2022,8,4,GUNFOUNDRY,1,0,INDIVIDUAL/DOMESTIC
2022,8,4,"HINDI NAGAR",2,0,INDIVIDUAL/DOMESTIC
2022,8,4,"RED HILLS HIGH LEVEL",3,0,INDIVIDUAL/DOMESTIC
2022,8,4,"RED HILLS LOW LEVEL",1,0,INDIVIDUAL/DOMESTIC
2022,8,4,ZIAGUDA,4,0,INDIVIDUAL/DOMESTIC
2022,8,5,"ADIKMET DMA-1",4,0,INDIVIDUAL/DOMESTIC
2022,8,5,"ADIKMET DMA-1",1,0,"MULTI STORIED BUILDING"
2022,8,5,"ADIKMET DMA-2",2,1,INDIVIDUAL/DOMESTIC
2022,8,5,AZAMABAD,6,0,INDIVIDUAL/DOMESTIC
2022,8,5,"BAGH LINGAMPALLY",1,0,INDIVIDUAL/DOMESTIC
2022,8,5,BARKATPURA,2,0,INDIVIDUAL/DOMESTIC
2022,8,5,BARKATPURA,2,0,"MULTI STORIED BUILDING"
2022,8,5,"BOATS CLUB",4,0,INDIVIDUAL/DOMESTIC
2022,8,5,DOMALGUDA,5,0,INDIVIDUAL/DOMESTIC
2022,8,5,GANDHINAGAR,4,0,INDIVIDUAL/DOMESTIC
2022,8,5,GANDHINAGAR,1,0,"MULTI STORIED BUILDING"
2022,8,5,MUSHEERABAD,2,1,INDIVIDUAL/DOMESTIC
2022,8,5,MUSHEERABAD,2,0,"MULTI STORIED BUILDING"
2022,8,5,NARAYANGUDA,3,0,INDIVIDUAL/DOMESTIC
2022,8,5,NARAYANGUDA,1,0,"MULTI STORIED BUILDING"
2022,8,5,"RAMANTHAPUR (DIV 5)",7,1,INDIVIDUAL/DOMESTIC
2022,8,5,SHIVAM,5,0,INDIVIDUAL/DOMESTIC
2022,8,5,VIGYANPURI,1,0,INDIVIDUAL/DOMESTIC
2022,8,6,"BANJARA HILLS",5,0,INDIVIDUAL/DOMESTIC
2022,8,6,"BANJARA HILLS",1,0,"MULTI STORIED BUILDING"
2022,8,6,BORABANDA,6,0,INDIVIDUAL/DOMESTIC
2022,8,6,ERRAGADDA,9,0,INDIVIDUAL/DOMESTIC
2022,8,6,ERRAGADDA,1,0,"MULTI STORIED BUILDING"
2022,8,6,"FILM NAGAR",29,0,INDIVIDUAL/DOMESTIC
2022,8,6,"JUBILEE HILLS",1,0,BULK
2022,8,6,"JUBILEE HILLS",6,0,INDIVIDUAL/DOMESTIC
2022,8,6,"JUBILEE HILLS",3,0,"MULTI STORIED BUILDING"
2022,8,6,"S.P.R HILLS",10,2,INDIVIDUAL/DOMESTIC
2022,8,6,S.R.NAGAR,6,0,INDIVIDUAL/DOMESTIC
2022,8,6,S.R.NAGAR,1,0,"MULTI STORIED BUILDING"
2022,8,6,SOMAJIGUDA,1,0,INDIVIDUAL/DOMESTIC
2022,8,6,SOMAJIGUDA,3,0,"MULTI STORIED BUILDING"
2022,8,6,THATTIKHANA,19,0,INDIVIDUAL/DOMESTIC
2022,8,6,THATTIKHANA,1,0,"MULTI STORIED BUILDING"
2022,8,6,VENGALRAONAGAR,3,0,INDIVIDUAL/DOMESTIC
2022,8,6,YELLAREDDYGUDA,1,0,BULK
2022,8,6,YELLAREDDYGUDA,4,0,INDIVIDUAL/DOMESTIC
2022,8,6,YELLAREDDYGUDA,2,0,"MULTI STORIED BUILDING"
2022,8,7,BOIGUDA,3,0,INDIVIDUAL/DOMESTIC
2022,8,7,BOUDHANAGAR,2,0,INDIVIDUAL/DOMESTIC
2022,8,7,HUSSAINSAGAR,16,5,INDIVIDUAL/DOMESTIC
2022,8,7,MARREDPALLY,7,0,INDIVIDUAL/DOMESTIC
2022,8,7,MARREDPALLY,1,0,"MULTI STORIED BUILDING"
2022,8,7,METTUGUDA,6,0,INDIVIDUAL/DOMESTIC
2022,8,7,NALLAGUTTA,2,1,INDIVIDUAL/DOMESTIC
2022,8,7,PRAKASHNAGAR,3,0,INDIVIDUAL/DOMESTIC
2022,8,7,"REGIMENTAL BAZAR",2,0,INDIVIDUAL/DOMESTIC
2022,8,7,SEETHAPALMANDI,4,0,INDIVIDUAL/DOMESTIC
2022,8,7,SEETHAPALMANDI,2,0,"MULTI STORIED BUILDING"
2022,8,7,"SRINIVAS NAGAR",4,0,INDIVIDUAL/DOMESTIC
2022,8,7,"SRINIVAS NAGAR",2,0,"MULTI STORIED BUILDING"
2022,8,7,TARNAKA,2,1,INDIVIDUAL/DOMESTIC
2022,8,7,TARNAKA,1,0,"MULTI STORIED BUILDING"
2022,8,7,VIJAYAPURI,2,0,INDIVIDUAL/DOMESTIC
2022,8,9,"BALAJINAGAR (DIV 9)",2,0,INDIVIDUAL/DOMESTIC
2022,8,9,"BALAJINAGAR (DIV 9)",1,0,"MULTI STORIED BUILDING"
2022,8,9,BALANAGAR,12,3,INDIVIDUAL/DOMESTIC
2022,8,9,BHAGYANAGAR,7,0,INDIVIDUAL/DOMESTIC
2022,8,9,BHAGYANAGAR,6,0,"MULTI STORIED BUILDING"
2022,8,9,BHARATHNAGAR,22,1,INDIVIDUAL/DOMESTIC
2022,8,9,"GAYATRI NAGAR",40,4,INDIVIDUAL/DOMESTIC
2022,8,9,"GAYATRI NAGAR",1,0,"MULTI STORIED BUILDING"
2022,8,9,HASMATHPET,14,0,INDIVIDUAL/DOMESTIC
2022,8,9,KPHB,2,0,INDIVIDUAL/DOMESTIC
2022,8,9,KPHB,3,0,"MULTI STORIED BUILDING"
2022,8,9,KUKATPALLY,1,0,BULK
2022,8,9,KUKATPALLY,7,0,INDIVIDUAL/DOMESTIC
2022,8,9,KUKATPALLY,4,0,"MULTI STORIED BUILDING"
2022,8,9,MOOSAPET,10,4,INDIVIDUAL/DOMESTIC
2022,8,9,"MOTI NAGAR",13,1,INDIVIDUAL/DOMESTIC
2022,8,9,"MOTI NAGAR",1,0,"MULTI STORIED BUILDING"
2022,8,9,"VIVEKANANDA NAGAR",9,0,INDIVIDUAL/DOMESTIC
2022,8,9,YELLAMMABANDA,29,9,INDIVIDUAL/DOMESTIC
2022,8,9,YELLAMMABANDA,1,0,"MULTI STORIED BUILDING"
2022,8,10,ALKAPURI,1,0,BULK
2022,8,10,ALKAPURI,7,0,INDIVIDUAL/DOMESTIC
2022,8,10,ALKAPURI,2,0,"MULTI STORIED BUILDING"
2022,8,10,"B.N.REDDY NAGAR",21,2,INDIVIDUAL/DOMESTIC
2022,8,10,"B.N.REDDY NAGAR",1,0,"MULTI STORIED BUILDING"
2022,8,10,DILSHUKNAGAR,7,0,INDIVIDUAL/DOMESTIC
2022,8,10,DILSHUKNAGAR,1,0,"MULTI STORIED BUILDING"
2022,8,10,"NGO COLONY",3,0,INDIVIDUAL/DOMESTIC
2022,8,10,SAROORNAGAR,8,0,INDIVIDUAL/DOMESTIC
2022,8,10,SAROORNAGAR,2,0,"MULTI STORIED BUILDING"
2022,8,10,"VAISHALINAGAR (DIV 10)",7,2,INDIVIDUAL/DOMESTIC
2022,8,10,"VANASTHALIPURAM (DIV 10)",6,0,INDIVIDUAL/DOMESTIC
2022,8,11,"MOULA ALI",1,0,BULK
2022,8,12,ADARSHNAGAR,3,0,INDIVIDUAL/DOMESTIC
2022,8,12,ADARSHNAGAR,4,0,"MULTI STORIED BUILDING"
2022,8,12,"Bhagatsingh Nagar",6,1,INDIVIDUAL/DOMESTIC
2022,8,12,CHINTAL,10,2,INDIVIDUAL/DOMESTIC
2022,8,12,CHINTAL,8,0,"MULTI STORIED BUILDING"
2022,8,12,GAJULARAMARAM,91,33,INDIVIDUAL/DOMESTIC
2022,8,12,GAJULARAMARAM,6,0,"MULTI STORIED BUILDING"
2022,8,12,JEEDIMETLA,10,1,INDIVIDUAL/DOMESTIC
2022,8,12,JEEDIMETLA,5,0,"MULTI STORIED BUILDING"
2022,8,12,Jagathgirigutta,14,4,INDIVIDUAL/DOMESTIC
2022,8,12,SHAPOORNAGAR,8,1,INDIVIDUAL/DOMESTIC
2022,8,12,SHAPOORNAGAR,1,0,"MULTI STORIED BUILDING"
2022,8,12,SURARAM,16,7,INDIVIDUAL/DOMESTIC
2022,8,12,SURARAM,3,0,"MULTI STORIED BUILDING"
2022,8,12,USHODAYA,11,0,INDIVIDUAL/DOMESTIC
2022,8,12,suchitra,9,0,INDIVIDUAL/DOMESTIC
2022,8,12,suchitra,6,0,"MULTI STORIED BUILDING"
2022,8,13,"ALWAL (Div13)",17,4,INDIVIDUAL/DOMESTIC
2022,8,13,"ALWAL (Div13)",1,0,"MULTI STORIED BUILDING"
2022,8,13,CHANUKYAPURI,19,1,INDIVIDUAL/DOMESTIC
2022,8,13,CHANUKYAPURI,3,0,"MULTI STORIED BUILDING"
2022,8,13,"DEFENCE COLONY",9,3,INDIVIDUAL/DOMESTIC
2022,8,13,"FATHER BALAIAHNAGAR (Div13)",16,4,INDIVIDUAL/DOMESTIC
2022,8,13,"FATHER BALAIAHNAGAR (Div13)",5,0,"MULTI STORIED BUILDING"
2022,8,13,"GOWTHAM NAGAR",7,0,INDIVIDUAL/DOMESTIC
2022,8,13,"GOWTHAM NAGAR",1,0,"MULTI STORIED BUILDING"
2022,8,13,MACHABOLLARAM,15,3,INDIVIDUAL/DOMESTIC
2022,8,13,MACHABOLLARAM,2,0,"MULTI STORIED BUILDING"
2022,8,13,SAINATHPURAM,29,3,INDIVIDUAL/DOMESTIC
2022,8,13,SAINATHPURAM,2,0,"MULTI STORIED BUILDING"
2022,8,13,"VAJPAYEE NAGAR",6,0,INDIVIDUAL/DOMESTIC
2022,8,13,"VAJPAYEE NAGAR",1,0,"MULTI STORIED BUILDING"
2022,8,13,VENKATAPURAM,22,2,INDIVIDUAL/DOMESTIC
2022,8,13,VENKATAPURAM,1,1,"MULTI STORIED BUILDING"
2022,8,13,"YAPRAL (Div13)",51,1,INDIVIDUAL/DOMESTIC
2022,8,13,"YAPRAL (Div13)",4,0,"MULTI STORIED BUILDING"
2022,8,14,"HOUSING BOARD",11,1,INDIVIDUAL/DOMESTIC
2022,8,14,HUBSIGUDA,11,4,INDIVIDUAL/DOMESTIC
2022,8,14,HUBSIGUDA,3,0,"MULTI STORIED BUILDING"
2022,8,14,NACHARAM,1,0,BULK
2022,8,14,NACHARAM,14,2,INDIVIDUAL/DOMESTIC
2022,8,14,RADHIKA,18,1,INDIVIDUAL/DOMESTIC
2022,8,14,RADHIKA,3,0,"MULTI STORIED BUILDING"
2022,8,14,"RAMANTHAPUR(DIV 14)",31,5,INDIVIDUAL/DOMESTIC
2022,8,14,"SAIBABA NAGAR",33,6,INDIVIDUAL/DOMESTIC
2022,8,14,UPPAL,27,3,INDIVIDUAL/DOMESTIC
2022,8,14,UPPAL,4,0,"MULTI STORIED BUILDING"
2022,8,15,"CHANDA NAGAR",8,1,INDIVIDUAL/DOMESTIC
2022,8,15,"CHANDA NAGAR",6,0,"MULTI STORIED BUILDING"
2022,8,15,"DEEPTHISRI NAGAR (DIV 15)",1,0,BULK
2022,8,15,"DEEPTHISRI NAGAR (DIV 15)",13,3,INDIVIDUAL/DOMESTIC
2022,8,15,"DEEPTHISRI NAGAR (DIV 15)",2,0,"MULTI STORIED BUILDING"
2022,8,15,"Doyens section",17,0,INDIVIDUAL/DOMESTIC
2022,8,15,"Doyens section",1,1,"MULTI STORIED BUILDING"
2022,8,15,"GACHIBOWLI (DIV 15)",1,0,BULK
2022,8,15,"GACHIBOWLI (DIV 15)",30,0,INDIVIDUAL/DOMESTIC
2022,8,15,"GACHIBOWLI (DIV 15)",2,0,"MULTI STORIED BUILDING"
2022,8,15,"HAFEEZPET (DIV 15)",9,1,INDIVIDUAL/DOMESTIC
2022,8,15,"HAFEEZPET (DIV 15)",11,0,"MULTI STORIED BUILDING"
2022,8,15,"KONDAPUR (DIV 15)",26,1,INDIVIDUAL/DOMESTIC
2022,8,15,"KONDAPUR (DIV 15)",8,0,"MULTI STORIED BUILDING"
2022,8,15,MADHAPUR,1,0,BULK
2022,8,15,MADHAPUR,45,2,INDIVIDUAL/DOMESTIC
2022,8,15,MADHAPUR,14,0,"MULTI STORIED BUILDING"
2022,8,15,MIYAPUR,1,0,BULK
2022,8,15,MIYAPUR,11,5,INDIVIDUAL/DOMESTIC
2022,8,15,MIYAPUR,6,0,"MULTI STORIED BUILDING"
2022,8,15,"NALLAGANDLA (DIV 15)",14,4,INDIVIDUAL/DOMESTIC
2022,8,15,"NALLAGANDLA (DIV 15)",10,2,"MULTI STORIED BUILDING"
2022,8,15,"PATANCHERU (DIV15)",218,2,INDIVIDUAL/DOMESTIC
2022,8,15,RAMACHANDRAPURAM,1,0,BULK
2022,8,15,RAMACHANDRAPURAM,10,4,INDIVIDUAL/DOMESTIC
2022,8,16,ATTAPUR,21,4,INDIVIDUAL/DOMESTIC
2022,8,16,ATTAPUR,1,0,"MULTI STORIED BUILDING"
2022,8,16,"BUDVEL (DIV16)",13,1,INDIVIDUAL/DOMESTIC
2022,8,16,"BUDVEL (DIV16)",3,0,"MULTI STORIED BUILDING"
2022,8,16,HYDERGUDA,17,3,INDIVIDUAL/DOMESTIC
2022,8,16,HYDERGUDA,2,0,"MULTI STORIED BUILDING"
2022,8,16,KATEDAN,16,5,INDIVIDUAL/DOMESTIC
2022,8,16,"MAILERDEV PALLY",26,5,INDIVIDUAL/DOMESTIC
2022,8,16,"MAILERDEV PALLY",3,0,"MULTI STORIED BUILDING"
2022,8,16,"SULEMAN NAGAR",12,2,INDIVIDUAL/DOMESTIC
2022,8,18,"KISMATHPUR (DIV 18)",38,14,INDIVIDUAL/DOMESTIC
2022,8,18,"KISMATHPUR (DIV 18)",4,0,"MULTI STORIED BUILDING"
2022,8,18,"MANIKONDA (DIV 18)",1,0,BULK
2022,8,18,"MANIKONDA (DIV 18)",35,1,INDIVIDUAL/DOMESTIC
2022,8,18,"MANIKONDA (DIV 18)",11,0,"MULTI STORIED BUILDING"
2022,8,19,"BODUPPAL (DIV 19)",73,0,INDIVIDUAL/DOMESTIC
2022,8,19,"CHEERYAL (DIV 19)",11,0,INDIVIDUAL/DOMESTIC
2022,8,19,"DHAMMAIGUDA (DIV 19)",45,1,INDIVIDUAL/DOMESTIC
2022,8,19,"NAGARAM (DIV 19)",70,0,INDIVIDUAL/DOMESTIC
2022,8,19,"PEERJADIGUDA (DIV 19)",53,0,INDIVIDUAL/DOMESTIC
2022,8,19,"POCHARAM (DIV 19)",15,1,INDIVIDUAL/DOMESTIC
2022,8,19,"POCHARAM (DIV 19)",2,0,"MULTI STORIED BUILDING"
2022,8,20,"BADANGPET  (DIV 20)",1,0,BULK
2022,8,20,"BADANGPET  (DIV 20)",104,3,INDIVIDUAL/DOMESTIC
2022,8,20,"JALPALLY (DIV 20)",158,5,INDIVIDUAL/DOMESTIC
2022,8,20,"JILLELAGUDA (DIV 20)",2,0,INDIVIDUAL/DOMESTIC
2022,8,20,"JILLELAGUDA (DIV 20)",1,0,"MULTI STORIED BUILDING"
2022,8,20,"MEERPET (DIV 20)",13,0,INDIVIDUAL/DOMESTIC
2022,8,20,"SHAMSHABAD (DIV 20)",11,4,INDIVIDUAL/DOMESTIC
2022,8,20,"THUKKUGUDA (PD 1)",1,0,BULK
2022,8,20,"THUKKUGUDA (PD 1)",26,0,INDIVIDUAL/DOMESTIC
2022,8,21,"MALLARAM (Div 21)",1,0,BULK
2022,8,22,"PEDDA AMBERPET (PD 1)",41,3,INDIVIDUAL/DOMESTIC
2022,8,22,"TURKAYAMJAL (PD 1)",66,7,INDIVIDUAL/DOMESTIC
2022,8,22,"TURKAYAMJAL (PD 1)",1,0,"MULTI STORIED BUILDING"
2022,8,23,"BACHUPALLY (PD 7)",3,1,BULK
2022,8,23,"BACHUPALLY (PD 7)",16,9,INDIVIDUAL/DOMESTIC
2022,8,23,"BACHUPALLY (PD 7)",20,2,"MULTI STORIED BUILDING"
2022,8,23,"GANDIMAISAMMA (PD 7)",59,25,INDIVIDUAL/DOMESTIC
2022,8,23,"NIZAMPET (PD 7)",14,3,INDIVIDUAL/DOMESTIC
2022,8,23,"NIZAMPET (PD 7)",7,0,"MULTI STORIED BUILDING"
2022,8,23,"PRAGATHINAGAR (PD 7)",4,0,INDIVIDUAL/DOMESTIC
2022,8,23,"PRAGATHINAGAR (PD 7)",3,0,"MULTI STORIED BUILDING"
2022,8,24,"AMEENPUR (PD 8)",43,17,INDIVIDUAL/DOMESTIC
2022,8,24,"AMEENPUR (PD 8)",1,0,"MULTI STORIED BUILDING"
2022,8,24,"BEERAMGUDA (PD 8)",36,3,INDIVIDUAL/DOMESTIC
2022,8,24,"BEERAMGUDA (PD 8)",3,0,"MULTI STORIED BUILDING"
2022,8,24,"BOLLARAM (PD 8)",3,0,INDIVIDUAL/DOMESTIC
2022,8,25,"JAWAHARNAGAR (PD 3)",546,107,INDIVIDUAL/DOMESTIC
2022,8,25,"KOMPALLY (PD 7)",1,0,BULK
2022,8,25,"KOMPALLY (PD 7)",12,2,INDIVIDUAL/DOMESTIC
2022,8,25,"KOMPALLY (PD 7)",2,0,"MULTI STORIED BUILDING"
2022,8,25,"THOOMKUNTA (PD 3)",31,18,INDIVIDUAL/DOMESTIC
2022,8,25,"THOOMKUNTA (PD 3)",1,0,"MULTI STORIED BUILDING"
2022,8,33,KANCHANBAGH,8,0,INDIVIDUAL/DOMESTIC
2022,8,34,AUTONAGAR,34,14,INDIVIDUAL/DOMESTIC
2022,8,34,AUTONAGAR,8,0,"MULTI STORIED BUILDING"
2022,8,34,KAMALANAGAR,14,4,INDIVIDUAL/DOMESTIC
2022,8,34,KAMALANAGAR,2,0,"MULTI STORIED BUILDING"
2022,8,34,KOTHAPETA,13,1,INDIVIDUAL/DOMESTIC
2022,8,34,L.B.NAGAR,9,2,INDIVIDUAL/DOMESTIC
2022,8,34,L.B.NAGAR,2,0,"MULTI STORIED BUILDING"
2022,8,34,LINGOJIGUDA,8,0,INDIVIDUAL/DOMESTIC
2022,8,34,MANSOORABAD,5,1,INDIVIDUAL/DOMESTIC
2022,8,34,MANSOORABAD,1,0,"MULTI STORIED BUILDING"
2022,8,34,"MARUTHINAGAR (DIV 10)",1,0,INDIVIDUAL/DOMESTIC
2022,8,34,NAGOLE,18,5,INDIVIDUAL/DOMESTIC
2022,8,34,"SAHEBNAGAR (DIV 10)",41,7,INDIVIDUAL/DOMESTIC
2022,8,34,"SAHEBNAGAR (DIV 10)",3,0,"MULTI STORIED BUILDING"
2022,8,34,SAROORNAGAR,1,0,INDIVIDUAL/DOMESTIC
2022,8,34,"VANASTHALIPURAM (DIV 10)",5,2,INDIVIDUAL/DOMESTIC
