year,month,division,section,applied,approved,category
2015,1,1,AZAMPURA,5,3,INDIVIDUAL/DOMESTIC
2015,1,1,BAHADURPURA,46,44,INDIVIDUAL/DOMESTIC
2015,1,1,"CHANUDLAL BHARADARI",6,5,INDIVIDUAL/DOMESTIC
2015,1,1,"DARUL SHIFA",2,2,INDIVIDUAL/DOMESTIC
2015,1,1,"DHOOD BOWLI",5,3,INDIVIDUAL/DOMESTIC
2015,1,1,"HASSAN NAGAR",1,1,INDIVIDUAL/DOMESTIC
2015,1,1,M.R.G.FILTERS,19,16,INDIVIDUAL/DOMESTIC
2015,1,1,MISRIGUNJ,3,1,INDIVIDUAL/DOMESTIC
2015,1,1,MOGHULPURA,6,4,INDIVIDUAL/DOMESTIC
2015,1,1,PATHERGATTI,8,7,INDIVIDUAL/DOMESTIC
2015,1,2,ALIABAD,5,2,INDIVIDUAL/DOMESTIC
2015,1,2,ASMANGARH,6,2,INDIVIDUAL/DOMESTIC
2015,1,2,ASMANGARH,2,2,"MULTI STORIED BUILDING"
2015,1,2,BALAPUR,16,5,INDIVIDUAL/DOMESTIC
2015,1,2,GOWLIPURA,10,3,INDIVIDUAL/DOMESTIC
2015,1,2,JAHANUMA,10,6,INDIVIDUAL/DOMESTIC
2015,1,2,MADANNAPET,9,7,INDIVIDUAL/DOMESTIC
2015,1,2,MALAKPET,8,6,INDIVIDUAL/DOMESTIC
2015,1,2,MOOSARAMBAGH,6,6,INDIVIDUAL/DOMESTIC
2015,1,2,MYSARAM,19,10,INDIVIDUAL/DOMESTIC
2015,1,2,SAIDABAD,2,0,"MULTI STORIED BUILDING"
2015,1,2,SALEEMNAGAR,3,3,INDIVIDUAL/DOMESTIC
2015,1,2,SALEEMNAGAR,1,1,"MULTI STORIED BUILDING"
2015,1,2,SANTOSHNAGAR,25,22,INDIVIDUAL/DOMESTIC
2015,1,2,SANTOSHNAGAR,2,0,"MULTI STORIED BUILDING"
2015,1,2,YAKATPURA,4,2,INDIVIDUAL/DOMESTIC
2015,1,3,"AHMED NAGAR",47,26,INDIVIDUAL/DOMESTIC
2015,1,3,"AHMED NAGAR",1,1,"MULTI STORIED BUILDING"
2015,1,3,"AHMED NAGAR",1,0,"NON REVENUE CONNECTIONS"
2015,1,3,"ASIF NAGAR",8,3,INDIVIDUAL/DOMESTIC
2015,1,3,"CHINTAL BASTHI",4,1,INDIVIDUAL/DOMESTIC
2015,1,3,"CHINTAL BASTHI",2,0,"NON REVENUE CONNECTIONS"
2015,1,3,GOLCONDA,50,28,INDIVIDUAL/DOMESTIC
2015,1,3,"KAKATIYA NAGAR",7,5,INDIVIDUAL/DOMESTIC
2015,1,3,"KAKATIYA NAGAR",1,0,"MULTI STORIED BUILDING"
2015,1,3,KARWAN,26,23,INDIVIDUAL/DOMESTIC
2015,1,3,MEHIDIPATNAM,23,18,INDIVIDUAL/DOMESTIC
2015,1,3,MEHIDIPATNAM,5,2,"MULTI STORIED BUILDING"
2015,1,3,"OLD MALLEPALLY",20,15,INDIVIDUAL/DOMESTIC
2015,1,3,SHAIKPET,53,37,INDIVIDUAL/DOMESTIC
2015,1,3,"TOLI CHOWK",40,28,INDIVIDUAL/DOMESTIC
2015,1,3,"VIJAYNAGAR COLONY",21,15,INDIVIDUAL/DOMESTIC
2015,1,3,"VIJAYNAGAR COLONY",3,2,"MULTI STORIED BUILDING"
2015,1,4,ALLABANDA,14,6,INDIVIDUAL/DOMESTIC
2015,1,4,GODE-KI-KABAR,26,14,INDIVIDUAL/DOMESTIC
2015,1,4,GOWLIGUDA,11,9,INDIVIDUAL/DOMESTIC
2015,1,4,GUNFOUNDRY,1,1,INDIVIDUAL/DOMESTIC
2015,1,4,GUNFOUNDRY,1,0,"MULTI STORIED BUILDING"
2015,1,4,"HINDI NAGAR",10,5,INDIVIDUAL/DOMESTIC
2015,1,4,MANGALGHAT,1,1,INDIVIDUAL/DOMESTIC
2015,1,4,"RED HILLS HIGH LEVEL",14,12,INDIVIDUAL/DOMESTIC
2015,1,4,"RED HILLS HIGH LEVEL",1,0,"MULTI STORIED BUILDING"
2015,1,4,"RED HILLS LOW LEVEL",6,5,INDIVIDUAL/DOMESTIC
2015,1,4,"SULTAN BAZAR",2,2,INDIVIDUAL/DOMESTIC
2015,1,4,"SULTAN BAZAR",2,1,"MULTI STORIED BUILDING"
2015,1,4,ZIAGUDA,13,12,INDIVIDUAL/DOMESTIC
2015,1,5,"ADIKMET DMA-1",87,71,INDIVIDUAL/DOMESTIC
2015,1,5,"ADIKMET DMA-1",5,4,"MULTI STORIED BUILDING"
2015,1,5,"ADIKMET DMA-1",1,0,"NON REVENUE CONNECTIONS"
2015,1,5,AZAMABAD,1,0,BULK
2015,1,5,AZAMABAD,23,8,INDIVIDUAL/DOMESTIC
2015,1,5,AZAMABAD,1,0,"MULTI STORIED BUILDING"
2015,1,5,"BAGH LINGAMPALLY",2,2,INDIVIDUAL/DOMESTIC
2015,1,5,BARKATPURA,4,2,INDIVIDUAL/DOMESTIC
2015,1,5,BARKATPURA,2,1,"MULTI STORIED BUILDING"
2015,1,5,"BOATS CLUB",10,7,INDIVIDUAL/DOMESTIC
2015,1,5,DOMALGUDA,5,0,INDIVIDUAL/DOMESTIC
2015,1,5,DOMALGUDA,4,1,"MULTI STORIED BUILDING"
2015,1,5,GANDHINAGAR,3,0,INDIVIDUAL/DOMESTIC
2015,1,5,GANDHINAGAR,1,1,"MULTI STORIED BUILDING"
2015,1,5,MUSHEERABAD,7,4,INDIVIDUAL/DOMESTIC
2015,1,5,MUSHEERABAD,1,0,"MULTI STORIED BUILDING"
2015,1,5,NARAYANGUDA,9,3,INDIVIDUAL/DOMESTIC
2015,1,5,NARAYANGUDA,2,1,"MULTI STORIED BUILDING"
2015,1,5,"RAMANTHAPUR (DIV 5)",13,11,INDIVIDUAL/DOMESTIC
2015,1,5,SHIVAM,12,8,INDIVIDUAL/DOMESTIC
2015,1,5,VIGYANPURI,1,1,INDIVIDUAL/DOMESTIC
2015,1,6,"BANJARA HILLS",15,13,INDIVIDUAL/DOMESTIC
2015,1,6,"BANJARA HILLS",4,0,"MULTI STORIED BUILDING"
2015,1,6,BORABANDA,3,2,INDIVIDUAL/DOMESTIC
2015,1,6,ERRAGADDA,34,12,INDIVIDUAL/DOMESTIC
2015,1,6,ERRAGADDA,2,0,"MULTI STORIED BUILDING"
2015,1,6,FATHENAGAR,10,9,INDIVIDUAL/DOMESTIC
2015,1,6,FATHENAGAR,2,1,"MULTI STORIED BUILDING"
2015,1,6,"JUBILEE HILLS",32,21,INDIVIDUAL/DOMESTIC
2015,1,6,"JUBILEE HILLS",2,0,"MULTI STORIED BUILDING"
2015,1,6,"S.P.R HILLS",16,10,INDIVIDUAL/DOMESTIC
2015,1,6,S.R.NAGAR,10,8,INDIVIDUAL/DOMESTIC
2015,1,6,S.R.NAGAR,1,0,"MULTI STORIED BUILDING"
2015,1,6,SOMAJIGUDA,2,2,INDIVIDUAL/DOMESTIC
2015,1,6,SOMAJIGUDA,1,0,"MULTI STORIED BUILDING"
2015,1,6,THATTIKHANA,17,11,INDIVIDUAL/DOMESTIC
2015,1,6,THATTIKHANA,1,1,"MULTI STORIED BUILDING"
2015,1,6,VENGALRAONAGAR,14,13,INDIVIDUAL/DOMESTIC
2015,1,6,YELLAREDDYGUDA,9,6,INDIVIDUAL/DOMESTIC
2015,1,6,YELLAREDDYGUDA,4,0,"MULTI STORIED BUILDING"
2015,1,7,BOIGUDA,2,2,INDIVIDUAL/DOMESTIC
2015,1,7,BOIGUDA,1,0,"MULTI STORIED BUILDING"
2015,1,7,HUSSAINSAGAR,7,4,INDIVIDUAL/DOMESTIC
2015,1,7,LALAPET,6,6,INDIVIDUAL/DOMESTIC
2015,1,7,MARREDPALLY,20,12,INDIVIDUAL/DOMESTIC
2015,1,7,METTUGUDA,4,3,INDIVIDUAL/DOMESTIC
2015,1,7,NALLAGUTTA,4,2,INDIVIDUAL/DOMESTIC
2015,1,7,PRAKASHNAGAR,14,8,INDIVIDUAL/DOMESTIC
2015,1,7,PRAKASHNAGAR,2,1,"MULTI STORIED BUILDING"
2015,1,7,SEETHAPALMANDI,5,2,INDIVIDUAL/DOMESTIC
2015,1,7,"SRINIVAS NAGAR",23,15,INDIVIDUAL/DOMESTIC
2015,1,7,"SRINIVAS NAGAR",1,0,"MULTI STORIED BUILDING"
2015,1,7,TARNAKA,25,21,INDIVIDUAL/DOMESTIC
2015,1,7,TARNAKA,2,0,"MULTI STORIED BUILDING"
2015,1,8,"PATHANCHERU 832",1,0,BULK
2015,1,8,"PATHANCHERU 832",1,1,INDIVIDUAL/DOMESTIC
2015,1,8,"PATHANCHERU 832",2,0,"MULTI STORIED BUILDING"
2015,1,9,"BALAJINAGAR (DIV 9)",10,7,INDIVIDUAL/DOMESTIC
2015,1,9,"BALAJINAGAR (DIV 9)",5,0,"MULTI STORIED BUILDING"
2015,1,9,BALANAGAR,21,13,INDIVIDUAL/DOMESTIC
2015,1,9,BHAGYANAGAR,2,0,BULK
2015,1,9,BHAGYANAGAR,125,94,INDIVIDUAL/DOMESTIC
2015,1,9,BHAGYANAGAR,17,6,"MULTI STORIED BUILDING"
2015,1,9,HASMATHPET,60,46,INDIVIDUAL/DOMESTIC
2015,1,9,HASMATHPET,2,0,"MULTI STORIED BUILDING"
2015,1,9,KPHB,23,15,INDIVIDUAL/DOMESTIC
2015,1,9,KUKATPALLY,1,0,INDIVIDUAL/DOMESTIC
2015,1,9,MOOSAPET,75,63,INDIVIDUAL/DOMESTIC
2015,1,9,MOOSAPET,6,4,"MULTI STORIED BUILDING"
2015,1,9,"VIVEKANANDA NAGAR",2,1,INDIVIDUAL/DOMESTIC
2015,1,10,ALKAPURI,52,40,INDIVIDUAL/DOMESTIC
2015,1,10,ALKAPURI,7,6,"MULTI STORIED BUILDING"
2015,1,10,ALKAPURI,1,0,"NON REVENUE CONNECTIONS"
2015,1,10,DILSHUKNAGAR,49,45,INDIVIDUAL/DOMESTIC
2015,1,10,DILSHUKNAGAR,8,3,"MULTI STORIED BUILDING"
2015,1,10,SAROORNAGAR,19,16,INDIVIDUAL/DOMESTIC
2015,1,10,SAROORNAGAR,4,1,"MULTI STORIED BUILDING"
2015,1,10,"VAISHALINAGAR (DIV 10)",48,37,INDIVIDUAL/DOMESTIC
2015,1,10,"VANASTHALIPURAM (DIV 10)",18,14,INDIVIDUAL/DOMESTIC
2015,1,12,ADARSHNAGAR,56,38,INDIVIDUAL/DOMESTIC
2015,1,12,CHINTAL,59,28,INDIVIDUAL/DOMESTIC
2015,1,12,CHINTAL,4,3,"MULTI STORIED BUILDING"
2015,1,12,JEEDIMETLA,47,33,INDIVIDUAL/DOMESTIC
2015,1,12,JEEDIMETLA,2,1,"MULTI STORIED BUILDING"
2015,1,12,SHAPOORNAGAR,1,0,BULK
2015,1,12,SHAPOORNAGAR,80,54,INDIVIDUAL/DOMESTIC
2015,1,12,SHAPOORNAGAR,2,0,"MULTI STORIED BUILDING"
2015,1,13,"ALWAL (Div13)",50,45,INDIVIDUAL/DOMESTIC
2015,1,13,"ALWAL (Div13)",4,1,"MULTI STORIED BUILDING"
2015,1,13,CHANUKYAPURI,39,31,INDIVIDUAL/DOMESTIC
2015,1,13,CHANUKYAPURI,3,1,"MULTI STORIED BUILDING"
2015,1,13,"DEFENCE COLONY",56,44,INDIVIDUAL/DOMESTIC
2015,1,13,"DEFENCE COLONY",7,3,"MULTI STORIED BUILDING"
2015,1,13,"FATHER BALAIAHNAGAR (Div13)",70,60,INDIVIDUAL/DOMESTIC
2015,1,13,"FATHER BALAIAHNAGAR (Div13)",5,4,"MULTI STORIED BUILDING"
2015,1,13,"GOWTHAM NAGAR",23,17,INDIVIDUAL/DOMESTIC
2015,1,13,"GOWTHAM NAGAR",1,0,"MULTI STORIED BUILDING"
2015,1,13,MACHABOLLARAM,20,17,INDIVIDUAL/DOMESTIC
2015,1,13,MALKAJGIRI,5,0,INDIVIDUAL/DOMESTIC
2015,1,13,SAINATHPURAM,60,48,INDIVIDUAL/DOMESTIC
2015,1,13,"YAPRAL (Div13)",11,8,INDIVIDUAL/DOMESTIC
2015,1,13,"YAPRAL (Div13)",2,1,"MULTI STORIED BUILDING"
2015,1,14,"HOUSING BOARD",32,26,INDIVIDUAL/DOMESTIC
2015,1,14,"HOUSING BOARD",2,2,"MULTI STORIED BUILDING"
2015,1,14,HUBSIGUDA,1,0,BULK
2015,1,14,HUBSIGUDA,17,16,INDIVIDUAL/DOMESTIC
2015,1,14,HUBSIGUDA,2,1,"MULTI STORIED BUILDING"
2015,1,14,RADHIKA,47,37,INDIVIDUAL/DOMESTIC
2015,1,14,RADHIKA,7,3,"MULTI STORIED BUILDING"
2015,1,14,"RAMANTHAPUR(DIV 14)",63,58,INDIVIDUAL/DOMESTIC
2015,1,14,UPPAL,42,32,INDIVIDUAL/DOMESTIC
2015,1,14,UPPAL,2,2,"MULTI STORIED BUILDING"
2015,1,15,"CHANDA NAGAR",41,29,INDIVIDUAL/DOMESTIC
2015,1,15,"CHANDA NAGAR",16,7,"MULTI STORIED BUILDING"
2015,1,15,"GACHIBOWLI (DIV 15)",40,35,INDIVIDUAL/DOMESTIC
2015,1,15,"GACHIBOWLI (DIV 15)",3,0,"MULTI STORIED BUILDING"
2015,1,15,MADHAPUR,1,0,BULK
2015,1,15,MADHAPUR,81,56,INDIVIDUAL/DOMESTIC
2015,1,15,MADHAPUR,47,17,"MULTI STORIED BUILDING"
2015,1,15,MIYAPUR,63,51,INDIVIDUAL/DOMESTIC
2015,1,15,MIYAPUR,18,8,"MULTI STORIED BUILDING"
2015,1,15,RAMACHANDRAPURAM,49,41,INDIVIDUAL/DOMESTIC
2015,1,15,RAMACHANDRAPURAM,2,0,"MULTI STORIED BUILDING"
2015,1,16,"BUDVEL (DIV16)",26,21,INDIVIDUAL/DOMESTIC
2015,1,16,HYDERGUDA,209,164,INDIVIDUAL/DOMESTIC
2015,1,16,HYDERGUDA,6,2,"MULTI STORIED BUILDING"
2015,1,16,"MAILERDEV PALLY",117,98,INDIVIDUAL/DOMESTIC
2015,1,34,ALKAPURI,6,5,INDIVIDUAL/DOMESTIC
2015,1,34,AUTONAGAR,137,133,INDIVIDUAL/DOMESTIC
2015,1,34,AUTONAGAR,1,0,"MULTI STORIED BUILDING"
2015,1,34,L.B.NAGAR,92,77,INDIVIDUAL/DOMESTIC
2015,1,34,L.B.NAGAR,5,2,"MULTI STORIED BUILDING"
2015,1,34,MANSOORABAD,13,9,INDIVIDUAL/DOMESTIC
2015,1,34,MANSOORABAD,1,1,"MULTI STORIED BUILDING"
2015,1,34,"MARUTHINAGAR (DIV 10)",31,31,INDIVIDUAL/DOMESTIC
2015,1,34,"MARUTHINAGAR (DIV 10)",1,1,"MULTI STORIED BUILDING"
2015,1,34,"SAHEBNAGAR (DIV 10)",134,117,INDIVIDUAL/DOMESTIC
2015,1,34,"SAHEBNAGAR (DIV 10)",4,2,"MULTI STORIED BUILDING"
2015,1,34,SAROORNAGAR,1,0,INDIVIDUAL/DOMESTIC
2015,1,34,"VANASTHALIPURAM (DIV 10)",50,46,INDIVIDUAL/DOMESTIC
2015,1,34,"VANASTHALIPURAM (DIV 10)",1,0,"MULTI STORIED BUILDING"
