year,month,division,section,applied,approved,category
2021,7,1,AZAMPURA,4,1,INDIVIDUAL/DOMESTIC
2021,7,1,AZAMPURA,1,0,"MULTI STORIED BUILDING"
2021,7,1,BAHADURPURA,13,11,INDIVIDUAL/DOMESTIC
2021,7,1,"CHANUDLAL BHARADARI",3,2,INDIVIDUAL/DOMESTIC
2021,7,1,"DARUL SHIFA",2,1,INDIVIDUAL/DOMESTIC
2021,7,1,"DHOOD BOWLI",7,3,INDIVIDUAL/DOMESTIC
2021,7,1,"HASSAN NAGAR",2,2,INDIVIDUAL/DOMESTIC
2021,7,1,M.R.G.FILTERS,3,1,INDIVIDUAL/DOMESTIC
2021,7,1,MISRIGUNJ,3,3,INDIVIDUAL/DOMESTIC
2021,7,1,MOGHULPURA,2,2,INDIVIDUAL/DOMESTIC
2021,7,1,PATHERGATTI,5,5,INDIVIDUAL/DOMESTIC
2021,7,2,ALIABAD,1,0,INDIVIDUAL/DOMESTIC
2021,7,2,ASMANGARH,1,0,INDIVIDUAL/DOMESTIC
2021,7,2,ASMANGARH,3,1,"MULTI STORIED BUILDING"
2021,7,2,BALAPUR,3,1,INDIVIDUAL/DOMESTIC
2021,7,2,"BANDLAGUDA  (DIV 2)",43,36,INDIVIDUAL/DOMESTIC
2021,7,2,CHANCHALGUDA,4,1,INDIVIDUAL/DOMESTIC
2021,7,2,GOWLIPURA,1,1,INDIVIDUAL/DOMESTIC
2021,7,2,JAHANUMA,1,0,INDIVIDUAL/DOMESTIC
2021,7,2,MADANNAPET,4,2,INDIVIDUAL/DOMESTIC
2021,7,2,MALAKPET,2,2,INDIVIDUAL/DOMESTIC
2021,7,2,MOOSARAMBAGH,3,2,INDIVIDUAL/DOMESTIC
2021,7,2,MOOSARAMBAGH,1,0,"MULTI STORIED BUILDING"
2021,7,2,MYSARAM,3,2,INDIVIDUAL/DOMESTIC
2021,7,2,SAIDABAD,2,2,INDIVIDUAL/DOMESTIC
2021,7,2,SAIDABAD,3,0,"MULTI STORIED BUILDING"
2021,7,2,SALEEMNAGAR,1,0,"MULTI STORIED BUILDING"
2021,7,2,SANTOSHNAGAR,3,1,INDIVIDUAL/DOMESTIC
2021,7,2,"VINAY NAGAR (DIV 2 (a))",9,4,INDIVIDUAL/DOMESTIC
2021,7,2,"VINAY NAGAR (DIV 2 (a))",2,2,"MULTI STORIED BUILDING"
2021,7,2,YAKATPURA,5,2,INDIVIDUAL/DOMESTIC
2021,7,3,"AHMED NAGAR",4,4,INDIVIDUAL/DOMESTIC
2021,7,3,"ASIF NAGAR",4,1,INDIVIDUAL/DOMESTIC
2021,7,3,"ASIF NAGAR",1,0,"MULTI STORIED BUILDING"
2021,7,3,"CHINTAL BASTHI",2,1,INDIVIDUAL/DOMESTIC
2021,7,3,GOLCONDA,6,2,INDIVIDUAL/DOMESTIC
2021,7,3,KARWAN,1,0,BULK
2021,7,3,KARWAN,9,3,INDIVIDUAL/DOMESTIC
2021,7,3,KARWAN,1,0,"MULTI STORIED BUILDING"
2021,7,3,"LANGER HOUSE",22,6,INDIVIDUAL/DOMESTIC
2021,7,3,MEHIDIPATNAM,6,4,INDIVIDUAL/DOMESTIC
2021,7,3,MEHIDIPATNAM,6,1,"MULTI STORIED BUILDING"
2021,7,3,"OLD MALLEPALLY",3,3,INDIVIDUAL/DOMESTIC
2021,7,3,SHAIKPET,15,12,INDIVIDUAL/DOMESTIC
2021,7,3,"TOLI CHOWK",1,0,BULK
2021,7,3,"TOLI CHOWK",7,2,INDIVIDUAL/DOMESTIC
2021,7,3,"TOLI CHOWK",1,1,"MULTI STORIED BUILDING"
2021,7,3,"VIJAYNAGAR COLONY",3,2,INDIVIDUAL/DOMESTIC
2021,7,4,ALLABANDA,9,8,INDIVIDUAL/DOMESTIC
2021,7,4,GODE-KI-KABAR,2,2,INDIVIDUAL/DOMESTIC
2021,7,4,GODE-KI-KABAR,2,0,"MULTI STORIED BUILDING"
2021,7,4,GOWLIGUDA,2,1,INDIVIDUAL/DOMESTIC
2021,7,4,GUNFOUNDRY,2,2,INDIVIDUAL/DOMESTIC
2021,7,4,"HINDI NAGAR",3,1,INDIVIDUAL/DOMESTIC
2021,7,4,"RED HILLS HIGH LEVEL",2,1,INDIVIDUAL/DOMESTIC
2021,7,4,"RED HILLS LOW LEVEL",3,0,INDIVIDUAL/DOMESTIC
2021,7,4,"SULTAN BAZAR",5,4,INDIVIDUAL/DOMESTIC
2021,7,4,ZIAGUDA,3,1,INDIVIDUAL/DOMESTIC
2021,7,5,"ADIKMET DMA-1",7,5,INDIVIDUAL/DOMESTIC
2021,7,5,"ADIKMET DMA-1",3,3,"MULTI STORIED BUILDING"
2021,7,5,AZAMABAD,11,8,INDIVIDUAL/DOMESTIC
2021,7,5,AZAMABAD,2,1,"MULTI STORIED BUILDING"
2021,7,5,"BAGH LINGAMPALLY",1,0,INDIVIDUAL/DOMESTIC
2021,7,5,BARKATPURA,4,3,INDIVIDUAL/DOMESTIC
2021,7,5,"BOATS CLUB",49,12,INDIVIDUAL/DOMESTIC
2021,7,5,DOMALGUDA,1,0,INDIVIDUAL/DOMESTIC
2021,7,5,DOMALGUDA,4,0,"MULTI STORIED BUILDING"
2021,7,5,GANDHINAGAR,2,2,INDIVIDUAL/DOMESTIC
2021,7,5,GANDHINAGAR,3,0,"MULTI STORIED BUILDING"
2021,7,5,MUSHEERABAD,6,0,INDIVIDUAL/DOMESTIC
2021,7,5,NARAYANGUDA,7,3,INDIVIDUAL/DOMESTIC
2021,7,5,"RAMANTHAPUR (DIV 5)",15,6,INDIVIDUAL/DOMESTIC
2021,7,5,SHIVAM,6,5,INDIVIDUAL/DOMESTIC
2021,7,5,VIGYANPURI,7,4,INDIVIDUAL/DOMESTIC
2021,7,6,"BANJARA HILLS",5,1,INDIVIDUAL/DOMESTIC
2021,7,6,"BANJARA HILLS",1,1,"MULTI STORIED BUILDING"
2021,7,6,BORABANDA,8,2,INDIVIDUAL/DOMESTIC
2021,7,6,ERRAGADDA,12,6,INDIVIDUAL/DOMESTIC
2021,7,6,FATHENAGAR,1,1,BULK
2021,7,6,FATHENAGAR,4,0,INDIVIDUAL/DOMESTIC
2021,7,6,FATHENAGAR,2,1,"MULTI STORIED BUILDING"
2021,7,6,"FILM NAGAR",6,5,INDIVIDUAL/DOMESTIC
2021,7,6,"FILM NAGAR",1,0,"MULTI STORIED BUILDING"
2021,7,6,"JUBILEE HILLS",4,3,INDIVIDUAL/DOMESTIC
2021,7,6,"JUBILEE HILLS",6,2,"MULTI STORIED BUILDING"
2021,7,6,"S.P.R HILLS",17,6,INDIVIDUAL/DOMESTIC
2021,7,6,S.R.NAGAR,2,1,"MULTI STORIED BUILDING"
2021,7,6,SOMAJIGUDA,1,0,BULK
2021,7,6,SOMAJIGUDA,4,3,INDIVIDUAL/DOMESTIC
2021,7,6,SOMAJIGUDA,2,0,"MULTI STORIED BUILDING"
2021,7,6,THATTIKHANA,12,7,INDIVIDUAL/DOMESTIC
2021,7,6,THATTIKHANA,1,0,"MULTI STORIED BUILDING"
2021,7,6,VENGALRAONAGAR,5,2,INDIVIDUAL/DOMESTIC
2021,7,6,YELLAREDDYGUDA,1,1,INDIVIDUAL/DOMESTIC
2021,7,7,BOIGUDA,1,0,INDIVIDUAL/DOMESTIC
2021,7,7,BOIGUDA,1,0,"MULTI STORIED BUILDING"
2021,7,7,BOUDHANAGAR,1,1,INDIVIDUAL/DOMESTIC
2021,7,7,HUSSAINSAGAR,3,2,INDIVIDUAL/DOMESTIC
2021,7,7,LALAPET,6,4,INDIVIDUAL/DOMESTIC
2021,7,7,MARREDPALLY,26,16,INDIVIDUAL/DOMESTIC
2021,7,7,MARREDPALLY,1,0,"MULTI STORIED BUILDING"
2021,7,7,METTUGUDA,5,2,INDIVIDUAL/DOMESTIC
2021,7,7,NALLAGUTTA,1,1,INDIVIDUAL/DOMESTIC
2021,7,7,PRAKASHNAGAR,2,2,INDIVIDUAL/DOMESTIC
2021,7,7,SEETHAPALMANDI,7,3,INDIVIDUAL/DOMESTIC
2021,7,7,"SRINIVAS NAGAR",4,2,INDIVIDUAL/DOMESTIC
2021,7,7,"SRINIVAS NAGAR",1,1,"MULTI STORIED BUILDING"
2021,7,7,TARNAKA,1,0,INDIVIDUAL/DOMESTIC
2021,7,7,TARNAKA,1,1,"MULTI STORIED BUILDING"
2021,7,8,"PATHANCHERU 832",1,0,BULK
2021,7,9,"BALAJINAGAR (DIV 9)",3,2,INDIVIDUAL/DOMESTIC
2021,7,9,"BALAJINAGAR (DIV 9)",2,0,"MULTI STORIED BUILDING"
2021,7,9,BALANAGAR,15,9,INDIVIDUAL/DOMESTIC
2021,7,9,BHAGYANAGAR,1,0,BULK
2021,7,9,BHAGYANAGAR,7,5,INDIVIDUAL/DOMESTIC
2021,7,9,BHAGYANAGAR,5,3,"MULTI STORIED BUILDING"
2021,7,9,BHARATHNAGAR,19,17,INDIVIDUAL/DOMESTIC
2021,7,9,"GAYATRI NAGAR",1,0,INDIVIDUAL/DOMESTIC
2021,7,9,HASMATHPET,16,9,INDIVIDUAL/DOMESTIC
2021,7,9,HASMATHPET,1,0,"MULTI STORIED BUILDING"
2021,7,9,KPHB,9,5,INDIVIDUAL/DOMESTIC
2021,7,9,KPHB,3,1,"MULTI STORIED BUILDING"
2021,7,9,KUKATPALLY,14,9,INDIVIDUAL/DOMESTIC
2021,7,9,KUKATPALLY,2,1,"MULTI STORIED BUILDING"
2021,7,9,MOOSAPET,10,8,INDIVIDUAL/DOMESTIC
2021,7,9,MOOSAPET,5,2,"MULTI STORIED BUILDING"
2021,7,9,"MOTI NAGAR",1,1,INDIVIDUAL/DOMESTIC
2021,7,9,"VIVEKANANDA NAGAR",7,4,INDIVIDUAL/DOMESTIC
2021,7,9,"VIVEKANANDA NAGAR",3,3,"MULTI STORIED BUILDING"
2021,7,9,YELLAMMABANDA,99,74,INDIVIDUAL/DOMESTIC
2021,7,10,ALKAPURI,11,8,INDIVIDUAL/DOMESTIC
2021,7,10,ALKAPURI,1,1,"MULTI STORIED BUILDING"
2021,7,10,"B.N.REDDY NAGAR",36,27,INDIVIDUAL/DOMESTIC
2021,7,10,"B.N.REDDY NAGAR",3,2,"MULTI STORIED BUILDING"
2021,7,10,DILSHUKNAGAR,3,2,INDIVIDUAL/DOMESTIC
2021,7,10,"NGO COLONY",6,5,INDIVIDUAL/DOMESTIC
2021,7,10,"NGO COLONY",1,1,"MULTI STORIED BUILDING"
2021,7,10,SAROORNAGAR,12,7,INDIVIDUAL/DOMESTIC
2021,7,10,SAROORNAGAR,6,0,"MULTI STORIED BUILDING"
2021,7,10,"VAISHALINAGAR (DIV 10)",11,7,INDIVIDUAL/DOMESTIC
2021,7,10,"VAISHALINAGAR (DIV 10)",2,2,"MULTI STORIED BUILDING"
2021,7,10,"VANASTHALIPURAM (DIV 10)",1,0,BULK
2021,7,10,"VANASTHALIPURAM (DIV 10)",2,2,INDIVIDUAL/DOMESTIC
2021,7,12,ADARSHNAGAR,12,8,INDIVIDUAL/DOMESTIC
2021,7,12,"Bhagatsingh Nagar",3,2,INDIVIDUAL/DOMESTIC
2021,7,12,CHINTAL,12,10,INDIVIDUAL/DOMESTIC
2021,7,12,CHINTAL,5,1,"MULTI STORIED BUILDING"
2021,7,12,GAJULARAMARAM,38,30,INDIVIDUAL/DOMESTIC
2021,7,12,GAJULARAMARAM,10,4,"MULTI STORIED BUILDING"
2021,7,12,JEEDIMETLA,15,13,INDIVIDUAL/DOMESTIC
2021,7,12,JEEDIMETLA,7,1,"MULTI STORIED BUILDING"
2021,7,12,Jagathgirigutta,5,4,INDIVIDUAL/DOMESTIC
2021,7,12,SHAPOORNAGAR,6,2,INDIVIDUAL/DOMESTIC
2021,7,12,SHAPOORNAGAR,4,0,"MULTI STORIED BUILDING"
2021,7,12,SURARAM,1,0,BULK
2021,7,12,SURARAM,11,10,INDIVIDUAL/DOMESTIC
2021,7,12,SURARAM,1,0,"MULTI STORIED BUILDING"
2021,7,12,USHODAYA,11,8,INDIVIDUAL/DOMESTIC
2021,7,12,suchitra,16,13,INDIVIDUAL/DOMESTIC
2021,7,12,suchitra,6,5,"MULTI STORIED BUILDING"
2021,7,13,"ALWAL (Div13)",37,26,INDIVIDUAL/DOMESTIC
2021,7,13,"ALWAL (Div13)",4,0,"MULTI STORIED BUILDING"
2021,7,13,CHANUKYAPURI,17,14,INDIVIDUAL/DOMESTIC
2021,7,13,CHANUKYAPURI,3,2,"MULTI STORIED BUILDING"
2021,7,13,"DEFENCE COLONY",27,14,INDIVIDUAL/DOMESTIC
2021,7,13,"DEFENCE COLONY",1,1,"MULTI STORIED BUILDING"
2021,7,13,"FATHER BALAIAHNAGAR (Div13)",54,40,INDIVIDUAL/DOMESTIC
2021,7,13,"FATHER BALAIAHNAGAR (Div13)",1,0,"MULTI STORIED BUILDING"
2021,7,13,"GOWTHAM NAGAR",6,5,INDIVIDUAL/DOMESTIC
2021,7,13,MACHABOLLARAM,48,41,INDIVIDUAL/DOMESTIC
2021,7,13,MACHABOLLARAM,10,2,"MULTI STORIED BUILDING"
2021,7,13,SAINATHPURAM,38,23,INDIVIDUAL/DOMESTIC
2021,7,13,SAINATHPURAM,3,2,"MULTI STORIED BUILDING"
2021,7,13,"VAJPAYEE NAGAR",15,13,INDIVIDUAL/DOMESTIC
2021,7,13,"VAJPAYEE NAGAR",2,2,"MULTI STORIED BUILDING"
2021,7,13,VENKATAPURAM,15,13,INDIVIDUAL/DOMESTIC
2021,7,13,VENKATAPURAM,1,0,"MULTI STORIED BUILDING"
2021,7,13,"YAPRAL (Div13)",49,39,INDIVIDUAL/DOMESTIC
2021,7,13,"YAPRAL (Div13)",8,2,"MULTI STORIED BUILDING"
2021,7,14,"HOUSING BOARD",2,1,BULK
2021,7,14,"HOUSING BOARD",20,12,INDIVIDUAL/DOMESTIC
2021,7,14,"HOUSING BOARD",1,0,"MULTI STORIED BUILDING"
2021,7,14,HUBSIGUDA,3,2,INDIVIDUAL/DOMESTIC
2021,7,14,HUBSIGUDA,2,0,"MULTI STORIED BUILDING"
2021,7,14,NACHARAM,23,18,INDIVIDUAL/DOMESTIC
2021,7,14,NACHARAM,1,1,"MULTI STORIED BUILDING"
2021,7,14,RADHIKA,106,85,INDIVIDUAL/DOMESTIC
2021,7,14,RADHIKA,14,10,"MULTI STORIED BUILDING"
2021,7,14,"RAMANTHAPUR(DIV 14)",2,0,BULK
2021,7,14,"RAMANTHAPUR(DIV 14)",41,31,INDIVIDUAL/DOMESTIC
2021,7,14,"RAMANTHAPUR(DIV 14)",2,0,"MULTI STORIED BUILDING"
2021,7,14,"SAIBABA NAGAR",39,34,INDIVIDUAL/DOMESTIC
2021,7,14,"SAIBABA NAGAR",1,1,"MULTI STORIED BUILDING"
2021,7,14,UPPAL,40,29,INDIVIDUAL/DOMESTIC
2021,7,14,UPPAL,4,3,"MULTI STORIED BUILDING"
2021,7,15,"CHANDA NAGAR",1,1,BULK
2021,7,15,"CHANDA NAGAR",11,9,INDIVIDUAL/DOMESTIC
2021,7,15,"CHANDA NAGAR",3,2,"MULTI STORIED BUILDING"
2021,7,15,"DEEPTHISRI NAGAR (DIV 15)",11,8,INDIVIDUAL/DOMESTIC
2021,7,15,"GACHIBOWLI (DIV 15)",2,0,BULK
2021,7,15,"GACHIBOWLI (DIV 15)",21,18,INDIVIDUAL/DOMESTIC
2021,7,15,"GACHIBOWLI (DIV 15)",5,4,"MULTI STORIED BUILDING"
2021,7,15,"HAFEEZPET (DIV 15)",22,19,INDIVIDUAL/DOMESTIC
2021,7,15,"HAFEEZPET (DIV 15)",12,11,"MULTI STORIED BUILDING"
2021,7,15,"KONDAPUR (DIV 15)",58,37,INDIVIDUAL/DOMESTIC
2021,7,15,"KONDAPUR (DIV 15)",5,2,"MULTI STORIED BUILDING"
2021,7,15,MADHAPUR,2,0,BULK
2021,7,15,MADHAPUR,49,34,INDIVIDUAL/DOMESTIC
2021,7,15,MADHAPUR,8,7,"MULTI STORIED BUILDING"
2021,7,15,MIYAPUR,1,0,BULK
2021,7,15,MIYAPUR,20,15,INDIVIDUAL/DOMESTIC
2021,7,15,MIYAPUR,7,4,"MULTI STORIED BUILDING"
2021,7,15,"NALLAGANDLA (DIV 15)",1,0,BULK
2021,7,15,"NALLAGANDLA (DIV 15)",16,13,INDIVIDUAL/DOMESTIC
2021,7,15,"NALLAGANDLA (DIV 15)",2,1,"MULTI STORIED BUILDING"
2021,7,15,"PATANCHERU (DIV15)",18,14,INDIVIDUAL/DOMESTIC
2021,7,15,"PATANCHERU (DIV15)",3,1,"MULTI STORIED BUILDING"
2021,7,15,RAMACHANDRAPURAM,13,10,INDIVIDUAL/DOMESTIC
2021,7,15,RAMACHANDRAPURAM,1,1,"MULTI STORIED BUILDING"
2021,7,16,"BUDVEL (DIV16)",17,16,INDIVIDUAL/DOMESTIC
2021,7,16,"BUDVEL (DIV16)",3,0,"MULTI STORIED BUILDING"
2021,7,16,HYDERGUDA,2,1,BULK
2021,7,16,HYDERGUDA,53,46,INDIVIDUAL/DOMESTIC
2021,7,16,HYDERGUDA,7,4,"MULTI STORIED BUILDING"
2021,7,16,KATEDAN,12,12,INDIVIDUAL/DOMESTIC
2021,7,16,"MAILERDEV PALLY",21,16,INDIVIDUAL/DOMESTIC
2021,7,16,"SULEMAN NAGAR",1,1,INDIVIDUAL/DOMESTIC
2021,7,17,"OSMANSAGAR (DIV 17)",1,0,"MULTI STORIED BUILDING"
2021,7,18,"KISMATHPUR (DIV 18)",2,1,BULK
2021,7,18,"KISMATHPUR (DIV 18)",79,44,INDIVIDUAL/DOMESTIC
2021,7,18,"KISMATHPUR (DIV 18)",2,1,"MULTI STORIED BUILDING"
2021,7,18,"MANIKONDA (DIV 18)",3,3,BULK
2021,7,18,"MANIKONDA (DIV 18)",127,76,INDIVIDUAL/DOMESTIC
2021,7,18,"MANIKONDA (DIV 18)",8,5,"MULTI STORIED BUILDING"
2021,7,19,"BODUPPAL (DIV 19)",277,233,INDIVIDUAL/DOMESTIC
2021,7,19,"BODUPPAL (DIV 19)",4,3,"MULTI STORIED BUILDING"
2021,7,19,"CHEERYAL (DIV 19)",1,0,BULK
2021,7,19,"CHEERYAL (DIV 19)",1,0,INDIVIDUAL/DOMESTIC
2021,7,19,"DHAMMAIGUDA (DIV 19)",128,85,INDIVIDUAL/DOMESTIC
2021,7,19,"DHAMMAIGUDA (DIV 19)",1,0,"MULTI STORIED BUILDING"
2021,7,19,"NAGARAM (DIV 19)",115,56,INDIVIDUAL/DOMESTIC
2021,7,19,"NAGARAM (DIV 19)",1,0,"MULTI STORIED BUILDING"
2021,7,19,"PEERJADIGUDA (DIV 19)",71,55,INDIVIDUAL/DOMESTIC
2021,7,19,"PEERJADIGUDA (DIV 19)",10,2,"MULTI STORIED BUILDING"
2021,7,19,"POCHARAM (DIV 19)",61,21,INDIVIDUAL/DOMESTIC
2021,7,20,"BADANGPET  (DIV 20)",104,93,INDIVIDUAL/DOMESTIC
2021,7,20,"BADANGPET  (DIV 20)",1,1,"MULTI STORIED BUILDING"
2021,7,20,"JALPALLY (DIV 20)",264,191,INDIVIDUAL/DOMESTIC
2021,7,20,"JILLELAGUDA (DIV 20)",9,7,INDIVIDUAL/DOMESTIC
2021,7,20,"MEERPET (DIV 20)",23,16,INDIVIDUAL/DOMESTIC
2021,7,20,"MEERPET (DIV 20)",6,3,"MULTI STORIED BUILDING"
2021,7,20,"SHAMSHABAD (DIV 20)",2,0,INDIVIDUAL/DOMESTIC
2021,7,20,"THUKKUGUDA (PD 1)",1,0,BULK
2021,7,20,"THUKKUGUDA (PD 1)",6,3,INDIVIDUAL/DOMESTIC
2021,7,21,SAINIKPURI,1,0,BULK
2021,7,22,"ADIBATLA (PD 1)",1,0,BULK
2021,7,22,"PEDDA AMBERPET (PD 1)",67,58,INDIVIDUAL/DOMESTIC
2021,7,22,"PEDDA AMBERPET (PD 1)",1,1,"MULTI STORIED BUILDING"
2021,7,22,"TURKAYAMJAL (PD 1)",33,17,INDIVIDUAL/DOMESTIC
2021,7,23,"BACHUPALLY (PD 7)",28,27,INDIVIDUAL/DOMESTIC
2021,7,23,"BACHUPALLY (PD 7)",7,6,"MULTI STORIED BUILDING"
2021,7,23,"GANDIMAISAMMA (PD 7)",14,7,INDIVIDUAL/DOMESTIC
2021,7,23,"NIZAMPET (PD 7)",28,26,INDIVIDUAL/DOMESTIC
2021,7,23,"NIZAMPET (PD 7)",6,3,"MULTI STORIED BUILDING"
2021,7,23,"PRAGATHINAGAR (PD 7)",4,2,INDIVIDUAL/DOMESTIC
2021,7,23,"PRAGATHINAGAR (PD 7)",7,5,"MULTI STORIED BUILDING"
2021,7,24,"AMEENPUR (PD 8)",53,34,INDIVIDUAL/DOMESTIC
2021,7,24,"AMEENPUR (PD 8)",6,2,"MULTI STORIED BUILDING"
2021,7,24,"BEERAMGUDA (PD 8)",50,42,INDIVIDUAL/DOMESTIC
2021,7,24,"BEERAMGUDA (PD 8)",2,2,"MULTI STORIED BUILDING"
2021,7,25,"GUNDLAPOCHAMPALLY (PD 7)",1,0,INDIVIDUAL/DOMESTIC
2021,7,25,"JAWAHARNAGAR (PD 3)",1,0,INDIVIDUAL/DOMESTIC
2021,7,25,"KOMPALLY (PD 7)",12,6,INDIVIDUAL/DOMESTIC
2021,7,25,"KOMPALLY (PD 7)",1,1,"MULTI STORIED BUILDING"
2021,7,25,"THOOMKUNTA (PD 3)",32,24,INDIVIDUAL/DOMESTIC
2021,7,33,"RIYASATH NAGAR",2,2,INDIVIDUAL/DOMESTIC
2021,7,34,AUTONAGAR,46,32,INDIVIDUAL/DOMESTIC
2021,7,34,AUTONAGAR,6,1,"MULTI STORIED BUILDING"
2021,7,34,KAMALANAGAR,38,34,INDIVIDUAL/DOMESTIC
2021,7,34,KAMALANAGAR,5,3,"MULTI STORIED BUILDING"
2021,7,34,KOTHAPETA,5,4,INDIVIDUAL/DOMESTIC
2021,7,34,L.B.NAGAR,14,11,INDIVIDUAL/DOMESTIC
2021,7,34,L.B.NAGAR,2,2,"MULTI STORIED BUILDING"
2021,7,34,LINGOJIGUDA,3,1,INDIVIDUAL/DOMESTIC
2021,7,34,MANSOORABAD,10,8,INDIVIDUAL/DOMESTIC
2021,7,34,MANSOORABAD,1,1,"MULTI STORIED BUILDING"
2021,7,34,"MARUTHINAGAR (DIV 10)",1,0,INDIVIDUAL/DOMESTIC
2021,7,34,"MARUTHINAGAR (DIV 10)",1,1,"MULTI STORIED BUILDING"
2021,7,34,NAGOLE,17,14,INDIVIDUAL/DOMESTIC
2021,7,34,NAGOLE,1,1,"MULTI STORIED BUILDING"
2021,7,34,"SAHEBNAGAR (DIV 10)",41,22,INDIVIDUAL/DOMESTIC
2021,7,34,"SAHEBNAGAR (DIV 10)",10,10,"MULTI STORIED BUILDING"
2021,7,34,SAROORNAGAR,1,0,"MULTI STORIED BUILDING"
2021,7,34,"VANASTHALIPURAM (DIV 10)",12,11,INDIVIDUAL/DOMESTIC
2021,7,34,"VANASTHALIPURAM (DIV 10)",3,1,"MULTI STORIED BUILDING"
