year,month,division,section,applied,approved,category
2020,10,1,AZAMPURA,3,2,INDIVIDUAL/DOMESTIC
2020,10,1,BAHADURPURA,19,14,INDIVIDUAL/DOMESTIC
2020,10,1,"CHANUDLAL BHARADARI",4,3,INDIVIDUAL/DOMESTIC
2020,10,1,"DARUL SHIFA",3,2,INDIVIDUAL/DOMESTIC
2020,10,1,"DHOOD BOWLI",10,8,INDIVIDUAL/DOMESTIC
2020,10,1,"HASSAN NAGAR",14,11,INDIVIDUAL/DOMESTIC
2020,10,1,M.R.G.FILTERS,15,12,INDIVIDUAL/DOMESTIC
2020,10,1,MISRIGUNJ,4,4,INDIVIDUAL/DOMESTIC
2020,10,1,MOGHULPURA,8,7,INDIVIDUAL/DOMESTIC
2020,10,1,PATHERGATTI,6,6,INDIVIDUAL/DOMESTIC
2020,10,2,ALIABAD,8,8,INDIVIDUAL/DOMESTIC
2020,10,2,ASMANGARH,2,2,INDIVIDUAL/DOMESTIC
2020,10,2,ASMANGARH,2,1,"MULTI STORIED BUILDING"
2020,10,2,BALAPUR,14,8,INDIVIDUAL/DOMESTIC
2020,10,2,"BANDLAGUDA  (DIV 2)",54,45,INDIVIDUAL/DOMESTIC
2020,10,2,CHANCHALGUDA,3,3,INDIVIDUAL/DOMESTIC
2020,10,2,CHANCHALGUDA,1,0,"MULTI STORIED BUILDING"
2020,10,2,GOWLIPURA,1,1,INDIVIDUAL/DOMESTIC
2020,10,2,JAHANUMA,16,7,INDIVIDUAL/DOMESTIC
2020,10,2,MADANNAPET,1,1,INDIVIDUAL/DOMESTIC
2020,10,2,MALAKPET,6,5,INDIVIDUAL/DOMESTIC
2020,10,2,MALAKPET,1,0,"MULTI STORIED BUILDING"
2020,10,2,MOOSARAMBAGH,4,1,INDIVIDUAL/DOMESTIC
2020,10,2,MOOSARAMBAGH,2,1,"MULTI STORIED BUILDING"
2020,10,2,MYSARAM,10,6,INDIVIDUAL/DOMESTIC
2020,10,2,SANTOSHNAGAR,7,3,INDIVIDUAL/DOMESTIC
2020,10,2,SANTOSHNAGAR,1,1,"MULTI STORIED BUILDING"
2020,10,2,YAKATPURA,1,0,BULK
2020,10,2,YAKATPURA,1,1,INDIVIDUAL/DOMESTIC
2020,10,3,"AHMED NAGAR",13,8,INDIVIDUAL/DOMESTIC
2020,10,3,"ASIF NAGAR",3,1,INDIVIDUAL/DOMESTIC
2020,10,3,GOLCONDA,16,13,INDIVIDUAL/DOMESTIC
2020,10,3,"KAKATIYA NAGAR",2,1,INDIVIDUAL/DOMESTIC
2020,10,3,KARWAN,25,21,INDIVIDUAL/DOMESTIC
2020,10,3,KARWAN,2,1,"MULTI STORIED BUILDING"
2020,10,3,MEHIDIPATNAM,17,9,INDIVIDUAL/DOMESTIC
2020,10,3,"OLD MALLEPALLY",11,9,INDIVIDUAL/DOMESTIC
2020,10,3,SHAIKPET,10,8,INDIVIDUAL/DOMESTIC
2020,10,3,"TOLI CHOWK",10,5,INDIVIDUAL/DOMESTIC
2020,10,4,BOGULKUNTA,1,1,INDIVIDUAL/DOMESTIC
2020,10,4,GODE-KI-KABAR,4,3,INDIVIDUAL/DOMESTIC
2020,10,4,GOWLIGUDA,8,7,INDIVIDUAL/DOMESTIC
2020,10,4,GUNFOUNDRY,2,1,INDIVIDUAL/DOMESTIC
2020,10,4,GUNFOUNDRY,1,0,"MULTI STORIED BUILDING"
2020,10,4,"HINDI NAGAR",2,0,INDIVIDUAL/DOMESTIC
2020,10,4,"RED HILLS HIGH LEVEL",3,3,INDIVIDUAL/DOMESTIC
2020,10,4,"RED HILLS LOW LEVEL",2,2,INDIVIDUAL/DOMESTIC
2020,10,4,"SULTAN BAZAR",4,1,INDIVIDUAL/DOMESTIC
2020,10,4,ZIAGUDA,8,2,INDIVIDUAL/DOMESTIC
2020,10,5,"ADIKMET DMA-1",4,4,INDIVIDUAL/DOMESTIC
2020,10,5,"ADIKMET DMA-1",1,1,"MULTI STORIED BUILDING"
2020,10,5,AZAMABAD,4,1,INDIVIDUAL/DOMESTIC
2020,10,5,AZAMABAD,2,0,"MULTI STORIED BUILDING"
2020,10,5,"BAGH LINGAMPALLY",2,0,INDIVIDUAL/DOMESTIC
2020,10,5,BARKATPURA,4,4,INDIVIDUAL/DOMESTIC
2020,10,5,"BOATS CLUB",4,3,INDIVIDUAL/DOMESTIC
2020,10,5,DOMALGUDA,8,6,INDIVIDUAL/DOMESTIC
2020,10,5,DOMALGUDA,2,2,"MULTI STORIED BUILDING"
2020,10,5,GANDHINAGAR,2,0,INDIVIDUAL/DOMESTIC
2020,10,5,MUSHEERABAD,5,3,INDIVIDUAL/DOMESTIC
2020,10,5,NARAYANGUDA,6,4,INDIVIDUAL/DOMESTIC
2020,10,5,NARAYANGUDA,1,0,"MULTI STORIED BUILDING"
2020,10,5,"RAMANTHAPUR (DIV 5)",4,3,INDIVIDUAL/DOMESTIC
2020,10,5,SHIVAM,9,9,INDIVIDUAL/DOMESTIC
2020,10,5,SHIVAM,3,0,"MULTI STORIED BUILDING"
2020,10,5,VIGYANPURI,1,1,INDIVIDUAL/DOMESTIC
2020,10,6,"BANJARA HILLS",16,9,INDIVIDUAL/DOMESTIC
2020,10,6,ERRAGADDA,18,12,INDIVIDUAL/DOMESTIC
2020,10,6,ERRAGADDA,2,2,"MULTI STORIED BUILDING"
2020,10,6,FATHENAGAR,7,3,INDIVIDUAL/DOMESTIC
2020,10,6,FATHENAGAR,1,0,"MULTI STORIED BUILDING"
2020,10,6,"JUBILEE HILLS",14,3,INDIVIDUAL/DOMESTIC
2020,10,6,"JUBILEE HILLS",2,1,"MULTI STORIED BUILDING"
2020,10,6,"S.P.R HILLS",25,19,INDIVIDUAL/DOMESTIC
2020,10,6,"S.P.R HILLS",1,0,"MULTI STORIED BUILDING"
2020,10,6,S.R.NAGAR,5,3,INDIVIDUAL/DOMESTIC
2020,10,6,SOMAJIGUDA,4,2,INDIVIDUAL/DOMESTIC
2020,10,6,THATTIKHANA,10,8,INDIVIDUAL/DOMESTIC
2020,10,6,THATTIKHANA,1,0,"MULTI STORIED BUILDING"
2020,10,6,VENGALRAONAGAR,9,7,INDIVIDUAL/DOMESTIC
2020,10,6,YELLAREDDYGUDA,1,0,BULK
2020,10,6,YELLAREDDYGUDA,5,5,INDIVIDUAL/DOMESTIC
2020,10,7,BOIGUDA,24,10,INDIVIDUAL/DOMESTIC
2020,10,7,HUSSAINSAGAR,2,2,INDIVIDUAL/DOMESTIC
2020,10,7,HUSSAINSAGAR,1,1,"MULTI STORIED BUILDING"
2020,10,7,LALAPET,11,10,INDIVIDUAL/DOMESTIC
2020,10,7,MARREDPALLY,13,6,INDIVIDUAL/DOMESTIC
2020,10,7,METTUGUDA,1,1,INDIVIDUAL/DOMESTIC
2020,10,7,NALLAGUTTA,3,1,INDIVIDUAL/DOMESTIC
2020,10,7,PRAKASHNAGAR,1,0,BULK
2020,10,7,PRAKASHNAGAR,1,1,INDIVIDUAL/DOMESTIC
2020,10,7,PRAKASHNAGAR,1,1,"MULTI STORIED BUILDING"
2020,10,7,SEETHAPALMANDI,2,2,INDIVIDUAL/DOMESTIC
2020,10,7,"SRINIVAS NAGAR",9,7,INDIVIDUAL/DOMESTIC
2020,10,7,TARNAKA,6,5,INDIVIDUAL/DOMESTIC
2020,10,8,"PATHANCHERU 832",1,0,BULK
2020,10,9,"BALAJINAGAR (DIV 9)",2,1,BULK
2020,10,9,"BALAJINAGAR (DIV 9)",1,1,INDIVIDUAL/DOMESTIC
2020,10,9,"BALAJINAGAR (DIV 9)",1,1,"MULTI STORIED BUILDING"
2020,10,9,BALANAGAR,8,4,INDIVIDUAL/DOMESTIC
2020,10,9,BHAGYANAGAR,131,106,INDIVIDUAL/DOMESTIC
2020,10,9,BHAGYANAGAR,10,8,"MULTI STORIED BUILDING"
2020,10,9,HASMATHPET,10,9,INDIVIDUAL/DOMESTIC
2020,10,9,KPHB,20,17,INDIVIDUAL/DOMESTIC
2020,10,9,KPHB,3,3,"MULTI STORIED BUILDING"
2020,10,9,MOOSAPET,77,47,INDIVIDUAL/DOMESTIC
2020,10,9,MOOSAPET,1,0,"MULTI STORIED BUILDING"
2020,10,9,"VIVEKANANDA NAGAR",1,1,INDIVIDUAL/DOMESTIC
2020,10,10,ALKAPURI,7,3,INDIVIDUAL/DOMESTIC
2020,10,10,ALKAPURI,1,1,"MULTI STORIED BUILDING"
2020,10,10,DILSHUKNAGAR,4,4,INDIVIDUAL/DOMESTIC
2020,10,10,SAROORNAGAR,11,7,INDIVIDUAL/DOMESTIC
2020,10,10,SAROORNAGAR,4,1,"MULTI STORIED BUILDING"
2020,10,10,"VAISHALINAGAR (DIV 10)",4,4,INDIVIDUAL/DOMESTIC
2020,10,10,"VANASTHALIPURAM (DIV 10)",4,3,INDIVIDUAL/DOMESTIC
2020,10,12,ADARSHNAGAR,35,29,INDIVIDUAL/DOMESTIC
2020,10,12,CHINTAL,36,32,INDIVIDUAL/DOMESTIC
2020,10,12,CHINTAL,4,2,"MULTI STORIED BUILDING"
2020,10,12,JEEDIMETLA,2,0,BULK
2020,10,12,JEEDIMETLA,60,51,INDIVIDUAL/DOMESTIC
2020,10,12,JEEDIMETLA,3,0,"MULTI STORIED BUILDING"
2020,10,12,SHAPOORNAGAR,122,102,INDIVIDUAL/DOMESTIC
2020,10,12,SHAPOORNAGAR,1,1,"MULTI STORIED BUILDING"
2020,10,13,"ALWAL (Div13)",36,25,INDIVIDUAL/DOMESTIC
2020,10,13,"ALWAL (Div13)",3,1,"MULTI STORIED BUILDING"
2020,10,13,CHANUKYAPURI,13,6,INDIVIDUAL/DOMESTIC
2020,10,13,CHANUKYAPURI,3,2,"MULTI STORIED BUILDING"
2020,10,13,"DEFENCE COLONY",32,25,INDIVIDUAL/DOMESTIC
2020,10,13,"DEFENCE COLONY",7,4,"MULTI STORIED BUILDING"
2020,10,13,"FATHER BALAIAHNAGAR (Div13)",19,12,INDIVIDUAL/DOMESTIC
2020,10,13,"GOWTHAM NAGAR",10,10,INDIVIDUAL/DOMESTIC
2020,10,13,"GOWTHAM NAGAR",2,2,"MULTI STORIED BUILDING"
2020,10,13,MACHABOLLARAM,30,29,INDIVIDUAL/DOMESTIC
2020,10,13,MACHABOLLARAM,1,0,"MULTI STORIED BUILDING"
2020,10,13,SAINATHPURAM,56,46,INDIVIDUAL/DOMESTIC
2020,10,13,SAINATHPURAM,3,3,"MULTI STORIED BUILDING"
2020,10,13,"YAPRAL (Div13)",62,30,INDIVIDUAL/DOMESTIC
2020,10,13,"YAPRAL (Div13)",4,2,"MULTI STORIED BUILDING"
2020,10,14,"HOUSING BOARD",48,30,INDIVIDUAL/DOMESTIC
2020,10,14,"HOUSING BOARD",1,1,"MULTI STORIED BUILDING"
2020,10,14,HUBSIGUDA,7,7,INDIVIDUAL/DOMESTIC
2020,10,14,HUBSIGUDA,1,1,"MULTI STORIED BUILDING"
2020,10,14,RADHIKA,1,0,BULK
2020,10,14,RADHIKA,102,91,INDIVIDUAL/DOMESTIC
2020,10,14,RADHIKA,2,0,"MULTI STORIED BUILDING"
2020,10,14,"RAMANTHAPUR(DIV 14)",28,23,INDIVIDUAL/DOMESTIC
2020,10,14,UPPAL,1,0,BULK
2020,10,14,UPPAL,31,25,INDIVIDUAL/DOMESTIC
2020,10,14,UPPAL,4,3,"MULTI STORIED BUILDING"
2020,10,15,"CHANDA NAGAR",42,38,INDIVIDUAL/DOMESTIC
2020,10,15,"CHANDA NAGAR",1,1,"MULTI STORIED BUILDING"
2020,10,15,"GACHIBOWLI (DIV 15)",2,0,BULK
2020,10,15,"GACHIBOWLI (DIV 15)",77,53,INDIVIDUAL/DOMESTIC
2020,10,15,"GACHIBOWLI (DIV 15)",2,1,"MULTI STORIED BUILDING"
2020,10,15,MADHAPUR,1,0,BULK
2020,10,15,MADHAPUR,141,98,INDIVIDUAL/DOMESTIC
2020,10,15,MADHAPUR,19,12,"MULTI STORIED BUILDING"
2020,10,15,MIYAPUR,2,1,BULK
2020,10,15,MIYAPUR,62,56,INDIVIDUAL/DOMESTIC
2020,10,15,MIYAPUR,7,3,"MULTI STORIED BUILDING"
2020,10,15,"PATANCHERU (DIV15)",8,4,INDIVIDUAL/DOMESTIC
2020,10,15,RAMACHANDRAPURAM,12,11,INDIVIDUAL/DOMESTIC
2020,10,16,"BUDVEL (DIV16)",26,25,INDIVIDUAL/DOMESTIC
2020,10,16,"BUDVEL (DIV16)",2,1,"MULTI STORIED BUILDING"
2020,10,16,HYDERGUDA,116,99,INDIVIDUAL/DOMESTIC
2020,10,16,HYDERGUDA,2,2,"MULTI STORIED BUILDING"
2020,10,16,"MAILERDEV PALLY",56,54,INDIVIDUAL/DOMESTIC
2020,10,16,"MAILERDEV PALLY",1,1,"MULTI STORIED BUILDING"
2020,10,18,"KISMATHPUR (DIV 18)",1,1,BULK
2020,10,18,"KISMATHPUR (DIV 18)",36,17,INDIVIDUAL/DOMESTIC
2020,10,18,"KISMATHPUR (DIV 18)",2,2,"MULTI STORIED BUILDING"
2020,10,18,"MANIKONDA (DIV 18)",25,19,INDIVIDUAL/DOMESTIC
2020,10,18,"MANIKONDA (DIV 18)",12,8,"MULTI STORIED BUILDING"
2020,10,19,"BODUPPAL (DIV 19)",163,135,INDIVIDUAL/DOMESTIC
2020,10,19,"CHEERYAL (DIV 19)",1,0,BULK
2020,10,19,"CHEERYAL (DIV 19)",3,0,INDIVIDUAL/DOMESTIC
2020,10,19,"DHAMMAIGUDA (DIV 19)",70,38,INDIVIDUAL/DOMESTIC
2020,10,19,"NAGARAM (DIV 19)",69,44,INDIVIDUAL/DOMESTIC
2020,10,19,"NAGARAM (DIV 19)",1,0,"MULTI STORIED BUILDING"
2020,10,19,"PEERJADIGUDA (DIV 19)",50,42,INDIVIDUAL/DOMESTIC
2020,10,19,"PEERJADIGUDA (DIV 19)",1,1,"MULTI STORIED BUILDING"
2020,10,19,"POCHARAM (DIV 19)",34,16,INDIVIDUAL/DOMESTIC
2020,10,20,"BADANGPET  (DIV 20)",62,51,INDIVIDUAL/DOMESTIC
2020,10,20,"JALPALLY (DIV 20)",71,46,INDIVIDUAL/DOMESTIC
2020,10,20,"JILLELAGUDA (DIV 20)",11,10,INDIVIDUAL/DOMESTIC
2020,10,20,"MEERPET (DIV 20)",19,14,INDIVIDUAL/DOMESTIC
2020,10,20,"MEERPET (DIV 20)",1,0,"MULTI STORIED BUILDING"
2020,10,20,"SHAMSHABAD (DIV 20)",1,0,INDIVIDUAL/DOMESTIC
2020,10,20,"THUKKUGUDA (PD 1)",2,0,BULK
2020,10,20,"THUKKUGUDA (PD 1)",17,13,INDIVIDUAL/DOMESTIC
2020,10,22,"PEDDA AMBERPET (PD 1)",20,12,INDIVIDUAL/DOMESTIC
2020,10,22,"TURKAYAMJAL (PD 1)",109,92,INDIVIDUAL/DOMESTIC
2020,10,23,"BACHUPALLY (PD 7)",1,1,BULK
2020,10,23,"BACHUPALLY (PD 7)",28,9,INDIVIDUAL/DOMESTIC
2020,10,23,"BACHUPALLY (PD 7)",7,5,"MULTI STORIED BUILDING"
2020,10,23,"GANDIMAISAMMA (PD 7)",1,0,BULK
2020,10,23,"GANDIMAISAMMA (PD 7)",23,8,INDIVIDUAL/DOMESTIC
2020,10,23,"NIZAMPET (PD 7)",41,33,INDIVIDUAL/DOMESTIC
2020,10,23,"NIZAMPET (PD 7)",6,4,"MULTI STORIED BUILDING"
2020,10,23,"PRAGATHINAGAR (PD 7)",7,4,INDIVIDUAL/DOMESTIC
2020,10,23,"PRAGATHINAGAR (PD 7)",3,2,"MULTI STORIED BUILDING"
2020,10,24,"AMEENPUR (PD 8)",97,75,INDIVIDUAL/DOMESTIC
2020,10,24,"AMEENPUR (PD 8)",1,0,"MULTI STORIED BUILDING"
2020,10,24,"BEERAMGUDA (PD 8)",50,45,INDIVIDUAL/DOMESTIC
2020,10,24,"BEERAMGUDA (PD 8)",3,0,"MULTI STORIED BUILDING"
2020,10,25,"GUNDLAPOCHAMPALLY (PD 7)",1,0,INDIVIDUAL/DOMESTIC
2020,10,25,"JAWAHARNAGAR (PD 3)",1,0,INDIVIDUAL/DOMESTIC
2020,10,25,"KOMPALLY (PD 7)",15,8,INDIVIDUAL/DOMESTIC
2020,10,25,"KOMPALLY (PD 7)",1,0,"MULTI STORIED BUILDING"
2020,10,25,"THOOMKUNTA (PD 3)",19,10,INDIVIDUAL/DOMESTIC
2020,10,34,ALKAPURI,2,2,INDIVIDUAL/DOMESTIC
2020,10,34,AUTONAGAR,61,55,INDIVIDUAL/DOMESTIC
2020,10,34,AUTONAGAR,4,3,"MULTI STORIED BUILDING"
2020,10,34,L.B.NAGAR,14,8,INDIVIDUAL/DOMESTIC
2020,10,34,L.B.NAGAR,6,6,"MULTI STORIED BUILDING"
2020,10,34,MANSOORABAD,37,32,INDIVIDUAL/DOMESTIC
2020,10,34,"MARUTHINAGAR (DIV 10)",5,3,INDIVIDUAL/DOMESTIC
2020,10,34,"MARUTHINAGAR (DIV 10)",1,1,"MULTI STORIED BUILDING"
2020,10,34,"SAHEBNAGAR (DIV 10)",88,60,INDIVIDUAL/DOMESTIC
2020,10,34,"SAHEBNAGAR (DIV 10)",3,3,"MULTI STORIED BUILDING"
2020,10,34,"VANASTHALIPURAM (DIV 10)",31,26,INDIVIDUAL/DOMESTIC
2020,10,34,"VANASTHALIPURAM (DIV 10)",2,2,"MULTI STORIED BUILDING"
