year,month,division,section,applied,approved,category
2014,6,1,AZAMPURA,4,4,INDIVIDUAL/DOMESTIC
2014,6,1,BAHADURPURA,1,0,BULK
2014,6,1,BAHADURPURA,67,63,INDIVIDUAL/DOMESTIC
2014,6,1,"CHANUDLAL BHARADARI",5,4,INDIVIDUAL/DOMESTIC
2014,6,1,"CHANUDLAL BHARADARI",1,0,"MULTI STORIED BUILDING"
2014,6,1,"DARUL SHIFA",2,2,INDIVIDUAL/DOMESTIC
2014,6,1,"DHOOD BOWLI",3,2,INDIVIDUAL/DOMESTIC
2014,6,1,"HASSAN NAGAR",1,1,INDIVIDUAL/DOMESTIC
2014,6,1,M.R.G.FILTERS,35,31,INDIVIDUAL/DOMESTIC
2014,6,1,MISRIGUNJ,2,1,INDIVIDUAL/DOMESTIC
2014,6,1,MOGHULPURA,7,7,INDIVIDUAL/DOMESTIC
2014,6,1,PATHERGATTI,5,2,INDIVIDUAL/DOMESTIC
2014,6,2,ALIABAD,4,3,INDIVIDUAL/DOMESTIC
2014,6,2,ASMANGARH,10,4,INDIVIDUAL/DOMESTIC
2014,6,2,BALAPUR,20,14,INDIVIDUAL/DOMESTIC
2014,6,2,CHANCHALGUDA,1,0,INDIVIDUAL/DOMESTIC
2014,6,2,GOWLIPURA,4,2,INDIVIDUAL/DOMESTIC
2014,6,2,GOWLIPURA,1,0,"MULTI STORIED BUILDING"
2014,6,2,JAHANUMA,12,5,INDIVIDUAL/DOMESTIC
2014,6,2,MADANNAPET,3,3,INDIVIDUAL/DOMESTIC
2014,6,2,MALAKPET,9,9,INDIVIDUAL/DOMESTIC
2014,6,2,MOOSARAMBAGH,4,4,INDIVIDUAL/DOMESTIC
2014,6,2,MOOSARAMBAGH,1,0,"NON REVENUE CONNECTIONS"
2014,6,2,MYSARAM,13,5,INDIVIDUAL/DOMESTIC
2014,6,2,SAIDABAD,1,1,INDIVIDUAL/DOMESTIC
2014,6,2,SANTOSHNAGAR,16,13,INDIVIDUAL/DOMESTIC
2014,6,2,SANTOSHNAGAR,1,1,"MULTI STORIED BUILDING"
2014,6,2,YAKATPURA,13,13,INDIVIDUAL/DOMESTIC
2014,6,3,"AHMED NAGAR",28,22,INDIVIDUAL/DOMESTIC
2014,6,3,"AHMED NAGAR",1,0,"MULTI STORIED BUILDING"
2014,6,3,"ASIF NAGAR",1,0,INDIVIDUAL/DOMESTIC
2014,6,3,GOLCONDA,21,14,INDIVIDUAL/DOMESTIC
2014,6,3,HAKEEMPET,1,1,INDIVIDUAL/DOMESTIC
2014,6,3,"KAKATIYA NAGAR",11,4,INDIVIDUAL/DOMESTIC
2014,6,3,"KAKATIYA NAGAR",1,1,"MULTI STORIED BUILDING"
2014,6,3,KARWAN,18,10,INDIVIDUAL/DOMESTIC
2014,6,3,MEHIDIPATNAM,22,20,INDIVIDUAL/DOMESTIC
2014,6,3,MEHIDIPATNAM,1,0,"MULTI STORIED BUILDING"
2014,6,3,"OLD MALLEPALLY",8,3,INDIVIDUAL/DOMESTIC
2014,6,3,"OLD MALLEPALLY",2,1,"MULTI STORIED BUILDING"
2014,6,3,SHAIKPET,1,1,BULK
2014,6,3,SHAIKPET,67,55,INDIVIDUAL/DOMESTIC
2014,6,3,SHAIKPET,2,1,"MULTI STORIED BUILDING"
2014,6,3,"TOLI CHOWK",7,5,INDIVIDUAL/DOMESTIC
2014,6,3,"TOLI CHOWK",1,0,"MULTI STORIED BUILDING"
2014,6,3,"VIJAYNAGAR COLONY",5,2,INDIVIDUAL/DOMESTIC
2014,6,3,"VIJAYNAGAR COLONY",2,0,"MULTI STORIED BUILDING"
2014,6,4,ALLABANDA,2,1,INDIVIDUAL/DOMESTIC
2014,6,4,GODE-KI-KABAR,14,8,INDIVIDUAL/DOMESTIC
2014,6,4,GOWLIGUDA,6,3,INDIVIDUAL/DOMESTIC
2014,6,4,GUNFOUNDRY,4,3,INDIVIDUAL/DOMESTIC
2014,6,4,GUNFOUNDRY,1,0,"MULTI STORIED BUILDING"
2014,6,4,"HINDI NAGAR",10,3,INDIVIDUAL/DOMESTIC
2014,6,4,"RED HILLS HIGH LEVEL",3,3,INDIVIDUAL/DOMESTIC
2014,6,4,"RED HILLS HIGH LEVEL",2,1,"MULTI STORIED BUILDING"
2014,6,4,"RED HILLS LOW LEVEL",1,0,INDIVIDUAL/DOMESTIC
2014,6,4,"RED HILLS LOW LEVEL",1,0,"MULTI STORIED BUILDING"
2014,6,4,"SULTAN BAZAR",5,3,INDIVIDUAL/DOMESTIC
2014,6,4,ZIAGUDA,11,7,INDIVIDUAL/DOMESTIC
2014,6,5,"ADIKMET DMA-1",5,2,INDIVIDUAL/DOMESTIC
2014,6,5,"ADIKMET DMA-2",3,2,INDIVIDUAL/DOMESTIC
2014,6,5,AZAMABAD,13,8,INDIVIDUAL/DOMESTIC
2014,6,5,"BAGH LINGAMPALLY",7,6,INDIVIDUAL/DOMESTIC
2014,6,5,BARKATPURA,7,5,INDIVIDUAL/DOMESTIC
2014,6,5,"BOATS CLUB",12,10,INDIVIDUAL/DOMESTIC
2014,6,5,DOMALGUDA,3,2,INDIVIDUAL/DOMESTIC
2014,6,5,GANDHINAGAR,6,4,INDIVIDUAL/DOMESTIC
2014,6,5,GANDHINAGAR,3,2,"MULTI STORIED BUILDING"
2014,6,5,MUSHEERABAD,9,9,INDIVIDUAL/DOMESTIC
2014,6,5,NARAYANGUDA,15,7,INDIVIDUAL/DOMESTIC
2014,6,5,"RAMANTHAPUR (DIV 5)",4,3,INDIVIDUAL/DOMESTIC
2014,6,5,SHIVAM,10,8,INDIVIDUAL/DOMESTIC
2014,6,5,VIGYANPURI,1,0,INDIVIDUAL/DOMESTIC
2014,6,6,"BANJARA HILLS",14,8,INDIVIDUAL/DOMESTIC
2014,6,6,"BANJARA HILLS",1,0,"MULTI STORIED BUILDING"
2014,6,6,BORABANDA,4,4,INDIVIDUAL/DOMESTIC
2014,6,6,ERRAGADDA,19,13,INDIVIDUAL/DOMESTIC
2014,6,6,ERRAGADDA,2,1,"MULTI STORIED BUILDING"
2014,6,6,FATHENAGAR,4,2,INDIVIDUAL/DOMESTIC
2014,6,6,FATHENAGAR,1,1,"MULTI STORIED BUILDING"
2014,6,6,"JUBILEE HILLS",37,21,INDIVIDUAL/DOMESTIC
2014,6,6,"JUBILEE HILLS",6,4,"MULTI STORIED BUILDING"
2014,6,6,"S.P.R HILLS",17,12,INDIVIDUAL/DOMESTIC
2014,6,6,"S.P.R HILLS",1,0,"MULTI STORIED BUILDING"
2014,6,6,S.R.NAGAR,2,2,INDIVIDUAL/DOMESTIC
2014,6,6,S.R.NAGAR,2,1,"MULTI STORIED BUILDING"
2014,6,6,SOMAJIGUDA,7,3,INDIVIDUAL/DOMESTIC
2014,6,6,SOMAJIGUDA,3,1,"MULTI STORIED BUILDING"
2014,6,6,THATTIKHANA,15,11,INDIVIDUAL/DOMESTIC
2014,6,6,THATTIKHANA,3,0,"MULTI STORIED BUILDING"
2014,6,6,VENGALRAONAGAR,18,13,INDIVIDUAL/DOMESTIC
2014,6,6,YELLAREDDYGUDA,7,6,INDIVIDUAL/DOMESTIC
2014,6,6,YELLAREDDYGUDA,3,1,"MULTI STORIED BUILDING"
2014,6,7,BOIGUDA,1,1,BULK
2014,6,7,BOIGUDA,6,3,INDIVIDUAL/DOMESTIC
2014,6,7,BOIGUDA,1,1,"MULTI STORIED BUILDING"
2014,6,7,HUSSAINSAGAR,17,10,INDIVIDUAL/DOMESTIC
2014,6,7,HUSSAINSAGAR,1,0,"MULTI STORIED BUILDING"
2014,6,7,LALAPET,17,14,INDIVIDUAL/DOMESTIC
2014,6,7,MARREDPALLY,13,7,INDIVIDUAL/DOMESTIC
2014,6,7,MARREDPALLY,4,2,"MULTI STORIED BUILDING"
2014,6,7,METTUGUDA,1,0,BULK
2014,6,7,METTUGUDA,4,3,INDIVIDUAL/DOMESTIC
2014,6,7,METTUGUDA,1,1,"MULTI STORIED BUILDING"
2014,6,7,NALLAGUTTA,4,4,INDIVIDUAL/DOMESTIC
2014,6,7,PRAKASHNAGAR,8,7,INDIVIDUAL/DOMESTIC
2014,6,7,PRAKASHNAGAR,2,1,"MULTI STORIED BUILDING"
2014,6,7,SEETHAPALMANDI,7,2,INDIVIDUAL/DOMESTIC
2014,6,7,"SRINIVAS NAGAR",10,6,INDIVIDUAL/DOMESTIC
2014,6,7,"SRINIVAS NAGAR",2,2,"MULTI STORIED BUILDING"
2014,6,7,TARNAKA,2,0,BULK
2014,6,7,TARNAKA,14,11,INDIVIDUAL/DOMESTIC
2014,6,8,"PATHANCHERU 832",2,0,INDIVIDUAL/DOMESTIC
2014,6,8,"PATHANCHERU 850",1,0,BULK
2014,6,9,"BALAJINAGAR (DIV 9)",4,3,INDIVIDUAL/DOMESTIC
2014,6,9,"BALAJINAGAR (DIV 9)",1,0,"MULTI STORIED BUILDING"
2014,6,9,BALANAGAR,10,5,INDIVIDUAL/DOMESTIC
2014,6,9,BHAGYANAGAR,1,0,BULK
2014,6,9,BHAGYANAGAR,65,49,INDIVIDUAL/DOMESTIC
2014,6,9,BHAGYANAGAR,15,5,"MULTI STORIED BUILDING"
2014,6,9,"GAYATRI NAGAR",1,0,INDIVIDUAL/DOMESTIC
2014,6,9,HASMATHPET,26,21,INDIVIDUAL/DOMESTIC
2014,6,9,HASMATHPET,1,1,"MULTI STORIED BUILDING"
2014,6,9,KPHB,2,0,BULK
2014,6,9,KPHB,15,10,INDIVIDUAL/DOMESTIC
2014,6,9,KPHB,3,2,"MULTI STORIED BUILDING"
2014,6,9,MOOSAPET,52,37,INDIVIDUAL/DOMESTIC
2014,6,9,MOOSAPET,2,2,"MULTI STORIED BUILDING"
2014,6,9,"MOTI NAGAR",1,0,INDIVIDUAL/DOMESTIC
2014,6,9,"VIVEKANANDA NAGAR",2,1,INDIVIDUAL/DOMESTIC
2014,6,10,ALKAPURI,1,0,BULK
2014,6,10,ALKAPURI,23,19,INDIVIDUAL/DOMESTIC
2014,6,10,ALKAPURI,3,2,"MULTI STORIED BUILDING"
2014,6,10,DILSHUKNAGAR,21,21,INDIVIDUAL/DOMESTIC
2014,6,10,SAROORNAGAR,25,22,INDIVIDUAL/DOMESTIC
2014,6,10,SAROORNAGAR,4,3,"MULTI STORIED BUILDING"
2014,6,10,"VAISHALINAGAR (DIV 10)",18,14,INDIVIDUAL/DOMESTIC
2014,6,10,"VAISHALINAGAR (DIV 10)",1,1,"MULTI STORIED BUILDING"
2014,6,10,"VANASTHALIPURAM (DIV 10)",1,1,INDIVIDUAL/DOMESTIC
2014,6,12,ADARSHNAGAR,63,43,INDIVIDUAL/DOMESTIC
2014,6,12,CHINTAL,48,35,INDIVIDUAL/DOMESTIC
2014,6,12,CHINTAL,2,1,"MULTI STORIED BUILDING"
2014,6,12,JEEDIMETLA,51,43,INDIVIDUAL/DOMESTIC
2014,6,12,JEEDIMETLA,3,0,"MULTI STORIED BUILDING"
2014,6,12,SHAPOORNAGAR,1,0,BULK
2014,6,12,SHAPOORNAGAR,61,43,INDIVIDUAL/DOMESTIC
2014,6,12,SHAPOORNAGAR,1,0,"MULTI STORIED BUILDING"
2014,6,13,"ALWAL (Div13)",2,0,BULK
2014,6,13,"ALWAL (Div13)",56,47,INDIVIDUAL/DOMESTIC
2014,6,13,"ALWAL (Div13)",9,4,"MULTI STORIED BUILDING"
2014,6,13,CHANUKYAPURI,23,19,INDIVIDUAL/DOMESTIC
2014,6,13,CHANUKYAPURI,1,1,"MULTI STORIED BUILDING"
2014,6,13,"DEFENCE COLONY",54,39,INDIVIDUAL/DOMESTIC
2014,6,13,"DEFENCE COLONY",5,1,"MULTI STORIED BUILDING"
2014,6,13,"FATHER BALAIAHNAGAR (Div13)",37,33,INDIVIDUAL/DOMESTIC
2014,6,13,"FATHER BALAIAHNAGAR (Div13)",3,3,"MULTI STORIED BUILDING"
2014,6,13,"GOWTHAM NAGAR",22,15,INDIVIDUAL/DOMESTIC
2014,6,13,"GOWTHAM NAGAR",1,0,"MULTI STORIED BUILDING"
2014,6,13,MACHABOLLARAM,11,10,INDIVIDUAL/DOMESTIC
2014,6,13,MALKAJGIRI,1,0,INDIVIDUAL/DOMESTIC
2014,6,13,SAINATHPURAM,1,0,BULK
2014,6,13,SAINATHPURAM,31,23,INDIVIDUAL/DOMESTIC
2014,6,13,SAINATHPURAM,5,3,"MULTI STORIED BUILDING"
2014,6,13,"YAPRAL (Div13)",1,1,BULK
2014,6,13,"YAPRAL (Div13)",13,8,INDIVIDUAL/DOMESTIC
2014,6,13,"YAPRAL (Div13)",2,0,"MULTI STORIED BUILDING"
2014,6,14,"HOUSING BOARD",44,24,INDIVIDUAL/DOMESTIC
2014,6,14,"HOUSING BOARD",3,2,"MULTI STORIED BUILDING"
2014,6,14,HUBSIGUDA,6,6,INDIVIDUAL/DOMESTIC
2014,6,14,HUBSIGUDA,1,1,"MULTI STORIED BUILDING"
2014,6,14,RADHIKA,70,40,INDIVIDUAL/DOMESTIC
2014,6,14,RADHIKA,1,0,"MULTI STORIED BUILDING"
2014,6,14,"RAMANTHAPUR(DIV 14)",32,25,INDIVIDUAL/DOMESTIC
2014,6,14,"RAMANTHAPUR(DIV 14)",1,1,"MULTI STORIED BUILDING"
2014,6,14,UPPAL,7,0,BULK
2014,6,14,UPPAL,39,34,INDIVIDUAL/DOMESTIC
2014,6,14,UPPAL,1,1,"MULTI STORIED BUILDING"
2014,6,15,"CHANDA NAGAR",27,21,INDIVIDUAL/DOMESTIC
2014,6,15,"CHANDA NAGAR",3,2,"MULTI STORIED BUILDING"
2014,6,15,"GACHIBOWLI (DIV 15)",1,1,BULK
2014,6,15,"GACHIBOWLI (DIV 15)",112,84,INDIVIDUAL/DOMESTIC
2014,6,15,"GACHIBOWLI (DIV 15)",2,0,"MULTI STORIED BUILDING"
2014,6,15,"GACHIBOWLI (DIV 15)",1,1,"NON REVENUE CONNECTIONS"
2014,6,15,MADHAPUR,67,47,INDIVIDUAL/DOMESTIC
2014,6,15,MADHAPUR,18,6,"MULTI STORIED BUILDING"
2014,6,15,MIYAPUR,44,36,INDIVIDUAL/DOMESTIC
2014,6,15,MIYAPUR,18,9,"MULTI STORIED BUILDING"
2014,6,15,RAMACHANDRAPURAM,8,6,INDIVIDUAL/DOMESTIC
2014,6,15,RAMACHANDRAPURAM,3,2,"MULTI STORIED BUILDING"
2014,6,16,"BUDVEL (DIV16)",8,7,INDIVIDUAL/DOMESTIC
2014,6,16,HYDERGUDA,90,70,INDIVIDUAL/DOMESTIC
2014,6,16,HYDERGUDA,9,4,"MULTI STORIED BUILDING"
2014,6,16,"MAILERDEV PALLY",61,47,INDIVIDUAL/DOMESTIC
2014,6,19,"BODUPPAL (DIV 19)",1,0,"MULTI STORIED BUILDING"
2014,6,21,SAINIKPURI,2,0,BULK
2014,6,34,AUTONAGAR,14,14,INDIVIDUAL/DOMESTIC
2014,6,34,AUTONAGAR,1,1,"MULTI STORIED BUILDING"
2014,6,34,KOTHAPETA,1,0,INDIVIDUAL/DOMESTIC
2014,6,34,KOTHAPETA,2,0,"MULTI STORIED BUILDING"
2014,6,34,L.B.NAGAR,76,68,INDIVIDUAL/DOMESTIC
2014,6,34,L.B.NAGAR,3,3,"MULTI STORIED BUILDING"
2014,6,34,MANSOORABAD,6,6,INDIVIDUAL/DOMESTIC
2014,6,34,MANSOORABAD,5,4,"MULTI STORIED BUILDING"
2014,6,34,"MARUTHINAGAR (DIV 10)",31,29,INDIVIDUAL/DOMESTIC
2014,6,34,"MARUTHINAGAR (DIV 10)",2,2,"MULTI STORIED BUILDING"
2014,6,34,NAGOLE,1,0,INDIVIDUAL/DOMESTIC
2014,6,34,"SAHEBNAGAR (DIV 10)",40,39,INDIVIDUAL/DOMESTIC
2014,6,34,"SAHEBNAGAR (DIV 10)",4,2,"MULTI STORIED BUILDING"
2014,6,34,"VAISHALINAGAR (DIV 10)",1,0,"MULTI STORIED BUILDING"
2014,6,34,"VANASTHALIPURAM (DIV 10)",80,64,INDIVIDUAL/DOMESTIC
