year,month,division,section,applied,approved,category
2016,12,1,AZAMPURA,2,2,INDIVIDUAL/DOMESTIC
2016,12,1,BAHADURPURA,48,46,INDIVIDUAL/DOMESTIC
2016,12,1,BAHADURPURA,1,0,"MULTI STORIED BUILDING"
2016,12,1,"CHANUDLAL BHARADARI",10,6,INDIVIDUAL/DOMESTIC
2016,12,1,"DARUL SHIFA",6,6,INDIVIDUAL/DOMESTIC
2016,12,1,"DHOOD BOWLI",4,3,INDIVIDUAL/DOMESTIC
2016,12,1,M.R.G.FILTERS,11,8,INDIVIDUAL/DOMESTIC
2016,12,1,MISRIGUNJ,1,1,INDIVIDUAL/DOMESTIC
2016,12,1,MOGHULPURA,1,1,INDIVIDUAL/DOMESTIC
2016,12,1,PATHERGATTI,2,0,INDIVIDUAL/DOMESTIC
2016,12,2,ALIABAD,2,1,INDIVIDUAL/DOMESTIC
2016,12,2,ASMANGARH,7,4,INDIVIDUAL/DOMESTIC
2016,12,2,BALAPUR,80,72,INDIVIDUAL/DOMESTIC
2016,12,2,"BANDLAGUDA  (DIV 2)",92,67,INDIVIDUAL/DOMESTIC
2016,12,2,GOWLIPURA,25,21,INDIVIDUAL/DOMESTIC
2016,12,2,JAHANUMA,12,9,INDIVIDUAL/DOMESTIC
2016,12,2,MADANNAPET,2,2,INDIVIDUAL/DOMESTIC
2016,12,2,MALAKPET,7,5,INDIVIDUAL/DOMESTIC
2016,12,2,MALAKPET,2,1,"MULTI STORIED BUILDING"
2016,12,2,MALAKPET,1,1,"NON REVENUE CONNECTIONS"
2016,12,2,MOOSARAMBAGH,12,4,INDIVIDUAL/DOMESTIC
2016,12,2,MYSARAM,25,21,INDIVIDUAL/DOMESTIC
2016,12,2,SAIDABAD,1,0,"MULTI STORIED BUILDING"
2016,12,2,SALEEMNAGAR,1,1,INDIVIDUAL/DOMESTIC
2016,12,2,SANTOSHNAGAR,4,2,INDIVIDUAL/DOMESTIC
2016,12,2,SANTOSHNAGAR,3,2,"MULTI STORIED BUILDING"
2016,12,2,YAKATPURA,4,2,INDIVIDUAL/DOMESTIC
2016,12,3,"AHMED NAGAR",9,7,INDIVIDUAL/DOMESTIC
2016,12,3,"ASIF NAGAR",1,0,INDIVIDUAL/DOMESTIC
2016,12,3,"CHINTAL BASTHI",1,0,INDIVIDUAL/DOMESTIC
2016,12,3,GOLCONDA,1,1,BULK
2016,12,3,GOLCONDA,14,10,INDIVIDUAL/DOMESTIC
2016,12,3,GOLCONDA,1,0,"MULTI STORIED BUILDING"
2016,12,3,KARWAN,29,25,INDIVIDUAL/DOMESTIC
2016,12,3,MEHIDIPATNAM,78,73,INDIVIDUAL/DOMESTIC
2016,12,3,"OLD MALLEPALLY",4,3,INDIVIDUAL/DOMESTIC
2016,12,3,SHAIKPET,17,11,INDIVIDUAL/DOMESTIC
2016,12,3,SHAIKPET,3,0,"MULTI STORIED BUILDING"
2016,12,3,SHAIKPET,1,0,"NON REVENUE CONNECTIONS"
2016,12,3,"TOLI CHOWK",17,10,INDIVIDUAL/DOMESTIC
2016,12,3,"TOLI CHOWK",4,0,"MULTI STORIED BUILDING"
2016,12,3,"VIJAYNAGAR COLONY",4,3,INDIVIDUAL/DOMESTIC
2016,12,3,"VIJAYNAGAR COLONY",1,1,"MULTI STORIED BUILDING"
2016,12,4,ALLABANDA,13,9,INDIVIDUAL/DOMESTIC
2016,12,4,GODE-KI-KABAR,16,14,INDIVIDUAL/DOMESTIC
2016,12,4,GOWLIGUDA,4,2,INDIVIDUAL/DOMESTIC
2016,12,4,GUNFOUNDRY,1,1,INDIVIDUAL/DOMESTIC
2016,12,4,"HINDI NAGAR",1,0,INDIVIDUAL/DOMESTIC
2016,12,4,"HINDI NAGAR",1,1,"MULTI STORIED BUILDING"
2016,12,4,"RED HILLS HIGH LEVEL",15,4,INDIVIDUAL/DOMESTIC
2016,12,4,"RED HILLS HIGH LEVEL",1,0,"MULTI STORIED BUILDING"
2016,12,4,"RED HILLS LOW LEVEL",4,2,INDIVIDUAL/DOMESTIC
2016,12,4,"SULTAN BAZAR",6,4,INDIVIDUAL/DOMESTIC
2016,12,4,"SULTAN BAZAR",3,0,"MULTI STORIED BUILDING"
2016,12,4,ZIAGUDA,2,2,INDIVIDUAL/DOMESTIC
2016,12,5,"ADIKMET DMA-1",6,5,INDIVIDUAL/DOMESTIC
2016,12,5,"ADIKMET DMA-1",2,1,"MULTI STORIED BUILDING"
2016,12,5,AZAMABAD,10,8,INDIVIDUAL/DOMESTIC
2016,12,5,"BAGH LINGAMPALLY",10,10,INDIVIDUAL/DOMESTIC
2016,12,5,BARKATPURA,4,3,INDIVIDUAL/DOMESTIC
2016,12,5,"BOATS CLUB",5,2,INDIVIDUAL/DOMESTIC
2016,12,5,DOMALGUDA,19,8,INDIVIDUAL/DOMESTIC
2016,12,5,DOMALGUDA,2,1,"MULTI STORIED BUILDING"
2016,12,5,GANDHINAGAR,4,4,INDIVIDUAL/DOMESTIC
2016,12,5,GANDHINAGAR,2,0,"MULTI STORIED BUILDING"
2016,12,5,MUSHEERABAD,13,9,INDIVIDUAL/DOMESTIC
2016,12,5,NARAYANGUDA,2,1,INDIVIDUAL/DOMESTIC
2016,12,5,"RAMANTHAPUR (DIV 5)",7,6,INDIVIDUAL/DOMESTIC
2016,12,5,SHIVAM,6,6,INDIVIDUAL/DOMESTIC
2016,12,5,VIGYANPURI,10,6,INDIVIDUAL/DOMESTIC
2016,12,6,"BANJARA HILLS",14,7,INDIVIDUAL/DOMESTIC
2016,12,6,"BANJARA HILLS",1,1,"MULTI STORIED BUILDING"
2016,12,6,BORABANDA,2,0,INDIVIDUAL/DOMESTIC
2016,12,6,ERRAGADDA,12,10,INDIVIDUAL/DOMESTIC
2016,12,6,ERRAGADDA,1,1,"MULTI STORIED BUILDING"
2016,12,6,FATHENAGAR,12,9,INDIVIDUAL/DOMESTIC
2016,12,6,FATHENAGAR,1,0,"MULTI STORIED BUILDING"
2016,12,6,"JUBILEE HILLS",26,18,INDIVIDUAL/DOMESTIC
2016,12,6,"JUBILEE HILLS",6,2,"MULTI STORIED BUILDING"
2016,12,6,"S.P.R HILLS",18,14,INDIVIDUAL/DOMESTIC
2016,12,6,S.R.NAGAR,17,13,INDIVIDUAL/DOMESTIC
2016,12,6,S.R.NAGAR,5,1,"MULTI STORIED BUILDING"
2016,12,6,SOMAJIGUDA,2,1,INDIVIDUAL/DOMESTIC
2016,12,6,SOMAJIGUDA,1,1,"MULTI STORIED BUILDING"
2016,12,6,THATTIKHANA,22,17,INDIVIDUAL/DOMESTIC
2016,12,6,THATTIKHANA,2,2,"MULTI STORIED BUILDING"
2016,12,6,VENGALRAONAGAR,5,5,INDIVIDUAL/DOMESTIC
2016,12,6,VENGALRAONAGAR,1,1,"MULTI STORIED BUILDING"
2016,12,6,YELLAREDDYGUDA,6,4,INDIVIDUAL/DOMESTIC
2016,12,6,YELLAREDDYGUDA,4,0,"MULTI STORIED BUILDING"
2016,12,7,BOIGUDA,12,8,INDIVIDUAL/DOMESTIC
2016,12,7,BOIGUDA,1,1,"MULTI STORIED BUILDING"
2016,12,7,HUSSAINSAGAR,31,8,INDIVIDUAL/DOMESTIC
2016,12,7,LALAPET,4,3,INDIVIDUAL/DOMESTIC
2016,12,7,MARREDPALLY,32,12,INDIVIDUAL/DOMESTIC
2016,12,7,MARREDPALLY,1,0,"MULTI STORIED BUILDING"
2016,12,7,MARREDPALLY,1,0,"NON REVENUE CONNECTIONS"
2016,12,7,METTUGUDA,8,5,INDIVIDUAL/DOMESTIC
2016,12,7,NALLAGUTTA,9,1,INDIVIDUAL/DOMESTIC
2016,12,7,NALLAGUTTA,1,0,"MULTI STORIED BUILDING"
2016,12,7,PRAKASHNAGAR,10,8,INDIVIDUAL/DOMESTIC
2016,12,7,PRAKASHNAGAR,3,1,"MULTI STORIED BUILDING"
2016,12,7,"REGIMENTAL BAZAR",1,0,INDIVIDUAL/DOMESTIC
2016,12,7,SEETHAPALMANDI,6,3,INDIVIDUAL/DOMESTIC
2016,12,7,SEETHAPALMANDI,1,1,"MULTI STORIED BUILDING"
2016,12,7,"SRINIVAS NAGAR",12,10,INDIVIDUAL/DOMESTIC
2016,12,7,TARNAKA,20,18,INDIVIDUAL/DOMESTIC
2016,12,7,TARNAKA,2,0,"MULTI STORIED BUILDING"
2016,12,8,"PATHANCHERU 820",15,1,INDIVIDUAL/DOMESTIC
2016,12,8,"PATHANCHERU 832",1,0,BULK
2016,12,8,"PATHANCHERU 832",1,0,INDIVIDUAL/DOMESTIC
2016,12,9,"BALAJINAGAR (DIV 9)",2,0,INDIVIDUAL/DOMESTIC
2016,12,9,"BALAJINAGAR (DIV 9)",6,3,"MULTI STORIED BUILDING"
2016,12,9,BALANAGAR,29,24,INDIVIDUAL/DOMESTIC
2016,12,9,BHAGYANAGAR,1,0,BULK
2016,12,9,BHAGYANAGAR,78,55,INDIVIDUAL/DOMESTIC
2016,12,9,BHAGYANAGAR,10,6,"MULTI STORIED BUILDING"
2016,12,9,BHARATHNAGAR,2,1,INDIVIDUAL/DOMESTIC
2016,12,9,"GAYATRI NAGAR",2,1,INDIVIDUAL/DOMESTIC
2016,12,9,HASMATHPET,19,18,INDIVIDUAL/DOMESTIC
2016,12,9,HASMATHPET,2,1,"MULTI STORIED BUILDING"
2016,12,9,KPHB,20,16,INDIVIDUAL/DOMESTIC
2016,12,9,KPHB,1,0,"MULTI STORIED BUILDING"
2016,12,9,MOOSAPET,53,46,INDIVIDUAL/DOMESTIC
2016,12,9,MOOSAPET,3,1,"MULTI STORIED BUILDING"
2016,12,9,"VIVEKANANDA NAGAR",6,2,INDIVIDUAL/DOMESTIC
2016,12,9,"VIVEKANANDA NAGAR",1,0,"MULTI STORIED BUILDING"
2016,12,10,ALKAPURI,21,17,INDIVIDUAL/DOMESTIC
2016,12,10,ALKAPURI,2,2,"MULTI STORIED BUILDING"
2016,12,10,DILSHUKNAGAR,4,3,INDIVIDUAL/DOMESTIC
2016,12,10,SAROORNAGAR,18,11,INDIVIDUAL/DOMESTIC
2016,12,10,SAROORNAGAR,2,0,"MULTI STORIED BUILDING"
2016,12,10,"VAISHALINAGAR (DIV 10)",19,14,INDIVIDUAL/DOMESTIC
2016,12,10,"VANASTHALIPURAM (DIV 10)",4,4,INDIVIDUAL/DOMESTIC
2016,12,12,ADARSHNAGAR,44,31,INDIVIDUAL/DOMESTIC
2016,12,12,ADARSHNAGAR,1,0,"MULTI STORIED BUILDING"
2016,12,12,CHINTAL,61,42,INDIVIDUAL/DOMESTIC
2016,12,12,CHINTAL,8,4,"MULTI STORIED BUILDING"
2016,12,12,JEEDIMETLA,27,24,INDIVIDUAL/DOMESTIC
2016,12,12,JEEDIMETLA,4,0,"MULTI STORIED BUILDING"
2016,12,12,SHAPOORNAGAR,36,31,INDIVIDUAL/DOMESTIC
2016,12,12,SHAPOORNAGAR,3,0,"MULTI STORIED BUILDING"
2016,12,13,"ALWAL (Div13)",41,37,INDIVIDUAL/DOMESTIC
2016,12,13,"ALWAL (Div13)",2,0,"MULTI STORIED BUILDING"
2016,12,13,CHANUKYAPURI,27,23,INDIVIDUAL/DOMESTIC
2016,12,13,CHANUKYAPURI,2,1,"MULTI STORIED BUILDING"
2016,12,13,CHANUKYAPURI,1,0,"NON REVENUE CONNECTIONS"
2016,12,13,"DEFENCE COLONY",54,46,INDIVIDUAL/DOMESTIC
2016,12,13,"DEFENCE COLONY",2,2,"MULTI STORIED BUILDING"
2016,12,13,"FATHER BALAIAHNAGAR (Div13)",48,40,INDIVIDUAL/DOMESTIC
2016,12,13,"FATHER BALAIAHNAGAR (Div13)",2,2,"MULTI STORIED BUILDING"
2016,12,13,"GOWTHAM NAGAR",5,4,INDIVIDUAL/DOMESTIC
2016,12,13,"GOWTHAM NAGAR",1,1,"MULTI STORIED BUILDING"
2016,12,13,MACHABOLLARAM,34,30,INDIVIDUAL/DOMESTIC
2016,12,13,MACHABOLLARAM,1,0,"MULTI STORIED BUILDING"
2016,12,13,MALKAJGIRI,7,4,INDIVIDUAL/DOMESTIC
2016,12,13,SAINATHPURAM,29,22,INDIVIDUAL/DOMESTIC
2016,12,13,SAINATHPURAM,1,1,"MULTI STORIED BUILDING"
2016,12,13,"YAPRAL (Div13)",26,21,INDIVIDUAL/DOMESTIC
2016,12,13,"YAPRAL (Div13)",1,0,"MULTI STORIED BUILDING"
2016,12,14,"HOUSING BOARD",56,39,INDIVIDUAL/DOMESTIC
2016,12,14,"HOUSING BOARD",3,1,"MULTI STORIED BUILDING"
2016,12,14,HUBSIGUDA,4,4,INDIVIDUAL/DOMESTIC
2016,12,14,HUBSIGUDA,3,2,"MULTI STORIED BUILDING"
2016,12,14,RADHIKA,65,44,INDIVIDUAL/DOMESTIC
2016,12,14,RADHIKA,8,0,"MULTI STORIED BUILDING"
2016,12,14,"RAMANTHAPUR(DIV 14)",19,19,INDIVIDUAL/DOMESTIC
2016,12,14,UPPAL,140,104,INDIVIDUAL/DOMESTIC
2016,12,15,"CHANDA NAGAR",90,65,INDIVIDUAL/DOMESTIC
2016,12,15,"CHANDA NAGAR",3,1,"MULTI STORIED BUILDING"
2016,12,15,"GACHIBOWLI (DIV 15)",3,2,BULK
2016,12,15,"GACHIBOWLI (DIV 15)",88,53,INDIVIDUAL/DOMESTIC
2016,12,15,"GACHIBOWLI (DIV 15)",5,2,"MULTI STORIED BUILDING"
2016,12,15,MADHAPUR,1,0,BULK
2016,12,15,MADHAPUR,98,58,INDIVIDUAL/DOMESTIC
2016,12,15,MADHAPUR,43,13,"MULTI STORIED BUILDING"
2016,12,15,MIYAPUR,25,19,INDIVIDUAL/DOMESTIC
2016,12,15,MIYAPUR,20,7,"MULTI STORIED BUILDING"
2016,12,15,RAMACHANDRAPURAM,7,6,INDIVIDUAL/DOMESTIC
2016,12,16,"BUDVEL (DIV16)",1,1,BULK
2016,12,16,"BUDVEL (DIV16)",16,11,INDIVIDUAL/DOMESTIC
2016,12,16,"BUDVEL (DIV16)",1,0,"MULTI STORIED BUILDING"
2016,12,16,HYDERGUDA,89,81,INDIVIDUAL/DOMESTIC
2016,12,16,HYDERGUDA,9,1,"MULTI STORIED BUILDING"
2016,12,16,"MAILERDEV PALLY",38,35,INDIVIDUAL/DOMESTIC
2016,12,18,"KISMATHPUR (DIV 18)",1,0,BULK
2016,12,18,"KISMATHPUR (DIV 18)",1,0,INDIVIDUAL/DOMESTIC
2016,12,18,"MANIKONDA (DIV 18)",5,1,BULK
2016,12,18,"MANIKONDA (DIV 18)",34,17,INDIVIDUAL/DOMESTIC
2016,12,18,"MANIKONDA (DIV 18)",2,0,"MULTI STORIED BUILDING"
2016,12,19,"BODUPPAL (DIV 19)",1,0,BULK
2016,12,19,"BODUPPAL (DIV 19)",41,19,INDIVIDUAL/DOMESTIC
2016,12,19,"BODUPPAL (DIV 19)",2,1,"MULTI STORIED BUILDING"
2016,12,19,"PEERJADIGUDA (DIV 19)",1,0,INDIVIDUAL/DOMESTIC
2016,12,20,"BADANGPET  (DIV 20)",3,2,INDIVIDUAL/DOMESTIC
2016,12,20,"JILLELAGUDA (DIV 20)",11,5,INDIVIDUAL/DOMESTIC
2016,12,21,ALWAL,1,1,INDIVIDUAL/DOMESTIC
2016,12,21,SAINIKPURI,1,0,INDIVIDUAL/DOMESTIC
2016,12,23,"BACHUPALLY (PD 7)",11,0,INDIVIDUAL/DOMESTIC
2016,12,23,"NIZAMPET (PD 7)",3,1,BULK
2016,12,23,"NIZAMPET (PD 7)",24,14,INDIVIDUAL/DOMESTIC
2016,12,23,"NIZAMPET (PD 7)",118,47,"MULTI STORIED BUILDING"
2016,12,25,"KOMPALLY (PD 7)",2,0,INDIVIDUAL/DOMESTIC
2016,12,25,"KOMPALLY (PD 7)",1,0,"MULTI STORIED BUILDING"
2016,12,34,ALKAPURI,1,1,INDIVIDUAL/DOMESTIC
2016,12,34,ALKAPURI,1,1,"MULTI STORIED BUILDING"
2016,12,34,AUTONAGAR,35,30,INDIVIDUAL/DOMESTIC
2016,12,34,AUTONAGAR,2,0,"MULTI STORIED BUILDING"
2016,12,34,L.B.NAGAR,37,31,INDIVIDUAL/DOMESTIC
2016,12,34,L.B.NAGAR,4,1,"MULTI STORIED BUILDING"
2016,12,34,MANSOORABAD,6,5,INDIVIDUAL/DOMESTIC
2016,12,34,MANSOORABAD,1,1,"MULTI STORIED BUILDING"
2016,12,34,"MARUTHINAGAR (DIV 10)",7,6,INDIVIDUAL/DOMESTIC
2016,12,34,"MARUTHINAGAR (DIV 10)",1,1,"MULTI STORIED BUILDING"
2016,12,34,NAGOLE,1,1,INDIVIDUAL/DOMESTIC
2016,12,34,"SAHEBNAGAR (DIV 10)",61,51,INDIVIDUAL/DOMESTIC
2016,12,34,"SAHEBNAGAR (DIV 10)",5,2,"MULTI STORIED BUILDING"
2016,12,34,SAROORNAGAR,1,1,INDIVIDUAL/DOMESTIC
2016,12,34,"VANASTHALIPURAM (DIV 10)",42,38,INDIVIDUAL/DOMESTIC
