year,month,division,section,applied,approved,category
2017,1,1,AZAMPURA,2,2,INDIVIDUAL/DOMESTIC
2017,1,1,BAHADURPURA,66,64,INDIVIDUAL/DOMESTIC
2017,1,1,"CHANUDLAL BHARADARI",5,3,INDIVIDUAL/DOMESTIC
2017,1,1,"DARUL SHIFA",1,1,INDIVIDUAL/DOMESTIC
2017,1,1,"DHOOD BOWLI",5,3,INDIVIDUAL/DOMESTIC
2017,1,1,M.R.G.FILTERS,24,13,INDIVIDUAL/DOMESTIC
2017,1,1,MISRIGUNJ,3,2,INDIVIDUAL/DOMESTIC
2017,1,1,MOGHULPURA,2,2,INDIVIDUAL/DOMESTIC
2017,1,1,PATHERGATTI,6,6,INDIVIDUAL/DOMESTIC
2017,1,2,ALIABAD,19,8,INDIVIDUAL/DOMESTIC
2017,1,2,ASMANGARH,7,3,INDIVIDUAL/DOMESTIC
2017,1,2,BALAPUR,35,30,INDIVIDUAL/DOMESTIC
2017,1,2,"BANDLAGUDA  (DIV 2)",101,75,INDIVIDUAL/DOMESTIC
2017,1,2,CHANCHALGUDA,3,2,INDIVIDUAL/DOMESTIC
2017,1,2,GOWLIPURA,10,9,INDIVIDUAL/DOMESTIC
2017,1,2,JAHANUMA,19,14,INDIVIDUAL/DOMESTIC
2017,1,2,MALAKPET,11,9,INDIVIDUAL/DOMESTIC
2017,1,2,MOOSARAMBAGH,5,5,INDIVIDUAL/DOMESTIC
2017,1,2,MOOSARAMBAGH,1,0,"MULTI STORIED BUILDING"
2017,1,2,MYSARAM,16,13,INDIVIDUAL/DOMESTIC
2017,1,2,SAIDABAD,1,1,INDIVIDUAL/DOMESTIC
2017,1,2,SAIDABAD,1,0,"MULTI STORIED BUILDING"
2017,1,2,SALEEMNAGAR,4,3,INDIVIDUAL/DOMESTIC
2017,1,2,SANTOSHNAGAR,9,9,INDIVIDUAL/DOMESTIC
2017,1,2,YAKATPURA,1,1,INDIVIDUAL/DOMESTIC
2017,1,3,"AHMED NAGAR",16,12,INDIVIDUAL/DOMESTIC
2017,1,3,"ASIF NAGAR",2,0,INDIVIDUAL/DOMESTIC
2017,1,3,"ASIF NAGAR",2,0,"MULTI STORIED BUILDING"
2017,1,3,"CHINTAL BASTHI",1,0,"MULTI STORIED BUILDING"
2017,1,3,GOLCONDA,23,11,INDIVIDUAL/DOMESTIC
2017,1,3,GOLCONDA,3,0,"MULTI STORIED BUILDING"
2017,1,3,"KAKATIYA NAGAR",7,6,INDIVIDUAL/DOMESTIC
2017,1,3,"KAKATIYA NAGAR",1,0,"MULTI STORIED BUILDING"
2017,1,3,KARWAN,21,15,INDIVIDUAL/DOMESTIC
2017,1,3,KARWAN,1,0,"MULTI STORIED BUILDING"
2017,1,3,MEHIDIPATNAM,75,63,INDIVIDUAL/DOMESTIC
2017,1,3,MEHIDIPATNAM,1,0,"MULTI STORIED BUILDING"
2017,1,3,"OLD MALLEPALLY",5,4,INDIVIDUAL/DOMESTIC
2017,1,3,SHAIKPET,24,19,INDIVIDUAL/DOMESTIC
2017,1,3,SHAIKPET,1,1,"MULTI STORIED BUILDING"
2017,1,3,"TOLI CHOWK",10,7,INDIVIDUAL/DOMESTIC
2017,1,3,"TOLI CHOWK",1,1,"MULTI STORIED BUILDING"
2017,1,3,"VIJAYNAGAR COLONY",5,4,INDIVIDUAL/DOMESTIC
2017,1,3,"VIJAYNAGAR COLONY",4,1,"MULTI STORIED BUILDING"
2017,1,4,ALLABANDA,7,6,INDIVIDUAL/DOMESTIC
2017,1,4,GODE-KI-KABAR,15,11,INDIVIDUAL/DOMESTIC
2017,1,4,GOWLIGUDA,2,2,INDIVIDUAL/DOMESTIC
2017,1,4,GUNFOUNDRY,4,2,INDIVIDUAL/DOMESTIC
2017,1,4,"RED HILLS HIGH LEVEL",15,11,INDIVIDUAL/DOMESTIC
2017,1,4,"RED HILLS LOW LEVEL",4,1,INDIVIDUAL/DOMESTIC
2017,1,4,"SULTAN BAZAR",3,2,INDIVIDUAL/DOMESTIC
2017,1,4,"SULTAN BAZAR",2,0,"MULTI STORIED BUILDING"
2017,1,4,ZIAGUDA,7,2,INDIVIDUAL/DOMESTIC
2017,1,5,"ADIKMET DMA-1",7,4,INDIVIDUAL/DOMESTIC
2017,1,5,"ADIKMET DMA-1",1,1,"MULTI STORIED BUILDING"
2017,1,5,AZAMABAD,7,6,INDIVIDUAL/DOMESTIC
2017,1,5,"BAGH LINGAMPALLY",2,2,INDIVIDUAL/DOMESTIC
2017,1,5,"BAGH LINGAMPALLY",1,1,"MULTI STORIED BUILDING"
2017,1,5,BARKATPURA,4,3,INDIVIDUAL/DOMESTIC
2017,1,5,"BOATS CLUB",20,6,INDIVIDUAL/DOMESTIC
2017,1,5,"BOATS CLUB",1,1,"MULTI STORIED BUILDING"
2017,1,5,DOMALGUDA,5,2,INDIVIDUAL/DOMESTIC
2017,1,5,DOMALGUDA,2,1,"MULTI STORIED BUILDING"
2017,1,5,GANDHINAGAR,3,2,"MULTI STORIED BUILDING"
2017,1,5,MUSHEERABAD,12,9,INDIVIDUAL/DOMESTIC
2017,1,5,NARAYANGUDA,1,1,BULK
2017,1,5,NARAYANGUDA,3,2,INDIVIDUAL/DOMESTIC
2017,1,5,NARAYANGUDA,1,0,"MULTI STORIED BUILDING"
2017,1,5,"RAMANTHAPUR (DIV 5)",11,10,INDIVIDUAL/DOMESTIC
2017,1,5,SHIVAM,13,13,INDIVIDUAL/DOMESTIC
2017,1,5,SHIVAM,2,1,"MULTI STORIED BUILDING"
2017,1,5,VIGYANPURI,4,2,INDIVIDUAL/DOMESTIC
2017,1,6,"BANJARA HILLS",2,1,BULK
2017,1,6,"BANJARA HILLS",11,9,INDIVIDUAL/DOMESTIC
2017,1,6,"BANJARA HILLS",5,2,"MULTI STORIED BUILDING"
2017,1,6,ERRAGADDA,19,13,INDIVIDUAL/DOMESTIC
2017,1,6,FATHENAGAR,9,7,INDIVIDUAL/DOMESTIC
2017,1,6,"JUBILEE HILLS",23,11,INDIVIDUAL/DOMESTIC
2017,1,6,"JUBILEE HILLS",4,1,"MULTI STORIED BUILDING"
2017,1,6,"S.P.R HILLS",15,8,INDIVIDUAL/DOMESTIC
2017,1,6,"S.P.R HILLS",1,0,"MULTI STORIED BUILDING"
2017,1,6,S.R.NAGAR,1,0,BULK
2017,1,6,S.R.NAGAR,7,5,INDIVIDUAL/DOMESTIC
2017,1,6,S.R.NAGAR,1,0,"NON REVENUE CONNECTIONS"
2017,1,6,SOMAJIGUDA,11,4,INDIVIDUAL/DOMESTIC
2017,1,6,SOMAJIGUDA,6,1,"MULTI STORIED BUILDING"
2017,1,6,THATTIKHANA,21,17,INDIVIDUAL/DOMESTIC
2017,1,6,THATTIKHANA,2,1,"MULTI STORIED BUILDING"
2017,1,6,VENGALRAONAGAR,4,2,INDIVIDUAL/DOMESTIC
2017,1,6,VENGALRAONAGAR,1,0,"MULTI STORIED BUILDING"
2017,1,6,YELLAREDDYGUDA,6,6,INDIVIDUAL/DOMESTIC
2017,1,6,YELLAREDDYGUDA,1,0,"MULTI STORIED BUILDING"
2017,1,7,BOIGUDA,12,6,INDIVIDUAL/DOMESTIC
2017,1,7,HUSSAINSAGAR,23,7,INDIVIDUAL/DOMESTIC
2017,1,7,HUSSAINSAGAR,2,0,"NON REVENUE CONNECTIONS"
2017,1,7,LALAPET,11,11,INDIVIDUAL/DOMESTIC
2017,1,7,MARREDPALLY,27,14,INDIVIDUAL/DOMESTIC
2017,1,7,MARREDPALLY,1,0,"MULTI STORIED BUILDING"
2017,1,7,METTUGUDA,4,3,INDIVIDUAL/DOMESTIC
2017,1,7,NALLAGUTTA,4,2,INDIVIDUAL/DOMESTIC
2017,1,7,PRAKASHNAGAR,15,10,INDIVIDUAL/DOMESTIC
2017,1,7,SEETHAPALMANDI,5,3,INDIVIDUAL/DOMESTIC
2017,1,7,"SRINIVAS NAGAR",11,7,INDIVIDUAL/DOMESTIC
2017,1,7,TARNAKA,6,5,INDIVIDUAL/DOMESTIC
2017,1,7,TARNAKA,1,1,"MULTI STORIED BUILDING"
2017,1,9,"BALAJINAGAR (DIV 9)",3,2,INDIVIDUAL/DOMESTIC
2017,1,9,"BALAJINAGAR (DIV 9)",4,0,"MULTI STORIED BUILDING"
2017,1,9,BALANAGAR,14,10,INDIVIDUAL/DOMESTIC
2017,1,9,BALANAGAR,3,0,"MULTI STORIED BUILDING"
2017,1,9,BHAGYANAGAR,78,58,INDIVIDUAL/DOMESTIC
2017,1,9,BHAGYANAGAR,13,8,"MULTI STORIED BUILDING"
2017,1,9,HASMATHPET,27,24,INDIVIDUAL/DOMESTIC
2017,1,9,HASMATHPET,4,3,"MULTI STORIED BUILDING"
2017,1,9,KPHB,17,12,INDIVIDUAL/DOMESTIC
2017,1,9,KPHB,3,2,"MULTI STORIED BUILDING"
2017,1,9,KPHB,1,0,"NON REVENUE CONNECTIONS"
2017,1,9,KUKATPALLY,3,3,INDIVIDUAL/DOMESTIC
2017,1,9,MOOSAPET,92,86,INDIVIDUAL/DOMESTIC
2017,1,9,MOOSAPET,1,0,"MULTI STORIED BUILDING"
2017,1,9,"MOTI NAGAR",1,0,INDIVIDUAL/DOMESTIC
2017,1,9,"VIVEKANANDA NAGAR",2,0,"MULTI STORIED BUILDING"
2017,1,10,ALKAPURI,20,15,INDIVIDUAL/DOMESTIC
2017,1,10,ALKAPURI,3,1,"MULTI STORIED BUILDING"
2017,1,10,DILSHUKNAGAR,10,10,INDIVIDUAL/DOMESTIC
2017,1,10,DILSHUKNAGAR,1,0,"MULTI STORIED BUILDING"
2017,1,10,SAROORNAGAR,8,6,INDIVIDUAL/DOMESTIC
2017,1,10,SAROORNAGAR,4,0,"MULTI STORIED BUILDING"
2017,1,10,"VAISHALINAGAR (DIV 10)",14,13,INDIVIDUAL/DOMESTIC
2017,1,10,"VANASTHALIPURAM (DIV 10)",3,2,INDIVIDUAL/DOMESTIC
2017,1,11,"MOULA ALI",1,1,INDIVIDUAL/DOMESTIC
2017,1,12,ADARSHNAGAR,30,21,INDIVIDUAL/DOMESTIC
2017,1,12,CHINTAL,40,28,INDIVIDUAL/DOMESTIC
2017,1,12,CHINTAL,7,4,"MULTI STORIED BUILDING"
2017,1,12,JEEDIMETLA,29,22,INDIVIDUAL/DOMESTIC
2017,1,12,JEEDIMETLA,5,0,"MULTI STORIED BUILDING"
2017,1,12,SHAPOORNAGAR,23,19,INDIVIDUAL/DOMESTIC
2017,1,12,SHAPOORNAGAR,5,0,"MULTI STORIED BUILDING"
2017,1,13,"ALWAL (Div13)",34,28,INDIVIDUAL/DOMESTIC
2017,1,13,"ALWAL (Div13)",12,2,"MULTI STORIED BUILDING"
2017,1,13,CHANUKYAPURI,21,18,INDIVIDUAL/DOMESTIC
2017,1,13,CHANUKYAPURI,5,2,"MULTI STORIED BUILDING"
2017,1,13,"DEFENCE COLONY",70,64,INDIVIDUAL/DOMESTIC
2017,1,13,"DEFENCE COLONY",4,3,"MULTI STORIED BUILDING"
2017,1,13,"FATHER BALAIAHNAGAR (Div13)",37,27,INDIVIDUAL/DOMESTIC
2017,1,13,"FATHER BALAIAHNAGAR (Div13)",7,3,"MULTI STORIED BUILDING"
2017,1,13,"GOWTHAM NAGAR",9,8,INDIVIDUAL/DOMESTIC
2017,1,13,MACHABOLLARAM,65,47,INDIVIDUAL/DOMESTIC
2017,1,13,MACHABOLLARAM,2,0,"MULTI STORIED BUILDING"
2017,1,13,MALKAJGIRI,9,7,INDIVIDUAL/DOMESTIC
2017,1,13,SAINATHPURAM,51,42,INDIVIDUAL/DOMESTIC
2017,1,13,SAINATHPURAM,1,1,"MULTI STORIED BUILDING"
2017,1,13,"YAPRAL (Div13)",22,16,INDIVIDUAL/DOMESTIC
2017,1,13,"YAPRAL (Div13)",1,1,"MULTI STORIED BUILDING"
2017,1,14,"HOUSING BOARD",43,32,INDIVIDUAL/DOMESTIC
2017,1,14,"HOUSING BOARD",6,2,"MULTI STORIED BUILDING"
2017,1,14,HUBSIGUDA,5,4,INDIVIDUAL/DOMESTIC
2017,1,14,HUBSIGUDA,2,1,"MULTI STORIED BUILDING"
2017,1,14,RADHIKA,1,1,BULK
2017,1,14,RADHIKA,263,110,INDIVIDUAL/DOMESTIC
2017,1,14,RADHIKA,6,1,"MULTI STORIED BUILDING"
2017,1,14,"RAMANTHAPUR(DIV 14)",17,14,INDIVIDUAL/DOMESTIC
2017,1,14,UPPAL,81,65,INDIVIDUAL/DOMESTIC
2017,1,14,UPPAL,3,2,"MULTI STORIED BUILDING"
2017,1,15,"CHANDA NAGAR",48,40,INDIVIDUAL/DOMESTIC
2017,1,15,"CHANDA NAGAR",14,7,"MULTI STORIED BUILDING"
2017,1,15,"GACHIBOWLI (DIV 15)",1,0,BULK
2017,1,15,"GACHIBOWLI (DIV 15)",81,57,INDIVIDUAL/DOMESTIC
2017,1,15,"GACHIBOWLI (DIV 15)",6,5,"MULTI STORIED BUILDING"
2017,1,15,MADHAPUR,1,1,BULK
2017,1,15,MADHAPUR,81,65,INDIVIDUAL/DOMESTIC
2017,1,15,MADHAPUR,51,20,"MULTI STORIED BUILDING"
2017,1,15,MIYAPUR,51,47,INDIVIDUAL/DOMESTIC
2017,1,15,MIYAPUR,16,8,"MULTI STORIED BUILDING"
2017,1,15,RAMACHANDRAPURAM,11,9,INDIVIDUAL/DOMESTIC
2017,1,15,RAMACHANDRAPURAM,1,0,"MULTI STORIED BUILDING"
2017,1,16,"BUDVEL (DIV16)",13,8,INDIVIDUAL/DOMESTIC
2017,1,16,HYDERGUDA,52,37,INDIVIDUAL/DOMESTIC
2017,1,16,HYDERGUDA,4,2,"MULTI STORIED BUILDING"
2017,1,16,"MAILERDEV PALLY",33,25,INDIVIDUAL/DOMESTIC
2017,1,16,"MAILERDEV PALLY",2,1,"MULTI STORIED BUILDING"
2017,1,18,"KISMATHPUR (DIV 18)",1,0,INDIVIDUAL/DOMESTIC
2017,1,18,"MANIKONDA (DIV 18)",4,0,INDIVIDUAL/DOMESTIC
2017,1,18,"MANIKONDA (DIV 18)",2,1,"MULTI STORIED BUILDING"
2017,1,19,"BODUPPAL (DIV 19)",35,19,INDIVIDUAL/DOMESTIC
2017,1,19,"BODUPPAL (DIV 19)",2,0,"MULTI STORIED BUILDING"
2017,1,19,"PEERJADIGUDA (DIV 19)",2,0,INDIVIDUAL/DOMESTIC
2017,1,20,"BADANGPET  (DIV 20)",1,0,INDIVIDUAL/DOMESTIC
2017,1,20,"JILLELAGUDA (DIV 20)",7,7,INDIVIDUAL/DOMESTIC
2017,1,20,"SHAMSHABAD (DIV 20)",1,0,BULK
2017,1,21,ALWAL,2,0,INDIVIDUAL/DOMESTIC
2017,1,21,SAINIKPURI,1,1,BULK
2017,1,21,SAINIKPURI,1,0,"MULTI STORIED BUILDING"
2017,1,23,"NIZAMPET (PD 7)",3,0,BULK
2017,1,23,"NIZAMPET (PD 7)",20,11,INDIVIDUAL/DOMESTIC
2017,1,23,"NIZAMPET (PD 7)",83,47,"MULTI STORIED BUILDING"
2017,1,25,"KOMPALLY (PD 7)",2,0,BULK
2017,1,25,"KOMPALLY (PD 7)",2,1,"MULTI STORIED BUILDING"
2017,1,34,ALKAPURI,2,2,INDIVIDUAL/DOMESTIC
2017,1,34,AUTONAGAR,38,36,INDIVIDUAL/DOMESTIC
2017,1,34,AUTONAGAR,3,2,"MULTI STORIED BUILDING"
2017,1,34,L.B.NAGAR,60,51,INDIVIDUAL/DOMESTIC
2017,1,34,L.B.NAGAR,2,1,"MULTI STORIED BUILDING"
2017,1,34,MANSOORABAD,8,6,INDIVIDUAL/DOMESTIC
2017,1,34,MANSOORABAD,2,0,"MULTI STORIED BUILDING"
2017,1,34,"MARUTHINAGAR (DIV 10)",11,9,INDIVIDUAL/DOMESTIC
2017,1,34,"SAHEBNAGAR (DIV 10)",86,64,INDIVIDUAL/DOMESTIC
2017,1,34,"SAHEBNAGAR (DIV 10)",5,2,"MULTI STORIED BUILDING"
2017,1,34,SAROORNAGAR,2,1,INDIVIDUAL/DOMESTIC
2017,1,34,"VANASTHALIPURAM (DIV 10)",99,84,INDIVIDUAL/DOMESTIC
