year,month,division,section,applied,approved,category
2022,10,1,AZAMPURA,3,0,INDIVIDUAL/DOMESTIC
2022,10,1,BAHADURPURA,6,0,INDIVIDUAL/DOMESTIC
2022,10,1,"CHANUDLAL BHARADARI",18,0,INDIVIDUAL/DOMESTIC
2022,10,1,"CHANUDLAL BHARADARI",1,0,"MULTI STORIED BUILDING"
2022,10,1,"DHOOD BOWLI",2,1,INDIVIDUAL/DOMESTIC
2022,10,1,"HASSAN NAGAR",5,0,INDIVIDUAL/DOMESTIC
2022,10,1,"KISHAN BAGH",7,0,INDIVIDUAL/DOMESTIC
2022,10,1,M.R.G.FILTERS,30,0,INDIVIDUAL/DOMESTIC
2022,10,1,MISRIGUNJ,3,0,INDIVIDUAL/DOMESTIC
2022,10,1,MOGHULPURA,2,1,INDIVIDUAL/DOMESTIC
2022,10,1,PATHERGATTI,2,0,INDIVIDUAL/DOMESTIC
2022,10,2,ALIABAD,2,0,INDIVIDUAL/DOMESTIC
2022,10,2,ASMANGARH,2,1,INDIVIDUAL/DOMESTIC
2022,10,2,ASMANGARH,1,0,"MULTI STORIED BUILDING"
2022,10,2,BALAPUR,5,0,INDIVIDUAL/DOMESTIC
2022,10,2,"BANDLAGUDA  (DIV 2)",51,34,INDIVIDUAL/DOMESTIC
2022,10,2,GOWLIPURA,5,3,INDIVIDUAL/DOMESTIC
2022,10,2,JAHANUMA,24,0,INDIVIDUAL/DOMESTIC
2022,10,2,JANGAMMET,2,0,INDIVIDUAL/DOMESTIC
2022,10,2,MADANNAPET,1,0,INDIVIDUAL/DOMESTIC
2022,10,2,MALAKPET,1,0,INDIVIDUAL/DOMESTIC
2022,10,2,MALAKPET,3,1,"MULTI STORIED BUILDING"
2022,10,2,MOOSARAMBAGH,23,1,INDIVIDUAL/DOMESTIC
2022,10,2,MOOSARAMBAGH,3,0,"MULTI STORIED BUILDING"
2022,10,2,MYSARAM,12,5,INDIVIDUAL/DOMESTIC
2022,10,2,SAIDABAD,3,0,INDIVIDUAL/DOMESTIC
2022,10,2,SAIDABAD,3,0,"MULTI STORIED BUILDING"
2022,10,2,SANTOSHNAGAR,3,0,INDIVIDUAL/DOMESTIC
2022,10,2,"VINAY NAGAR (DIV 2 (a))",1,0,BULK
2022,10,2,"VINAY NAGAR (DIV 2 (a))",3,3,INDIVIDUAL/DOMESTIC
2022,10,3,"AHMED NAGAR",8,2,INDIVIDUAL/DOMESTIC
2022,10,3,"ASIF NAGAR",5,1,INDIVIDUAL/DOMESTIC
2022,10,3,"CHINTAL BASTHI",5,2,INDIVIDUAL/DOMESTIC
2022,10,3,GOLCONDA,6,1,INDIVIDUAL/DOMESTIC
2022,10,3,HAKEEMPET,1,0,INDIVIDUAL/DOMESTIC
2022,10,3,KARWAN,5,2,INDIVIDUAL/DOMESTIC
2022,10,3,"LANGER HOUSE",8,0,INDIVIDUAL/DOMESTIC
2022,10,3,MEHIDIPATNAM,4,1,INDIVIDUAL/DOMESTIC
2022,10,3,MEHIDIPATNAM,2,0,"MULTI STORIED BUILDING"
2022,10,3,"OLD MALLEPALLY",4,3,INDIVIDUAL/DOMESTIC
2022,10,3,SHAIKPET,11,3,INDIVIDUAL/DOMESTIC
2022,10,3,SHAIKPET,1,0,"MULTI STORIED BUILDING"
2022,10,3,"TAPPA CHABUTRA",3,1,INDIVIDUAL/DOMESTIC
2022,10,3,"TOLI CHOWK",10,2,INDIVIDUAL/DOMESTIC
2022,10,3,"TOLI CHOWK",1,0,"MULTI STORIED BUILDING"
2022,10,3,"VIJAYNAGAR COLONY",4,0,INDIVIDUAL/DOMESTIC
2022,10,3,"VIJAYNAGAR COLONY",1,0,"MULTI STORIED BUILDING"
2022,10,4,ALLABANDA,3,1,INDIVIDUAL/DOMESTIC
2022,10,4,GODE-KI-KABAR,4,0,INDIVIDUAL/DOMESTIC
2022,10,4,GUNFOUNDRY,2,0,INDIVIDUAL/DOMESTIC
2022,10,4,GUNFOUNDRY,1,0,"MULTI STORIED BUILDING"
2022,10,4,"HINDI NAGAR",2,0,INDIVIDUAL/DOMESTIC
2022,10,4,"RED HILLS HIGH LEVEL",6,0,INDIVIDUAL/DOMESTIC
2022,10,4,"RED HILLS LOW LEVEL",1,0,INDIVIDUAL/DOMESTIC
2022,10,4,"SULTAN BAZAR",1,1,INDIVIDUAL/DOMESTIC
2022,10,4,ZIAGUDA,2,0,INDIVIDUAL/DOMESTIC
2022,10,5,AZAMABAD,3,0,INDIVIDUAL/DOMESTIC
2022,10,5,AZAMABAD,1,0,"MULTI STORIED BUILDING"
2022,10,5,"BAGH LINGAMPALLY",2,0,INDIVIDUAL/DOMESTIC
2022,10,5,BARKATPURA,3,0,INDIVIDUAL/DOMESTIC
2022,10,5,BARKATPURA,1,0,"MULTI STORIED BUILDING"
2022,10,5,"BOATS CLUB",4,0,INDIVIDUAL/DOMESTIC
2022,10,5,DOMALGUDA,1,0,INDIVIDUAL/DOMESTIC
2022,10,5,GANDHINAGAR,4,0,"MULTI STORIED BUILDING"
2022,10,5,MUSHEERABAD,1,0,INDIVIDUAL/DOMESTIC
2022,10,5,NARAYANGUDA,4,1,INDIVIDUAL/DOMESTIC
2022,10,5,NARAYANGUDA,1,0,"MULTI STORIED BUILDING"
2022,10,5,"RAMANTHAPUR (DIV 5)",1,1,INDIVIDUAL/DOMESTIC
2022,10,5,SHIVAM,3,0,INDIVIDUAL/DOMESTIC
2022,10,5,VIGYANPURI,2,0,INDIVIDUAL/DOMESTIC
2022,10,5,VIGYANPURI,1,0,"MULTI STORIED BUILDING"
2022,10,6,"BANJARA HILLS",10,0,INDIVIDUAL/DOMESTIC
2022,10,6,BORABANDA,5,0,INDIVIDUAL/DOMESTIC
2022,10,6,ERRAGADDA,2,0,INDIVIDUAL/DOMESTIC
2022,10,6,FATHENAGAR,8,0,INDIVIDUAL/DOMESTIC
2022,10,6,"FILM NAGAR",7,1,INDIVIDUAL/DOMESTIC
2022,10,6,"JUBILEE HILLS",8,0,INDIVIDUAL/DOMESTIC
2022,10,6,"JUBILEE HILLS",1,0,"MULTI STORIED BUILDING"
2022,10,6,"S.P.R HILLS",7,0,INDIVIDUAL/DOMESTIC
2022,10,6,S.R.NAGAR,4,0,INDIVIDUAL/DOMESTIC
2022,10,6,S.R.NAGAR,3,0,"MULTI STORIED BUILDING"
2022,10,6,SOMAJIGUDA,1,0,BULK
2022,10,6,SOMAJIGUDA,3,0,INDIVIDUAL/DOMESTIC
2022,10,6,SOMAJIGUDA,1,0,"MULTI STORIED BUILDING"
2022,10,6,THATTIKHANA,6,0,INDIVIDUAL/DOMESTIC
2022,10,6,THATTIKHANA,1,0,"MULTI STORIED BUILDING"
2022,10,6,VENGALRAONAGAR,7,0,INDIVIDUAL/DOMESTIC
2022,10,6,VENGALRAONAGAR,1,0,"MULTI STORIED BUILDING"
2022,10,6,YELLAREDDYGUDA,5,0,INDIVIDUAL/DOMESTIC
2022,10,6,YELLAREDDYGUDA,2,0,"MULTI STORIED BUILDING"
2022,10,7,BOIGUDA,5,0,INDIVIDUAL/DOMESTIC
2022,10,7,BOIGUDA,1,0,"MULTI STORIED BUILDING"
2022,10,7,BOUDHANAGAR,1,0,INDIVIDUAL/DOMESTIC
2022,10,7,HUSSAINSAGAR,6,0,INDIVIDUAL/DOMESTIC
2022,10,7,LALAPET,5,1,INDIVIDUAL/DOMESTIC
2022,10,7,MARREDPALLY,5,0,INDIVIDUAL/DOMESTIC
2022,10,7,METTUGUDA,6,0,INDIVIDUAL/DOMESTIC
2022,10,7,METTUGUDA,2,0,"MULTI STORIED BUILDING"
2022,10,7,NALLAGUTTA,2,0,INDIVIDUAL/DOMESTIC
2022,10,7,NALLAGUTTA,1,0,"MULTI STORIED BUILDING"
2022,10,7,PRAKASHNAGAR,5,2,INDIVIDUAL/DOMESTIC
2022,10,7,PRAKASHNAGAR,2,0,"MULTI STORIED BUILDING"
2022,10,7,"REGIMENTAL BAZAR",1,0,INDIVIDUAL/DOMESTIC
2022,10,7,SEETHAPALMANDI,2,0,INDIVIDUAL/DOMESTIC
2022,10,7,"SRINIVAS NAGAR",4,0,INDIVIDUAL/DOMESTIC
2022,10,7,"SRINIVAS NAGAR",2,0,"MULTI STORIED BUILDING"
2022,10,7,TARNAKA,2,1,INDIVIDUAL/DOMESTIC
2022,10,7,TARNAKA,2,0,"MULTI STORIED BUILDING"
2022,10,8,"PATHANCHERU 832",1,0,BULK
2022,10,9,"BALAJINAGAR (DIV 9)",2,0,INDIVIDUAL/DOMESTIC
2022,10,9,BALANAGAR,3,0,INDIVIDUAL/DOMESTIC
2022,10,9,BALANAGAR,3,0,"MULTI STORIED BUILDING"
2022,10,9,BHAGYANAGAR,6,0,INDIVIDUAL/DOMESTIC
2022,10,9,BHAGYANAGAR,4,0,"MULTI STORIED BUILDING"
2022,10,9,BHARATHNAGAR,1,0,INDIVIDUAL/DOMESTIC
2022,10,9,"GAYATRI NAGAR",20,4,INDIVIDUAL/DOMESTIC
2022,10,9,HASMATHPET,8,1,INDIVIDUAL/DOMESTIC
2022,10,9,KPHB,5,1,INDIVIDUAL/DOMESTIC
2022,10,9,KPHB,2,0,"MULTI STORIED BUILDING"
2022,10,9,KUKATPALLY,6,0,INDIVIDUAL/DOMESTIC
2022,10,9,KUKATPALLY,1,0,"MULTI STORIED BUILDING"
2022,10,9,MOOSAPET,2,0,BULK
2022,10,9,MOOSAPET,5,2,INDIVIDUAL/DOMESTIC
2022,10,9,"MOTI NAGAR",4,0,INDIVIDUAL/DOMESTIC
2022,10,9,"VIVEKANANDA NAGAR",4,0,INDIVIDUAL/DOMESTIC
2022,10,9,YELLAMMABANDA,26,6,INDIVIDUAL/DOMESTIC
2022,10,9,YELLAMMABANDA,1,0,"MULTI STORIED BUILDING"
2022,10,10,ALKAPURI,5,0,INDIVIDUAL/DOMESTIC
2022,10,10,ALKAPURI,7,1,"MULTI STORIED BUILDING"
2022,10,10,"B.N.REDDY NAGAR",31,3,INDIVIDUAL/DOMESTIC
2022,10,10,DILSHUKNAGAR,7,0,INDIVIDUAL/DOMESTIC
2022,10,10,DILSHUKNAGAR,2,0,"MULTI STORIED BUILDING"
2022,10,10,"NGO COLONY",5,3,INDIVIDUAL/DOMESTIC
2022,10,10,"NGO COLONY",1,0,"MULTI STORIED BUILDING"
2022,10,10,SAROORNAGAR,4,0,INDIVIDUAL/DOMESTIC
2022,10,10,SAROORNAGAR,3,0,"MULTI STORIED BUILDING"
2022,10,10,"VAISHALINAGAR (DIV 10)",10,0,INDIVIDUAL/DOMESTIC
2022,10,10,"VAISHALINAGAR (DIV 10)",1,0,"MULTI STORIED BUILDING"
2022,10,10,"VANASTHALIPURAM (DIV 10)",1,0,INDIVIDUAL/DOMESTIC
2022,10,10,"VANASTHALIPURAM (DIV 10)",1,0,"MULTI STORIED BUILDING"
2022,10,11,"MOULA ALI",1,0,INDIVIDUAL/DOMESTIC
2022,10,12,ADARSHNAGAR,2,1,INDIVIDUAL/DOMESTIC
2022,10,12,ADARSHNAGAR,1,0,"MULTI STORIED BUILDING"
2022,10,12,"Bhagatsingh Nagar",4,1,INDIVIDUAL/DOMESTIC
2022,10,12,"Bhagatsingh Nagar",1,0,"MULTI STORIED BUILDING"
2022,10,12,CHINTAL,15,5,INDIVIDUAL/DOMESTIC
2022,10,12,GAJULARAMARAM,54,30,INDIVIDUAL/DOMESTIC
2022,10,12,GAJULARAMARAM,6,0,"MULTI STORIED BUILDING"
2022,10,12,JEEDIMETLA,1,0,BULK
2022,10,12,JEEDIMETLA,11,4,INDIVIDUAL/DOMESTIC
2022,10,12,JEEDIMETLA,4,0,"MULTI STORIED BUILDING"
2022,10,12,Jagathgirigutta,32,5,INDIVIDUAL/DOMESTIC
2022,10,12,SHAPOORNAGAR,13,4,INDIVIDUAL/DOMESTIC
2022,10,12,SHAPOORNAGAR,2,0,"MULTI STORIED BUILDING"
2022,10,12,SHAPOORNAGAR,1,0,"NON REVENUE CONNECTIONS"
2022,10,12,SURARAM,16,7,INDIVIDUAL/DOMESTIC
2022,10,12,SURARAM,2,0,"MULTI STORIED BUILDING"
2022,10,12,USHODAYA,12,1,INDIVIDUAL/DOMESTIC
2022,10,12,suchitra,9,2,INDIVIDUAL/DOMESTIC
2022,10,12,suchitra,6,0,"MULTI STORIED BUILDING"
2022,10,13,"ALWAL (Div13)",14,4,INDIVIDUAL/DOMESTIC
2022,10,13,CHANUKYAPURI,10,0,INDIVIDUAL/DOMESTIC
2022,10,13,CHANUKYAPURI,1,0,"MULTI STORIED BUILDING"
2022,10,13,"DEFENCE COLONY",5,3,INDIVIDUAL/DOMESTIC
2022,10,13,"FATHER BALAIAHNAGAR (Div13)",17,4,INDIVIDUAL/DOMESTIC
2022,10,13,"FATHER BALAIAHNAGAR (Div13)",3,0,"MULTI STORIED BUILDING"
2022,10,13,"GOWTHAM NAGAR",6,0,INDIVIDUAL/DOMESTIC
2022,10,13,MACHABOLLARAM,36,13,INDIVIDUAL/DOMESTIC
2022,10,13,MACHABOLLARAM,3,0,"MULTI STORIED BUILDING"
2022,10,13,SAINATHPURAM,1,0,BULK
2022,10,13,SAINATHPURAM,41,12,INDIVIDUAL/DOMESTIC
2022,10,13,SAINATHPURAM,2,0,"MULTI STORIED BUILDING"
2022,10,13,"VAJPAYEE NAGAR",6,1,INDIVIDUAL/DOMESTIC
2022,10,13,VENKATAPURAM,7,2,INDIVIDUAL/DOMESTIC
2022,10,13,"YAPRAL (Div13)",35,8,INDIVIDUAL/DOMESTIC
2022,10,13,"YAPRAL (Div13)",2,0,"MULTI STORIED BUILDING"
2022,10,14,CHERLAPALLY,20,3,INDIVIDUAL/DOMESTIC
2022,10,14,"HOUSING BOARD",23,10,INDIVIDUAL/DOMESTIC
2022,10,14,HUBSIGUDA,7,2,INDIVIDUAL/DOMESTIC
2022,10,14,HUBSIGUDA,1,0,"MULTI STORIED BUILDING"
2022,10,14,NACHARAM,17,3,INDIVIDUAL/DOMESTIC
2022,10,14,NACHARAM,2,0,"MULTI STORIED BUILDING"
2022,10,14,RADHIKA,14,1,INDIVIDUAL/DOMESTIC
2022,10,14,RADHIKA,3,0,"MULTI STORIED BUILDING"
2022,10,14,"RAMANTHAPUR(DIV 14)",22,6,INDIVIDUAL/DOMESTIC
2022,10,14,"SAIBABA NAGAR",35,7,INDIVIDUAL/DOMESTIC
2022,10,14,"SAIBABA NAGAR",6,0,"MULTI STORIED BUILDING"
2022,10,14,UPPAL,20,1,INDIVIDUAL/DOMESTIC
2022,10,14,UPPAL,2,0,"MULTI STORIED BUILDING"
2022,10,15,"CHANDA NAGAR",9,1,INDIVIDUAL/DOMESTIC
2022,10,15,"CHANDA NAGAR",8,0,"MULTI STORIED BUILDING"
2022,10,15,"DEEPTHISRI NAGAR (DIV 15)",7,2,INDIVIDUAL/DOMESTIC
2022,10,15,"DEEPTHISRI NAGAR (DIV 15)",1,0,"MULTI STORIED BUILDING"
2022,10,15,"Doyens section",1,0,BULK
2022,10,15,"Doyens section",18,3,INDIVIDUAL/DOMESTIC
2022,10,15,"Doyens section",2,1,"MULTI STORIED BUILDING"
2022,10,15,"GACHIBOWLI (DIV 15)",1,0,BULK
2022,10,15,"GACHIBOWLI (DIV 15)",29,4,INDIVIDUAL/DOMESTIC
2022,10,15,"GACHIBOWLI (DIV 15)",6,0,"MULTI STORIED BUILDING"
2022,10,15,"HAFEEZPET (DIV 15)",6,1,INDIVIDUAL/DOMESTIC
2022,10,15,"HAFEEZPET (DIV 15)",10,0,"MULTI STORIED BUILDING"
2022,10,15,"KONDAPUR (DIV 15)",20,3,INDIVIDUAL/DOMESTIC
2022,10,15,"KONDAPUR (DIV 15)",15,0,"MULTI STORIED BUILDING"
2022,10,15,MADHAPUR,2,0,BULK
2022,10,15,MADHAPUR,90,9,INDIVIDUAL/DOMESTIC
2022,10,15,MADHAPUR,28,0,"MULTI STORIED BUILDING"
2022,10,15,MIYAPUR,2,0,BULK
2022,10,15,MIYAPUR,19,7,INDIVIDUAL/DOMESTIC
2022,10,15,MIYAPUR,6,1,"MULTI STORIED BUILDING"
2022,10,15,"NALLAGANDLA (DIV 15)",16,6,INDIVIDUAL/DOMESTIC
2022,10,15,"NALLAGANDLA (DIV 15)",2,0,"MULTI STORIED BUILDING"
2022,10,15,"PATANCHERU (DIV15)",51,11,INDIVIDUAL/DOMESTIC
2022,10,15,"PATANCHERU (DIV15)",3,0,"MULTI STORIED BUILDING"
2022,10,15,RAMACHANDRAPURAM,3,2,INDIVIDUAL/DOMESTIC
2022,10,16,ATTAPUR,10,3,INDIVIDUAL/DOMESTIC
2022,10,16,"BUDVEL (DIV16)",14,6,INDIVIDUAL/DOMESTIC
2022,10,16,"BUDVEL (DIV16)",1,0,"MULTI STORIED BUILDING"
2022,10,16,HYDERGUDA,21,6,INDIVIDUAL/DOMESTIC
2022,10,16,HYDERGUDA,5,0,"MULTI STORIED BUILDING"
2022,10,16,KATEDAN,27,20,INDIVIDUAL/DOMESTIC
2022,10,16,"MAILERDEV PALLY",28,13,INDIVIDUAL/DOMESTIC
2022,10,16,"SULEMAN NAGAR",17,10,INDIVIDUAL/DOMESTIC
2022,10,18,"KISMATHPUR (DIV 18)",1,0,BULK
2022,10,18,"KISMATHPUR (DIV 18)",41,5,INDIVIDUAL/DOMESTIC
2022,10,18,"KISMATHPUR (DIV 18)",3,0,"MULTI STORIED BUILDING"
2022,10,18,"MANIKONDA (DIV 18)",2,0,BULK
2022,10,18,"MANIKONDA (DIV 18)",72,1,INDIVIDUAL/DOMESTIC
2022,10,18,"MANIKONDA (DIV 18)",8,0,"MULTI STORIED BUILDING"
2022,10,19,"BODUPPAL (DIV 19)",100,11,INDIVIDUAL/DOMESTIC
2022,10,19,"BODUPPAL (DIV 19)",1,0,"MULTI STORIED BUILDING"
2022,10,19,"CHEERYAL (DIV 19)",5,0,INDIVIDUAL/DOMESTIC
2022,10,19,"DHAMMAIGUDA (DIV 19)",40,2,INDIVIDUAL/DOMESTIC
2022,10,19,"NAGARAM (DIV 19)",51,5,INDIVIDUAL/DOMESTIC
2022,10,19,"PEERJADIGUDA (DIV 19)",84,3,INDIVIDUAL/DOMESTIC
2022,10,19,"POCHARAM (DIV 19)",58,29,INDIVIDUAL/DOMESTIC
2022,10,20,"BADANGPET  (DIV 20)",111,35,INDIVIDUAL/DOMESTIC
2022,10,20,"BADANGPET  (DIV 20)",2,0,"MULTI STORIED BUILDING"
2022,10,20,"JALPALLY (DIV 20)",171,2,INDIVIDUAL/DOMESTIC
2022,10,20,"JILLELAGUDA (DIV 20)",4,2,INDIVIDUAL/DOMESTIC
2022,10,20,"JILLELAGUDA (DIV 20)",1,0,"MULTI STORIED BUILDING"
2022,10,20,"MEERPET (DIV 20)",23,10,INDIVIDUAL/DOMESTIC
2022,10,20,"MEERPET (DIV 20)",2,0,"MULTI STORIED BUILDING"
2022,10,20,"SHAMSHABAD (DIV 20)",8,0,INDIVIDUAL/DOMESTIC
2022,10,20,"THUKKUGUDA (PD 1)",21,8,INDIVIDUAL/DOMESTIC
2022,10,21,SAINIKPURI,1,0,INDIVIDUAL/DOMESTIC
2022,10,22,"ADIBATLA (PD 1)",1,0,BULK
2022,10,22,"ADIBATLA (PD 1)",1,0,INDIVIDUAL/DOMESTIC
2022,10,22,"PEDDA AMBERPET (PD 1)",24,6,INDIVIDUAL/DOMESTIC
2022,10,22,"TURKAYAMJAL (PD 1)",50,5,INDIVIDUAL/DOMESTIC
2022,10,23,"BACHUPALLY (PD 7)",17,4,INDIVIDUAL/DOMESTIC
2022,10,23,"BACHUPALLY (PD 7)",5,0,"MULTI STORIED BUILDING"
2022,10,23,"GANDIMAISAMMA (PD 7)",103,25,INDIVIDUAL/DOMESTIC
2022,10,23,"GANDIMAISAMMA (PD 7)",1,0,"MULTI STORIED BUILDING"
2022,10,23,"NIZAMPET (PD 7)",12,3,INDIVIDUAL/DOMESTIC
2022,10,23,"NIZAMPET (PD 7)",4,1,"MULTI STORIED BUILDING"
2022,10,23,"PRAGATHINAGAR (PD 7)",1,0,BULK
2022,10,23,"PRAGATHINAGAR (PD 7)",4,2,INDIVIDUAL/DOMESTIC
2022,10,23,"PRAGATHINAGAR (PD 7)",6,0,"MULTI STORIED BUILDING"
2022,10,24,"AMEENPUR (PD 8)",94,29,INDIVIDUAL/DOMESTIC
2022,10,24,"AMEENPUR (PD 8)",1,0,"MULTI STORIED BUILDING"
2022,10,24,"BEERAMGUDA (PD 8)",37,8,INDIVIDUAL/DOMESTIC
2022,10,24,"BEERAMGUDA (PD 8)",7,0,"MULTI STORIED BUILDING"
2022,10,25,"GUNDLAPOCHAMPALLY (PD 7)",1,0,INDIVIDUAL/DOMESTIC
2022,10,25,"GUNDLAPOCHAMPALLY (PD 7)",1,0,"MULTI STORIED BUILDING"
2022,10,25,"JAWAHARNAGAR (PD 3)",380,13,INDIVIDUAL/DOMESTIC
2022,10,25,"KOMPALLY (PD 7)",1,0,BULK
2022,10,25,"KOMPALLY (PD 7)",14,2,INDIVIDUAL/DOMESTIC
2022,10,25,"KOMPALLY (PD 7)",1,0,"MULTI STORIED BUILDING"
2022,10,25,"THOOMKUNTA (PD 3)",1,0,BULK
2022,10,25,"THOOMKUNTA (PD 3)",55,18,INDIVIDUAL/DOMESTIC
2022,10,33,KANCHANBAGH,1,0,INDIVIDUAL/DOMESTIC
2022,10,33,"RIYASATH NAGAR",3,0,INDIVIDUAL/DOMESTIC
2022,10,34,AUTONAGAR,31,11,INDIVIDUAL/DOMESTIC
2022,10,34,AUTONAGAR,2,0,"MULTI STORIED BUILDING"
2022,10,34,KAMALANAGAR,21,5,INDIVIDUAL/DOMESTIC
2022,10,34,KAMALANAGAR,1,0,"MULTI STORIED BUILDING"
2022,10,34,KOTHAPETA,7,1,INDIVIDUAL/DOMESTIC
2022,10,34,KOTHAPETA,1,0,"MULTI STORIED BUILDING"
2022,10,34,L.B.NAGAR,10,4,INDIVIDUAL/DOMESTIC
2022,10,34,L.B.NAGAR,1,0,"MULTI STORIED BUILDING"
2022,10,34,LINGOJIGUDA,10,0,INDIVIDUAL/DOMESTIC
2022,10,34,MANSOORABAD,12,3,INDIVIDUAL/DOMESTIC
2022,10,34,MANSOORABAD,3,1,"MULTI STORIED BUILDING"
2022,10,34,"MARUTHINAGAR (DIV 10)",5,2,INDIVIDUAL/DOMESTIC
2022,10,34,"MARUTHINAGAR (DIV 10)",2,0,"MULTI STORIED BUILDING"
2022,10,34,NAGOLE,16,7,INDIVIDUAL/DOMESTIC
2022,10,34,NAGOLE,4,0,"MULTI STORIED BUILDING"
2022,10,34,"SAHEBNAGAR (DIV 10)",36,2,INDIVIDUAL/DOMESTIC
2022,10,34,"SAHEBNAGAR (DIV 10)",11,2,"MULTI STORIED BUILDING"
2022,10,34,"VANASTHALIPURAM (DIV 10)",1,0,INDIVIDUAL/DOMESTIC
2022,10,34,"VANASTHALIPURAM (DIV 10)",1,0,"MULTI STORIED BUILDING"
