year,month,division,section,applied,approved,category
2018,1,1,AZAMPURA,1,1,INDIVIDUAL/DOMESTIC
2018,1,1,AZAMPURA,1,0,"MULTI STORIED BUILDING"
2018,1,1,BAHADURPURA,19,18,INDIVIDUAL/DOMESTIC
2018,1,1,"CHANUDLAL BHARADARI",13,10,INDIVIDUAL/DOMESTIC
2018,1,1,"DARUL SHIFA",2,0,INDIVIDUAL/DOMESTIC
2018,1,1,"DHOOD BOWLI",2,2,INDIVIDUAL/DOMESTIC
2018,1,1,M.R.G.FILTERS,30,27,INDIVIDUAL/DOMESTIC
2018,1,1,MOGHULPURA,4,4,INDIVIDUAL/DOMESTIC
2018,1,1,PATHERGATTI,2,2,INDIVIDUAL/DOMESTIC
2018,1,2,ASMANGARH,27,25,INDIVIDUAL/DOMESTIC
2018,1,2,BALAPUR,21,18,INDIVIDUAL/DOMESTIC
2018,1,2,"BANDLAGUDA  (DIV 2)",66,60,INDIVIDUAL/DOMESTIC
2018,1,2,GOWLIPURA,11,11,INDIVIDUAL/DOMESTIC
2018,1,2,JAHANUMA,18,11,INDIVIDUAL/DOMESTIC
2018,1,2,MADANNAPET,2,2,INDIVIDUAL/DOMESTIC
2018,1,2,MALAKPET,3,3,INDIVIDUAL/DOMESTIC
2018,1,2,MOOSARAMBAGH,66,49,INDIVIDUAL/DOMESTIC
2018,1,2,MOOSARAMBAGH,2,2,"MULTI STORIED BUILDING"
2018,1,2,MYSARAM,15,11,INDIVIDUAL/DOMESTIC
2018,1,2,SANTOSHNAGAR,77,76,INDIVIDUAL/DOMESTIC
2018,1,2,SANTOSHNAGAR,4,1,"MULTI STORIED BUILDING"
2018,1,2,YAKATPURA,5,3,INDIVIDUAL/DOMESTIC
2018,1,3,"AHMED NAGAR",17,7,INDIVIDUAL/DOMESTIC
2018,1,3,"ASIF NAGAR",1,0,"MULTI STORIED BUILDING"
2018,1,3,"CHINTAL BASTHI",2,0,INDIVIDUAL/DOMESTIC
2018,1,3,GOLCONDA,16,8,INDIVIDUAL/DOMESTIC
2018,1,3,HAKEEMPET,1,1,INDIVIDUAL/DOMESTIC
2018,1,3,"KAKATIYA NAGAR",6,3,INDIVIDUAL/DOMESTIC
2018,1,3,KARWAN,22,17,INDIVIDUAL/DOMESTIC
2018,1,3,MEHIDIPATNAM,10,7,INDIVIDUAL/DOMESTIC
2018,1,3,MEHIDIPATNAM,4,3,"MULTI STORIED BUILDING"
2018,1,3,"OLD MALLEPALLY",2,2,INDIVIDUAL/DOMESTIC
2018,1,3,SHAIKPET,37,28,INDIVIDUAL/DOMESTIC
2018,1,3,"TOLI CHOWK",5,3,INDIVIDUAL/DOMESTIC
2018,1,3,"VIJAYNAGAR COLONY",2,1,INDIVIDUAL/DOMESTIC
2018,1,4,ALLABANDA,7,6,INDIVIDUAL/DOMESTIC
2018,1,4,GODE-KI-KABAR,6,4,INDIVIDUAL/DOMESTIC
2018,1,4,GOWLIGUDA,1,1,INDIVIDUAL/DOMESTIC
2018,1,4,GUNFOUNDRY,5,3,INDIVIDUAL/DOMESTIC
2018,1,4,"HINDI NAGAR",2,1,INDIVIDUAL/DOMESTIC
2018,1,4,"RED HILLS HIGH LEVEL",7,4,INDIVIDUAL/DOMESTIC
2018,1,4,"RED HILLS HIGH LEVEL",1,1,"MULTI STORIED BUILDING"
2018,1,4,"RED HILLS LOW LEVEL",1,1,INDIVIDUAL/DOMESTIC
2018,1,4,"SULTAN BAZAR",1,1,INDIVIDUAL/DOMESTIC
2018,1,5,"ADIKMET DMA-1",6,3,INDIVIDUAL/DOMESTIC
2018,1,5,AZAMABAD,7,5,INDIVIDUAL/DOMESTIC
2018,1,5,"BAGH LINGAMPALLY",5,2,INDIVIDUAL/DOMESTIC
2018,1,5,"BAGH LINGAMPALLY",2,0,"MULTI STORIED BUILDING"
2018,1,5,BARKATPURA,9,4,INDIVIDUAL/DOMESTIC
2018,1,5,"BOATS CLUB",5,4,INDIVIDUAL/DOMESTIC
2018,1,5,DOMALGUDA,4,1,INDIVIDUAL/DOMESTIC
2018,1,5,DOMALGUDA,1,1,"MULTI STORIED BUILDING"
2018,1,5,GANDHINAGAR,8,5,INDIVIDUAL/DOMESTIC
2018,1,5,MUSHEERABAD,5,4,INDIVIDUAL/DOMESTIC
2018,1,5,NARAYANGUDA,3,0,INDIVIDUAL/DOMESTIC
2018,1,5,NARAYANGUDA,4,2,"MULTI STORIED BUILDING"
2018,1,5,"RAMANTHAPUR (DIV 5)",10,10,INDIVIDUAL/DOMESTIC
2018,1,5,"RAMANTHAPUR (DIV 5)",1,1,"MULTI STORIED BUILDING"
2018,1,5,SHIVAM,15,9,INDIVIDUAL/DOMESTIC
2018,1,5,SHIVAM,1,1,"MULTI STORIED BUILDING"
2018,1,5,VIGYANPURI,7,5,INDIVIDUAL/DOMESTIC
2018,1,5,VIGYANPURI,4,2,"MULTI STORIED BUILDING"
2018,1,6,"BANJARA HILLS",15,5,INDIVIDUAL/DOMESTIC
2018,1,6,"BANJARA HILLS",6,3,"MULTI STORIED BUILDING"
2018,1,6,BORABANDA,3,2,INDIVIDUAL/DOMESTIC
2018,1,6,ERRAGADDA,12,9,INDIVIDUAL/DOMESTIC
2018,1,6,ERRAGADDA,1,1,"MULTI STORIED BUILDING"
2018,1,6,FATHENAGAR,6,4,INDIVIDUAL/DOMESTIC
2018,1,6,"JUBILEE HILLS",21,16,INDIVIDUAL/DOMESTIC
2018,1,6,"JUBILEE HILLS",3,1,"MULTI STORIED BUILDING"
2018,1,6,"S.P.R HILLS",9,6,INDIVIDUAL/DOMESTIC
2018,1,6,S.R.NAGAR,8,4,INDIVIDUAL/DOMESTIC
2018,1,6,SOMAJIGUDA,3,3,INDIVIDUAL/DOMESTIC
2018,1,6,SOMAJIGUDA,1,1,"MULTI STORIED BUILDING"
2018,1,6,THATTIKHANA,15,12,INDIVIDUAL/DOMESTIC
2018,1,6,VENGALRAONAGAR,15,12,INDIVIDUAL/DOMESTIC
2018,1,6,VENGALRAONAGAR,1,1,"MULTI STORIED BUILDING"
2018,1,6,YELLAREDDYGUDA,15,14,INDIVIDUAL/DOMESTIC
2018,1,6,YELLAREDDYGUDA,2,1,"MULTI STORIED BUILDING"
2018,1,7,BOIGUDA,5,2,INDIVIDUAL/DOMESTIC
2018,1,7,BOIGUDA,1,0,"MULTI STORIED BUILDING"
2018,1,7,HUSSAINSAGAR,2,1,INDIVIDUAL/DOMESTIC
2018,1,7,LALAPET,6,6,INDIVIDUAL/DOMESTIC
2018,1,7,MARREDPALLY,22,14,INDIVIDUAL/DOMESTIC
2018,1,7,MARREDPALLY,1,1,"MULTI STORIED BUILDING"
2018,1,7,METTUGUDA,6,3,INDIVIDUAL/DOMESTIC
2018,1,7,NALLAGUTTA,20,6,INDIVIDUAL/DOMESTIC
2018,1,7,PRAKASHNAGAR,3,1,INDIVIDUAL/DOMESTIC
2018,1,7,"REGIMENTAL BAZAR",1,1,INDIVIDUAL/DOMESTIC
2018,1,7,SEETHAPALMANDI,6,2,INDIVIDUAL/DOMESTIC
2018,1,7,"SRINIVAS NAGAR",10,5,INDIVIDUAL/DOMESTIC
2018,1,7,"SRINIVAS NAGAR",2,0,"MULTI STORIED BUILDING"
2018,1,7,TARNAKA,9,8,INDIVIDUAL/DOMESTIC
2018,1,7,TARNAKA,2,1,"MULTI STORIED BUILDING"
2018,1,8,"PATHANCHERU 832",2,0,BULK
2018,1,9,"BALAJINAGAR (DIV 9)",1,1,INDIVIDUAL/DOMESTIC
2018,1,9,"BALAJINAGAR (DIV 9)",2,0,"MULTI STORIED BUILDING"
2018,1,9,BALANAGAR,7,7,INDIVIDUAL/DOMESTIC
2018,1,9,BALANAGAR,1,0,"MULTI STORIED BUILDING"
2018,1,9,BHAGYANAGAR,75,57,INDIVIDUAL/DOMESTIC
2018,1,9,BHAGYANAGAR,7,2,"MULTI STORIED BUILDING"
2018,1,9,"GAYATRI NAGAR",3,2,INDIVIDUAL/DOMESTIC
2018,1,9,"GAYATRI NAGAR",1,0,"MULTI STORIED BUILDING"
2018,1,9,HASMATHPET,16,12,INDIVIDUAL/DOMESTIC
2018,1,9,KPHB,1,0,BULK
2018,1,9,KPHB,9,7,INDIVIDUAL/DOMESTIC
2018,1,9,KPHB,4,2,"MULTI STORIED BUILDING"
2018,1,9,KUKATPALLY,4,1,INDIVIDUAL/DOMESTIC
2018,1,9,MOOSAPET,55,43,INDIVIDUAL/DOMESTIC
2018,1,9,MOOSAPET,1,1,"MULTI STORIED BUILDING"
2018,1,9,"VIVEKANANDA NAGAR",3,1,INDIVIDUAL/DOMESTIC
2018,1,10,ALKAPURI,12,8,INDIVIDUAL/DOMESTIC
2018,1,10,ALKAPURI,1,0,"MULTI STORIED BUILDING"
2018,1,10,DILSHUKNAGAR,12,10,INDIVIDUAL/DOMESTIC
2018,1,10,SAROORNAGAR,14,7,INDIVIDUAL/DOMESTIC
2018,1,10,SAROORNAGAR,8,1,"MULTI STORIED BUILDING"
2018,1,10,"VAISHALINAGAR (DIV 10)",10,7,INDIVIDUAL/DOMESTIC
2018,1,10,"VANASTHALIPURAM (DIV 10)",7,6,INDIVIDUAL/DOMESTIC
2018,1,11,"MOULA ALI",1,0,"MULTI STORIED BUILDING"
2018,1,12,ADARSHNAGAR,29,14,INDIVIDUAL/DOMESTIC
2018,1,12,ADARSHNAGAR,3,0,"MULTI STORIED BUILDING"
2018,1,12,CHINTAL,31,27,INDIVIDUAL/DOMESTIC
2018,1,12,CHINTAL,8,6,"MULTI STORIED BUILDING"
2018,1,12,JEEDIMETLA,51,27,INDIVIDUAL/DOMESTIC
2018,1,12,JEEDIMETLA,5,2,"MULTI STORIED BUILDING"
2018,1,12,SHAPOORNAGAR,38,26,INDIVIDUAL/DOMESTIC
2018,1,12,SHAPOORNAGAR,8,0,"MULTI STORIED BUILDING"
2018,1,13,"ALWAL (Div13)",21,12,INDIVIDUAL/DOMESTIC
2018,1,13,"ALWAL (Div13)",3,0,"MULTI STORIED BUILDING"
2018,1,13,CHANUKYAPURI,19,14,INDIVIDUAL/DOMESTIC
2018,1,13,CHANUKYAPURI,1,0,"MULTI STORIED BUILDING"
2018,1,13,"DEFENCE COLONY",30,24,INDIVIDUAL/DOMESTIC
2018,1,13,"DEFENCE COLONY",2,0,"MULTI STORIED BUILDING"
2018,1,13,"FATHER BALAIAHNAGAR (Div13)",19,13,INDIVIDUAL/DOMESTIC
2018,1,13,"FATHER BALAIAHNAGAR (Div13)",3,3,"MULTI STORIED BUILDING"
2018,1,13,"GOWTHAM NAGAR",8,5,INDIVIDUAL/DOMESTIC
2018,1,13,"GOWTHAM NAGAR",1,0,"MULTI STORIED BUILDING"
2018,1,13,MACHABOLLARAM,10,7,INDIVIDUAL/DOMESTIC
2018,1,13,MALKAJGIRI,1,0,INDIVIDUAL/DOMESTIC
2018,1,13,MALKAJGIRI,2,0,"MULTI STORIED BUILDING"
2018,1,13,SAINATHPURAM,34,21,INDIVIDUAL/DOMESTIC
2018,1,13,SAINATHPURAM,2,2,"MULTI STORIED BUILDING"
2018,1,13,"YAPRAL (Div13)",20,9,INDIVIDUAL/DOMESTIC
2018,1,13,"YAPRAL (Div13)",3,1,"MULTI STORIED BUILDING"
2018,1,14,"HOUSING BOARD",60,35,INDIVIDUAL/DOMESTIC
2018,1,14,"HOUSING BOARD",1,1,"MULTI STORIED BUILDING"
2018,1,14,HUBSIGUDA,1,1,INDIVIDUAL/DOMESTIC
2018,1,14,HUBSIGUDA,1,1,"MULTI STORIED BUILDING"
2018,1,14,RADHIKA,1,0,BULK
2018,1,14,RADHIKA,446,240,INDIVIDUAL/DOMESTIC
2018,1,14,RADHIKA,9,2,"MULTI STORIED BUILDING"
2018,1,14,"RAMANTHAPUR(DIV 14)",13,10,INDIVIDUAL/DOMESTIC
2018,1,14,"RAMANTHAPUR(DIV 14)",2,2,"MULTI STORIED BUILDING"
2018,1,14,UPPAL,31,25,INDIVIDUAL/DOMESTIC
2018,1,14,UPPAL,2,0,"MULTI STORIED BUILDING"
2018,1,15,"CHANDA NAGAR",1,0,BULK
2018,1,15,"CHANDA NAGAR",28,23,INDIVIDUAL/DOMESTIC
2018,1,15,"CHANDA NAGAR",2,0,"MULTI STORIED BUILDING"
2018,1,15,"GACHIBOWLI (DIV 15)",2,2,BULK
2018,1,15,"GACHIBOWLI (DIV 15)",62,52,INDIVIDUAL/DOMESTIC
2018,1,15,"GACHIBOWLI (DIV 15)",8,4,"MULTI STORIED BUILDING"
2018,1,15,MADHAPUR,2,2,BULK
2018,1,15,MADHAPUR,46,32,INDIVIDUAL/DOMESTIC
2018,1,15,MADHAPUR,36,16,"MULTI STORIED BUILDING"
2018,1,15,MIYAPUR,1,0,BULK
2018,1,15,MIYAPUR,25,20,INDIVIDUAL/DOMESTIC
2018,1,15,MIYAPUR,28,14,"MULTI STORIED BUILDING"
2018,1,15,"PATANCHERU (DIV15)",1,0,"MULTI STORIED BUILDING"
2018,1,15,RAMACHANDRAPURAM,1,1,INDIVIDUAL/DOMESTIC
2018,1,15,RAMACHANDRAPURAM,2,0,"MULTI STORIED BUILDING"
2018,1,16,"BUDVEL (DIV16)",10,9,INDIVIDUAL/DOMESTIC
2018,1,16,"BUDVEL (DIV16)",2,0,"MULTI STORIED BUILDING"
2018,1,16,HYDERGUDA,71,45,INDIVIDUAL/DOMESTIC
2018,1,16,HYDERGUDA,3,0,"MULTI STORIED BUILDING"
2018,1,16,"MAILERDEV PALLY",26,18,INDIVIDUAL/DOMESTIC
2018,1,16,"MAILERDEV PALLY",1,0,"MULTI STORIED BUILDING"
2018,1,18,"MANIKONDA (DIV 18)",4,3,INDIVIDUAL/DOMESTIC
2018,1,18,"MANIKONDA (DIV 18)",2,2,"MULTI STORIED BUILDING"
2018,1,19,"BODUPPAL (DIV 19)",15,8,INDIVIDUAL/DOMESTIC
2018,1,19,"PEERJADIGUDA (DIV 19)",1,0,INDIVIDUAL/DOMESTIC
2018,1,20,"BADANGPET  (DIV 20)",1,1,INDIVIDUAL/DOMESTIC
2018,1,20,"JILLELAGUDA (DIV 20)",1,0,BULK
2018,1,20,"JILLELAGUDA (DIV 20)",3,0,INDIVIDUAL/DOMESTIC
2018,1,21,SAINIKPURI,1,0,INDIVIDUAL/DOMESTIC
2018,1,22,"TURKAYAMJAL (PD 1)",6,0,"MULTI STORIED BUILDING"
2018,1,23,"NIZAMPET (PD 7)",1,0,BULK
2018,1,23,"NIZAMPET (PD 7)",18,18,INDIVIDUAL/DOMESTIC
2018,1,23,"NIZAMPET (PD 7)",8,6,"MULTI STORIED BUILDING"
2018,1,25,"KOMPALLY (PD 7)",1,0,INDIVIDUAL/DOMESTIC
2018,1,34,ALKAPURI,1,0,INDIVIDUAL/DOMESTIC
2018,1,34,AUTONAGAR,37,32,INDIVIDUAL/DOMESTIC
2018,1,34,AUTONAGAR,4,0,"MULTI STORIED BUILDING"
2018,1,34,KOTHAPETA,1,0,INDIVIDUAL/DOMESTIC
2018,1,34,L.B.NAGAR,30,25,INDIVIDUAL/DOMESTIC
2018,1,34,L.B.NAGAR,1,1,"MULTI STORIED BUILDING"
2018,1,34,MANSOORABAD,34,32,INDIVIDUAL/DOMESTIC
2018,1,34,MANSOORABAD,3,2,"MULTI STORIED BUILDING"
2018,1,34,"MARUTHINAGAR (DIV 10)",12,7,INDIVIDUAL/DOMESTIC
2018,1,34,NAGOLE,8,5,INDIVIDUAL/DOMESTIC
2018,1,34,NAGOLE,1,0,"MULTI STORIED BUILDING"
2018,1,34,"SAHEBNAGAR (DIV 10)",372,249,INDIVIDUAL/DOMESTIC
2018,1,34,"SAHEBNAGAR (DIV 10)",2,2,"MULTI STORIED BUILDING"
2018,1,34,SAROORNAGAR,4,0,"MULTI STORIED BUILDING"
2018,1,34,"VAISHALINAGAR (DIV 10)",1,0,"MULTI STORIED BUILDING"
2018,1,34,"VANASTHALIPURAM (DIV 10)",40,30,INDIVIDUAL/DOMESTIC
2018,1,34,"VANASTHALIPURAM (DIV 10)",5,1,"MULTI STORIED BUILDING"
