year,month,division,section,applied,approved,category
2020,12,1,BAHADURPURA,10,10,INDIVIDUAL/DOMESTIC
2020,12,1,"CHANUDLAL BHARADARI",3,0,INDIVIDUAL/DOMESTIC
2020,12,1,"DARUL SHIFA",2,2,INDIVIDUAL/DOMESTIC
2020,12,1,"DHOOD BOWLI",1,1,INDIVIDUAL/DOMESTIC
2020,12,1,"HASSAN NAGAR",16,12,INDIVIDUAL/DOMESTIC
2020,12,1,M.R.G.FILTERS,4,2,INDIVIDUAL/DOMESTIC
2020,12,1,MOGHULPURA,6,5,INDIVIDUAL/DOMESTIC
2020,12,1,PATHERGATTI,3,3,INDIVIDUAL/DOMESTIC
2020,12,2,ALIABAD,5,4,INDIVIDUAL/DOMESTIC
2020,12,2,ASMANGARH,3,2,"MULTI STORIED BUILDING"
2020,12,2,BALAPUR,7,4,INDIVIDUAL/DOMESTIC
2020,12,2,"BANDLAGUDA  (DIV 2)",109,95,INDIVIDUAL/DOMESTIC
2020,12,2,CHANCHALGUDA,2,0,INDIVIDUAL/DOMESTIC
2020,12,2,GOWLIPURA,2,2,INDIVIDUAL/DOMESTIC
2020,12,2,JAHANUMA,17,13,INDIVIDUAL/DOMESTIC
2020,12,2,MADANNAPET,4,3,INDIVIDUAL/DOMESTIC
2020,12,2,MALAKPET,5,4,INDIVIDUAL/DOMESTIC
2020,12,2,MALAKPET,2,1,"MULTI STORIED BUILDING"
2020,12,2,MOOSARAMBAGH,2,1,INDIVIDUAL/DOMESTIC
2020,12,2,MOOSARAMBAGH,1,1,"MULTI STORIED BUILDING"
2020,12,2,MYSARAM,13,3,INDIVIDUAL/DOMESTIC
2020,12,2,SAIDABAD,1,0,INDIVIDUAL/DOMESTIC
2020,12,2,SANTOSHNAGAR,3,2,INDIVIDUAL/DOMESTIC
2020,12,2,SANTOSHNAGAR,2,1,"MULTI STORIED BUILDING"
2020,12,2,YAKATPURA,3,1,INDIVIDUAL/DOMESTIC
2020,12,3,"AHMED NAGAR",4,3,INDIVIDUAL/DOMESTIC
2020,12,3,"AHMED NAGAR",1,1,"MULTI STORIED BUILDING"
2020,12,3,"ASIF NAGAR",1,0,"MULTI STORIED BUILDING"
2020,12,3,GOLCONDA,7,5,INDIVIDUAL/DOMESTIC
2020,12,3,GOLCONDA,1,0,"MULTI STORIED BUILDING"
2020,12,3,HAKEEMPET,1,1,INDIVIDUAL/DOMESTIC
2020,12,3,"KAKATIYA NAGAR",6,4,INDIVIDUAL/DOMESTIC
2020,12,3,KARWAN,12,9,INDIVIDUAL/DOMESTIC
2020,12,3,MEHIDIPATNAM,15,12,INDIVIDUAL/DOMESTIC
2020,12,3,"OLD MALLEPALLY",6,4,INDIVIDUAL/DOMESTIC
2020,12,3,SHAIKPET,30,23,INDIVIDUAL/DOMESTIC
2020,12,3,SHAIKPET,3,0,"MULTI STORIED BUILDING"
2020,12,3,"TOLI CHOWK",9,5,INDIVIDUAL/DOMESTIC
2020,12,3,"TOLI CHOWK",1,0,"MULTI STORIED BUILDING"
2020,12,3,"VIJAYNAGAR COLONY",8,5,INDIVIDUAL/DOMESTIC
2020,12,3,"VIJAYNAGAR COLONY",1,0,"MULTI STORIED BUILDING"
2020,12,4,ALLABANDA,15,14,INDIVIDUAL/DOMESTIC
2020,12,4,GODE-KI-KABAR,6,4,INDIVIDUAL/DOMESTIC
2020,12,4,GOWLIGUDA,5,4,INDIVIDUAL/DOMESTIC
2020,12,4,"HINDI NAGAR",3,1,INDIVIDUAL/DOMESTIC
2020,12,4,"RED HILLS HIGH LEVEL",1,0,INDIVIDUAL/DOMESTIC
2020,12,4,"RED HILLS LOW LEVEL",5,5,INDIVIDUAL/DOMESTIC
2020,12,4,"SULTAN BAZAR",4,3,INDIVIDUAL/DOMESTIC
2020,12,4,ZIAGUDA,1,1,INDIVIDUAL/DOMESTIC
2020,12,5,"ADIKMET DMA-1",9,8,INDIVIDUAL/DOMESTIC
2020,12,5,"ADIKMET DMA-1",1,1,"MULTI STORIED BUILDING"
2020,12,5,AZAMABAD,7,5,INDIVIDUAL/DOMESTIC
2020,12,5,"BAGH LINGAMPALLY",3,2,INDIVIDUAL/DOMESTIC
2020,12,5,"BAGH LINGAMPALLY",2,1,"MULTI STORIED BUILDING"
2020,12,5,BARKATPURA,2,1,INDIVIDUAL/DOMESTIC
2020,12,5,"BOATS CLUB",2,0,INDIVIDUAL/DOMESTIC
2020,12,5,"BOATS CLUB",2,2,"MULTI STORIED BUILDING"
2020,12,5,DOMALGUDA,3,3,INDIVIDUAL/DOMESTIC
2020,12,5,GANDHINAGAR,3,3,INDIVIDUAL/DOMESTIC
2020,12,5,MUSHEERABAD,8,6,INDIVIDUAL/DOMESTIC
2020,12,5,MUSHEERABAD,1,1,"MULTI STORIED BUILDING"
2020,12,5,NARAYANGUDA,2,1,INDIVIDUAL/DOMESTIC
2020,12,5,NARAYANGUDA,1,1,"MULTI STORIED BUILDING"
2020,12,5,"RAMANTHAPUR (DIV 5)",6,4,INDIVIDUAL/DOMESTIC
2020,12,5,SHIVAM,6,4,INDIVIDUAL/DOMESTIC
2020,12,5,SHIVAM,1,0,"MULTI STORIED BUILDING"
2020,12,5,VIGYANPURI,7,5,INDIVIDUAL/DOMESTIC
2020,12,6,"BANJARA HILLS",10,7,INDIVIDUAL/DOMESTIC
2020,12,6,"BANJARA HILLS",2,1,"MULTI STORIED BUILDING"
2020,12,6,ERRAGADDA,16,12,INDIVIDUAL/DOMESTIC
2020,12,6,FATHENAGAR,8,4,INDIVIDUAL/DOMESTIC
2020,12,6,FATHENAGAR,2,2,"MULTI STORIED BUILDING"
2020,12,6,"JUBILEE HILLS",13,6,INDIVIDUAL/DOMESTIC
2020,12,6,"JUBILEE HILLS",4,1,"MULTI STORIED BUILDING"
2020,12,6,"S.P.R HILLS",17,14,INDIVIDUAL/DOMESTIC
2020,12,6,S.R.NAGAR,4,4,INDIVIDUAL/DOMESTIC
2020,12,6,S.R.NAGAR,1,0,"MULTI STORIED BUILDING"
2020,12,6,SOMAJIGUDA,5,2,INDIVIDUAL/DOMESTIC
2020,12,6,THATTIKHANA,5,3,INDIVIDUAL/DOMESTIC
2020,12,6,THATTIKHANA,2,2,"MULTI STORIED BUILDING"
2020,12,6,VENGALRAONAGAR,3,3,INDIVIDUAL/DOMESTIC
2020,12,6,VENGALRAONAGAR,1,1,"MULTI STORIED BUILDING"
2020,12,6,YELLAREDDYGUDA,8,7,INDIVIDUAL/DOMESTIC
2020,12,7,BOIGUDA,5,4,INDIVIDUAL/DOMESTIC
2020,12,7,BOIGUDA,1,1,"MULTI STORIED BUILDING"
2020,12,7,HUSSAINSAGAR,12,7,INDIVIDUAL/DOMESTIC
2020,12,7,LALAPET,6,6,INDIVIDUAL/DOMESTIC
2020,12,7,MARREDPALLY,20,10,INDIVIDUAL/DOMESTIC
2020,12,7,MARREDPALLY,1,1,"MULTI STORIED BUILDING"
2020,12,7,METTUGUDA,4,2,INDIVIDUAL/DOMESTIC
2020,12,7,NALLAGUTTA,2,2,INDIVIDUAL/DOMESTIC
2020,12,7,NALLAGUTTA,1,0,"MULTI STORIED BUILDING"
2020,12,7,PRAKASHNAGAR,9,5,INDIVIDUAL/DOMESTIC
2020,12,7,PRAKASHNAGAR,1,0,"MULTI STORIED BUILDING"
2020,12,7,SEETHAPALMANDI,3,2,INDIVIDUAL/DOMESTIC
2020,12,7,"SRINIVAS NAGAR",7,6,INDIVIDUAL/DOMESTIC
2020,12,7,"SRINIVAS NAGAR",2,0,"MULTI STORIED BUILDING"
2020,12,7,TARNAKA,2,2,INDIVIDUAL/DOMESTIC
2020,12,9,"BALAJINAGAR (DIV 9)",4,2,INDIVIDUAL/DOMESTIC
2020,12,9,BALANAGAR,7,5,INDIVIDUAL/DOMESTIC
2020,12,9,BHAGYANAGAR,1,0,BULK
2020,12,9,BHAGYANAGAR,101,77,INDIVIDUAL/DOMESTIC
2020,12,9,BHAGYANAGAR,10,6,"MULTI STORIED BUILDING"
2020,12,9,BHARATHNAGAR,1,1,INDIVIDUAL/DOMESTIC
2020,12,9,HASMATHPET,26,24,INDIVIDUAL/DOMESTIC
2020,12,9,HASMATHPET,1,0,"MULTI STORIED BUILDING"
2020,12,9,KPHB,13,11,INDIVIDUAL/DOMESTIC
2020,12,9,KPHB,4,2,"MULTI STORIED BUILDING"
2020,12,9,KUKATPALLY,1,0,BULK
2020,12,9,KUKATPALLY,1,0,"MULTI STORIED BUILDING"
2020,12,9,MOOSAPET,42,35,INDIVIDUAL/DOMESTIC
2020,12,10,ALKAPURI,7,7,INDIVIDUAL/DOMESTIC
2020,12,10,ALKAPURI,2,2,"MULTI STORIED BUILDING"
2020,12,10,DILSHUKNAGAR,6,6,INDIVIDUAL/DOMESTIC
2020,12,10,SAROORNAGAR,14,10,INDIVIDUAL/DOMESTIC
2020,12,10,SAROORNAGAR,1,0,"MULTI STORIED BUILDING"
2020,12,10,"VAISHALINAGAR (DIV 10)",10,9,INDIVIDUAL/DOMESTIC
2020,12,10,"VANASTHALIPURAM (DIV 10)",2,2,INDIVIDUAL/DOMESTIC
2020,12,12,ADARSHNAGAR,1,0,BULK
2020,12,12,ADARSHNAGAR,33,25,INDIVIDUAL/DOMESTIC
2020,12,12,CHINTAL,1,1,BULK
2020,12,12,CHINTAL,25,21,INDIVIDUAL/DOMESTIC
2020,12,12,CHINTAL,2,0,"MULTI STORIED BUILDING"
2020,12,12,JEEDIMETLA,38,30,INDIVIDUAL/DOMESTIC
2020,12,12,JEEDIMETLA,10,2,"MULTI STORIED BUILDING"
2020,12,12,SHAPOORNAGAR,99,80,INDIVIDUAL/DOMESTIC
2020,12,12,SHAPOORNAGAR,9,2,"MULTI STORIED BUILDING"
2020,12,13,"ALWAL (Div13)",26,17,INDIVIDUAL/DOMESTIC
2020,12,13,"ALWAL (Div13)",1,0,"MULTI STORIED BUILDING"
2020,12,13,CHANUKYAPURI,17,14,INDIVIDUAL/DOMESTIC
2020,12,13,"DEFENCE COLONY",20,12,INDIVIDUAL/DOMESTIC
2020,12,13,"DEFENCE COLONY",3,2,"MULTI STORIED BUILDING"
2020,12,13,"FATHER BALAIAHNAGAR (Div13)",16,15,INDIVIDUAL/DOMESTIC
2020,12,13,"FATHER BALAIAHNAGAR (Div13)",5,0,"MULTI STORIED BUILDING"
2020,12,13,"GOWTHAM NAGAR",6,6,INDIVIDUAL/DOMESTIC
2020,12,13,"GOWTHAM NAGAR",3,3,"MULTI STORIED BUILDING"
2020,12,13,MACHABOLLARAM,4,2,INDIVIDUAL/DOMESTIC
2020,12,13,MACHABOLLARAM,2,0,"MULTI STORIED BUILDING"
2020,12,13,SAINATHPURAM,29,23,INDIVIDUAL/DOMESTIC
2020,12,13,"YAPRAL (Div13)",39,28,INDIVIDUAL/DOMESTIC
2020,12,13,"YAPRAL (Div13)",4,0,"MULTI STORIED BUILDING"
2020,12,14,"HOUSING BOARD",2,0,BULK
2020,12,14,"HOUSING BOARD",32,18,INDIVIDUAL/DOMESTIC
2020,12,14,"HOUSING BOARD",2,1,"MULTI STORIED BUILDING"
2020,12,14,HUBSIGUDA,1,1,INDIVIDUAL/DOMESTIC
2020,12,14,HUBSIGUDA,2,2,"MULTI STORIED BUILDING"
2020,12,14,NACHARAM,1,0,INDIVIDUAL/DOMESTIC
2020,12,14,RADHIKA,170,135,INDIVIDUAL/DOMESTIC
2020,12,14,RADHIKA,6,1,"MULTI STORIED BUILDING"
2020,12,14,"RAMANTHAPUR(DIV 14)",26,23,INDIVIDUAL/DOMESTIC
2020,12,14,"RAMANTHAPUR(DIV 14)",1,0,"MULTI STORIED BUILDING"
2020,12,14,UPPAL,33,27,INDIVIDUAL/DOMESTIC
2020,12,14,UPPAL,2,1,"MULTI STORIED BUILDING"
2020,12,15,"CHANDA NAGAR",24,18,INDIVIDUAL/DOMESTIC
2020,12,15,"GACHIBOWLI (DIV 15)",3,0,BULK
2020,12,15,"GACHIBOWLI (DIV 15)",220,170,INDIVIDUAL/DOMESTIC
2020,12,15,"GACHIBOWLI (DIV 15)",3,1,"MULTI STORIED BUILDING"
2020,12,15,MADHAPUR,5,2,BULK
2020,12,15,MADHAPUR,120,62,INDIVIDUAL/DOMESTIC
2020,12,15,MADHAPUR,17,6,"MULTI STORIED BUILDING"
2020,12,15,MIYAPUR,3,0,BULK
2020,12,15,MIYAPUR,50,41,INDIVIDUAL/DOMESTIC
2020,12,15,MIYAPUR,12,12,"MULTI STORIED BUILDING"
2020,12,15,"PATANCHERU (DIV15)",1,0,BULK
2020,12,15,"PATANCHERU (DIV15)",40,34,INDIVIDUAL/DOMESTIC
2020,12,15,"PATANCHERU (DIV15)",1,1,"MULTI STORIED BUILDING"
2020,12,15,RAMACHANDRAPURAM,6,5,INDIVIDUAL/DOMESTIC
2020,12,16,"BUDVEL (DIV16)",28,26,INDIVIDUAL/DOMESTIC
2020,12,16,HYDERGUDA,96,79,INDIVIDUAL/DOMESTIC
2020,12,16,HYDERGUDA,8,4,"MULTI STORIED BUILDING"
2020,12,16,"MAILERDEV PALLY",34,31,INDIVIDUAL/DOMESTIC
2020,12,16,"MAILERDEV PALLY",1,0,"MULTI STORIED BUILDING"
2020,12,18,"KISMATHPUR (DIV 18)",19,15,INDIVIDUAL/DOMESTIC
2020,12,18,"KISMATHPUR (DIV 18)",2,0,"MULTI STORIED BUILDING"
2020,12,18,"MANIKONDA (DIV 18)",1,0,BULK
2020,12,18,"MANIKONDA (DIV 18)",28,20,INDIVIDUAL/DOMESTIC
2020,12,18,"MANIKONDA (DIV 18)",5,2,"MULTI STORIED BUILDING"
2020,12,19,"BODUPPAL (DIV 19)",225,192,INDIVIDUAL/DOMESTIC
2020,12,19,"BODUPPAL (DIV 19)",3,1,"MULTI STORIED BUILDING"
2020,12,19,"CHEERYAL (DIV 19)",6,0,INDIVIDUAL/DOMESTIC
2020,12,19,"DHAMMAIGUDA (DIV 19)",62,36,INDIVIDUAL/DOMESTIC
2020,12,19,"NAGARAM (DIV 19)",91,62,INDIVIDUAL/DOMESTIC
2020,12,19,"PEERJADIGUDA (DIV 19)",215,173,INDIVIDUAL/DOMESTIC
2020,12,19,"POCHARAM (DIV 19)",42,35,INDIVIDUAL/DOMESTIC
2020,12,20,"BADANGPET  (DIV 20)",116,98,INDIVIDUAL/DOMESTIC
2020,12,20,"JALPALLY (DIV 20)",49,35,INDIVIDUAL/DOMESTIC
2020,12,20,"JILLELAGUDA (DIV 20)",12,7,INDIVIDUAL/DOMESTIC
2020,12,20,"MEERPET (DIV 20)",14,11,INDIVIDUAL/DOMESTIC
2020,12,20,"MEERPET (DIV 20)",1,1,"MULTI STORIED BUILDING"
2020,12,20,"THUKKUGUDA (PD 1)",1,0,BULK
2020,12,20,"THUKKUGUDA (PD 1)",22,21,INDIVIDUAL/DOMESTIC
2020,12,22,"PEDDA AMBERPET (PD 1)",26,24,INDIVIDUAL/DOMESTIC
2020,12,22,"TURKAYAMJAL (PD 1)",62,49,INDIVIDUAL/DOMESTIC
2020,12,23,"BACHUPALLY (PD 7)",25,14,INDIVIDUAL/DOMESTIC
2020,12,23,"BACHUPALLY (PD 7)",3,1,"MULTI STORIED BUILDING"
2020,12,23,"GANDIMAISAMMA (PD 7)",14,7,INDIVIDUAL/DOMESTIC
2020,12,23,"NIZAMPET (PD 7)",31,25,INDIVIDUAL/DOMESTIC
2020,12,23,"NIZAMPET (PD 7)",8,7,"MULTI STORIED BUILDING"
2020,12,23,"PRAGATHINAGAR (PD 7)",1,0,BULK
2020,12,23,"PRAGATHINAGAR (PD 7)",17,15,INDIVIDUAL/DOMESTIC
2020,12,23,"PRAGATHINAGAR (PD 7)",57,55,"MULTI STORIED BUILDING"
2020,12,24,"AMEENPUR (PD 8)",43,35,INDIVIDUAL/DOMESTIC
2020,12,24,"BEERAMGUDA (PD 8)",33,26,INDIVIDUAL/DOMESTIC
2020,12,24,"TELLAPUR (PD 8)",1,0,"MULTI STORIED BUILDING"
2020,12,25,"KOMPALLY (PD 7)",53,43,INDIVIDUAL/DOMESTIC
2020,12,25,"KOMPALLY (PD 7)",1,0,"MULTI STORIED BUILDING"
2020,12,25,"THOOMKUNTA (PD 3)",32,8,INDIVIDUAL/DOMESTIC
2020,12,33,KANCHANBAGH,2,1,INDIVIDUAL/DOMESTIC
2020,12,34,ALKAPURI,3,0,INDIVIDUAL/DOMESTIC
2020,12,34,AUTONAGAR,76,72,INDIVIDUAL/DOMESTIC
2020,12,34,KAMALANAGAR,2,1,INDIVIDUAL/DOMESTIC
2020,12,34,KAMALANAGAR,1,1,"MULTI STORIED BUILDING"
2020,12,34,L.B.NAGAR,11,8,INDIVIDUAL/DOMESTIC
2020,12,34,L.B.NAGAR,4,3,"MULTI STORIED BUILDING"
2020,12,34,MANSOORABAD,30,22,INDIVIDUAL/DOMESTIC
2020,12,34,MANSOORABAD,3,2,"MULTI STORIED BUILDING"
2020,12,34,"MARUTHINAGAR (DIV 10)",10,9,INDIVIDUAL/DOMESTIC
2020,12,34,"MARUTHINAGAR (DIV 10)",4,2,"MULTI STORIED BUILDING"
2020,12,34,"SAHEBNAGAR (DIV 10)",47,31,INDIVIDUAL/DOMESTIC
2020,12,34,"VANASTHALIPURAM (DIV 10)",33,29,INDIVIDUAL/DOMESTIC
2020,12,34,"VANASTHALIPURAM (DIV 10)",2,1,"MULTI STORIED BUILDING"
