district,mandal,gp,female,male,transgender
WARANGAL,ATMAKUR,Agrampahad,296,162,1
WARANGAL,ATMAKUR,Akkampet,763,418,
WARANGAL,ATMAKUR,Atmakur,1511,810,6
WARANGAL,ATMAKUR,"Choudla Palle",453,288,
WARANGAL,ATMAKUR,Damera,1007,533,5
WARANGAL,ATMAKUR,Dammannapet,117,70,1
WARANGAL,ATMAKUR,Durgampet,311,153,1
WARANGAL,ATMAKUR,Gudeppad,397,210,2
WARANGAL,ATMAKUR,"House Buzurg",547,345,
WARANGAL,ATMAKUR,Kamaram,326,187,
WARANGAL,ATMAKUR,Kogilvai,647,444,2
WARANGAL,ATMAKUR,Kothagattu,135,74,
WARANGAL,ATMAKUR,Ladella,554,313,1
WARANGAL,ATMAKUR,Malakpet,260,149,1
WARANGAL,ATMAKUR,Mustyalpalle,353,209,1
WARANGAL,ATMAKUR,Nagaiahpalle,110,77,
WARANGAL,ATMAKUR,Neerukulla,952,571,1
WARANGAL,ATMAKUR,Oblapur,194,100,1
WARANGAL,ATMAKUR,Oorugonda,824,425,1
WARANGAL,ATMAKUR,Pasaragonda,595,392,2
WARANGAL,ATMAKUR,Peddapur,959,560,
WARANGAL,ATMAKUR,Penchikalpet,636,314,
WARANGAL,ATMAKUR,Pulukurthy,661,376,2
WARANGAL,ATMAKUR,Singarajupalli,315,161,1
WARANGAL,ATMAKUR,Takkallapahad,207,106,
WARANGAL,ATMAKUR,Thirumalagiri,93,59,1
WARANGAL,ATMAKUR,Venkatapur,147,69,1
WARANGAL,BACHANNAPET,Alimpur,383,200,4
WARANGAL,BACHANNAPET,Bachannapet,1219,679,2
WARANGAL,BACHANNAPET,Bandanagaram,371,214,2
WARANGAL,BACHANNAPET,Chinaramancherla,667,367,4
WARANGAL,BACHANNAPET,Dubbaguntapally,272,161,
WARANGAL,BACHANNAPET,Gangapur,163,102,1
WARANGAL,BACHANNAPET,Itikapally,449,317,
WARANGAL,BACHANNAPET,Katkur,649,328,5
WARANGAL,BACHANNAPET,Kesireddypally,632,323,1
WARANGAL,BACHANNAPET,Kodavatur,633,321,2
WARANGAL,BACHANNAPET,Konne,643,300,1
WARANGAL,BACHANNAPET,Lingampalle,510,319,2
WARANGAL,BACHANNAPET,Mansanpalli,231,131,
WARANGAL,BACHANNAPET,Nagireddypalle,413,253,1
WARANGAL,BACHANNAPET,Nakkavanigudem,208,136,
WARANGAL,BACHANNAPET,Narayanapur,338,159,3
WARANGAL,BACHANNAPET,Padamatkeshwapur,537,357,
WARANGAL,BACHANNAPET,Pochnnapet,854,447,2
WARANGAL,BACHANNAPET,Ramchandrapur,265,147,1
WARANGAL,BACHANNAPET,Salvapur,323,205,
WARANGAL,BACHANNAPET,Tamadapalle,277,151,
WARANGAL,BHUPALPALLE,Azamnagar,665,359,2
WARANGAL,BHUPALPALLE,Bhupalapally,632,428,2
WARANGAL,BHUPALPALLE,Deekshakunta,226,164,
WARANGAL,BHUPALPALLE,Dudekulapalle,221,143,2
WARANGAL,BHUPALPALLE,"GOLLA BUDHARAM",467,253,5
WARANGAL,BHUPALPALLE,Gorlavedu,1053,634,3
WARANGAL,BHUPALPALLE,Gudadupalle,358,251,
WARANGAL,BHUPALPALLE,Kamalapur,528,325,2
WARANGAL,BHUPALPALLE,Kompalle,537,256,1
WARANGAL,BHUPALPALLE,Kothapalle(SM),618,360,4
WARANGAL,BHUPALPALLE,Nagaram,764,530,1
WARANGAL,BHUPALPALLE,Nandigama,287,220,1
WARANGAL,BHUPALPALLE,Neredpalle,545,320,2
WARANGAL,BHUPALPALLE,Pambapur,386,235,2
WARANGAL,BHUPALPALLE,Rampur,281,190,2
WARANGAL,CHENNARAOPET,AKKALACHEDU,361,234,1
WARANGAL,CHENNARAOPET,AMEENABAD,676,393,1
WARANGAL,CHENNARAOPET,AMEENPET,601,391,3
WARANGAL,CHENNARAOPET,BAPUNAGAR,515,392,1
WARANGAL,CHENNARAOPET,BOJERVU,475,334,
WARANGAL,CHENNARAOPET,CHENNARAOPET,1058,604,3
WARANGAL,CHENNARAOPET,G.G.R.PALLY,368,211,1
WARANGAL,CHENNARAOPET,GURIJALA,1033,553,1
WARANGAL,CHENNARAOPET,JHALLI,654,345,
WARANGAL,CHENNARAOPET,KHADERPET,751,531,1
WARANGAL,CHENNARAOPET,KONAPUR,814,481,
WARANGAL,CHENNARAOPET,LINGAGIRI,713,435,3
WARANGAL,CHENNARAOPET,LINGAPURAM,443,258,1
WARANGAL,CHENNARAOPET,MUQDUMPUR,628,353,
WARANGAL,CHENNARAOPET,PAPAIAHPET,1020,697,3
WARANGAL,CHENNARAOPET,"PATHA MUQDUMPUR",265,128,
WARANGAL,CHENNARAOPET,SURIPALLE,654,388,4
WARANGAL,CHENNARAOPET,THIMMARAINIPAHAD,379,302,1
WARANGAL,CHENNARAOPET,UPPARAPALLE,1093,634,
WARANGAL,CHENNARAOPET,YELLAIAHGUDEM,854,560,7
WARANGAL,CHERIAL,AINAPOOR,826,495,
WARANGAL,CHERIAL,AKUNOOR,1175,638,4
WARANGAL,CHERIAL,CHERIAL,2774,1328,2
WARANGAL,CHERIAL,CHITYAL,594,353,1
WARANGAL,CHERIAL,CHUNCHANAKOTA,636,417,
WARANGAL,CHERIAL,DANAMPALLE,295,173,
WARANGAL,CHERIAL,DOMMATA,557,309,1
WARANGAL,CHERIAL,GOURAIPALLE,386,246,1
WARANGAL,CHERIAL,GURIJAKUNTA,459,258,1
WARANGAL,CHERIAL,GURUVANNAPET,518,351,4
WARANGAL,CHERIAL,KADAVERGU,792,448,2
WARANGAL,CHERIAL,"KISTAM PETA",358,232,1
WARANGAL,CHERIAL,KOMURAVELLY,880,584,2
WARANGAL,CHERIAL,MARRIMUCHALA,481,256,
WARANGAL,CHERIAL,MUSTHYALA,692,341,1
WARANGAL,CHERIAL,NAGAPURI,882,579,6
WARANGAL,CHERIAL,PEDDARAJUPETA,223,123,
WARANGAL,CHERIAL,POSANPALLE,297,187,1
WARANGAL,CHERIAL,POTHIREDDIPALLE,423,253,2
WARANGAL,CHERIAL,RAMPUR,300,233,3
WARANGAL,CHERIAL,RAMSAGAR,268,186,
WARANGAL,CHERIAL,THADOOR,383,217,1
WARANGAL,CHERIAL,"THAPAS PALLY",195,151,1
WARANGAL,CHERIAL,VECHARENI,665,366,1
WARANGAL,CHERIAL,VEERANNAPET,527,322,1
WARANGAL,CHITYAL,Ankushapur,416,282,2
WARANGAL,CHITYAL,Ashireddypally,233,156,6
WARANGAL,CHITYAL,Bhavasingpally,287,169,2
WARANGAL,CHITYAL,BURNAPALLY,145,91,1
WARANGAL,CHITYAL,"Chain Paka",616,456,3
WARANGAL,CHITYAL,Challagarige,1115,588,1
WARANGAL,CHITYAL,Chityal,1091,702,5
WARANGAL,CHITYAL,Doothpalle,181,97,
WARANGAL,CHITYAL,Dwarakapet,202,129,
WARANGAL,CHITYAL,Emped,294,168,3
WARANGAL,CHITYAL,Garimillapalle,675,473,1
WARANGAL,CHITYAL,Giddemutharam,493,368,7
WARANGAL,CHITYAL,Gopalpur,530,306,1
WARANGAL,CHITYAL,Gummadavelli,167,108,
WARANGAL,CHITYAL,Jadalapet,502,292,4
WARANGAL,CHITYAL,Jookal,882,443,2
WARANGAL,CHITYAL,Kundanpalle,244,163,5
WARANGAL,CHITYAL,Muchiniparthi,201,90,
WARANGAL,CHITYAL,"Nain Paka",714,455,1
WARANGAL,CHITYAL,Navabpet,728,440,6
WARANGAL,CHITYAL,Pangidipalle,390,273,
WARANGAL,CHITYAL,Raghavapur,307,219,3
WARANGAL,CHITYAL,"Ramakistapur (T)",263,134,
WARANGAL,CHITYAL,"Ramakistapur (V)",487,324,2
WARANGAL,CHITYAL,Subbakkapally,205,135,
WARANGAL,CHITYAL,Tekumatta,263,150,1
WARANGAL,CHITYAL,Thirmalapur,663,403,3
WARANGAL,CHITYAL,Velchal,468,307,
WARANGAL,CHITYAL,Vellampalle,312,186,3
WARANGAL,CHITYAL,Venkatraopalle,690,465,3
WARANGAL,CHITYAL,Vodthala,628,419,1
WARANGAL,DEVARUPPULA,Appireddypally,314,212,
WARANGAL,DEVARUPPULA,Chinnamadur,1100,756,
WARANGAL,DEVARUPPULA,Chowdur,216,175,1
WARANGAL,DEVARUPPULA,"Darawath Tanda",393,293,
WARANGAL,DEVARUPPULA,Devaruppula,1101,665,4
WARANGAL,DEVARUPPULA,Dharmapur,1000,752,5
WARANGAL,DEVARUPPULA,Gollapally,175,82,
WARANGAL,DEVARUPPULA,Kadavendi,1034,658,3
WARANGAL,DEVARUPPULA,Kamareddygudem,486,309,2
WARANGAL,DEVARUPPULA,Kolkonda,672,433,1
WARANGAL,DEVARUPPULA,Madhapuram,695,491,3
WARANGAL,DEVARUPPULA,Manpahad,203,139,
WARANGAL,DEVARUPPULA,Neermala,453,273,
WARANGAL,DEVARUPPULA,"Padamati Tanda",476,343,3
WARANGAL,DEVARUPPULA,Peddamadur,823,551,1
WARANGAL,DEVARUPPULA,Ramarajpally,253,160,
WARANGAL,DEVARUPPULA,Seetharampur,619,373,1
WARANGAL,DEVARUPPULA,Singarajpally,413,247,
WARANGAL,DHARMASAGAR,Devunoor,513,267,1
WARANGAL,DHARMASAGAR,Dharmapuram,449,245,1
WARANGAL,DHARMASAGAR,Dharmasagar,1753,1045,5
WARANGAL,DHARMASAGAR,Elukurthy,510,298,
WARANGAL,DHARMASAGAR,Gundlasagar,230,156,
WARANGAL,DHARMASAGAR,Janakipur,328,237,1
WARANGAL,DHARMASAGAR,Kammaripeta,553,409,2
WARANGAL,DHARMASAGAR,Kythampalle,366,225,1
WARANGAL,DHARMASAGAR,Maddelagudem,175,123,
WARANGAL,DHARMASAGAR,Mallakkapally,729,420,4
WARANGAL,DHARMASAGAR,Mallikudurla,531,349,
WARANGAL,DHARMASAGAR,Mupparam,730,404,2
WARANGAL,DHARMASAGAR,Narayanagiri,1044,647,2
WARANGAL,DHARMASAGAR,Peddapendyala,1407,809,6
WARANGAL,DHARMASAGAR,Peechara,1159,795,12
WARANGAL,DHARMASAGAR,Raigudem,286,204,
WARANGAL,DHARMASAGAR,RAMPUR,49,32,
WARANGAL,DHARMASAGAR,Saipeta,466,290,2
WARANGAL,DHARMASAGAR,Shalapalli,322,227,1
WARANGAL,DHARMASAGAR,Sodashapally,374,256,3
WARANGAL,DHARMASAGAR,Somadevarapalle,329,234,1
WARANGAL,DHARMASAGAR,Thatikayala,605,385,4
WARANGAL,DHARMASAGAR,Velair,1196,741,1
WARANGAL,DORNAKAL,AMMAPALEM,363,214,1
WARANGAL,DORNAKAL,ANDNALAPADU,730,499,4
WARANGAL,DORNAKAL,BANJARA,247,141,
WARANGAL,DORNAKAL,BURGHUPHAD,357,282,1
WARANGAL,DORNAKAL,CHILKOYALAPADU,502,367,
WARANGAL,DORNAKAL,CHILUKODU,1129,835,8
WARANGAL,DORNAKAL,DORNAKAL,2187,1019,12
WARANGAL,DORNAKAL,GOLLACHERLA,1651,1224,8
WARANGAL,DORNAKAL,KANNEGUNDLA,853,553,2
WARANGAL,DORNAKAL,MANNEGUDEM,534,363,3
WARANGAL,DORNAKAL,MULAKALAPALLI,606,376,1
WARANGAL,DORNAKAL,PERUMANDLASANKEESA,1126,815,9
WARANGAL,DORNAKAL,RAVIGUDEM,535,390,1
WARANGAL,DORNAKAL,UYYALAWADA,1105,764,3
WARANGAL,DORNAKAL,VENNARAM,949,689,4
WARANGAL,DUGGONDI,"ADAVI RANGAPUR",454,270,
WARANGAL,DUGGONDI,"BABBURONI PALLY",182,111,
WARANGAL,DUGGONDI,"BANDAM PALLI",243,143,
WARANGAL,DUGGONDI,CHALPARTHI,333,174,
WARANGAL,DUGGONDI,CHAPALABANDA,365,228,1
WARANGAL,DUGGONDI,"DESHAI PALLY",458,315,3
WARANGAL,DUGGONDI,DUGGONDI,522,318,
WARANGAL,DUGGONDI,GOLLAPALLY,227,137,1
WARANGAL,DUGGONDI,KESHAWAPUR,131,42,
WARANGAL,DUGGONDI,LAXMIPUR,427,222,
WARANGAL,DUGGONDI,MAHAMMADAPUR,552,291,3
WARANGAL,DUGGONDI,"MALLAM PALLE",422,251,1
WARANGAL,DUGGONDI,MANDAPALLE,492,254,2
WARANGAL,DUGGONDI,"MARI PALLY",238,149,
WARANGAL,DUGGONDI,MUDDUNOOR,544,340,
WARANGAL,DUGGONDI,"MYSAM PALLY",398,252,
WARANGAL,DUGGONDI,NACHINAPALLE,781,406,3
WARANGAL,DUGGONDI,PONAKAL,395,175,3
WARANGAL,DUGGONDI,REBALLE,300,193,
WARANGAL,DUGGONDI,REKAMPALLE,331,221,3
WARANGAL,DUGGONDI,THIMMAMPET,912,535,5
WARANGAL,DUGGONDI,THOGARRAI,625,384,
WARANGAL,DUGGONDI,Venkatapur,652,361,3
WARANGAL,ETURNAGARAM,AILAPUR,150,77,
WARANGAL,ETURNAGARAM,BUTTAIGUDEM,695,497,
WARANGAL,ETURNAGARAM,CHALPAKA,517,425,4
WARANGAL,ETURNAGARAM,CHINABOINAPALLY,435,246,1
WARANGAL,ETURNAGARAM,ETUR,423,278,4
WARANGAL,ETURNAGARAM,ETURNAGARAM,2548,1303,15
WARANGAL,ETURNAGARAM,GURREVULA,520,306,1
WARANGAL,ETURNAGARAM,KONDAI,450,318,1
WARANGAL,ETURNAGARAM,KOYAGUDA,362,250,
WARANGAL,ETURNAGARAM,MULLAKATTA,168,106,
WARANGAL,ETURNAGARAM,MUPPANAPALLE,289,190,
WARANGAL,ETURNAGARAM,RAJANNAPET,209,135,
WARANGAL,ETURNAGARAM,RAMANNAGUDEM,423,256,
WARANGAL,ETURNAGARAM,ROHEER,428,289,2
WARANGAL,ETURNAGARAM,SARVAI,206,142,2
WARANGAL,ETURNAGARAM,SHANKARAJPALLE,392,265,
WARANGAL,ETURNAGARAM,SHAPALLE,176,129,3
WARANGAL,ETURNAGARAM,SHIVAPUR,334,204,5
WARANGAL,ETURNAGARAM,THUPAKULAGUDEM,190,96,
WARANGAL,GEESUGONDA,Anantharam,140,90,
WARANGAL,GEESUGONDA,Arepalli,173,72,
WARANGAL,GEESUGONDA,Bodduchinthalapalli,284,148,
WARANGAL,GEESUGONDA,Chandraiahpalli,131,69,
WARANGAL,GEESUGONDA,Dharmaram,208,97,
WARANGAL,GEESUGONDA,Elukurthy,873,395,
WARANGAL,GEESUGONDA,Gangadevipalli,261,116,4
WARANGAL,GEESUGONDA,Geesugonda,954,493,1
WARANGAL,GEESUGONDA,Gorrekunta,1108,738,3
WARANGAL,GEESUGONDA,Janpaka,20,9,
WARANGAL,GEESUGONDA,Kommala,590,326,
WARANGAL,GEESUGONDA,Konayamakula,196,90,
WARANGAL,GEESUGONDA,Machapur,640,354,
WARANGAL,GEESUGONDA,Manugonda,534,289,
WARANGAL,GEESUGONDA,Mariayapuram,94,61,4
WARANGAL,GEESUGONDA,Mogilicherla,425,220,
WARANGAL,GEESUGONDA,Nandanayakthanda,632,430,2
WARANGAL,GEESUGONDA,Ookal(H),353,185,5
WARANGAL,GEESUGONDA,Potharajupalli,109,49,1
WARANGAL,GEESUGONDA,Shayampet,400,170,
WARANGAL,GEESUGONDA,Stambampalli,84,48,
WARANGAL,GEESUGONDA,Vanchanagiri,709,367,2
WARANGAL,GEESUGONDA,Vasanthapur,3,1,
WARANGAL,GEESUGONDA,Vishwantathapur,358,240,
WARANGAL,"GHANPUR (MULUG)",Baswarajpally,680,424,2
WARANGAL,"GHANPUR (MULUG)",Buddaram,944,512,2
WARANGAL,"GHANPUR (MULUG)",Burrakayalagudem,36,28,
WARANGAL,"GHANPUR (MULUG)",Chelpur,1632,932,8
WARANGAL,"GHANPUR (MULUG)",Dharmaraopet,807,535,
WARANGAL,"GHANPUR (MULUG)",Gandhinagar,766,462,1
WARANGAL,"GHANPUR (MULUG)","Ghanpur (M)",1731,957,5
WARANGAL,"GHANPUR (MULUG)",Karkapally,398,236,1
WARANGAL,"GHANPUR (MULUG)",Kondapur,834,569,5
WARANGAL,"GHANPUR (MULUG)",Nagarampally,511,363,3
WARANGAL,"GHANPUR (STATION)",Chagal,1021,577,3
WARANGAL,"GHANPUR (STATION)",Chilpur,996,674,4
WARANGAL,"GHANPUR (STATION)",Chinnapendyala,833,391,5
WARANGAL,"GHANPUR (STATION)","Desai Thanda",399,329,
WARANGAL,"GHANPUR (STATION)",Fathepur,612,467,
WARANGAL,"GHANPUR (STATION)","Ghanpur Stn.CT",2133,1118,8
WARANGAL,"GHANPUR (STATION)",IPPAGUDEM,1649,1099,3
WARANGAL,"GHANPUR (STATION)",Komatigudem,340,247,2
WARANGAL,"GHANPUR (STATION)",Kondapur,568,346,3
WARANGAL,"GHANPUR (STATION)",Kothapalle,366,176,1
WARANGAL,"GHANPUR (STATION)",Krishnajigudem,635,436,1
WARANGAL,"GHANPUR (STATION)",Lingampalle,785,517,1
WARANGAL,"GHANPUR (STATION)",Malkapur,978,554,1
WARANGAL,"GHANPUR (STATION)",Meedikonda,737,440,3
WARANGAL,"GHANPUR (STATION)",Namiligonda,785,522,2
WARANGAL,"GHANPUR (STATION)",Nashkal,518,324,5
WARANGAL,"GHANPUR (STATION)",Pallagutta,884,539,2
WARANGAL,"GHANPUR (STATION)",Pamnoor,535,330,2
WARANGAL,"GHANPUR (STATION)",Raghavapur,389,204,2
WARANGAL,"GHANPUR (STATION)",Rajavaram,871,587,4
WARANGAL,"GHANPUR (STATION)",Samudrala,869,576,2
WARANGAL,"GHANPUR (STATION)","Shivunipalle CT.",871,452,
WARANGAL,"GHANPUR (STATION)",SREEPATHIPALL,488,300,
WARANGAL,"GHANPUR (STATION)",THANEDARPALLE,395,283,
WARANGAL,"GHANPUR (STATION)",Thatikonda,1373,844,5
WARANGAL,"GHANPUR (STATION)",Vangalapalle,186,101,
WARANGAL,"GHANPUR (STATION)",Venkatadripet,518,339,2
WARANGAL,"GHANPUR (STATION)",VISHWANATHPUR,292,190,
WARANGAL,GOVINDARAOPET,Bussapur,186,135,
WARANGAL,GOVINDARAOPET,Chalvai,1327,669,2
WARANGAL,GOVINDARAOPET,Karlapally,587,403,3
WARANGAL,GOVINDARAOPET,Lakanvaram,689,374,
WARANGAL,GOVINDARAOPET,Machapur,196,123,
WARANGAL,GOVINDARAOPET,Motlagudem,210,134,1
WARANGAL,GOVINDARAOPET,Pasranagaram,1866,1138,4
WARANGAL,GOVINDARAOPET,Rangapur,1130,693,1
WARANGAL,GUDUR,Apparajupalli,893,645,3
WARANGAL,GUDUR,Ayodyapuram,274,153,
WARANGAL,GUDUR,Bhupatipet,366,234,
WARANGAL,GUDUR,Boddugonda,655,434,1
WARANGAL,GUDUR,Bollepalli,548,331,1
WARANGAL,GUDUR,Chinnayellapur,839,615,1
WARANGAL,GUDUR,Damaravancha,533,383,2
WARANGAL,GUDUR,Gajulagattu,528,336,
WARANGAL,GUDUR,Govindapur,506,334,4
WARANGAL,GUDUR,Gudenga,1308,1002,7
WARANGAL,GUDUR,Gudur,2598,1605,9
WARANGAL,GUDUR,Kollapur,467,312,4
WARANGAL,GUDUR,Macherla,841,570,2
WARANGAL,GUDUR,Madanapur,293,197,2
WARANGAL,GUDUR,Mattewada,785,533,2
WARANGAL,GUDUR,Naikpalli,302,196,
WARANGAL,GUDUR,Ponugodu,713,489,4
WARANGAL,GUDUR,Rajanpalli,287,221,1
WARANGAL,GUDUR,"Ramulu thanda",664,481,
WARANGAL,GUDUR,Seethanagaram,445,264,1
WARANGAL,GUDUR,Teegalaveni,733,485,1
WARANGAL,HANAMKONDA,ALLIPUR,108,56,
WARANGAL,HANAMKONDA,AREPALLE,33,14,
WARANGAL,HANAMKONDA,AYODHYAPUR,148,65,
WARANGAL,HANAMKONDA,BHATTUPALLE,343,199,1
WARANGAL,HANAMKONDA,ENUMAMULA,352,215,
WARANGAL,HANAMKONDA,GOPALPUR,169,83,1
WARANGAL,HANAMKONDA,GUNDLASINGARAM,32,6,
WARANGAL,HANAMKONDA,KADIPIKONDA,90,26,
WARANGAL,HANAMKONDA,KONDAPARTHY,916,476,
WARANGAL,HANAMKONDA,Kothapalle,13,6,
WARANGAL,HANAMKONDA,KOTHAPET,41,15,
WARANGAL,HANAMKONDA,KUMMARIGUDEM,215,132,
WARANGAL,HANAMKONDA,MADIKONDA,922,486,5
WARANGAL,HANAMKONDA,MAMNOOR,103,54,
WARANGAL,HANAMKONDA,MULKALAGUDEM,359,185,1
WARANGAL,HANAMKONDA,NAKKALAPALLE,42,22,
WARANGAL,HANAMKONDA,NARSIMHULAGUDEM,186,112,1
WARANGAL,HANAMKONDA,"Not Allotted",74,40,
WARANGAL,HANAMKONDA,PALIVELPULA,18,18,
WARANGAL,HANAMKONDA,PIDIPALLE,115,63,
WARANGAL,HANAMKONDA,TEKULAGUDEM,345,186,1
WARANGAL,HANAMKONDA,THARALAPALLE,31,25,
WARANGAL,HANAMKONDA,"THIMMAPUR (HAVELI)",248,113,1
WARANGAL,HANAMKONDA,VANAMALAKANAPARTHI,435,272,2
WARANGAL,HASANPARTHY,Ananthasagar,433,286,
WARANGAL,HASANPARTHY,Arvapally,303,181,
WARANGAL,HASANPARTHY,Bairanpally,490,266,1
WARANGAL,HASANPARTHY,Chinthagattu,53,22,
WARANGAL,HASANPARTHY,Devannapet,152,90,
WARANGAL,HASANPARTHY,Ganturpally,167,76,
WARANGAL,HASANPARTHY,Hasanparthy,129,63,
WARANGAL,HASANPARTHY,Jayagiri,534,355,
WARANGAL,HASANPARTHY,Komatipally,120,69,
WARANGAL,HASANPARTHY,Madipally,578,307,
WARANGAL,HASANPARTHY,Mallareddypally,736,423,
WARANGAL,HASANPARTHY,Mucherla,107,40,
WARANGAL,HASANPARTHY,Nagaram,922,520,2
WARANGAL,HASANPARTHY,Pegadapally,30,19,
WARANGAL,HASANPARTHY,Pembarthy,367,209,1
WARANGAL,HASANPARTHY,Seethampet,629,336,1
WARANGAL,HASANPARTHY,Seethanagar,186,102,2
WARANGAL,HASANPARTHY,Siddapur,525,315,3
WARANGAL,HASANPARTHY,Sudanpally,268,147,1
WARANGAL,HASANPARTHY,Vangapahad,26,11,
WARANGAL,HASANPARTHY,Yellapur,21,9,
WARANGAL,JANGAON,Adavikeshvapur,356,235,1
WARANGAL,JANGAON,Cheetakodur,342,194,
WARANGAL,JANGAON,Chowdaram,325,192,
WARANGAL,JANGAON,Gangupahad,719,445,2
WARANGAL,JANGAON,Goparajpalle,346,220,1
WARANGAL,JANGAON,Marigadi,652,417,2
WARANGAL,JANGAON,Oblakeshvapur,444,244,1
WARANGAL,JANGAON,Pasarmadla,367,206,5
WARANGAL,JANGAON,Peddapahad,756,462,2
WARANGAL,JANGAON,Peddaramancherla,334,186,
WARANGAL,JANGAON,Pembarthy,960,562,1
WARANGAL,JANGAON,Shamirpet,531,248,
WARANGAL,JANGAON,Siddenki,380,168,
WARANGAL,JANGAON,Venkriyala,439,251,3
WARANGAL,JANGAON,Wadlakonda,934,572,4
WARANGAL,JANGAON,Yellamla,428,206,
WARANGAL,JANGAON,Yerragollapahad,559,375,
WARANGAL,JANGAON,Yeshwanthapur,298,164,
WARANGAL,KESAMUDRAM,AMEENAPURAM,593,338,4
WARANGAL,KESAMUDRAM,ANNARAM,438,316,
WARANGAL,KESAMUDRAM,ARPANAPALLE,449,252,1
WARANGAL,KESAMUDRAM,BERIWADA,822,587,2
WARANGAL,KESAMUDRAM,DHANNASARI,993,680,2
WARANGAL,KESAMUDRAM,INGURTHY,2301,1540,2
WARANGAL,KESAMUDRAM,INTIKANNE,399,258,2
WARANGAL,KESAMUDRAM,KALWALA,1034,720,3
WARANGAL,KESAMUDRAM,KATRAPALLE,582,419,1
WARANGAL,KESAMUDRAM,KESAMUDRAM,1381,753,2
WARANGAL,KESAMUDRAM,KESAMUDRAM(STN),1308,750,5
WARANGAL,KESAMUDRAM,KOMATIPALLE,1166,835,5
WARANGAL,KESAMUDRAM,KORUKONDAPALLE,562,351,1
WARANGAL,KESAMUDRAM,MAHMUDPATNAM,737,508,8
WARANGAL,KESAMUDRAM,PENUGONDA,1499,1048,7
WARANGAL,KESAMUDRAM,RANGAPURAM,440,294,1
WARANGAL,KESAMUDRAM,THALLAPUSAPALLY,844,553,2
WARANGAL,KESAMUDRAM,UPPARAPALLE,730,443,3
WARANGAL,KESAMUDRAM,VENKATAGIRI,341,230,2
WARANGAL,KHANAPUR,Budharaopet,1633,1049,11
WARANGAL,KHANAPUR,Dabeerpet,355,247,
WARANGAL,KHANAPUR,Dharmaraopet,885,599,7
WARANGAL,KHANAPUR,Khanapur,1391,874,4
WARANGAL,KHANAPUR,Kothur,496,299,1
WARANGAL,KHANAPUR,Mangalvaripet,1289,864,2
WARANGAL,KHANAPUR,"Manubothula Tanda",498,338,
WARANGAL,KHANAPUR,"Pakhal Ashoknagar",1396,832,2
WARANGAL,KHANAPUR,Rangapur,224,152,3
WARANGAL,KODAKANDLA,Authapur,498,317,1
WARANGAL,KODAKANDLA,Edunuthala,890,583,
WARANGAL,KODAKANDLA,Gantlakunta,749,491,2
WARANGAL,KODAKANDLA,Kodakandla,1887,1142,9
WARANGAL,KODAKANDLA,Koripalli,379,241,
WARANGAL,KODAKANDLA,Laxmakkapalli,736,486,5
WARANGAL,KODAKANDLA,Mondrai,1353,934,6
WARANGAL,KODAKANDLA,Narsingapur,289,177,
WARANGAL,KODAKANDLA,Pakala,431,268,1
WARANGAL,KODAKANDLA,Peddavangara,1239,745,3
WARANGAL,KODAKANDLA,Pochampalli,798,549,2
WARANGAL,KODAKANDLA,Ramannagudem,489,403,3
WARANGAL,KODAKANDLA,Ramavaram,956,577,3
WARANGAL,KODAKANDLA,RANGAPURAM,387,248,1
WARANGAL,KODAKANDLA,Regula,521,348,
WARANGAL,KODAKANDLA,Upparigudem,445,261,
WARANGAL,KODAKANDLA,Waddekothapalli,674,433,4
WARANGAL,KOTHAGUDEM,Bathulapally,778,472,2
WARANGAL,KOTHAGUDEM,Edullapalli,724,494,2
WARANGAL,KOTHAGUDEM,Gangaram,430,282,
WARANGAL,KOTHAGUDEM,Gundam,293,176,
WARANGAL,KOTHAGUDEM,Jangavanigudem,457,308,1
WARANGAL,KOTHAGUDEM,karlai,219,140,2
WARANGAL,KOTHAGUDEM,Komatlagudem,902,580,2
WARANGAL,KOTHAGUDEM,Kothaguda,1068,654,3
WARANGAL,KOTHAGUDEM,madagudEM,304,149,1
WARANGAL,KOTHAGUDEM,Marigudem,359,203,1
WARANGAL,KOTHAGUDEM,Musmi,507,296,1
WARANGAL,KOTHAGUDEM,Ootai,621,417,3
WARANGAL,KOTHAGUDEM,Pogullapally,664,387,5
WARANGAL,KOTHAGUDEM,Ponugondla,351,218,
WARANGAL,KOTHAGUDEM,Sadireddypally,717,433,2
WARANGAL,KOTHAGUDEM,Velubelly,790,506,6
WARANGAL,KURAVI,Ayyagaripalli,351,226,
WARANGAL,KURAVI,Balapala,982,621,1
WARANGAL,KURAVI,Chinthapally,551,360,3
WARANGAL,KURAVI,Gundrathimadugu,1177,745,3
WARANGAL,KURAVI,Kampally,1115,832,2
WARANGAL,KURAVI,Kancherlagudam,268,232,1
WARANGAL,KURAVI,Kandikonda,527,366,
WARANGAL,KURAVI,"Kothur (C)",299,186,
WARANGAL,KURAVI,"Kothur (G)",801,557,1
WARANGAL,KURAVI,Kuravi,1754,1154,2
WARANGAL,KURAVI,Modugulagudem,840,619,1
WARANGAL,KURAVI,Mogilicherla,603,372,1
WARANGAL,KURAVI,Nallella,860,534,2
WARANGAL,KURAVI,Narayanapuram,317,217,
WARANGAL,KURAVI,Nerada,1271,847,6
WARANGAL,KURAVI,Rajole,880,569,1
WARANGAL,KURAVI,Seerole,1028,732,4
WARANGAL,KURAVI,"Stn Gundrathimadugu",509,274,3
WARANGAL,KURAVI,Sudanpally,794,568,1
WARANGAL,KURAVI,Thallsankeesa,606,449,3
WARANGAL,KURAVI,Thattupally,649,430,
WARANGAL,KURAVI,Thirumalapur,153,88,
WARANGAL,KURAVI,Upparigudem,838,594,
WARANGAL,LINGALAGHANPUR,Bandlagudem,203,152,2
WARANGAL,LINGALAGHANPUR,Cheetur,513,350,
WARANGAL,LINGALAGHANPUR,Gummadavelli,401,212,2
WARANGAL,LINGALAGHANPUR,Jeedikal,435,285,1
WARANGAL,LINGALAGHANPUR,Kallem,623,362,2
WARANGAL,LINGALAGHANPUR,Kothapally,337,195,1
WARANGAL,LINGALAGHANPUR,Kundaram,1109,715,
WARANGAL,LINGALAGHANPUR,Lingalaghanpur,772,447,2
WARANGAL,LINGALAGHANPUR,Manikyapuram,386,256,
WARANGAL,LINGALAGHANPUR,Nagaram,330,220,1
WARANGAL,LINGALAGHANPUR,Nawabpet,434,238,1
WARANGAL,LINGALAGHANPUR,Nelapogula,454,269,
WARANGAL,LINGALAGHANPUR,Nellutla,1164,663,2
WARANGAL,LINGALAGHANPUR,Patelgudem,356,188,
WARANGAL,LINGALAGHANPUR,Siripuram,341,234,
WARANGAL,LINGALAGHANPUR,Vanaparthy,602,397,1
WARANGAL,LINGALAGHANPUR,Waddicherla,544,306,4
WARANGAL,MADDUR,Arjunapatla,292,152,
WARANGAL,MADDUR,Bairanpalle,520,285,
WARANGAL,MADDUR,Bekkal,501,336,1
WARANGAL,MADDUR,Dharmaram,222,138,
WARANGAL,MADDUR,Dhoolumitta,661,383,1
WARANGAL,MADDUR,Gagillapoor,523,306,4
WARANGAL,MADDUR,Jalapalle,325,185,3
WARANGAL,MADDUR,Kamalayapalle,240,143,2
