nic_code,division_description,group_description,district,mandal,regno,name_of_the_factory,hp,men,women,total,max_empt,ave_empt
10612,"Manufacture of food products","Manufacture of grain mill products",Rangareddy,Medchal,62375,"Sri Balaji Rice Mill",74,6,0,6,9,6
21004,"Manufacture of pharmaceuticals","Manufacture of pharmaceuticals",Rangareddy,Medchal,62722,"Shantha Bio Technics Pvt. Ltd.",7130,1090,20,1110,1500,1110
10612,"Manufacture of food products","Manufacture of grain mill products",Rangareddy,Medchal,62892,"Sri Sreenivas Rice Mill",74,8,0,8,9,8
24202,"Manufacture of basic metals","Manufacture of basic precious and other non-ferrous metals",Rangareddy,Medchal,67739,"O&S Ratna Al.Fabrication Pvt. Ltd.",20,30,0,30,50,30
24105,"Manufacture of basic metals","Manufacture of basic iron and steel",Rangareddy,Medchal,67998,"BS Ltd.",612,101,0,101,150,101
1640,"Crop and animal production","Support activities to agriculture and post-harvest crop activities",Rangareddy,Medchal,97329,"Sri Sai Seeds",28,8,4,12,20,12
22202,"Manufacture of rubber and plastics products","Manufacture of plastics products",Rangareddy,Medchal,97687,"Padmaja Poly Pack Pvt.Ltd,",835,80,5,85,100,85
10309,"Manufacture of food products","Processing and preserving of fruit and vegetables",Rangareddy,Medchal,97717,"Gubba Cold Storage Ltd.",483,32,0,32,50,32
10309,"Manufacture of food products","Processing and preserving of fruit and vegetables",Rangareddy,Medchal,97719,"Gubba Green Cold Pvt. Ltd.",213.5,33,0,33,50,33
8106,"Other mining and quarrying","Quarrying of stone",Rangareddy,Medchal,67746,"IJM Concrete Products Pvt. Ltd.",950,60,0,60,100,60
24319,"Manufacture of basic metals","Casting of metals",Rangareddy,Medchal,67431,"Sri Sai Castings",18,10,2,12,20,12
23919,"Manufacture of other non-metallic mineral products","Manufacture of non-metallic mineral products n.e.c.",Rangareddy,Medchal,97561,"Navayuga Infratech (I) Pvt. Ltd.",97,16,3,19,20,19
21006,"Manufacture of pharmaceuticals","Manufacture of pharmaceuticals",Rangareddy,Medchal,97023,"Oyster Medisafe Pvt. Ltd.",1763,220,40,260,500,260
1640,"Crop and animal production","Support activities to agriculture and post-harvest crop activities",Rangareddy,Medchal,97810,"Aditya Seeds",148.5,40,10,50,50,50
13111,"Manufacture of textiles",Spinning,Rangareddy,Medchal,97084,"Srinath Spinners Ltd.",1745.3,148,2,150,150,150
22203,"Manufacture of rubber and plastics products","Manufacture of plastics products",Rangareddy,Medchal,97179,"Welset Polypack (P) Ltd.",793,19,2,21,50,21
23960,"Manufacture of other non-metallic mineral products","Manufacture of non-metallic mineral products n.e.c.",Rangareddy,Medchal,97653,"Sri Krishna Stones",134,15,0,15,20,15
10802,"Manufacture of food products","Manufacture of prepared animal feeds",Rangareddy,Medchal,97767,"JBR Breeders Pvt. Ltd.",274,12,0,12,20,12
8106,"Other mining and quarrying","Quarrying of stone",Rangareddy,Medchal,97223,"Robo Silicon Ltd.",1037,28,0,28,50,28
1640,"Crop and animal production","Support activities to agriculture and post-harvest crop activities",Rangareddy,Medchal,67702,"Vibha Agrotech Ltd.",461,119,2,121,150,121
25999,"Manufacture of fabricated metal products","Manufacture of other fabricated metal products; metalworking service",Rangareddy,Medchal,67903,"Megha Engg & Infrastructurers Ltd.",11969.2,256,0,256,500,256
24320,"Manufacture of basic metals","Casting of metals",Rangareddy,Medchal,97369,"Saaketh Iron Inds. Pvt. Ltd.",120,14,2,16,20,16
24320,"Manufacture of basic metals","Casting of metals",Rangareddy,Medchal,97581,"Perfect Die Cast",177,19,1,20,50,20
1640,"Crop and animal production","Support activities to agriculture and post-harvest crop activities",Rangareddy,Medchal,97833,"HM Clause India Pvt.Ltd",240,38,0,38,50,38
1640,"Crop and animal production","Support activities to agriculture and post-harvest crop activities",Rangareddy,Medchal,97915,"Seedworks International Pvt. Ltd.",30,11,0,11,20,11
23955,"Manufacture of other non-metallic mineral products","Manufacture of non-metallic mineral products n.e.c.",Rangareddy,Medchal,62211,"Bhooratnam Construction Co. Pvt. Ltd.",50,12,0,12,20,12
23999,"Manufacture of other non-metallic mineral products","Manufacture of non-metallic mineral products n.e.c.",Rangareddy,Medchal,62457,"Navadurga Minerals Inds. Ltd.",125,40,0,40,50,40
1640,"Crop and animal production","Support activities to agriculture and post-harvest crop activities",Rangareddy,Medchal,62610,"Sri Ram Bioseed Genetics",835,256,20,276,500,276
23954,"Manufacture of other non-metallic mineral products","Manufacture of non-metallic mineral products n.e.c.",Rangareddy,Medchal,62928,"Sri KPR Industries Ltd",1287,140,20,160,250,160
1640,"Crop and animal production","Support activities to agriculture and post-harvest crop activities",Rangareddy,Medchal,67057,"Yaganti Seeds Pvt. Ltd.",140,100,0,100,100,100
14101,"Manufacture of wearing apparel","Manufacture of wearing apparel",Rangareddy,Medchal,67227,"Kartik Exports",39,55,5,60,100,60
14101,"Manufacture of wearing apparel","Manufacture of wearing apparel",Rangareddy,Medchal,67245,"Chermas Exquisits Ltd",610,50,50,100,50,100
1640,"Crop and animal production","Support activities to agriculture and post-harvest crop activities",Rangareddy,Medchal,67297,"Venkateswara Seed Tech",100,75,0,75,100,75
1640,"Crop and animal production","Support activities to agriculture and post-harvest crop activities",Rangareddy,Medchal,67298,"Raji Seeds Form",88,26,0,26,50,26
21003,"Manufacture of pharmaceuticals","Manufacture of pharmaceuticals",Rangareddy,Medchal,67380,"Alkaloids Pvt. Ltd. - I",280,24,0,24,100,24
1640,"Crop and animal production","Support activities to agriculture and post-harvest crop activities",Rangareddy,Medchal,67461,"Shaila Investment & Financial Consultants Pvt. Ltd.",150,13,44,57,100,57
1640,"Crop and animal production","Support activities to agriculture and post-harvest crop activities",Rangareddy,Medchal,67492,"Chaitanya Seeds (P) Ltd.",176,60,20,80,100,80
1640,"Crop and animal production","Support activities to agriculture and post-harvest crop activities",Rangareddy,Medchal,67493,"Zuari Agri Sciences Ltd.",100,125,15,140,150,140
16101,"Manufacture of wood and products of wood and cork","Sawmilling and planing of wood",Rangareddy,Medchal,67497,"Satyam Timbers",143,17,0,17,20,17
14101,"Manufacture of wearing apparel","Manufacture of wearing apparel",Rangareddy,Medchal,67507,"Helsa Icon India Pvt. Ltd.",10,12,0,12,20,12
14101,"Manufacture of wearing apparel","Manufacture of wearing apparel",Rangareddy,Medchal,67508,"Racherla Garments Pvt Ltd",78,35,75,110,150,110
14101,"Manufacture of wearing apparel","Manufacture of wearing apparel",Rangareddy,Medchal,67627,"Hindusthan Apparel Industries",258.5,75,182,257,500,257
25920,"Manufacture of fabricated metal products","Manufacture of other fabricated metal products; metalworking service",Rangareddy,Medchal,67672,"Integrated Cleanroom Technologies",84,65,0,65,100,65
14101,"Manufacture of wearing apparel","Manufacture of wearing apparel",Rangareddy,Medchal,67708,"Symatic Engg. Pvt. Ltd.",74,15,0,15,50,15
20219,"Manufacture of chemicals and chemical products","Manufacture of other chemical products",Rangareddy,Medchal,67717,"Kaveri MicroTeck Pvt.Ltd",397.83,130,10,140,150,140
14101,"Manufacture of wearing apparel","Manufacture of wearing apparel",Rangareddy,Medchal,67741,"Pokarna Ltd.",760,325,25,350,500,350
1640,"Crop and animal production","Support activities to agriculture and post-harvest crop activities",Rangareddy,Medchal,67753,"Kaveri Seed Company Pvt. Ltd.",63,60,25,85,100,85
1640,"Crop and animal production","Support activities to agriculture and post-harvest crop activities",Rangareddy,Medchal,67755,"Chaitanya Agri-Tech",195,6,28,34,50,34
18119,"Printing and reproduction of recorded media","Printing and service activities related to printing",Rangareddy,Medchal,67776,"GMG Pack Aids Pvt. Ltd.",41,23,6,29,50,29
13122,"Manufacture of textiles",Spinning,Rangareddy,Medchal,67914,"Kolour Spintek Ltd.",167,13,3,16,20,16
18119,"Printing and reproduction of recorded media","Printing and service activities related to printing",Rangareddy,Medchal,97059,"Stay On Papers Pvt. Ltd.",135,21,0,21,50,21
14101,"Manufacture of wearing apparel","Manufacture of wearing apparel",Rangareddy,Medchal,97060,"RK Apparel Fashions Pvt. Ltd.",250,57,45,102,150,102
24103,"Manufacture of basic metals","Manufacture of basic iron and steel",Rangareddy,Medchal,97101,"Somani Ispat Pvt. Ltd.",144,23,0,23,50,23
25999,"Manufacture of fabricated metal products","Manufacture of other fabricated metal products; metalworking service",Rangareddy,Medchal,97143,"Integrated Cleanroom Technologies  Pvt. Ltd.",412,375,0,375,500,375
24202,"Manufacture of basic metals","Manufacture of basic precious and other non-ferrous metals",Rangareddy,Medchal,97144,"Aryan Extrusion India Ltd.",250,38,0,38,50,38
17011,"Manufacture of paper and paper products","Manufacture of paper and paper products",Hyderabad,Bahadupura,29621,"C.N. Paper Products",72,20,10,30,50,30
14101,"Manufacture of wearing apparel","Manufacture of wearing apparel",Rangareddy,Medchal,97221,"Kesari Fibres Pvt. Ltd",42,18,5,23,50,23
18119,"Printing and reproduction of recorded media","Printing and service activities related to printing",Rangareddy,Medchal,97225,"Singhania Offset Printers Pvt. Ltd.",461,60,20,80,100,80
1640,"Crop and animal production","Support activities to agriculture and post-harvest crop activities",Rangareddy,Medchal,97246,"Jam Jam Agritech",95,42,11,53,100,53
1640,"Crop and animal production","Support activities to agriculture and post-harvest crop activities",Rangareddy,Medchal,97296,"JK Agri Genetics Ltd.",663,120,15,135,250,135
14101,"Manufacture of wearing apparel","Manufacture of wearing apparel",Rangareddy,Medchal,97368,"E-Yantra Industries Ltd.",36,40,25,65,100,65
22203,"Manufacture of rubber and plastics products","Manufacture of plastics products",Rangareddy,Medchal,97371,"Sri Krishna Polypack Pvt. Ltd.",435.3,35,16,51,100,51
24320,"Manufacture of basic metals","Casting of metals",Rangareddy,Medchal,97372,"C2P Engg. Solutions Pvt. Ltd.",104,18,12,30,100,30
27400,"Manufacture of electrical equipment","Manufacture of electric lighting equipment",Rangareddy,Medchal,97399,"Fortune Art LED Lighting Pvt. Ltd.",232,122,0,122,150,122
1640,"Crop and animal production","Support activities to agriculture and post-harvest crop activities",Rangareddy,Medchal,97407,"VNR Seeds Pvt. Ltd.",90,7,8,15,20,15
13934,"Manufacture of textiles","Manufacture of other textiles",Rangareddy,Medchal,97439,"Davinci Jacquard Fabrics (I) Pvt. Ltd.",150,10,0,10,20,10
22203,"Manufacture of rubber and plastics products","Manufacture of plastics products",Rangareddy,Medchal,97442,"Lorven Flex & Sack India Pvt. Ltd.",750,152,0,152,250,152
25920,"Manufacture of fabricated metal products","Manufacture of other fabricated metal products; metalworking service",Rangareddy,Medchal,97471,"MRC I Clean Systems Pvt. Ltd.",29,50,0,50,50,50
17011,"Manufacture of paper and paper products","Manufacture of paper and paper products",Hyderabad,Bandlagunda,30634,"Sri Shyam Paper Process",24,8,7,15,20,15
17011,"Manufacture of paper and paper products","Manufacture of paper and paper products",Khammam,Burgumphad,68816,"R R Pulp Packages",74,50,10,60,100,60
10732,"Manufacture of food products","Manufacture of other food products",Rangareddy,Medchal,97504,"Sresta Natural Bioproducts Pvt. Ltd.",321,10,35,45,150,45
31001,"Manufacture of furniture","Manufacture of furniture",Rangareddy,Medchal,97537,"JVR Interiors Pvt. Ltd.",235,40,10,50,50,50
10732,"Manufacture of food products","Manufacture of other food products",Rangareddy,Medchal,97608,"Inbisco India Pvt. Ltd.",2135KW,525,20,545,1000,545
17011,"Manufacture of paper and paper products","Manufacture of paper and paper products",Warangal,Mangapet,39363,"Ballarpur Industries Ltd","40,179",1400,100,1500,1500,1000
13139,"Manufacture of textiles",Spinning,Rangareddy,Medchal,97652,"Bella Vista International Fashions pvt.ltd",74,55,8,63,100,63
22209,"Manufacture of rubber and plastics products","Manufacture of plastics products",Rangareddy,Medchal,97805,"Stick Mail Products Pvt.Ltd",80,14,0,14,20,14
18119,"Printing and reproduction of recorded media","Printing and service activities related to printing",Rangareddy,Medchal,97821,"Positive Flexo Pack Pvt.Ltd",230,20,0,20,20,20
43301,"Specialized construction activities","Building completion and finishing",Rangareddy,Medchal,97831,"Himshitsu Manufacturing Pvt. Ltd.",108,40,0,40,50,40
17012,"Manufacture of paper and paper products","Manufacture of paper and paper products",Adilabad,Kagaznagar,34002,"The Sirpur Paper Mills Ltd,  Skz",52871,3500,43,3543,5000,3543
27102,"Manufacture of electrical equipment","Manufacture of electric motors",Rangareddy,Medchal,97871,"Manu Power Equipment Pvt. Ltd.,",200,72,0,72,100,72
10501,"Manufacture of food products","Manufacture of dairy products",Rangareddy,Medchal,97882,"Sri Vidya Dairy",250,18,0,18,20,18
10719,"Manufacture of food products","Manufacture of other food products",Rangareddy,Medchal,97885,"Apricot Foods Pvt. Ltd.,",186.5,18,0,18,20,18
10799,"Manufacture of food products","Manufacture of other food products",Rangareddy,Medchal,97901,"Allivm Foods Pvt. Ltd.",23,8,7,15,20,15
20294,"Manufacture of chemicals and chemical products","Manufacture of other chemical products",Rangareddy,Medchal,97909,"Plaster Poly Film",232,11,0,11,20,11
22209,"Manufacture of rubber and plastics products","Manufacture of plastics products",Rangareddy,Medchal,97910,"Hyderabad Flexible Packaging Industry",292,9,3,12,20,12
29201,"Manufacture of motor vehicles","Manufacture of bodies (coachwork) for motor vehicles; manufacture of trailers and semi-trailers",Rangareddy,Medchal,97692,"Hitech Coach Builders",30,18,0,18,20,18
25920,"Manufacture of fabricated metal products","Manufacture of other fabricated metal products; metalworking service",Rangareddy,Medchal,97716,"Patny Systems Pvt. Ltd.",95,15,0,15,20,15
31003,"Manufacture of furniture","Manufacture of furniture",Rangareddy,Medchal,97733,"Vesar Furnitek Pvt. Ltd.",28,18,0,18,20,18
22203,"Manufacture of rubber and plastics products","Manufacture of plastics products",Rangareddy,Medchal,97736,"Lorven Poly Films",178,15,0,15,20,15
24202,"Manufacture of basic metals","Manufacture of basic precious and other non-ferrous metals",Rangareddy,Medchal,97822,"Sagar Asia Pvt. Ltd. ( Unit-II)",61,30,0,30,50,30
24203,"Manufacture of basic metals","Manufacture of basic precious and other non-ferrous metals",Rangareddy,Medchal,97868,"Zensar Suppliers Pvt. Ltd.,",97.5,12,0,12,20,12
24202,"Manufacture of basic metals","Manufacture of basic precious and other non-ferrous metals",Rangareddy,Medchal,97891,"Bharat Metal Works",184,22,0,22,50,22
29301,"Manufacture of motor vehicles","Manufacture of parts and accessories for motor vehicles",Rangareddy,Medchal,62059,"Rane Engine Valves Ltd.",7500,400,60,460,500,460
25920,"Manufacture of fabricated metal products","Manufacture of other fabricated metal products; metalworking service",Rangareddy,Medchal,62080,"Astra Diamond Tools Co. Pvt Ltd.",125,14,2,16,20,16
21001,"Manufacture of pharmaceuticals","Manufacture of pharmaceuticals",Rangareddy,Medchal,62141,"Medchal Chemicals & Pharmaceuticals (P) Ltd.",250,30,2,32,50,32
25920,"Manufacture of fabricated metal products","Manufacture of other fabricated metal products; metalworking service",Rangareddy,Medchal,62160,"Fine Fab Pvt. Ltd.",60,18,2,20,20,20
24103,"Manufacture of basic metals","Manufacture of basic iron and steel",Rangareddy,Medchal,62171,"Sarwotham Ispat Ltd.",9095.8,200,10,210,250,210
20223,"Manufacture of chemicals and chemical products","Manufacture of other chemical products",Rangareddy,Medchal,62206,"Hyderabad Electroplating works -II",125kv,10,6,16,20,16
25920,"Manufacture of fabricated metal products","Manufacture of other fabricated metal products; metalworking service",Rangareddy,Medchal,62212,"Asian Engg. Pvt. Ltd.",124,35,5,40,50,40
10402,"Manufacture of food products","Manufacture of vegetable and animal oils and fats",Rangareddy,Medchal,62377,"Century Oils Ltd.",74,13,3,16,20,16
21002,"Manufacture of pharmaceuticals","Manufacture of pharmaceuticals",Rangareddy,Medchal,62407,"Monarch Laboratories",50,25,0,25,50,25
23960,"Manufacture of other non-metallic mineral products","Manufacture of non-metallic mineral products n.e.c.",Rangareddy,Medchal,62572,"Venkateswara Granite Industries",74,11,0,11,20,11
10402,"Manufacture of food products","Manufacture of vegetable and animal oils and fats",Rangareddy,Medchal,62586,"Supreme Lubricants Pvt. Ltd.",99,12,0,12,20,12
10732,"Manufacture of food products","Manufacture of other food products",Rangareddy,Medchal,62642,"Sampre Nutritions Ltd.",250,200,0,200,250,200
23960,"Manufacture of other non-metallic mineral products","Manufacture of non-metallic mineral products n.e.c.",Rangareddy,Medchal,62646,"Navakar Rocks",150,15,0,15,20,15
27104,"Manufacture of electrical equipment","Manufacture of electric motors",Rangareddy,Medchal,62662,"ENSO Secutrack Ltd.",75,49,5,54,100,54
10719,"Manufacture of food products","Manufacture of other food products",Rangareddy,Medchal,62663,"Yum Yum Food Specialities",50,8,8,16,20,16
10732,"Manufacture of food products","Manufacture of other food products",Rangareddy,Medchal,62707,"Roys Industries Ltd.","250 KVA",210,10,220,250,220
21002,"Manufacture of pharmaceuticals","Manufacture of pharmaceuticals",Rangareddy,Medchal,62738,"Veco Labs Pvt. Ltd.",30,11,0,11,20,11
20133,"Manufacture of chemicals and chemical products","Manufacture of basic chemicals",Rangareddy,Medchal,62740,"Sheela Foam (P) Ltd.",629,400,0,400,500,400
25993,"Manufacture of fabricated metal products","Manufacture of other fabricated metal products; metalworking service",Rangareddy,Medchal,62741,"Standard Electrodes Pvt Ltd.",132,22,0,22,50,22
13111,"Manufacture of textiles",Spinning,Rangareddy,Medchal,62743,"Srinath Spinning Mills Ltd.",809,110,20,130,150,130
21001,"Manufacture of pharmaceuticals","Manufacture of pharmaceuticals",Rangareddy,Medchal,62785,"Posh Chemicals Pvt. Ltd.",396,35,0,35,50,35
11019,"Manufacture of beverages","Manufacture of beverages",Rangareddy,Medchal,62898,"Rhizome Distilleries Ltd.",75,145,25,170,250,170
23102,"Manufacture of other non-metallic mineral products","Manufacture of glass and glass products",Rangareddy,Medchal,67063,"Indus Insul Pvt. Ltd.",60,16,0,16,20,16
25920,"Manufacture of fabricated metal products","Manufacture of other fabricated metal products; metalworking service",Rangareddy,Medchal,67083,"Mechtrolin Industries",36,6,0,6,9,6
25920,"Manufacture of fabricated metal products","Manufacture of other fabricated metal products; metalworking service",Rangareddy,Medchal,67151,"Gurupreet Galvanising  Pvt. Ltd.",170,24,0,24,50,24
22191,"Manufacture of rubber and plastics products","Manufacture of rubber products",Rangareddy,Medchal,67177,"Delta Rubber Products Pvt.Ltd",300,20,5,25,50,25
27102,"Manufacture of electrical equipment","Manufacture of electric motors",Rangareddy,Medchal,67224,"Vidyut Control Systems Pvt. Ltd.",150,125,3,128,150,128
10309,"Manufacture of food products","Processing and preserving of fruit and vegetables",Rangareddy,Medchal,67263,"Gubba Cold Storage Pvt. Ltd.",320KV,12,0,12,20,12
22203,"Manufacture of rubber and plastics products","Manufacture of plastics products",Rangareddy,Medchal,67299,"Andhra Expanded Polystyrene Pvt. Ltd",180,20,10,30,50,30
22191,"Manufacture of rubber and plastics products","Manufacture of rubber products",Rangareddy,Medchal,67356,"Nirmal Rubber Industries",150,15,0,15,20,15
21002,"Manufacture of pharmaceuticals","Manufacture of pharmaceuticals",Rangareddy,Medchal,67389,"Livin Formulations",40,8,7,15,20,15
25999,"Manufacture of fabricated metal products","Manufacture of other fabricated metal products; metalworking service",Rangareddy,Medchal,67404,"Thirumala Metal Sections Pvt. Ltd.",35,10,0,10,20,10
23999,"Manufacture of other non-metallic mineral products","Manufacture of non-metallic mineral products n.e.c.",Rangareddy,Medchal,67405,"Phenolm India Pvt. Ltd.",66,12,1,13,20,13
22204,"Manufacture of rubber and plastics products","Manufacture of plastics products",Rangareddy,Medchal,67504,"Neeharika Industries Pvt Ltd.",943,56,0,56,100,56
18200,"Printing and reproduction of recorded media","Reproduction of recorded media",Rangareddy,Medchal,67521,"Aditya Music India Ltd.",48,12,2,14,20,14
21001,"Manufacture of pharmaceuticals","Manufacture of pharmaceuticals",Rangareddy,Medchal,67608,"Ace Ketones Pvt. Ltd.",75,24,0,24,50,24
21002,"Manufacture of pharmaceuticals","Manufacture of pharmaceuticals",Rangareddy,Medchal,67646,"JVR  Fine Chemie Pvt. Ltd.",95,17,1,18,50,18
22202,"Manufacture of rubber and plastics products","Manufacture of plastics products",Rangareddy,Medchal,97681,"SPC Fab Pvt. Ltd.",220,20,2,22,50,22
21001,"Manufacture of pharmaceuticals","Manufacture of pharmaceuticals",Rangareddy,Medchal,67696,"Nippy Chemicals",63,10,4,14,20,14
23999,"Manufacture of other non-metallic mineral products","Manufacture of non-metallic mineral products n.e.c.",Rangareddy,Medchal,67697,"Nava Durga Fullers Earth",150,8,2,10,20,10
21001,"Manufacture of pharmaceuticals","Manufacture of pharmaceuticals",Rangareddy,Medchal,67762,"Issar Pharmaceuticals Pvt. Ltd.",74,11,2,13,20,13
16213,"Manufacture of wood and products of wood and cork","Manufacture of products of wood",Rangareddy,Medchal,67774,"Glam Wood Industries",146,25,5,30,50,30
1640,"Crop and animal production","Support activities to agriculture and post-harvest crop activities",Rangareddy,Medchal,67926,"Prasad Seeds Pvt. Ltd.",360,81,30,111,150,111
1640,"Crop and animal production","Support activities to agriculture and post-harvest crop activities",Rangareddy,Medchal,67927,"Prasad Seed Farm Industries",119,6,15,21,50,21
17012,"Manufacture of paper and paper products","Manufacture of paper and paper products",Hyderabad,Ameerpet,48673,"Sri Vani Print  & Pack",65,20,0,20,20,20
18121,"Printing and reproduction of recorded media","Printing and service activities related to printing",Rangareddy,Medchal,67981,"Bhasker Book Manufacturers",146,101,20,121,150,121
23955,"Manufacture of other non-metallic mineral products","Manufacture of non-metallic mineral products n.e.c.",Rangareddy,Medchal,67987,"RMC Readymix India Pvt.Ltd",179,10,0,10,20,10
17012,"Manufacture of paper and paper products","Manufacture of paper and paper products",Hyderabad,Ameerpet,48826,"SVPCL Ltd",64,50,0,50,50,50
16213,"Manufacture of wood and products of wood and cork","Manufacture of products of wood",Rangareddy,Medchal,97052,"Astha Plywood",44,23,0,23,50,23
21001,"Manufacture of pharmaceuticals","Manufacture of pharmaceuticals",Rangareddy,Medchal,97109,"Perkin Laboratories",180,70,0,70,100,70
10309,"Manufacture of food products","Processing and preserving of fruit and vegetables",Rangareddy,Medchal,97113,"Thirumala Tirupathi Agro Cold Storage (P) Ltd.",255,7,3,10,20,10
24103,"Manufacture of basic metals","Manufacture of basic iron and steel",Rangareddy,Medchal,97125,"Sarwottam Ispat Ltd.",6610,111,0,111,150,111
23999,"Manufacture of other non-metallic mineral products","Manufacture of non-metallic mineral products n.e.c.",Rangareddy,Medchal,97128,"Chargewave Energykem (P) Ltd.",73,15,1,16,20,16
21001,"Manufacture of pharmaceuticals","Manufacture of pharmaceuticals",Rangareddy,Medchal,97208,"Nippy Chemicals",70,10,5,15,20,15
1640,"Crop and animal production","Support activities to agriculture and post-harvest crop activities",Rangareddy,Medchal,97242,"Prasad Seeds Pvt. Ltd. -III",119,24,8,32,50,32
22203,"Manufacture of rubber and plastics products","Manufacture of plastics products",Rangareddy,Medchal,97282,"Subra Industries",74,10,4,14,20,14
21001,"Manufacture of pharmaceuticals","Manufacture of pharmaceuticals",Rangareddy,Medchal,97309,"Lepranal Pharmaceuticals Pvt. Ltd.",46.5,12,2,14,20,14
31005,"Manufacture of furniture","Manufacture of furniture",Rangareddy,Medchal,97318,"ASPY Bedding Products",20,10,0,10,20,10
21002,"Manufacture of pharmaceuticals","Manufacture of pharmaceuticals",Rangareddy,Medchal,97352,"Sri Vani Fine Chemicals",70,14,0,14,20,14
21002,"Manufacture of pharmaceuticals","Manufacture of pharmaceuticals",Rangareddy,Medchal,97367,"Hyderabad Chemicals",70,14,0,14,20,14
21002,"Manufacture of pharmaceuticals","Manufacture of pharmaceuticals",Rangareddy,Medchal,97373,"Jagannath Mercantile Pvt. Ltd.",419,12,4,16,20,16
29201,"Manufacture of motor vehicles","Manufacture of bodies (coachwork) for motor vehicles; manufacture of trailers and semi-trailers",Rangareddy,Medchal,97435,"Krupasai Coach Builders",45,10,0,10,20,20
20131,"Manufacture of chemicals and chemical products","Manufacture of basic chemicals",Rangareddy,Medchal,97515,"Pumax Chemicals Pvt. Ltd.",32,15,0,15,20,15
17012,"Manufacture of paper and paper products","Manufacture of paper and paper products",Nalgonda,Kodad,32801,"Vedadri Paper Mills India Pvt.Ltd.",3378,140,5,145,150,145
28191,"Manufacture of machinery and equipment n.e.c.","Manufacture of general purpose machinery",Rangareddy,Medchal,97827,"Rockwell Industries Ltd.",676.2,150,0,150,150,150
22209,"Manufacture of rubber and plastics products","Manufacture of plastics products",Rangareddy,Medchal,97835,"Varshini Polymers",89,20,0,20,20,20
20131,"Manufacture of chemicals and chemical products","Manufacture of basic chemicals",Rangareddy,Medchal,97899,"Someshwara Rubber Products",242.5,30,8,38,50,38
20119,"Manufacture of chemicals and chemical products","Manufacture of basic chemicals",Rangareddy,Medchal,62142,"Uni Royal Chemicals Pvt. Ltd.",233,23,0,23,50,23
1640,"Crop and animal production","Support activities to agriculture and post-harvest crop activities",Rangareddy,Medchal,62739,"Ganga Kaveri Seeds Pvt. Ltd.",485,20,10,30,50,30
1640,"Crop and animal production","Support activities to agriculture and post-harvest crop activities",Rangareddy,Medchal,97129,"Nunhems Vegitable Seeds Pvt.Ltd,",160,60,0,60,100,80
25920,"Manufacture of fabricated metal products","Manufacture of other fabricated metal products; metalworking service",Rangareddy,Medchal,62990,"Unicorn Industries Ltd.",433,150,10,160,250,160
1640,"Crop and animal production","Support activities to agriculture and post-harvest crop activities",Rangareddy,Medchal,67140,"Santhoshi Seed Processing Unit",30,20,5,25,50,25
25910,"Manufacture of fabricated metal products","Manufacture of other fabricated metal products; metalworking service",Rangareddy,Medchal,67225,"Salasar Enterprises",65,14,3,17,20,17
1640,"Crop and animal production","Support activities to agriculture and post-harvest crop activities",Rangareddy,Medchal,67247,"Kaveri Microtech Pvt.Ltd",111,10,15,25,50,25
10309,"Manufacture of food products","Processing and preserving of fruit and vegetables",Rangareddy,Medchal,67962,"SSS Warehousing & Supply Chain Solutions (P)Ltd",223,130,10,140,150,140
20231,"Manufacture of chemicals and chemical products","Manufacture of other chemical products",Rangareddy,Medchal,97051,"Bhagavati Outsourcing Pvt. Ltd.",40,15,15,30,50,30
23955,"Manufacture of other non-metallic mineral products","Manufacture of non-metallic mineral products n.e.c.",Rangareddy,Medchal,97064,"Ultratech Cement Ltd.",314,35,0,35,50,35
24106,"Manufacture of basic metals","Manufacture of basic iron and steel",Rangareddy,Medchal,97069,"Anjana Steel Tubes",345,17,0,17,20,17
28299,"Manufacture of machinery and equipment n.e.c.","Manufacture of special-purpose machinery",Rangareddy,Medchal,97253,"Tata Projects Ltd (WPPDC)",91,16,0,16,100,16
1640,"Crop and animal production","Support activities to agriculture and post-harvest crop activities",Rangareddy,Medchal,97264,"Nunhems India Pvt. Ltd.",686,325,30,355,500,355
17012,"Manufacture of paper and paper products","Manufacture of paper and paper products",Nizamabad,Dichpally,35673,"Swathi Perfumes Pvt. Ltd., 503175",34.00,10,2,12,20,15
21002,"Manufacture of pharmaceuticals","Manufacture of pharmaceuticals",Rangareddy,Medchal,97392,"Srinivasa Enterprises",25,60,20,80,100,80
18121,"Printing and reproduction of recorded media","Printing and service activities related to printing",Rangareddy,Medchal,97495,"Wewin  Paper Products",97,49,8,57,100,57
10309,"Manufacture of food products","Processing and preserving of fruit and vegetables",Rangareddy,Medchal,97500,"Riddhi Agro Cold Care",250,8,2,10,20,10
1640,"Crop and animal production","Support activities to agriculture and post-harvest crop activities",Rangareddy,Medchal,97590,"Seed Works International Pvt. Ltd.",29,16,0,16,20,16
17012,"Manufacture of paper and paper products","Manufacture of paper and paper products",Nizamabad,NIzamabad,63217,"Swathi Printers",19.00,10,3,13,20,10
24202,"Manufacture of basic metals","Manufacture of basic precious and other non-ferrous metals",Rangareddy,Medchal,97770,"Lakshmi Sai Windoors",11,12,0,12,20,12
16213,"Manufacture of wood and products of wood and cork","Manufacture of products of wood",Rangareddy,Medchal,97789,"Shubham Plywood Industry",38,18,0,18,20,18
1640,"Crop and animal production","Support activities to agriculture and post-harvest crop activities",Rangareddy,Medchal,97775,"Manisha Agro Biotech Pvt.Ltd,",183,22,0,22,50,22
25920,"Manufacture of fabricated metal products","Manufacture of other fabricated metal products; metalworking service",Rangareddy,Medchal,97902,"Mutchell Engineering Pvt.Ltd.",45.5,13,0,13,20,13
25121,"Manufacture of fabricated metal products","Manufacture of structural metal products",Rangareddy,Medchal,62613,"Winfab Equipments Pvt. Ltd.",500,50,0,50,100,50
28162,"Manufacture of machinery and equipment n.e.c.","Manufacture of general purpose machinery",Rangareddy,Medchal,67115,"Grip Engineers Pvt. Ltd.",122,65,0,65,100,65
23959,"Manufacture of other non-metallic mineral products","Manufacture of non-metallic mineral products n.e.c.",Rangareddy,Medchal,67283,"Weatherstone Bldg. Blocks (P) Ltd.",60,14,5,19,20,19
23959,"Manufacture of other non-metallic mineral products","Manufacture of non-metallic mineral products n.e.c.",Rangareddy,Medchal,67933,"Ultra Tiles Pvt. Ltd.",48,58,0,58,100,58
23955,"Manufacture of other non-metallic mineral products","Manufacture of non-metallic mineral products n.e.c.",Rangareddy,Medchal,97180,"RDC Concrete India Pvt Ltd.",203,35,0,35,50,35
25999,"Manufacture of fabricated metal products","Manufacture of other fabricated metal products; metalworking service",Rangareddy,Medchal,97181,"Rolastar (P) Ltd.",90,85,5,90,100,90
22208,"Manufacture of rubber and plastics products","Manufacture of plastics products",Rangareddy,Medchal,97472,"Time Technoplast Ltd.",1960,50,0,50,50,50
31005,"Manufacture of furniture","Manufacture of furniture",Rangareddy,Medchal,97704,"SAPY Bedding Products",24,18,0,18,20,18
10617,"Manufacture of food products","Manufacture of grain mill products",Rangareddy,Medchal,97799,"Sumo Biscuits Pvt. Ltd.",370,61,0,61,100,61
45200,"Wholesale and retail trade and repair of motor vehicles and motorcycles","Maintenance and repair of motor vehicles",Rangareddy,Medchal,62085,"APSRTC Bus Depot,Medchal",17,80,0,80,100,80
16101,"Manufacture of wood and products of wood and cork","Sawmilling and planing of wood",Rangareddy,Medchal,62224,"Sai Durga Timber Merchant & Saw Mill",15,7,0,7,9,7
25920,"Manufacture of fabricated metal products","Manufacture of other fabricated metal products; metalworking service",Rangareddy,Medchal,62332,"Mark Engineering Industries",48,14,0,14,20,14
28191,"Manufacture of machinery and equipment n.e.c.","Manufacture of general purpose machinery",Rangareddy,Medchal,62373,"Rockwell Industries Ltd.",343,400,5,405,500,405
25993,"Manufacture of fabricated metal products","Manufacture of other fabricated metal products; metalworking service",Rangareddy,Medchal,62675,"Vinod Tubes Pvt. Ltd.",200,15,2,17,20,17
25993,"Manufacture of fabricated metal products","Manufacture of other fabricated metal products; metalworking service",Rangareddy,Medchal,62800,"Vinayak Tubes Pvt. Ltd.",21,20,0,20,20,20
24319,"Manufacture of basic metals","Casting of metals",Rangareddy,Medchal,62940,"Twin City Castings Pvt. Ltd.",961,20,0,20,20,20
16211,"Manufacture of wood and products of wood and cork","Manufacture of products of wood",Rangareddy,Medchal,67054,"Rainbow Plywood Pvt. Ltd.",65,20,3,23,50,23
21003,"Manufacture of pharmaceuticals","Manufacture of pharmaceuticals",Rangareddy,Medchal,67067,"Alkaloids Pvt Ltd-II",150,10,2,12,20,12
16101,"Manufacture of wood and products of wood and cork","Sawmilling and planing of wood",Rangareddy,Medchal,67125,"SK Saw Mill and Timber Depot",16,4,0,4,9,4
10795,"Manufacture of food products","Manufacture of other food products",Rangareddy,Medchal,67294,"Hitech Spices Pvt.Ltd",130,16,3,19,20,19
27201,"Manufacture of electrical equipment","Manufacture of batteries and accumulators",Rangareddy,Medchal,67437,"NED Energy Limited",4000,110,5,115,150,115
10612,"Manufacture of food products","Manufacture of grain mill products",Rangareddy,Medchal,67465,"Sri Venkateswara Rice Mill",74,6,1,7,9,7
16101,"Manufacture of wood and products of wood and cork","Sawmilling and planing of wood",Rangareddy,Medchal,67547,"Varalakshmi Saw Mill",12,3,0,3,9,3
16101,"Manufacture of wood and products of wood and cork","Sawmilling and planing of wood",Rangareddy,Medchal,67560,"Md. Khaja Mohinuddin Quadri Saw Mill",16,5,0,5,9,5
16211,"Manufacture of wood and products of wood and cork","Manufacture of products of wood",Rangareddy,Medchal,67580,"Subhash Wood Products",48,17,0,17,50,17
17012,"Manufacture of paper and paper products","Manufacture of paper and paper products",Nizamabad,Nizamabad,35976,"Esji Paper Industries",102.50,10,1,11,20,15
29201,"Manufacture of motor vehicles","Manufacture of bodies (coachwork) for motor vehicles; manufacture of trailers and semi-trailers",Rangareddy,Medchal,67756,"NBK Engg. & Fabricator",49,12,0,12,20,12
24202,"Manufacture of basic metals","Manufacture of basic precious and other non-ferrous metals",Rangareddy,Medchal,67826,"Sumangalam Al. Extrusions Pvt. Ltd.",1000,25,2,27,50,27
25920,"Manufacture of fabricated metal products","Manufacture of other fabricated metal products; metalworking service",Rangareddy,Medchal,67885,"HST Steels Pvt. Ltd.",470,10,0,10,20,10
10732,"Manufacture of food products","Manufacture of other food products",Rangareddy,Medchal,67995,"Hyderabad Food Products Pvt. Ltd.",158,117,0,117,150,117
1640,"Crop and animal production","Support activities to agriculture and post-harvest crop activities",Rangareddy,Medchal,97025,"Prasad Seeds Pvt. Ltd -II",1826,60,15,75,100,75
25991,"Manufacture of fabricated metal products","Manufacture of other fabricated metal products; metalworking service",Rangareddy,Medchal,97100,"Maheshwari Fastners & Bright Pvt. Ltd.",181,43,2,45,50,45
24202,"Manufacture of basic metals","Manufacture of basic precious and other non-ferrous metals",Rangareddy,Medchal,97114,"Sagar Asia Pvt. Ltd.",155,30,15,45,50,45
10309,"Manufacture of food products","Processing and preserving of fruit and vegetables",Rangareddy,Medchal,97152,"Gubba Agrofresh Pvt. Ltd.",177,15,0,15,20,15
24202,"Manufacture of basic metals","Manufacture of basic precious and other non-ferrous metals",Rangareddy,Medchal,97155,"J V Castings",241,15,0,15,20,15
16213,"Manufacture of wood and products of wood and cork","Manufacture of products of wood",Rangareddy,Medchal,97262,"Standard Doors",76,50,0,50,50,50
22203,"Manufacture of rubber and plastics products","Manufacture of plastics products",Rangareddy,Medchal,97526,"SM Rotoflex Pvt. Ltd.",488,18,6,24,50,24
24320,"Manufacture of basic metals","Casting of metals",Rangareddy,Medchal,97532,"Lotus Aluminium Pvt. Ltd.",153,16,1,17,20,17
1640,"Crop and animal production","Support activities to agriculture and post-harvest crop activities",Rangareddy,Medchal,97611,"Neo Seeds India Ltd.",30,28,3,31,50,31
18119,"Printing and reproduction of recorded media","Printing and service activities related to printing",Rangareddy,Medchal,97626,"Odin Press Pvt. Ltd.",79,35,5,40,50,40
25991,"Manufacture of fabricated metal products","Manufacture of other fabricated metal products; metalworking service",Rangareddy,Medchal,97631,"Shivam Industries",150,10,5,15,20,15
17012,"Manufacture of paper and paper products","Manufacture of paper and paper products",Nizamabad,Nizamabad,35962,"A.G.A Publicaiton Ltd.,",321.00,60,0,60,100,60
18112,"Printing and reproduction of recorded media","Printing and service activities related to printing",Rangareddy,Medchal,97673,"Sri Lakshmi Narayana Book Binder Pvt. Ltd.",74,73,0,73,100,73
10732,"Manufacture of food products","Manufacture of other food products",Rangareddy,Medchal,97843,"Kayempee Foods Pvt. Ltd.",600,60,20,80,250,80
31005,"Manufacture of furniture","Manufacture of furniture",Rangareddy,Medchal,97900,"Fortune Foam Pvt. Ltd.,",981,180,20,200,250,200
24202,"Manufacture of basic metals","Manufacture of basic precious and other non-ferrous metals",Rangareddy,Medchal,97911,"Sagar Asia Pvt. Ltd.",8,23,0,23,50,23
1640,"Crop and animal production","Support activities to agriculture and post-harvest crop activities",Rangareddy,Medchal,97881,"SVAS Agrotech Pvt. Ltd.,",90,9,6,15,20,15
20211,"Manufacture of chemicals and chemical products","Manufacture of other chemical products",Rangareddy,Medchal,67081,"Agasthy Agro Ltd.",135,21,0,21,50,21
10612,"Manufacture of food products","Manufacture of grain mill products",Rangareddy,Medchal,67324,"Sree Chandrasekhara BMR Mill",74,3,0,3,9,3
1640,"Crop and animal production","Support activities to agriculture and post-harvest crop activities",Rangareddy,Medchal,67922,"Bharathi Agro Enterprises",1186,116,16,132,150,132
1640,"Crop and animal production","Support activities to agriculture and post-harvest crop activities",Rangareddy,Medchal,67923,"Syngenta India Ltd.",1400.08,237,20,257,500,257
24109,"Manufacture of basic metals","Manufacture of basic iron and steel",Rangareddy,Medchal,97020,"Grip Strapping Technologies Pvt. Ltd.",1500,120,0,120,150,120
1640,"Crop and animal production","Support activities to agriculture and post-harvest crop activities",Rangareddy,Medchal,97044,"Bharathi Brahma Seeds","152 KV",15,10,25,50,25
1640,"Crop and animal production","Support activities to agriculture and post-harvest crop activities",Rangareddy,Medchal,97045,"Bharathi Agro Tech","163 KV",15,10,25,50,25
1640,"Crop and animal production","Support activities to agriculture and post-harvest crop activities",Rangareddy,Medchal,97108,"Bharathi Enterprises",246,12,1,13,20,13
1640,"Crop and animal production","Support activities to agriculture and post-harvest crop activities",Rangareddy,Medchal,97238,"Bharathi Meena Seeds",162,60,20,80,100,80
1640,"Crop and animal production","Support activities to agriculture and post-harvest crop activities",Rangareddy,Medchal,97239,"Saraswathi Seeds",133,30,10,40,50,40
1640,"Crop and animal production","Support activities to agriculture and post-harvest crop activities",Rangareddy,Medchal,97299,"Bramha Agro Industries",71,20,12,32,50,32
1640,"Crop and animal production","Support activities to agriculture and post-harvest crop activities",Rangareddy,Medchal,97356,"Ultra Reach Agri Markets Ltd.",106,10,10,20,20,20
1640,"Crop and animal production","Support activities to agriculture and post-harvest crop activities",Rangareddy,Medchal,97357,"Chenai Seeds & Oils Ltd.",310,10,20,30,50,30
1640,"Crop and animal production","Support activities to agriculture and post-harvest crop activities",Rangareddy,Medchal,97802,"Raja Rajeshwari Seeds",300,35,0,35,50,35
1640,"Crop and animal production","Support activities to agriculture and post-harvest crop activities",Rangareddy,Medchal,97811,"SM Pakala",49,16,0,16,20,16
10309,"Manufacture of food products","Processing and preserving of fruit and vegetables",Rangareddy,Medchal,97812,"VLN Cold Storage",375,20,0,20,20,20
24319,"Manufacture of basic metals","Casting of metals",Rangareddy,Medchal,67598,"Megacity Moulding",30,21,0,21,50,21
1640,"Crop and animal production","Support activities to agriculture and post-harvest crop activities",Rangareddy,Medchal,67645,"Sam Agritech Ltd.",84,77,25,102,150,102
10802,"Manufacture of food products","Manufacture of prepared animal feeds",Rangareddy,Medchal,67674,"Sneha Farms Pvt. Ltd.",1288,45,10,55,100,55
10802,"Manufacture of food products","Manufacture of prepared animal feeds",Rangareddy,Medchal,67953,"Diamond Hitech Poultry Feeds Pvt. Ltd.",629,25,0,25,50,25
1640,"Crop and animal production","Support activities to agriculture and post-harvest crop activities",Rangareddy,Medchal,97043,"Sai Agritech",75,10,15,25,50,25
10619,"Manufacture of food products","Manufacture of grain mill products",Rangareddy,Medchal,97110,"Satya Sai Transport",581,92,20,112,150,112
22207,"Manufacture of rubber and plastics products","Manufacture of plastics products",Rangareddy,Medchal,97111,"Fibermite Composites Ltd.",65,11,0,11,20,11
49300,"Land transport and transport via pipelines","Transport via pipeline",Rangareddy,Medchal,97251,"Reliance Gas Transportation Infrastructure Ltd,     compressor station 4",130243,51,0,51,100,51
21005,"Manufacture of pharmaceuticals","Manufacture of pharmaceuticals",Rangareddy,Medchal,97331,"Godrej Agrovet Ltd.",445,30,22,52,100,52
8106,"Other mining and quarrying","Quarrying of stone",Rangareddy,Medchal,97460,"Sri Venkateshwara Stone Crushers",126,8,0,8,9,8
22203,"Manufacture of rubber and plastics products","Manufacture of plastics products",Rangareddy,Medchal,97568,"Pankaj Polytech Pvt. Ltd.",641.5,75,10,85,100,85
10712,"Manufacture of food products","Manufacture of other food products",Rangareddy,Medchal,97714,"Sri Satya Sai Industries",180,110,0,110,150,110
18121,"Printing and reproduction of recorded media","Printing and service activities related to printing",Rangareddy,Medchal,97745,"Bhaskar Paper Products",95,35,0,35,50,35
10612,"Manufacture of food products","Manufacture of grain mill products",Rangareddy,Medchal,62379,"Sri Sai Balaji Binny Rice Mill",74,7,0,7,9,7
10612,"Manufacture of food products","Manufacture of grain mill products",Rangareddy,Medchal,62944,"Sri Lakshmi Narsimha B R Mill",75,7,0,7,9,7
23932,"Manufacture of other non-metallic mineral products","Manufacture of non-metallic mineral products n.e.c.",Rangareddy,Medchal,62582,"Khandelwal Ceramics Pvt.Ltd.",124,25,5,30,50,30
17012,"Manufacture of paper and paper products","Manufacture of paper and paper products",Nizamabad,Nizamabad,35482,"Strobel Industries",65.30,10,0,10,20,12
17012,"Manufacture of paper and paper products","Manufacture of paper and paper products",Nizamabad,"Sadashiva Nagar",63350,"Amoda Publications Pvt. Ltd",74.00,30,10,40,50,40
22203,"Manufacture of rubber and plastics products","Manufacture of plastics products",Rangareddy,Medchal,97275,"Swastik Shrink  Pack",60,6,12,18,20,18
22209,"Manufacture of rubber and plastics products","Manufacture of plastics products",Rangareddy,Medchal,97285,"Bartronics India Ltd.",755,65,10,75,100,75
10712,"Manufacture of food products","Manufacture of other food products",Rangareddy,Medchal,97571,"Real Agro Industries Pvt. Ltd.",1091.5,390,0,390,500,390
17013,"Manufacture of paper and paper products","Manufacture of paper and paper products",Rangareddy,Medchal,97024,"Limra Paper Mills Pvt. Ltd.",967,34,5,39,50,39
43301,"Specialized construction activities","Building completion and finishing",Rangareddy,Medchal,97682,"Monarch Ergonomics India P Ltd",615,78,12,90,100,90
11043,"Manufacture of beverages","Manufacture of beverages",Rangareddy,Medchal,97765,"Vivala Beverages Pvt. Ltd.",175,12,0,12,20,12
52109,"Warehousing and support activities for transportation","Warehousing and storage",Rangareddy,Medchal,97800,"Dendi Agro Farms Pvt.Ltd.",227,15,0,15,20,15
52109,"Warehousing and support activities for transportation","Warehousing and storage",Rangareddy,Medchal,97852,"Cold Space Agrotek",430,12,0,12,20,12
8106,"Other mining and quarrying","Quarrying of stone",Rangareddy,Medchal,97470,"Mahalaxmi Metal Industries",150,8,0,8,9,8
8106,"Other mining and quarrying","Quarrying of stone",Rangareddy,Medchal,67803,"Rank Silicon& Industries Pvt. Ltd.",895,25,0,25,50,25
31003,"Manufacture of furniture","Manufacture of furniture",Rangareddy,Medchal,97492,"Luxus India Pvt. Ltd.",167,45,5,50,50,50
27504,"Manufacture of electrical equipment","Manufacture of domestic appliances",Rangareddy,Medchal,62900,"Titan Energy Systems",690,140,20,160,250,160
29301,"Manufacture of motor vehicles","Manufacture of parts and accessories for motor vehicles",Rangareddy,Medchal,67330,"Lokesh Machines Ltd.",5000,300,0,300,500,300
17013,"Manufacture of paper and paper products","Manufacture of paper and paper products",Rangareddy,"IDA, Nacharam",65828,"S.M.M. Paper Marketing U-II",28,25,5,30,15,30
25999,"Manufacture of fabricated metal products","Manufacture of other fabricated metal products; metalworking service",Rangareddy,Medchal,97784,"Bharathi Engg.Works",150,38,0,38,50,38
18121,"Printing and reproduction of recorded media","Printing and service activities related to printing",Rangareddy,Medchal,97142,"Star Stationery Manufacturers",224,65,20,85,100,85
10796,"Manufacture of food products","Manufacture of other food products",Rangareddy,Medchal,97297,"Patwari Foods Pvt. Ltd.",490,125,15,140,150,140
22209,"Manufacture of rubber and plastics products","Manufacture of plastics products",Rangareddy,Medchal,97785,"Agasthy Poly Pack Pvt. Ltd.",145,10,0,10,20,10
52109,"Warehousing and support activities for transportation","Warehousing and storage",Rangareddy,Medchal,97851,"Himalaya Cold Storage",209,12,3,15,20,15
10309,"Manufacture of food products","Processing and preserving of fruit and vegetables",Rangareddy,Medchal,97151,"GNR Cold storage Pvt. Ltd.",134,11,0,11,20,11
10309,"Manufacture of food products","Processing and preserving of fruit and vegetables",Rangareddy,Medchal,97580,"Jam Jam Cold Storage & Agro Pvt.Ltd.",217.5,16,0,16,20,16
1640,"Crop and animal production","Support activities to agriculture and post-harvest crop activities",Rangareddy,Medchal,97075,"Ultra Reach Agri Markets Ltd.",87,10,20,30,50,30
25993,"Manufacture of fabricated metal products","Manufacture of other fabricated metal products; metalworking service",Rangareddy,Medchal,67996,"Patil Steel Wires Pvt. Ltd.",209,25,0,25,50,25
1640,"Crop and animal production","Support activities to agriculture and post-harvest crop activities",Rangareddy,Medchal,62414,"Chenai Seeds & Oils Ltd.","100 KVA",24,38,62,100,62
1640,"Crop and animal production","Support activities to agriculture and post-harvest crop activities",Rangareddy,Medchal,62643,"Ultra Seedtech (India) Pvt. Ltd.",125kv,40,15,55,100,55
1640,"Crop and animal production","Support activities to agriculture and post-harvest crop activities",Rangareddy,Medchal,67997,"Bisco - Bio Sciences Pvt. Ltd.",487,123,11,134,150,134
1640,"Crop and animal production","Support activities to agriculture and post-harvest crop activities",Rangareddy,Medchal,67464,"PHI Seeds Pvt. Ltd.",3448,275,75,350,500,350
11019,"Manufacture of beverages","Manufacture of beverages",Rangareddy,Medchal,67019,"RK Distilleries Pvt. Ltd.",286,105,70,175,250,175
13111,"Manufacture of textiles",Spinning,Rangareddy,Medchal,62727,"Sriram Spinning Mills Ltd.",3000,290,45,335,500,335
22202,"Manufacture of rubber and plastics products","Manufacture of plastics products",Rangareddy,Medchal,62726,"Sangam Health Care Product Ltd.",3131,120,150,270,500,270
10309,"Manufacture of food products","Processing and preserving of fruit and vegetables",Rangareddy,Medchal,97150,"Gubba Green Cold Pvt. Ltd.",134,11,0,11,20,11
1640,"Crop and animal production","Support activities to agriculture and post-harvest crop activities",Rangareddy,Medchal,97190,"Ultra Reach  Finance Co. Ltd.",87,10,0,10,20,10
45200,"Wholesale and retail trade and repair of motor vehicles and motorcycles","Maintenance and repair of motor vehicles",Rangareddy,Medchal,97334,"DRS Logistics Pvt. Ltd.",91,56,2,58,100,58
10309,"Manufacture of food products","Processing and preserving of fruit and vegetables",Rangareddy,Medchal,97718,"Gubba Cold Storage Ltd.",284.5,19,0,19,20,19
13122,"Manufacture of textiles",Spinning,Rangareddy,Shameerpet,62156,"Suryavamshi Spinning Mills Ltd.",4300,440,35,475,500,475
27104,"Manufacture of electrical equipment","Manufacture of electric motors",Rangareddy,Shameerpet,97796,"HBL Power Systems (IPS Div)",309,50,0,50,50,50
25920,"Manufacture of fabricated metal products","Manufacture of other fabricated metal products; metalworking service",Rangareddy,Shameerpet,62471,"HBL Power Systems Ltd (MCD)",306,250,9,259,500,259
23960,"Manufacture of other non-metallic mineral products","Manufacture of non-metallic mineral products n.e.c.",Rangareddy,Shameerpet,62655,"Pokarna Ltd.",5690,325,0,325,500,325
13111,"Manufacture of textiles",Spinning,Rangareddy,Shameerpet,62676,"SuryaVamshi Spinning Mills Ltd (Dyeing divn)",1153,40,20,60,100,60
10612,"Manufacture of food products","Manufacture of grain mill products",Rangareddy,Shameerpet,67049,"Kanyaka Parameswhwari BR Mill",74,7,0,7,9,7
14101,"Manufacture of wearing apparel","Manufacture of wearing apparel",Rangareddy,Shameerpet,67190,"Sheshadri Industries Ltd. (Garment Divn.)",98,100,100,200,250,200
25999,"Manufacture of fabricated metal products","Manufacture of other fabricated metal products; metalworking service",Rangareddy,Shameerpet,67839,"Vinpro Engineering Pvt. Ltd.",49,35,0,35,50,35
23932,"Manufacture of other non-metallic mineral products","Manufacture of non-metallic mineral products n.e.c.",Rangareddy,Shameerpet,97107,"Sri Durga Spun Pipe Industries",30,8,2,10,20,10
25999,"Manufacture of fabricated metal products","Manufacture of other fabricated metal products; metalworking service",Rangareddy,Shameerpet,97551,"Neogen Engineers India Pvt. Ltd.",247,25,2,27,50,27
23919,"Manufacture of other non-metallic mineral products","Manufacture of non-metallic mineral products n.e.c.",Rangareddy,Shameerpet,97556,"HBL Power Systems Ltd.",565,65,5,70,100,70
18121,"Printing and reproduction of recorded media","Printing and service activities related to printing",Rangareddy,Shameerpet,97639,"Sree Paper Products",89,12,5,17,20,17
8106,"Other mining and quarrying","Quarrying of stone",Rangareddy,Shameerpet,97459,"ASIP Co. Pvt. Ltd.",851,29,0,29,50,29
1640,"Crop and animal production","Support activities to agriculture and post-harvest crop activities",Rangareddy,Shameerpet,67763,"Anila Seed Processing Inds.",142,18,7,25,50,25
1640,"Crop and animal production","Support activities to agriculture and post-harvest crop activities",Rangareddy,Shameerpet,67764,"Shakti Seeds Pvt. Ltd.",373,10,8,18,20,18
17013,"Manufacture of paper and paper products","Manufacture of paper and paper products",Rangareddy,"IDA, Uppal",65618,"Sri Vinayaka Traders",20,11,0,11,20,11
20131,"Manufacture of chemicals and chemical products","Manufacture of basic chemicals",Rangareddy,Shameerpet,97538,"Vatson Foams (I) Pvt.Ltd.",48,12,0,12,20,12
18129,"Printing and reproduction of recorded media","Printing and service activities related to printing",Rangareddy,Shameerpet,97558,"Telangana Publications Pvt. Ltd.",550,56,2,58,100,58
10719,"Manufacture of food products","Manufacture of other food products",Rangareddy,Shameerpet,97559,"Mavee Foods",272,12,0,12,20,12
22203,"Manufacture of rubber and plastics products","Manufacture of plastics products",Rangareddy,Shameerpet,97577,"Shanti Ganga Plasto Packs Pvt. Ltd.",99,15,5,20,20,20
25999,"Manufacture of fabricated metal products","Manufacture of other fabricated metal products; metalworking service",Rangareddy,Shameerpet,97593,"Polmor Steel Pvt. Ltd.",441,65,0,65,100,65
17013,"Manufacture of paper and paper products","Manufacture of paper and paper products",Nalgonda,Bibinagar,32440,"Sharma Papers [P] Limited",400,21,5,26,50,26
25999,"Manufacture of fabricated metal products","Manufacture of other fabricated metal products; metalworking service",Rangareddy,Shameerpet,97705,"Micron Engg. Corporation",74,17,1,18,20,18
10309,"Manufacture of food products","Processing and preserving of fruit and vegetables",Rangareddy,Shameerpet,97739,"Snowman Logistics Ltd.",420Kva,40,0,40,50,40
18112,"Printing and reproduction of recorded media","Printing and service activities related to printing",Rangareddy,Shameerpet,97854,"Sunrise Stationery Depot",99,22,2,24,50,24
10309,"Manufacture of food products","Processing and preserving of fruit and vegetables",Rangareddy,Shameerpet,97864,"Wyn Brands LLP",25,11,0,11,20,11
10619,"Manufacture of food products","Manufacture of grain mill products",Rangareddy,Shameerpet,97919,"Sresta Natural Bioproducts Pvt. Ltd.,",408,18,20,38,100,38
45200,"Wholesale and retail trade and repair of motor vehicles and motorcycles","Maintenance and repair of motor vehicles",Rangareddy,Shameerpet,62154,"APSRTC Bus Depot",70,146,5,151,250,151
8106,"Other mining and quarrying","Quarrying of stone",Rangareddy,Shameerpet,97261,"Mirza Ahmed Baig Metal Industries",191,10,0,10,20,10
38210,"Waste collection","Waste treatment and disposal",Rangareddy,Shameerpet,97594,"Hyderabad Integrated MSW Ltd.",1970.25,330,0,330,500,330
21004,"Manufacture of pharmaceuticals","Manufacture of pharmaceuticals",Rangareddy,Shameerpet,97123,"Biological E. Ltd.",7586.8,600,0,600,2000,600
21004,"Manufacture of pharmaceuticals","Manufacture of pharmaceuticals",Rangareddy,Shameerpet,97214,"Unique Biotech Ltd.",2399,145,25,170,250,170
21002,"Manufacture of pharmaceuticals","Manufacture of pharmaceuticals",Rangareddy,Shameerpet,97732,"Sanzyme Ltd.",2390,85,2,87,100,87
21002,"Manufacture of pharmaceuticals","Manufacture of pharmaceuticals",Rangareddy,Shameerpet,97857,"Eugia Pharma Specialities Ltd.",3500,165,3,168,250,168
27400,"Manufacture of electrical equipment","Manufacture of electric lighting equipment",Rangareddy,Shameerpet,62366,"HBL Power Systems Ltd.",2493,600,0,600,1000,600
10612,"Manufacture of food products","Manufacture of grain mill products",Rangareddy,Shameerpet,62466,"Sri Ganga Bhavani Rice Mill",74,8,0,8,9,8
10409,"Manufacture of food products","Manufacture of vegetable and animal oils and fats",Rangareddy,Shameerpet,62841,"Naturite Agro Products Ltd.",100,20,5,25,50,25
27400,"Manufacture of electrical equipment","Manufacture of electric lighting equipment",Rangareddy,Shameerpet,62879,"HBL Power Systems Ltd(ABD)",3000,550,60,610,1000,610
10612,"Manufacture of food products","Manufacture of grain mill products",Rangareddy,Shameerpet,67048,"Sri Krishna Arjuna P.B.R.Mill",148,16,0,16,20,16
10802,"Manufacture of food products","Manufacture of prepared animal feeds",Rangareddy,Shameerpet,67554,"Vimala Feeds Pvt. Ltd.",945,85,0,85,100,85
23960,"Manufacture of other non-metallic mineral products","Manufacture of non-metallic mineral products n.e.c.",Rangareddy,Shameerpet,67805,"Sai Vamshi Granites (Barodia Granites)",141,14,0,14,20,14
23932,"Manufacture of other non-metallic mineral products","Manufacture of non-metallic mineral products n.e.c.",Rangareddy,Shameerpet,67928,"Sukhsagar Cirmacs Pvt. Ltd.",141,20,15,35,50,35
1640,"Crop and animal production","Support activities to agriculture and post-harvest crop activities",Rangareddy,Shameerpet,97015,"Monsanto India Ltd.",2785,125,30,155,250,155
25920,"Manufacture of fabricated metal products","Manufacture of other fabricated metal products; metalworking service",Rangareddy,Shameerpet,97328,"Tumax Pipes Pvt. Ltd.",326,15,0,15,20,15
1640,"Crop and animal production","Support activities to agriculture and post-harvest crop activities",Rangareddy,Shameerpet,97520,"Monsanto Holdings Pvt. Ltd.",585,80,5,85,100,85
1640,"Crop and animal production","Support activities to agriculture and post-harvest crop activities",Rangareddy,Shameerpet,97540,"Sumathi Agro Industries",170,30,2,32,50,32
19204,"Manufacture of coke and refined petroleum products","Manufacture of refined petroleum products",Rangareddy,Shameerpet,97844,"RLR Green Energy",189,11,2,13,20,13
22209,"Manufacture of rubber and plastics products","Manufacture of plastics products",Rangareddy,Shameerpet,97845,"Sidvin Plastech Pvt. Ltd.",425,18,6,24,50,24
21002,"Manufacture of pharmaceuticals","Manufacture of pharmaceuticals",Rangareddy,Shameerpet,97876,"SP Accure Labs Pvt. Ltd.,",955,35,5,40,50,40
21002,"Manufacture of pharmaceuticals","Manufacture of pharmaceuticals",Rangareddy,Shameerpet,97892,"Ashland India Pvt. Ltd.,",40,3,13,16,20,16
21006,"Manufacture of pharmaceuticals","Manufacture of pharmaceuticals",Rangareddy,Shameerpet,67888,"Shree Pharma",63,11,0,11,20,11
1640,"Crop and animal production","Support activities to agriculture and post-harvest crop activities",Rangareddy,Shameerpet,67062,"Advanta  Ltd,","100 Kva",35,10,45,50,45
23932,"Manufacture of other non-metallic mineral products","Manufacture of non-metallic mineral products n.e.c.",Rangareddy,Shameerpet,67158,"Ragi Ceramics",75,30,15,45,50,45
23954,"Manufacture of other non-metallic mineral products","Manufacture of non-metallic mineral products n.e.c.",Rangareddy,Shameerpet,67807,"Dolphin Cement Products",29,12,1,13,20,13
23960,"Manufacture of other non-metallic mineral products","Manufacture of non-metallic mineral products n.e.c.",Rangareddy,Shameerpet,62639,"Ravileela Granites  Ltd.",1600,120,20,140,150,140
23954,"Manufacture of other non-metallic mineral products","Manufacture of non-metallic mineral products n.e.c.",Rangareddy,Shameerpet,97086,"Lekha Spun Pipe Industry",26,18,0,18,20,18
23954,"Manufacture of other non-metallic mineral products","Manufacture of non-metallic mineral products n.e.c.",Rangareddy,Shameerpet,97085,"Vishwa Infrastructures & Services (P) Ltd.",563,28,0,28,50,28
21002,"Manufacture of pharmaceuticals","Manufacture of pharmaceuticals",Rangareddy,Shameerpet,97228,"Alphamed Formulations Pvt. Ltd.",978,155,5,160,250,160
22207,"Manufacture of rubber and plastics products","Manufacture of plastics products",Rangareddy,Shameerpet,97281,"Vishwa Pipe Industries Pvt. Ltd",700,18,4,22,50,22
24106,"Manufacture of basic metals","Manufacture of basic iron and steel",Rangareddy,Shameerpet,62155,"Futnani Steels Pvt. Ltd.",941,70,0,70,100,70
10802,"Manufacture of food products","Manufacture of prepared animal feeds",Rangareddy,Shameerpet,62692,"Janaki Feeds Pvt. Ltd.",74,25,10,35,50,35
8106,"Other mining and quarrying","Quarrying of stone",Rangareddy,Shameerpet,67082,"Laxmi Narasimha Metal Industries",68,10,5,15,20,15
10612,"Manufacture of food products","Manufacture of grain mill products",Rangareddy,Shameerpet,67311,"Sri Siva Sai Industries",74,4,1,5,9,5
10309,"Manufacture of food products","Processing and preserving of fruit and vegetables",Rangareddy,Shameerpet,97319,"Gubba Agro Fresh Pvt. Ltd.",395,12,0,12,20,12
49300,"Land transport and transport via pipelines","Transport via pipeline",Rangareddy,Shameerpet,97450,"Bhagyanagar Gas Ltd.",360,12,0,12,20,12
8106,"Other mining and quarrying","Quarrying of stone",Rangareddy,Shameerpet,97456,"Sri Balaji Metal Industries",150,6,0,6,9,6
8106,"Other mining and quarrying","Quarrying of stone",Rangareddy,Shameerpet,97457,"Vasanta Metal Industries",50,6,0,6,9,6
8106,"Other mining and quarrying","Quarrying of stone",Rangareddy,Shameerpet,97458,"Laxmi Stone Crushing Co. Pvt. Ltd.",180,9,0,9,9,9
10612,"Manufacture of food products","Manufacture of grain mill products",Rangareddy,Shameerpet,62469,"Sri Ramakrishna Industries",74,6,0,6,9,6
10612,"Manufacture of food products","Manufacture of grain mill products",Rangareddy,Shameerpet,62470,"Sri Umashankara Rice Mill",50,8,0,8,9,8
23960,"Manufacture of other non-metallic mineral products","Manufacture of non-metallic mineral products n.e.c.",Rangareddy,Shameerpet,67165,"Raghavendra Stone Polishing",27,5,2,7,9,7
27102,"Manufacture of electrical equipment","Manufacture of electric motors",Rangareddy,Shameerpet,97257,"HBL Power Systems Ltd.",139,76,0,76,100,76
23955,"Manufacture of other non-metallic mineral products","Manufacture of non-metallic mineral products n.e.c.",Rangareddy,Shameerpet,97284,"Venkateswara Readymix Concrete",150,18,2,20,20,20
11043,"Manufacture of beverages","Manufacture of beverages",Rangareddy,Shameerpet,97569,"Sri Surya Beverages",10,12,3,15,20,15
22113,"Manufacture of rubber and plastics products","Manufacture of rubber products",Rangareddy,Shameerpet,97793,"Tyresole Retreading (Hyd) Pvt. Ltd.",99.5,10,0,10,20,10
10612,"Manufacture of food products","Manufacture of grain mill products",Rangareddy,Shameerpet,67105,"Sri Hanuman Rice Mill",74,4,2,6,9,6
21004,"Manufacture of pharmaceuticals","Manufacture of pharmaceuticals",Rangareddy,Shameerpet,67155,"Bharat Biotech International Ltd",4028,700,100,800,1000,800
21004,"Manufacture of pharmaceuticals","Manufacture of pharmaceuticals",Rangareddy,Shameerpet,67780,"Sami Labs Limited",350,60,0,60,100,60
21002,"Manufacture of pharmaceuticals","Manufacture of pharmaceuticals",Rangareddy,Shameerpet,67865,"Zenotech Laboratories Ltd - I",180,51,1,52,100,52
21004,"Manufacture of pharmaceuticals","Manufacture of pharmaceuticals",Rangareddy,Shameerpet,67881,"Unicorn Natural Products Ltd.",641.5,52,3,55,100,55
21001,"Manufacture of pharmaceuticals","Manufacture of pharmaceuticals",Rangareddy,Shameerpet,97061,"Laurus Labs Pvt. Ltd.",900,250,20,270,500,270
21004,"Manufacture of pharmaceuticals","Manufacture of pharmaceuticals",Rangareddy,Shameerpet,97062,"Biomax Life Sciences Ltd.",770,50,20,70,100,70
21001,"Manufacture of pharmaceuticals","Manufacture of pharmaceuticals",Rangareddy,Shameerpet,97063,"Sami Labs Ltd.",1260,193,4,197,250,197
21002,"Manufacture of pharmaceuticals","Manufacture of pharmaceuticals",Rangareddy,Shameerpet,97068,"Zenotech Laboratories Ltd -II",505,60,20,80,100,80
21002,"Manufacture of pharmaceuticals","Manufacture of pharmaceuticals",Rangareddy,Shameerpet,97697,"Issar Pharmaceuticals Pvt. Ltd.",1072,25,0,25,50,25
20299,"Manufacture of chemicals and chemical products","Manufacture of other chemical products",Rangareddy,Shameerpet,97804,"Hemarus Therapeutics Ltd (Unit-I)",395,131,0,131,150,131
20299,"Manufacture of chemicals and chemical products","Manufacture of other chemical products",Rangareddy,Shameerpet,97809,"Mylan Pharmaceuticals Pvt. Ltd.",465,50,0,50,50,50
20299,"Manufacture of chemicals and chemical products","Manufacture of other chemical products",Rangareddy,Shameerpet,97840,"Sai Life Sciences Ltd",702.5,322,0,322,500,322
21002,"Manufacture of pharmaceuticals","Manufacture of pharmaceuticals",Rangareddy,Qutubullapur,62247,"Hetero Labs Ltd (Formulations R & D).",300,75,2,77,100,77
20131,"Manufacture of chemicals and chemical products","Manufacture of basic chemicals",Rangareddy,Qutubullapur,62267,"Hyderabad Enterprises",414,55,22,77,100,77
19203,"Manufacture of coke and refined petroleum products","Manufacture of refined petroleum products",Rangareddy,Qutubullapur,62269,"Ideal Engineers Hyd. Pvt. Ltd - II",45,22,5,27,50,27
25920,"Manufacture of fabricated metal products","Manufacture of other fabricated metal products; metalworking service",Rangareddy,Qutubullapur,62273,"Siemens Ltd.",150,120,0,120,250,120
21001,"Manufacture of pharmaceuticals","Manufacture of pharmaceuticals",Rangareddy,Qutubullapur,62276,"Vivin Laboratories Pvt. Ltd.",971,50,3,53,100,53
20131,"Manufacture of chemicals and chemical products","Manufacture of basic chemicals",Rangareddy,Qutubullapur,62280,"Lamtuf Plastics  Ltd.",650,120,0,120,250,120
25910,"Manufacture of fabricated metal products","Manufacture of other fabricated metal products; metalworking service",Rangareddy,Qutubullapur,62283,"Rachamallu Forgings Ltd.",1222.5,52,10,62,100,62
25920,"Manufacture of fabricated metal products","Manufacture of other fabricated metal products; metalworking service",Rangareddy,Qutubullapur,62287,"Sanghavi Engineering Pvt.Ltd",413,102,0,102,150,102
21002,"Manufacture of pharmaceuticals","Manufacture of pharmaceuticals",Rangareddy,Qutubullapur,62290,"Endoven Pharmaceuticals Pvt. Ltd.",74,120,40,160,250,160
25121,"Manufacture of fabricated metal products","Manufacture of structural metal products",Rangareddy,Qutubullapur,62293,"Kabson Gas Eqpt.Pvt. Ltd.",1100,120,94,214,250,214
25920,"Manufacture of fabricated metal products","Manufacture of other fabricated metal products; metalworking service",Rangareddy,Qutubullapur,62327,"Industrial Platers",74,25,0,25,50,25
25920,"Manufacture of fabricated metal products","Manufacture of other fabricated metal products; metalworking service",Rangareddy,Qutubullapur,62328,"MTAR Technologies Pvt Ltd-III",4585,185,0,185,250,185
27104,"Manufacture of electrical equipment","Manufacture of electric motors",Rangareddy,Qutubullapur,62330,"Switch Gear Industries",40,15,0,15,20,15
25920,"Manufacture of fabricated metal products","Manufacture of other fabricated metal products; metalworking service",Rangareddy,Qutubullapur,62339,"Essem Tools & Components Mfg. Co.",35,25,5,30,50,30
24201,"Manufacture of basic metals","Manufacture of basic precious and other non-ferrous metals",Rangareddy,Qutubullapur,62340,"Alco wire Products Pvt Ltd",425,20,2,22,50,22
25993,"Manufacture of fabricated metal products","Manufacture of other fabricated metal products; metalworking service",Rangareddy,Qutubullapur,62341,"Uma Industries",300,14,0,14,20,14
20111,"Manufacture of chemicals and chemical products","Manufacture of basic chemicals",Rangareddy,Qutubullapur,62344,"Mysore Ammonia Pvt Ltd.",18,15,0,15,20,15
17013,"Manufacture of paper and paper products","Manufacture of paper and paper products",Nalgonda,Bibinagar,32480,"Hans Paper & Pulp [P] Limited",485,45,4,49,50,49
27504,"Manufacture of electrical equipment","Manufacture of domestic appliances",Rangareddy,Qutubullapur,62396,"PKL Limited",159,60,0,60,100,60
25920,"Manufacture of fabricated metal products","Manufacture of other fabricated metal products; metalworking service",Rangareddy,Qutubullapur,62446,"Mekins Industries Ltd.",1775,130,15,145,150,145
25993,"Manufacture of fabricated metal products","Manufacture of other fabricated metal products; metalworking service",Rangareddy,Qutubullapur,62455,"Skyton Industries",150,19,0,19,20,19
25920,"Manufacture of fabricated metal products","Manufacture of other fabricated metal products; metalworking service",Rangareddy,Qutubullapur,62458,"EPE Process Filters & Accumula (P) Ltd",466,125,10,135,150,135
25920,"Manufacture of fabricated metal products","Manufacture of other fabricated metal products; metalworking service",Rangareddy,Qutubullapur,62587,"Ambica Engg. Works",15,16,0,16,20,16
25121,"Manufacture of fabricated metal products","Manufacture of structural metal products",Rangareddy,Qutubullapur,62591,"Kabson Gas Eqpt.Pvt. Ltd-II",150,90,0,90,100,90
22207,"Manufacture of rubber and plastics products","Manufacture of plastics products",Rangareddy,Qutubullapur,62606,"SAS Plastic Engg. Pvt. Ltd.",54,13,0,13,20,13
22207,"Manufacture of rubber and plastics products","Manufacture of plastics products",Rangareddy,Qutubullapur,62654,"Sun Industries",74,10,5,15,20,15
10719,"Manufacture of food products","Manufacture of other food products",Rangareddy,Qutubullapur,62689,"Zen Foods Pvt. Ltd.",74,11,0,11,20,11
25920,"Manufacture of fabricated metal products","Manufacture of other fabricated metal products; metalworking service",Rangareddy,Qutubullapur,62724,"Preto Tooling Systems",117,12,6,18,20,18
25920,"Manufacture of fabricated metal products","Manufacture of other fabricated metal products; metalworking service",Rangareddy,Qutubullapur,62732,"Euroflex Transmissions India Ltd.",881,157,10,167,250,167
25920,"Manufacture of fabricated metal products","Manufacture of other fabricated metal products; metalworking service",Rangareddy,Qutubullapur,62762,"Salzzgitter Hydraulics Pvt. Ltd.",540,60,0,60,100,60
25920,"Manufacture of fabricated metal products","Manufacture of other fabricated metal products; metalworking service",Rangareddy,Qutubullapur,62763,"Mech components Pvt. Ltd.",75,20,2,22,50,22
25920,"Manufacture of fabricated metal products","Manufacture of other fabricated metal products; metalworking service",Rangareddy,Qutubullapur,62774,"TA hydraullics Pvt. Ltd.",74,35,0,35,50,35
25920,"Manufacture of fabricated metal products","Manufacture of other fabricated metal products; metalworking service",Rangareddy,Qutubullapur,62797,"Dharmaja Industries",40,40,0,40,50,40
27400,"Manufacture of electrical equipment","Manufacture of electric lighting equipment",Rangareddy,Qutubullapur,62798,"M.G. Electronics",23,20,10,30,50,30
24319,"Manufacture of basic metals","Casting of metals",Rangareddy,Qutubullapur,62819,"Press Steel Engg. Co.",2,13,0,13,20,13
24203,"Manufacture of basic metals","Manufacture of basic precious and other non-ferrous metals",Rangareddy,Qutubullapur,62829,"Syno Chem India",26,6,0,6,9,6
17013,"Manufacture of paper and paper products","Manufacture of paper and paper products",Nalgonda,Boodanpochampally,32936,"Uma Maheshwari Paper Mill",27,15,2,17,20,17
25920,"Manufacture of fabricated metal products","Manufacture of other fabricated metal products; metalworking service",Rangareddy,Qutubullapur,62924,"Meenakshi Enamels",74,15,8,23,50,23
28259,"Manufacture of machinery and equipment n.e.c.","Manufacture of special-purpose machinery",Rangareddy,Qutubullapur,62929,"R & D Engineers",25,25,0,25,50,25
25920,"Manufacture of fabricated metal products","Manufacture of other fabricated metal products; metalworking service",Rangareddy,Qutubullapur,62930,"Industrial Metal Finishers",74,30,0,30,50,30
25920,"Manufacture of fabricated metal products","Manufacture of other fabricated metal products; metalworking service",Rangareddy,Qutubullapur,62980,"Sharp Engineers Pvt.Ltd,",30,6,0,6,9,6
24202,"Manufacture of basic metals","Manufacture of basic precious and other non-ferrous metals",Rangareddy,Qutubullapur,67031,"Ambika Engineering Work -II",15,183,0,183,20,183
20131,"Manufacture of chemicals and chemical products","Manufacture of basic chemicals",Rangareddy,Qutubullapur,67113,"Hitech Polymers",73,32,0,32,50,32
25992,"Manufacture of fabricated metal products","Manufacture of other fabricated metal products; metalworking service",Rangareddy,Qutubullapur,67150,"AJ Cans Pvt. Ltd.",146,30,16,46,50,46
17013,"Manufacture of paper and paper products","Manufacture of paper and paper products",Nalgonda,Boodanpochampally,32906,"S.V.R.Paper Mills (P) Ltd",1100,60,0,60,100,60
20301,"Manufacture of chemicals and chemical products","Manufacture of man-made fibres",Rangareddy,Qutubullapur,67252,"Asawa Non Woven Pvt. Ltd.",65,10,0,10,20,10
25993,"Manufacture of fabricated metal products","Manufacture of other fabricated metal products; metalworking service",Rangareddy,Qutubullapur,67344,"UI Pipe Fittings Pvt. Ltd.",201,75,0,75,100,75
25920,"Manufacture of fabricated metal products","Manufacture of other fabricated metal products; metalworking service",Rangareddy,Qutubullapur,67359,"Jyothi Industries",24,7,1,8,9,8
25920,"Manufacture of fabricated metal products","Manufacture of other fabricated metal products; metalworking service",Rangareddy,Qutubullapur,67444,"Aruna Industries",23,13,0,13,20,13
17013,"Manufacture of paper and paper products","Manufacture of paper and paper products",Nalgonda,Suryapet,32983,"Nirmala Paper Convertors",74,25,0,25,50,25
22202,"Manufacture of rubber and plastics products","Manufacture of plastics products",Rangareddy,Qutubullapur,67480,"Pankaj Polychem Pvt. Ltd.",450,20,5,25,50,25
25993,"Manufacture of fabricated metal products","Manufacture of other fabricated metal products; metalworking service",Rangareddy,Qutubullapur,67486,"Hyd.Enamel & Allied Enterprises",96,13,16,29,50,29
17013,"Manufacture of paper and paper products","Manufacture of paper and paper products",Nizamabad,NIzamabad,63454,"Classic Papers",2025.00,100,20,120,150,100
24320,"Manufacture of basic metals","Casting of metals",Rangareddy,Qutubullapur,67491,"Exclusive Magnesium Pvt. Ltd.",32,16,0,16,20,16
28199,"Manufacture of machinery and equipment n.e.c.","Manufacture of general purpose machinery",Rangareddy,Qutubullapur,67530,"Syno Packs India",11,11,1,12,20,12
22209,"Manufacture of rubber and plastics products","Manufacture of plastics products",Rangareddy,Qutubullapur,67533,"Sree Kanth Packaging",40,12,0,12,20,12
21002,"Manufacture of pharmaceuticals","Manufacture of pharmaceuticals",Rangareddy,Qutubullapur,67562,"Ocean Pharma Coat Pvt. Ltd.",200,50,10,60,100,60
22202,"Manufacture of rubber and plastics products","Manufacture of plastics products",Rangareddy,Qutubullapur,67586,"Jeevan Polymers Pvt. Ltd.",1475,88,2,90,100,90
25920,"Manufacture of fabricated metal products","Manufacture of other fabricated metal products; metalworking service",Rangareddy,Qutubullapur,67637,"Laxmi Engineering Works",29,14,0,14,20,14
18119,"Printing and reproduction of recorded media","Printing and service activities related to printing",Rangareddy,Qutubullapur,67653,"Devi Plastics",20,21,6,27,50,27
22207,"Manufacture of rubber and plastics products","Manufacture of plastics products",Rangareddy,Qutubullapur,67684,"Plasticon Industries",94,8,2,10,20,10
22209,"Manufacture of rubber and plastics products","Manufacture of plastics products",Rangareddy,Qutubullapur,67703,"Sri Ganeshi Industries",75,7,18,25,50,25
25920,"Manufacture of fabricated metal products","Manufacture of other fabricated metal products; metalworking service",Rangareddy,Qutubullapur,67704,"Raghuvamsi Machine Tools Pvt. Ltd",86,56,2,58,100,58
25920,"Manufacture of fabricated metal products","Manufacture of other fabricated metal products; metalworking service",Rangareddy,Qutubullapur,67705,"Kovel Engg. Pvt. Ltd.",149,15,2,17,20,17
27503,"Manufacture of electrical equipment","Manufacture of domestic appliances",Rangareddy,Qutubullapur,67731,"Sri Badri Engineering",40,15,6,21,50,21
27503,"Manufacture of electrical equipment","Manufacture of domestic appliances",Rangareddy,Qutubullapur,67732,"Sakshi Global India",73,19,4,23,50,23
21002,"Manufacture of pharmaceuticals","Manufacture of pharmaceuticals",Rangareddy,Qutubullapur,67737,"Akin Laboratories Pvt. Ltd.",58,30,10,40,50,40
29201,"Manufacture of motor vehicles","Manufacture of bodies (coachwork) for motor vehicles; manufacture of trailers and semi-trailers",Rangareddy,Qutubullapur,67771,"Sridevi Industries",28,13,0,13,20,13
25999,"Manufacture of fabricated metal products","Manufacture of other fabricated metal products; metalworking service",Rangareddy,Qutubullapur,67781,"MTAR Technologies Pvt. Ltd.-II",2231,180,0,180,250,180
25910,"Manufacture of fabricated metal products","Manufacture of other fabricated metal products; metalworking service",Rangareddy,Qutubullapur,67786,"Industrial Presssings",66,8,5,13,20,13
17013,"Manufacture of paper and paper products","Manufacture of paper and paper products",Nizamabad,Renjal,35590,"Sri Laxmi Saraswathi Papers Mill",9500.00,300,0,300,500,300
22209,"Manufacture of rubber and plastics products","Manufacture of plastics products",Rangareddy,Qutubullapur,67845,"AV Packaging",30,10,0,10,20,10
27320,"Manufacture of electrical equipment","Manufacture of wiring and wiring devices",Rangareddy,Qutubullapur,67875,"Achuta Electricals Pvt. Ltd.",93,12,2,14,20,14
25999,"Manufacture of fabricated metal products","Manufacture of other fabricated metal products; metalworking service",Rangareddy,Qutubullapur,67879,"CNC Technics Pvt. Ltd - II",67,25,0,25,50,25
17013,"Manufacture of paper and paper products","Manufacture of paper and paper products",Rangareddy,Balanagar,44949,"Arrow Paper Products",20,15,5,20,20,20
22207,"Manufacture of rubber and plastics products","Manufacture of plastics products",Rangareddy,Qutubullapur,67943,"Hindustan Plastic Inds.",50,11,0,11,20,11
27104,"Manufacture of electrical equipment","Manufacture of electric motors",Rangareddy,Qutubullapur,67944,"Power Switchgear & Control",30,12,2,14,20,14
22207,"Manufacture of rubber and plastics products","Manufacture of plastics products",Rangareddy,Qutubullapur,67965,Aescon,95,45,10,55,100,55
23960,"Manufacture of other non-metallic mineral products","Manufacture of non-metallic mineral products n.e.c.",Rangareddy,Qutubullapur,67991,"Super Granites",30,18,0,18,20,18
45200,"Wholesale and retail trade and repair of motor vehicles and motorcycles","Maintenance and repair of motor vehicles",Rangareddy,Qutubullapur,97029,"Sai Service Station Ltd.",86,78,2,80,100,80
28110,"Manufacture of machinery and equipment n.e.c.","Manufacture of general purpose machinery",Rangareddy,Qutubullapur,97046,"Euroflex Transmissions (I) Pvt. Ltd -II",1813,200,0,200,250,200
25999,"Manufacture of fabricated metal products","Manufacture of other fabricated metal products; metalworking service",Rangareddy,Qutubullapur,97092,"Mackel Components",47,18,0,18,20,18
27503,"Manufacture of electrical equipment","Manufacture of domestic appliances",Rangareddy,Qutubullapur,97133,"Jai Rajendra Impex Pvt. Ltd.",20,13,6,19,20,19
25999,"Manufacture of fabricated metal products","Manufacture of other fabricated metal products; metalworking service",Rangareddy,Qutubullapur,97136,"EPE Process filters & Accumulators (P) Ltd-II",379,58,0,58,100,58
30204,"Manufacture of other transport equipment","Manufacture of railway locomotives and rolling stock",Rangareddy,Qutubullapur,97141,"Shri Balaji Fibre Products",42,11,2,13,20,13
22202,"Manufacture of rubber and plastics products","Manufacture of plastics products",Rangareddy,Qutubullapur,97166,"Yogender Plastics",72,10,6,16,20,16
10732,"Manufacture of food products","Manufacture of other food products",Rangareddy,Qutubullapur,97175,"Kayempee Foods",372,10,5,15,20,15
25999,"Manufacture of fabricated metal products","Manufacture of other fabricated metal products; metalworking service",Rangareddy,Qutubullapur,97176,"Maheeja Machine Tools (P) Ltd.",125,21,2,23,50,23
25999,"Manufacture of fabricated metal products","Manufacture of other fabricated metal products; metalworking service",Rangareddy,Qutubullapur,97195,"Kavitha Air Equipment System",25,19,0,19,20,19
25999,"Manufacture of fabricated metal products","Manufacture of other fabricated metal products; metalworking service",Rangareddy,Qutubullapur,97196,"Tirven Industries Pvt. Ltd.",95,18,0,18,20,18
18111,"Printing and reproduction of recorded media","Printing and service activities related to printing",Rangareddy,Qutubullapur,97227,"Ushodaya Enterprises Pvt. Ltd.",2696,185,0,185,250,185
22202,"Manufacture of rubber and plastics products","Manufacture of plastics products",Rangareddy,Qutubullapur,97233,"Pragathi Plastoform Pvt. Ltd.",350,22,0,22,50,22
18119,"Printing and reproduction of recorded media","Printing and service activities related to printing",Rangareddy,Qutubullapur,97248,"Shri Kala Printers",160,11,0,11,20,11
25999,"Manufacture of fabricated metal products","Manufacture of other fabricated metal products; metalworking service",Rangareddy,Qutubullapur,97298,"Beko Compressed Air Technologies Pvt. Ltd.",116,28,2,30,50,30
22209,"Manufacture of rubber and plastics products","Manufacture of plastics products",Rangareddy,Qutubullapur,97338,"Pragthi Plastiks",121,12,0,12,20,12
22203,"Manufacture of rubber and plastics products","Manufacture of plastics products",Rangareddy,Qutubullapur,97394,"Suryajyothi Polymers Pvt. Ltd.",118,10,7,17,20,17
25920,"Manufacture of fabricated metal products","Manufacture of other fabricated metal products; metalworking service",Rangareddy,Qutubullapur,97478,"Nucon Aerospace Pvt. Ltd.",378,181,14,195,250,195
24105,"Manufacture of basic metals","Manufacture of basic iron and steel",Rangareddy,Qutubullapur,97481,"Vedika Ispat",75,12,0,12,20,12
20238,"Manufacture of chemicals and chemical products","Manufacture of other chemical products",Rangareddy,Qutubullapur,97513,"Eswar Vimal Industries",245,11,0,11,20,11
25920,"Manufacture of fabricated metal products","Manufacture of other fabricated metal products; metalworking service",Rangareddy,Qutubullapur,97521,"Intra Industrial Technologies",30,25,0,25,50,25
24202,"Manufacture of basic metals","Manufacture of basic precious and other non-ferrous metals",Rangareddy,Qutubullapur,97530,"Excel Ano Components - I",298,16,0,16,20,16
25999,"Manufacture of fabricated metal products","Manufacture of other fabricated metal products; metalworking service",Rangareddy,Qutubullapur,97534,"Reginson Engineering Pvt. Ltd.",140,122,0,122,150,122
27320,"Manufacture of electrical equipment","Manufacture of wiring and wiring devices",Rangareddy,Qutubullapur,97566,"Hind Runway Systems",30,7,3,10,20,10
27504,"Manufacture of electrical equipment","Manufacture of domestic appliances",Rangareddy,Qutubullapur,97582,"Sunfield Energy Pvt. Ltd.",71,22,4,26,20,26
27102,"Manufacture of electrical equipment","Manufacture of electric motors",Rangareddy,Qutubullapur,97603,"Sri Jagadamba Transformers",30,15,2,17,20,17
25999,"Manufacture of fabricated metal products","Manufacture of other fabricated metal products; metalworking service",Rangareddy,Qutubullapur,97605,"Sri Sai Ram Engineering Pvt. Ltd.",30,8,3,11,20,11
27104,"Manufacture of electrical equipment","Manufacture of electric motors",Rangareddy,Qutubullapur,97633,"Progressive Electric Controls",20,10,1,11,20,11
25129,"Manufacture of fabricated metal products","Manufacture of structural metal products",Rangareddy,Qutubullapur,97638,"AJ Packaging Ltd.",897,102,5,107,150,107
25999,"Manufacture of fabricated metal products","Manufacture of other fabricated metal products; metalworking service",Rangareddy,Qutubullapur,97683,"Trivision Power Transmissions",84,14,4,18,20,18
25999,"Manufacture of fabricated metal products","Manufacture of other fabricated metal products; metalworking service",Rangareddy,Qutubullapur,97684,"Sai Rose Project Services",30,13,0,13,20,13
31005,"Manufacture of furniture","Manufacture of furniture",Rangareddy,Qutubullapur,97685,"Sri Krishna Impex",30,15,0,15,20,15
25920,"Manufacture of fabricated metal products","Manufacture of other fabricated metal products; metalworking service",Rangareddy,Qutubullapur,97701,"MTAR Technologies Pvt. Ltd.(100% EOU)",3487,216,2,218,250,218
27320,"Manufacture of electrical equipment","Manufacture of wiring and wiring devices",Rangareddy,Qutubullapur,97710,"SBM Servo Dynamics Pvt. Ltd.",25,7,9,16,20,16
27320,"Manufacture of electrical equipment","Manufacture of wiring and wiring devices",Rangareddy,Qutubullapur,97711,"Lorven Motor Industries",25,10,4,14,20,14
24201,"Manufacture of basic metals","Manufacture of basic precious and other non-ferrous metals",Rangareddy,Qutubullapur,97741,"Castall Technologies Pvt. Ltd. -II",459,65,5,70,100,70
