districts,hand_pumps,protected_water_supply_schemes,comprehensive_protected_water_supply_schemes,individual_household_latrines
ADILABAD,7161,1839,0,28298
BHADRADRI,9793,831,43,59868
HYDERABAD,0,0,0,0
JAGTIAL,4786,464,41,115681
JANGAON,3633,750,18,39315
JAYASHANKAR,5081,812,66,31820
JOGULAMBA,1907,316,22,6253
KAMAREDDY,5660,444,110,48274
KARIMNAGAR,8487,1571,166,117836
KHAMMAM,10265,1503,414,123319
"KOMARAM BHEEM",5588,508,13,21957
MAHABUBABAD,2685,329,5,36440
MAHABUBNAGAR,7083,1425,837,15670
MANCHERIAL,6012,340,44,27198
MEDAK,6205,633,703,60588
MEDCHAL,1704,190,15,39957
NAGARKURNOOL,4404,1046,56,20305
NALGONDA,10156,1168,1162,79309
NIRMAL,5138,757,11,22603
NIZAMABAD,6376,1882,337,70469
PEDDAPALLI,4074,364,5,84293
RAJANNA,2853,365,48,95338
RANGAREDDY,3436,576,240,96553
SANGAREDDY,5429,1017,19,82928
SIDDIPET,5118,864,185,127666
SURYAPET,7695,121,324,50837
VIKARABAD,4968,474,54,24947
WANAPARTHY,2239,583,34,13939
"WARANGAL (R)",5418,131,212,55188
"WARANGAL (U)",1358,34,21,4170
YADADRI,3161,573,159,62820
