districts,industrial_units,employees,investment_rs_crore
ADILABAD,113,1078,73
BHADRADRI,1339,32464,15590
HYDERABAD,4260,70280,7093
JAGTIAL,83,1069,66
JANGAON,333,1775,173
JAYASHANKAR,43,10401,268
JOGULAMBA,47,1521,131
KAMAREDDY,197,1882,2369
KARIMNAGAR,986,10862,676
KHAMMAM,2082,18949,2223
"KOMARAM BHEEM",55,592,56
MAHABUBABAD,237,3016,12
MAHABUBNAGAR,380,11621,1479
MANCHERIAL,115,18113,5558
MEDAK,240,11781,1802
MEDCHAL,5311,108174,7966
NAGARKURNOOL,357,13935,3
NALGONDA,562,1904,28
NIRMAL,125,465,280
NIZAMABAD,689,7373,564
PEDDAPALLI,344,41579,6242
RAJANNA,1469,9574,373
RANGAREDDY,4387,64205,5593
SANGAREDDY,359,99341,12332
SIDDIPET,564,17249,708
SURYAPET,744,11309,3436
VIKARABAD,575,4720,3148
WANAPARTHY,122,1983,666
"WARANGAL (R)",719,5043,396
"WARANGAL (U)",598,4193,35664
YADADRI,1080,18992,1615
