year,month,division,section,noofbookings,delivered
2024,9,1,BAHADURPURA,3,3
2024,9,1,"CHANUDLAL BHARADARI",2,2
2024,9,1,"DARUL SHIFA",6,6
2024,9,1,M.R.G.FILTERS,5,5
2024,9,1,MOGHULPURA,3,3
2024,9,1,PATHERGATTI,1,1
2024,9,1,VATTEPALLY,3,3
2024,9,2,ASMANGARH,79,79
2024,9,2,AZAMPURA,3,3
2024,9,2,CHANCHALGUDA,5,5
2024,9,2,MADANNAPET,8,8
2024,9,2,MALAKPET,23,23
2024,9,2,MOOSARAMBAGH,95,95
2024,9,2,SAIDABAD,42,42
2024,9,2,SANTOSHNAGAR,4,4
2024,9,2,"VINAY NAGAR (DIV 2 (a))",4,4
2024,9,3,"AHMED NAGAR",90,90
2024,9,3,"ASIF NAGAR",21,21
2024,9,3,"CHINTAL BASTHI",125,125
2024,9,3,GOLCONDA,4,4
2024,9,3,HAKEEMPET,78,78
2024,9,3,"KAKATIYA NAGAR",128,128
2024,9,3,KARWAN,10,10
2024,9,3,"LANGER HOUSE",18,18
2024,9,3,MEHIDIPATNAM,104,104
2024,9,3,"OLD MALLEPALLY",18,18
2024,9,3,SHAIKPET,382,381
2024,9,3,"TAPPA CHABUTRA",17,17
2024,9,3,"TOLI CHOWK",226,226
2024,9,3,"VIJAYNAGAR COLONY",344,344
2024,9,4,ALLABANDA,2,2
2024,9,4,GODE-KI-KABAR,24,24
2024,9,4,GOWLIGUDA,30,30
2024,9,4,GUNFOUNDRY,162,162
2024,9,4,"HINDI NAGAR",22,22
2024,9,4,"RED HILLS HIGH LEVEL",72,72
2024,9,4,"RED HILLS LOW LEVEL",29,29
2024,9,4,"SULTAN BAZAR",63,63
2024,9,4,ZIAGUDA,3,3
2024,9,5,ADIKMET,41,41
2024,9,5,AMBERPET,7,7
2024,9,5,AZAMABAD,282,282
2024,9,5,"BAGH LINGAMPALLY",176,176
2024,9,5,BARKATPURA,121,121
2024,9,5,"BOATS CLUB",51,51
2024,9,5,DOMALGUDA,48,48
2024,9,5,GANDHINAGAR,232,232
2024,9,5,MUSHEERABAD,118,118
2024,9,5,NARAYANGUDA,399,399
2024,9,5,SHIVAM,126,126
2024,9,5,VIGYANPURI,15,15
2024,9,6,"BANJARA HILLS",1497,1497
2024,9,6,BORABANDA,74,74
2024,9,6,ERRAGADDA,316,316
2024,9,6,FATHENAGAR,235,235
2024,9,6,"FILM NAGAR",298,298
2024,9,6,"JUBILEE HILLS",1230,1230
2024,9,6,"S.P.R HILLS",108,108
2024,9,6,S.R.NAGAR,818,818
2024,9,6,SOMAJIGUDA,490,490
2024,9,6,THATTIKHANA,437,437
2024,9,6,VENGALRAONAGAR,526,526
2024,9,6,YELLAREDDYGUDA,388,388
2024,9,7,BOIGUDA,43,43
2024,9,7,BOUDHANAGAR,42,42
2024,9,7,HUSSAINSAGAR,29,29
2024,9,7,LALAPET,37,37
2024,9,7,MARREDPALLY,160,160
2024,9,7,METTUGUDA,26,26
2024,9,7,NALLAGUTTA,37,37
2024,9,7,PRAKASHNAGAR,203,203
2024,9,7,"REGIMENTAL BAZAR",126,126
2024,9,7,SEETHAPALMANDI,73,72
2024,9,7,"SRINIVAS NAGAR",137,137
2024,9,7,TARNAKA,301,301
2024,9,9,"BALAJINAGAR (DIV 9)",1211,1211
2024,9,9,BALANAGAR,16,16
2024,9,9,BHAGYANAGAR,686,686
2024,9,9,BHARATHNAGAR,15,15
2024,9,9,"GAYATRI NAGAR",279,279
2024,9,9,HASMATHPET,381,381
2024,9,9,KPHB,1124,1124
2024,9,9,KUKATPALLY,99,99
2024,9,9,MOOSAPET,66,66
2024,9,9,"MOTI NAGAR",97,97
2024,9,9,"VIVEKANANDA NAGAR",124,124
2024,9,9,YELLAMMABANDA,122,122
2024,9,10,ALKAPURI,306,306
2024,9,10,DILSHUKNAGAR,59,59
2024,9,10,KOTHAPETA,32,32
2024,9,10,LINGOJIGUDA,88,88
2024,9,10,"MARUTHINAGAR (DIV 10)",187,187
2024,9,10,"SAHEBNAGAR (DIV 10)",80,80
2024,9,10,SAROORNAGAR,185,185
2024,9,10,"VAISHALINAGAR (DIV 10)",77,77
2024,9,12,ADARSHNAGAR,19,19
2024,9,12,"Bhagatsingh Nagar",8,8
2024,9,12,CHINTAL,37,37
2024,9,12,GAJULARAMARAM,149,149
2024,9,12,JEEDIMETLA,61,61
2024,9,12,Jagathgirigutta,34,34
2024,9,12,SHAPOORNAGAR,140,140
2024,9,12,SURARAM,48,48
2024,9,12,USHODAYA,64,64
2024,9,12,suchitra,119,119
2024,9,13,"ALWAL (Div13)",26,26
2024,9,13,CHANUKYAPURI,156,156
2024,9,13,"DEFENCE COLONY",101,101
2024,9,13,"FATHER BALAIAHNAGAR (Div13)",205,205
2024,9,13,"GOWTHAM NAGAR",140,140
2024,9,13,MACHABOLLARAM,80,80
2024,9,13,SAINATHPURAM,147,147
2024,9,13,"VAJPAYEE NAGAR",60,60
2024,9,13,VENKATAPURAM,80,80
2024,9,13,"YAPRAL (Div13)",86,86
2024,9,14,CHERLAPALLY,13,13
2024,9,14,"HOUSING BOARD",37,37
2024,9,14,HUBSIGUDA,175,175
2024,9,14,NACHARAM,68,68
2024,9,14,RADHIKA,96,96
2024,9,14,"RAMANTHAPUR(DIV 14)",83,83
2024,9,14,"SAIBABA NAGAR",98,98
2024,9,14,UPPAL,32,32
2024,9,15,"CHANDA NAGAR",301,301
2024,9,15,"DEEPTHISRI NAGAR (DIV 15)",370,370
2024,9,15,"Doyens section",707,707
2024,9,15,"GACHIBOWLI (DIV 15)",1237,1237
2024,9,15,"HAFEEZPET (DIV 15)",1903,1903
2024,9,15,"KONDAPUR (DIV 15)",2722,2721
2024,9,15,MADHAPUR,4617,4617
2024,9,15,MIYAPUR,426,426
2024,9,15,"NALLAGANDLA (DIV 15)",26,26
2024,9,15,RAMACHANDRAPURAM,4,4
2024,9,16,ATTAPUR,130,130
2024,9,16,"BUDVEL (DIV16)",80,80
2024,9,16,HYDERGUDA,542,542
2024,9,16,KATEDAN,10,10
2024,9,16,"MAILERDEV PALLY",26,26
2024,9,16,"SULEMAN NAGAR",77,77
2024,9,18,"KISMATHPUR (DIV 18)",1428,1428
2024,9,18,"MANIKONDA (DIV 18)",2410,2410
2024,9,19,"BODUPPAL (DIV 19)",72,72
2024,9,19,"DHAMMAIGUDA (DIV 19)",1,1
2024,9,19,"PEERJADIGUDA (DIV 19)",217,217
2024,9,19,"POCHARAM (DIV 19)",2,2
2024,9,20,"BADANGPET  (DIV 20)",14,14
2024,9,20,"JALPALLY (DIV 20)",1,1
2024,9,20,"JILLELAGUDA (DIV 20)",11,11
2024,9,20,"MEERPET (DIV 20)",35,35
2024,9,20,"SHAMSHABAD (DIV 20)",2,2
2024,9,20,"THUKKUGUDA (PD 1)",1,1
2024,9,22,"PEDDA AMBERPET (PD 1)",1,1
2024,9,22,"TURKAYAMJAL (PD 1)",1,1
2024,9,23,"BACHUPALLY (PD 7)",292,292
2024,9,23,"NIZAMPET (PD 7)",1258,1258
2024,9,23,"PRAGATHINAGAR (PD 7)",1954,1954
2024,9,24,"AMEENPUR (PD 8)",7,7
2024,9,24,"BEERAMGUDA (PD 8)",1,1
2024,9,25,"JAWAHARNAGAR (PD 3)",2,2
2024,9,25,"KOMPALLY (PD 7)",1,1
2024,9,33,"BANDLAGUDA  (DIV 2)",11,11
2024,9,33,JANGAMMET,2,2
2024,9,33,KANCHANBAGH,1,1
2024,9,33,MYSARAM,2,2
2024,9,33,"RIYASATH NAGAR",1,1
2024,9,34,AUTONAGAR,33,33
2024,9,34,"B.N.REDDY NAGAR",14,14
2024,9,34,KAMALANAGAR,34,34
2024,9,34,L.B.NAGAR,31,31
2024,9,34,MANSOORABAD,42,42
2024,9,34,NAGOLE,12,12
2024,9,34,"NGO COLONY",41,41
2024,9,34,"VANASTHALIPURAM (DIV 10)",98,98
