year,month,division,section,noofbookings,delivered
2022,11,1,BAHADURPURA,1,1
2022,11,1,"CHANUDLAL BHARADARI",1,1
2022,11,1,"DHOOD BOWLI",1,1
2022,11,1,M.R.G.FILTERS,1,1
2022,11,1,MISRIGUNJ,1,1
2022,11,1,MOGHULPURA,2,2
2022,11,2,ASMANGARH,37,37
2022,11,2,AZAMPURA,1,1
2022,11,2,CHANCHALGUDA,5,5
2022,11,2,MADANNAPET,1,1
2022,11,2,MALAKPET,31,31
2022,11,2,MOOSARAMBAGH,90,90
2022,11,2,SAIDABAD,25,25
2022,11,2,"VINAY NAGAR (DIV 2 (a))",9,9
2022,11,2,YAKATPURA,1,1
2022,11,3,"AHMED NAGAR",142,142
2022,11,3,"ASIF NAGAR",11,11
2022,11,3,"CHINTAL BASTHI",115,115
2022,11,3,GOLCONDA,2,2
2022,11,3,HAKEEMPET,20,20
2022,11,3,"KAKATIYA NAGAR",63,63
2022,11,3,KARWAN,10,10
2022,11,3,"LANGER HOUSE",19,19
2022,11,3,MEHIDIPATNAM,80,80
2022,11,3,"OLD MALLEPALLY",31,31
2022,11,3,SHAIKPET,103,103
2022,11,3,"TOLI CHOWK",70,70
2022,11,3,"VIJAYNAGAR COLONY",306,306
2022,11,4,ALLABANDA,4,4
2022,11,4,GODE-KI-KABAR,23,23
2022,11,4,GOWLIGUDA,30,30
2022,11,4,GUNFOUNDRY,177,177
2022,11,4,"HINDI NAGAR",32,32
2022,11,4,"RED HILLS HIGH LEVEL",176,176
2022,11,4,"RED HILLS LOW LEVEL",14,14
2022,11,4,"SULTAN BAZAR",130,130
2022,11,4,ZIAGUDA,3,3
2022,11,5,"ADIKMET DMA-1",31,31
2022,11,5,"ADIKMET DMA-2",33,33
2022,11,5,AZAMABAD,208,208
2022,11,5,"BAGH LINGAMPALLY",184,184
2022,11,5,BARKATPURA,66,66
2022,11,5,"BOATS CLUB",36,36
2022,11,5,DOMALGUDA,61,61
2022,11,5,GANDHINAGAR,147,147
2022,11,5,MUSHEERABAD,63,63
2022,11,5,NARAYANGUDA,166,166
2022,11,5,"RAMANTHAPUR (DIV 5)",5,5
2022,11,5,SHIVAM,91,91
2022,11,5,VIGYANPURI,20,20
2022,11,6,"BANJARA HILLS",1703,1703
2022,11,6,BORABANDA,88,88
2022,11,6,ERRAGADDA,92,92
2022,11,6,FATHENAGAR,202,202
2022,11,6,"FILM NAGAR",208,208
2022,11,6,"JUBILEE HILLS",1159,1159
2022,11,6,"S.P.R HILLS",110,110
2022,11,6,S.R.NAGAR,486,486
2022,11,6,SOMAJIGUDA,832,832
2022,11,6,THATTIKHANA,604,604
2022,11,6,VENGALRAONAGAR,414,414
2022,11,6,YELLAREDDYGUDA,290,290
2022,11,7,BOIGUDA,34,34
2022,11,7,BOUDHANAGAR,29,29
2022,11,7,HUSSAINSAGAR,16,16
2022,11,7,LALAPET,14,14
2022,11,7,MARREDPALLY,168,168
2022,11,7,METTUGUDA,25,25
2022,11,7,NALLAGUTTA,19,19
2022,11,7,PRAKASHNAGAR,79,79
2022,11,7,"REGIMENTAL BAZAR",88,88
2022,11,7,SEETHAPALMANDI,43,43
2022,11,7,"SRINIVAS NAGAR",60,60
2022,11,7,TARNAKA,351,351
2022,11,8,"PATANCHERU PIPELINE",1,0
2022,11,9,"BALAJINAGAR (DIV 9)",892,892
2022,11,9,BALANAGAR,30,30
2022,11,9,BHAGYANAGAR,569,569
2022,11,9,BHARATHNAGAR,208,207
2022,11,9,"GAYATRI NAGAR",212,212
2022,11,9,HASMATHPET,298,298
2022,11,9,KPHB,1162,1162
2022,11,9,KUKATPALLY,129,129
2022,11,9,MOOSAPET,307,306
2022,11,9,"MOTI NAGAR",113,113
2022,11,9,"VIVEKANANDA NAGAR",168,168
2022,11,9,YELLAMMABANDA,205,205
2022,11,10,ALKAPURI,91,91
2022,11,10,DILSHUKNAGAR,37,37
2022,11,10,KOTHAPETA,60,60
2022,11,10,LINGOJIGUDA,37,37
2022,11,10,"MARUTHINAGAR (DIV 10)",127,127
2022,11,10,"SAHEBNAGAR (DIV 10)",62,62
2022,11,10,SAROORNAGAR,141,141
2022,11,10,"VAISHALINAGAR (DIV 10)",47,47
2022,11,12,ADARSHNAGAR,23,23
2022,11,12,"Bhagatsingh Nagar",23,23
2022,11,12,CHINTAL,25,25
2022,11,12,GAJULARAMARAM,158,158
2022,11,12,JEEDIMETLA,49,49
2022,11,12,Jagathgirigutta,51,51
2022,11,12,SHAPOORNAGAR,160,160
2022,11,12,SURARAM,49,49
2022,11,12,USHODAYA,65,65
2022,11,12,suchitra,170,170
2022,11,13,"ALWAL (Div13)",33,33
2022,11,13,CHANUKYAPURI,123,123
2022,11,13,"DEFENCE COLONY",113,113
2022,11,13,"FATHER BALAIAHNAGAR (Div13)",299,299
2022,11,13,"GOWTHAM NAGAR",111,111
2022,11,13,MACHABOLLARAM,25,25
2022,11,13,SAINATHPURAM,141,141
2022,11,13,"VAJPAYEE NAGAR",23,23
2022,11,13,VENKATAPURAM,62,62
2022,11,13,"YAPRAL (Div13)",60,60
2022,11,14,CHERLAPALLY,18,18
2022,11,14,"HOUSING BOARD",22,22
2022,11,14,HUBSIGUDA,157,157
2022,11,14,NACHARAM,116,116
2022,11,14,RADHIKA,64,64
2022,11,14,"RAMANTHAPUR(DIV 14)",88,88
2022,11,14,"SAIBABA NAGAR",46,46
2022,11,14,UPPAL,78,78
2022,11,15,"CHANDA NAGAR",172,172
2022,11,15,"DEEPTHISRI NAGAR (DIV 15)",202,202
2022,11,15,"Doyens section",793,793
2022,11,15,"GACHIBOWLI (DIV 15)",761,761
2022,11,15,"HAFEEZPET (DIV 15)",1984,1984
2022,11,15,"KONDAPUR (DIV 15)",2462,2462
2022,11,15,MADHAPUR,3444,3444
2022,11,15,MIYAPUR,331,331
2022,11,15,"NALLAGANDLA (DIV 15)",10,10
2022,11,15,RAMACHANDRAPURAM,18,18
2022,11,16,ATTAPUR,49,49
2022,11,16,"BUDVEL (DIV16)",51,51
2022,11,16,HYDERGUDA,108,108
2022,11,16,KATEDAN,7,7
2022,11,16,"MAILERDEV PALLY",7,7
2022,11,16,"SULEMAN NAGAR",15,15
2022,11,18,"KISMATHPUR (DIV 18)",171,171
2022,11,18,"MANIKONDA (DIV 18)",524,524
2022,11,19,"BODUPPAL (DIV 19)",51,51
2022,11,19,"DHAMMAIGUDA (DIV 19)",2,2
2022,11,19,"NAGARAM (DIV 19)",1,1
2022,11,19,"PEERJADIGUDA (DIV 19)",138,138
2022,11,20,"BADANGPET  (DIV 20)",13,13
2022,11,20,"JALPALLY (DIV 20)",3,3
2022,11,20,"JILLELAGUDA (DIV 20)",12,12
2022,11,20,"MEERPET (DIV 20)",38,38
2022,11,21,ALWAL,1,1
2022,11,22,"PEDDA AMBERPET (PD 1)",1,1
2022,11,22,"TURKAYAMJAL (PD 1)",2,2
2022,11,23,"BACHUPALLY (PD 7)",10,10
2022,11,23,"NIZAMPET (PD 7)",1242,1241
2022,11,23,"PRAGATHINAGAR (PD 7)",1375,1375
2022,11,24,"AMEENPUR (PD 8)",2,2
2022,11,24,"BOLLARAM (PD 8)",1,1
2022,11,25,"GUNDLAPOCHAMPALLY (PD 7)",1,1
2022,11,25,"JAWAHARNAGAR (PD 3)",3,3
2022,11,25,"KOMPALLY (PD 7)",1,1
2022,11,33,ALIABAD,1,1
2022,11,33,"BANDLAGUDA  (DIV 2)",3,3
2022,11,33,JANGAMMET,1,1
2022,11,33,KANCHANBAGH,1,1
2022,11,33,"RIYASATH NAGAR",1,1
2022,11,34,AUTONAGAR,59,59
2022,11,34,"B.N.REDDY NAGAR",10,10
2022,11,34,KAMALANAGAR,42,42
2022,11,34,L.B.NAGAR,15,15
2022,11,34,MANSOORABAD,54,54
2022,11,34,NAGOLE,14,14
2022,11,34,"NGO COLONY",24,24
2022,11,34,"VANASTHALIPURAM (DIV 10)",39,39
