year,month,division,section,noofbookings,delivered
2024,3,1,BAHADURPURA,7,7
2024,3,1,"CHANUDLAL BHARADARI",2,2
2024,3,1,"DARUL SHIFA",3,3
2024,3,1,"DHOOD BOWLI",3,3
2024,3,1,"KISHAN BAGH",8,8
2024,3,1,M.R.G.FILTERS,3,3
2024,3,1,MISRIGUNJ,1,1
2024,3,1,MOGHULPURA,2,2
2024,3,1,PATHERGATTI,2,2
2024,3,1,VATTEPALLY,6,6
2024,3,2,ASMANGARH,94,94
2024,3,2,AZAMPURA,2,2
2024,3,2,CHANCHALGUDA,44,44
2024,3,2,MADANNAPET,2,2
2024,3,2,MALAKPET,50,50
2024,3,2,MOOSARAMBAGH,163,163
2024,3,2,SAIDABAD,53,53
2024,3,2,SANTOSHNAGAR,11,11
2024,3,2,"VINAY NAGAR (DIV 2 (a))",11,11
2024,3,3,"AHMED NAGAR",33,33
2024,3,3,"ASIF NAGAR",47,46
2024,3,3,"CHINTAL BASTHI",218,218
2024,3,3,GOLCONDA,19,19
2024,3,3,HAKEEMPET,139,139
2024,3,3,"KAKATIYA NAGAR",275,275
2024,3,3,KARWAN,33,33
2024,3,3,"LANGER HOUSE",57,56
2024,3,3,MEHIDIPATNAM,267,266
2024,3,3,"OLD MALLEPALLY",33,33
2024,3,3,SHAIKPET,1640,1629
2024,3,3,"TAPPA CHABUTRA",11,11
2024,3,3,"TOLI CHOWK",746,741
2024,3,3,"VIJAYNAGAR COLONY",616,607
2024,3,4,ALLABANDA,5,5
2024,3,4,GODE-KI-KABAR,138,138
2024,3,4,GOWLIGUDA,71,71
2024,3,4,GUNFOUNDRY,394,394
2024,3,4,"HINDI NAGAR",100,100
2024,3,4,"RED HILLS HIGH LEVEL",451,451
2024,3,4,"RED HILLS LOW LEVEL",79,79
2024,3,4,"SULTAN BAZAR",95,95
2024,3,4,ZIAGUDA,11,11
2024,3,5,ADIKMET,87,86
2024,3,5,AMBERPET,22,22
2024,3,5,AZAMABAD,348,348
2024,3,5,"BAGH LINGAMPALLY",228,228
2024,3,5,BARKATPURA,300,299
2024,3,5,"BOATS CLUB",76,76
2024,3,5,DOMALGUDA,82,82
2024,3,5,GANDHINAGAR,526,526
2024,3,5,MUSHEERABAD,468,468
2024,3,5,NARAYANGUDA,539,538
2024,3,5,SHIVAM,187,185
2024,3,5,VIGYANPURI,69,69
2024,3,6,"BANJARA HILLS",4055,4055
2024,3,6,BORABANDA,372,365
2024,3,6,ERRAGADDA,725,723
2024,3,6,FATHENAGAR,1729,1718
2024,3,6,"FILM NAGAR",677,677
2024,3,6,"JUBILEE HILLS",5158,5158
2024,3,6,"S.P.R HILLS",260,259
2024,3,6,S.R.NAGAR,5073,5006
2024,3,6,SOMAJIGUDA,2112,2112
2024,3,6,THATTIKHANA,1926,1926
2024,3,6,VENGALRAONAGAR,2861,2817
2024,3,6,YELLAREDDYGUDA,1785,1736
2024,3,7,BOIGUDA,168,168
2024,3,7,BOUDHANAGAR,83,83
2024,3,7,HUSSAINSAGAR,49,49
2024,3,7,LALAPET,25,25
2024,3,7,MARREDPALLY,236,236
2024,3,7,METTUGUDA,30,30
2024,3,7,NALLAGUTTA,77,77
2024,3,7,PRAKASHNAGAR,198,198
2024,3,7,"REGIMENTAL BAZAR",84,84
2024,3,7,SEETHAPALMANDI,193,193
2024,3,7,"SRINIVAS NAGAR",408,408
2024,3,7,TARNAKA,729,729
2024,3,8,"PATANCHERU PIPELINE",1,1
2024,3,9,"BALAJINAGAR (DIV 9)",3190,3187
2024,3,9,BALANAGAR,96,96
2024,3,9,BHAGYANAGAR,2138,2137
2024,3,9,BHARATHNAGAR,47,46
2024,3,9,"GAYATRI NAGAR",1804,1794
2024,3,9,HASMATHPET,644,644
2024,3,9,KPHB,5848,5848
2024,3,9,KUKATPALLY,899,896
2024,3,9,MOOSAPET,70,68
2024,3,9,"MOTI NAGAR",535,534
2024,3,9,"VIVEKANANDA NAGAR",224,224
2024,3,9,YELLAMMABANDA,879,865
2024,3,10,ALKAPURI,973,973
2024,3,10,DILSHUKNAGAR,104,104
2024,3,10,KOTHAPETA,152,152
2024,3,10,LINGOJIGUDA,105,105
2024,3,10,"MARUTHINAGAR (DIV 10)",340,340
2024,3,10,"SAHEBNAGAR (DIV 10)",430,430
2024,3,10,SAROORNAGAR,366,366
2024,3,10,"VAISHALINAGAR (DIV 10)",111,111
2024,3,12,ADARSHNAGAR,46,46
2024,3,12,"Bhagatsingh Nagar",27,27
2024,3,12,CHINTAL,58,58
2024,3,12,GAJULARAMARAM,610,610
2024,3,12,JEEDIMETLA,110,110
2024,3,12,Jagathgirigutta,79,78
2024,3,12,SHAPOORNAGAR,570,570
2024,3,12,SURARAM,235,235
2024,3,12,USHODAYA,98,98
2024,3,12,suchitra,246,246
2024,3,13,"ALWAL (Div13)",48,48
2024,3,13,CHANUKYAPURI,142,142
2024,3,13,"DEFENCE COLONY",223,223
2024,3,13,"FATHER BALAIAHNAGAR (Div13)",1186,1186
2024,3,13,"GOWTHAM NAGAR",199,199
2024,3,13,MACHABOLLARAM,137,137
2024,3,13,SAINATHPURAM,217,217
2024,3,13,"VAJPAYEE NAGAR",87,87
2024,3,13,VENKATAPURAM,157,157
2024,3,13,"YAPRAL (Div13)",120,120
2024,3,14,CHERLAPALLY,27,27
2024,3,14,"HOUSING BOARD",75,75
2024,3,14,HUBSIGUDA,210,210
2024,3,14,NACHARAM,141,141
2024,3,14,RADHIKA,116,116
2024,3,14,"RAMANTHAPUR(DIV 14)",134,133
2024,3,14,"SAIBABA NAGAR",134,134
2024,3,14,UPPAL,180,180
2024,3,15,"CHANDA NAGAR",1040,1040
2024,3,15,"DEEPTHISRI NAGAR (DIV 15)",1469,1469
2024,3,15,"Doyens section",1502,1502
2024,3,15,"GACHIBOWLI (DIV 15)",2815,2815
2024,3,15,"HAFEEZPET (DIV 15)",4993,4993
2024,3,15,"KONDAPUR (DIV 15)",11893,11890
2024,3,15,MADHAPUR,10644,10637
2024,3,15,MIYAPUR,642,642
2024,3,15,"NALLAGANDLA (DIV 15)",12,12
2024,3,15,"PATANCHERU (DIV15)",2,2
2024,3,15,RAMACHANDRAPURAM,14,14
2024,3,16,ATTAPUR,480,479
2024,3,16,"BUDVEL (DIV16)",211,210
2024,3,16,HYDERGUDA,1488,1486
2024,3,16,KATEDAN,25,25
2024,3,16,"MAILERDEV PALLY",62,61
2024,3,16,"SULEMAN NAGAR",67,67
2024,3,18,"KISMATHPUR (DIV 18)",2056,2047
2024,3,18,"MANIKONDA (DIV 18)",5829,5737
2024,3,19,"BODUPPAL (DIV 19)",216,216
2024,3,19,"CHEERYAL (DIV 19)",1,1
2024,3,19,"DHAMMAIGUDA (DIV 19)",3,3
2024,3,19,"NAGARAM (DIV 19)",2,2
2024,3,19,"PEERJADIGUDA (DIV 19)",919,919
2024,3,19,"POCHARAM (DIV 19)",3,3
2024,3,20,"BADANGPET  (DIV 20)",240,240
2024,3,20,"JALPALLY (DIV 20)",6,6
2024,3,20,"JILLELAGUDA (DIV 20)",15,15
2024,3,20,"MEERPET (DIV 20)",379,378
2024,3,20,"SHAMSHABAD (DIV 20)",2,2
2024,3,20,"THUKKUGUDA (PD 1)",2,2
2024,3,22,"PEDDA AMBERPET (PD 1)",4,4
2024,3,22,"TURKAYAMJAL (PD 1)",9,9
2024,3,23,"BACHUPALLY (PD 7)",295,294
2024,3,23,"GANDIMAISAMMA (PD 7)",4,4
2024,3,23,"NIZAMPET (PD 7)",3926,3926
2024,3,23,"PRAGATHINAGAR (PD 7)",3290,3290
2024,3,24,"AMEENPUR (PD 8)",20,20
2024,3,24,"BEERAMGUDA (PD 8)",8,8
2024,3,25,"GUNDLAPOCHAMPALLY (PD 7)",2,2
2024,3,25,"JAWAHARNAGAR (PD 3)",5,5
2024,3,25,"KOMPALLY (PD 7)",2,2
2024,3,33,ALIABAD,3,3
2024,3,33,BALAPUR,1,1
2024,3,33,"BANDLAGUDA  (DIV 2)",18,18
2024,3,33,JANGAMMET,2,2
2024,3,33,KANCHANBAGH,4,4
2024,3,33,MYSARAM,3,3
2024,3,34,AUTONAGAR,205,204
2024,3,34,"B.N.REDDY NAGAR",45,45
2024,3,34,KAMALANAGAR,347,347
2024,3,34,L.B.NAGAR,87,87
2024,3,34,MANSOORABAD,433,433
2024,3,34,NAGOLE,9,9
2024,3,34,"NGO COLONY",175,175
2024,3,34,"VANASTHALIPURAM (DIV 10)",417,417
