year,month,division,section,noofbookings,delivered
2024,6,1,BAHADURPURA,16,16
2024,6,1,"CHANUDLAL BHARADARI",1,1
2024,6,1,"DARUL SHIFA",4,4
2024,6,1,"HASSAN NAGAR",2,2
2024,6,1,"KISHAN BAGH",2,2
2024,6,1,M.R.G.FILTERS,5,5
2024,6,1,MISRIGUNJ,1,1
2024,6,1,MOGHULPURA,1,1
2024,6,1,VATTEPALLY,5,5
2024,6,2,ASMANGARH,70,70
2024,6,2,CHANCHALGUDA,24,24
2024,6,2,MADANNAPET,7,7
2024,6,2,MALAKPET,60,60
2024,6,2,MOOSARAMBAGH,132,132
2024,6,2,SAIDABAD,99,99
2024,6,2,SANTOSHNAGAR,8,8
2024,6,2,"VINAY NAGAR (DIV 2 (a))",19,19
2024,6,3,"AHMED NAGAR",108,108
2024,6,3,"ASIF NAGAR",125,124
2024,6,3,"CHINTAL BASTHI",418,418
2024,6,3,GOLCONDA,9,9
2024,6,3,HAKEEMPET,207,207
2024,6,3,"KAKATIYA NAGAR",650,650
2024,6,3,KARWAN,46,46
2024,6,3,"LANGER HOUSE",35,35
2024,6,3,MEHIDIPATNAM,801,801
2024,6,3,"OLD MALLEPALLY",55,55
2024,6,3,SHAIKPET,1812,1812
2024,6,3,"TAPPA CHABUTRA",22,22
2024,6,3,"TOLI CHOWK",567,567
2024,6,3,"VIJAYNAGAR COLONY",697,697
2024,6,4,GODE-KI-KABAR,56,56
2024,6,4,GOWLIGUDA,64,64
2024,6,4,GUNFOUNDRY,252,252
2024,6,4,"HINDI NAGAR",72,72
2024,6,4,"RED HILLS HIGH LEVEL",339,339
2024,6,4,"RED HILLS LOW LEVEL",85,85
2024,6,4,"SULTAN BAZAR",60,60
2024,6,4,ZIAGUDA,8,8
2024,6,5,ADIKMET,73,73
2024,6,5,AMBERPET,19,19
2024,6,5,AZAMABAD,495,495
2024,6,5,"BAGH LINGAMPALLY",228,228
2024,6,5,BARKATPURA,364,364
2024,6,5,"BOATS CLUB",166,166
2024,6,5,DOMALGUDA,71,71
2024,6,5,GANDHINAGAR,715,715
2024,6,5,MUSHEERABAD,511,511
2024,6,5,NARAYANGUDA,539,539
2024,6,5,SHIVAM,172,172
2024,6,5,VIGYANPURI,72,72
2024,6,6,"BANJARA HILLS",2661,2661
2024,6,6,BORABANDA,269,269
2024,6,6,ERRAGADDA,731,731
2024,6,6,FATHENAGAR,986,986
2024,6,6,"FILM NAGAR",534,534
2024,6,6,"JUBILEE HILLS",3595,3595
2024,6,6,"S.P.R HILLS",184,184
2024,6,6,S.R.NAGAR,4467,4467
2024,6,6,SOMAJIGUDA,1360,1360
2024,6,6,THATTIKHANA,712,712
2024,6,6,VENGALRAONAGAR,2601,2601
2024,6,6,YELLAREDDYGUDA,1790,1790
2024,6,7,BOIGUDA,328,328
2024,6,7,BOUDHANAGAR,112,112
2024,6,7,HUSSAINSAGAR,57,57
2024,6,7,LALAPET,59,59
2024,6,7,MARREDPALLY,389,389
2024,6,7,METTUGUDA,112,112
2024,6,7,NALLAGUTTA,55,55
2024,6,7,PRAKASHNAGAR,351,351
2024,6,7,"REGIMENTAL BAZAR",116,116
2024,6,7,SEETHAPALMANDI,487,487
2024,6,7,"SRINIVAS NAGAR",734,734
2024,6,7,TARNAKA,1515,1515
2024,6,9,"BALAJINAGAR (DIV 9)",3480,3480
2024,6,9,BALANAGAR,95,95
2024,6,9,BHAGYANAGAR,2581,2580
2024,6,9,BHARATHNAGAR,40,40
2024,6,9,"GAYATRI NAGAR",1602,1600
2024,6,9,HASMATHPET,1047,1047
2024,6,9,KPHB,3692,3692
2024,6,9,KUKATPALLY,569,569
2024,6,9,MOOSAPET,39,39
2024,6,9,"MOTI NAGAR",568,568
2024,6,9,"VIVEKANANDA NAGAR",258,258
2024,6,9,YELLAMMABANDA,667,667
2024,6,10,ALKAPURI,997,997
2024,6,10,DILSHUKNAGAR,160,160
2024,6,10,KOTHAPETA,113,113
2024,6,10,LINGOJIGUDA,116,116
2024,6,10,"MARUTHINAGAR (DIV 10)",436,436
2024,6,10,"SAHEBNAGAR (DIV 10)",526,526
2024,6,10,SAROORNAGAR,342,342
2024,6,10,"VAISHALINAGAR (DIV 10)",144,144
2024,6,12,ADARSHNAGAR,66,66
2024,6,12,"Bhagatsingh Nagar",32,32
2024,6,12,CHINTAL,193,193
2024,6,12,GAJULARAMARAM,1354,1353
2024,6,12,JEEDIMETLA,157,157
2024,6,12,Jagathgirigutta,44,44
2024,6,12,SHAPOORNAGAR,625,625
2024,6,12,SURARAM,190,190
2024,6,12,USHODAYA,588,588
2024,6,12,suchitra,853,853
2024,6,13,"ALWAL (Div13)",53,53
2024,6,13,CHANUKYAPURI,376,376
2024,6,13,"DEFENCE COLONY",393,393
2024,6,13,"FATHER BALAIAHNAGAR (Div13)",1283,1283
2024,6,13,"GOWTHAM NAGAR",651,651
2024,6,13,MACHABOLLARAM,310,310
2024,6,13,SAINATHPURAM,495,495
2024,6,13,"VAJPAYEE NAGAR",198,198
2024,6,13,VENKATAPURAM,201,201
2024,6,13,"YAPRAL (Div13)",224,224
2024,6,14,CHERLAPALLY,48,48
2024,6,14,"HOUSING BOARD",96,96
2024,6,14,HUBSIGUDA,327,327
2024,6,14,NACHARAM,261,261
2024,6,14,RADHIKA,279,279
2024,6,14,"RAMANTHAPUR(DIV 14)",197,197
2024,6,14,"SAIBABA NAGAR",274,274
2024,6,14,UPPAL,174,174
2024,6,15,"CHANDA NAGAR",652,652
2024,6,15,"DEEPTHISRI NAGAR (DIV 15)",991,991
2024,6,15,"Doyens section",1627,1627
2024,6,15,"GACHIBOWLI (DIV 15)",4665,4664
2024,6,15,"HAFEEZPET (DIV 15)",4149,4149
2024,6,15,"KONDAPUR (DIV 15)",11913,11913
2024,6,15,MADHAPUR,11981,11981
2024,6,15,MIYAPUR,1327,1327
2024,6,15,"NALLAGANDLA (DIV 15)",80,80
2024,6,15,"PATANCHERU (DIV15)",2,2
2024,6,15,RAMACHANDRAPURAM,10,10
2024,6,16,ATTAPUR,400,400
2024,6,16,"BUDVEL (DIV16)",203,203
2024,6,16,HYDERGUDA,1908,1908
2024,6,16,KATEDAN,67,67
2024,6,16,"MAILERDEV PALLY",180,180
2024,6,16,"SULEMAN NAGAR",164,164
2024,6,18,"KISMATHPUR (DIV 18)",4575,4574
2024,6,18,"MANIKONDA (DIV 18)",9779,9779
2024,6,19,"BODUPPAL (DIV 19)",377,377
2024,6,19,"DHAMMAIGUDA (DIV 19)",1,1
2024,6,19,"PEERJADIGUDA (DIV 19)",1517,1517
2024,6,19,"POCHARAM (DIV 19)",2,2
2024,6,20,"BADANGPET  (DIV 20)",92,92
2024,6,20,"JALPALLY (DIV 20)",5,5
2024,6,20,"JILLELAGUDA (DIV 20)",16,16
2024,6,20,"MEERPET (DIV 20)",337,337
2024,6,20,"SHAMSHABAD (DIV 20)",3,3
2024,6,20,"THUKKUGUDA (PD 1)",1,1
2024,6,22,"PEDDA AMBERPET (PD 1)",4,4
2024,6,22,"TURKAYAMJAL (PD 1)",1,1
2024,6,23,"BACHUPALLY (PD 7)",1484,1484
2024,6,23,"GANDIMAISAMMA (PD 7)",2,2
2024,6,23,"NIZAMPET (PD 7)",5027,5027
2024,6,23,"PRAGATHINAGAR (PD 7)",3732,3732
2024,6,24,"AMEENPUR (PD 8)",22,22
2024,6,24,"BEERAMGUDA (PD 8)",5,5
2024,6,24,"TELLAPUR (PD 8)",1,1
2024,6,25,"JAWAHARNAGAR (PD 3)",1,1
2024,6,25,"KOMPALLY (PD 7)",5,5
2024,6,33,ALIABAD,3,3
2024,6,33,BALAPUR,4,4
2024,6,33,"BANDLAGUDA  (DIV 2)",40,40
2024,6,33,JAHANUMA,2,2
2024,6,33,JANGAMMET,7,7
2024,6,33,MYSARAM,2,2
2024,6,33,"RIYASATH NAGAR",7,7
2024,6,34,AUTONAGAR,230,230
2024,6,34,"B.N.REDDY NAGAR",43,43
2024,6,34,KAMALANAGAR,154,154
2024,6,34,L.B.NAGAR,199,199
2024,6,34,MANSOORABAD,452,452
2024,6,34,NAGOLE,14,14
2024,6,34,"NGO COLONY",126,126
2024,6,34,"VANASTHALIPURAM (DIV 10)",320,320
