year,month,division,section,noofbookings,delivered
2022,1,1,BAHADURPURA,2,2
2022,1,1,"DARUL SHIFA",2,2
2022,1,1,"DHOOD BOWLI",1,1
2022,1,1,"HASSAN NAGAR",1,1
2022,1,1,M.R.G.FILTERS,2,2
2022,1,1,MOGHULPURA,6,6
2022,1,2,ASMANGARH,24,24
2022,1,2,CHANCHALGUDA,1,1
2022,1,2,MADANNAPET,4,4
2022,1,2,MALAKPET,29,29
2022,1,2,MOOSARAMBAGH,109,109
2022,1,2,SAIDABAD,48,48
2022,1,2,SANTOSHNAGAR,2,2
2022,1,2,"VINAY NAGAR (DIV 2 (a))",16,16
2022,1,2,YAKATPURA,2,2
2022,1,3,"AHMED NAGAR",7,7
2022,1,3,"ASIF NAGAR",10,10
2022,1,3,"CHINTAL BASTHI",67,67
2022,1,3,GOLCONDA,4,4
2022,1,3,HAKEEMPET,22,22
2022,1,3,"KAKATIYA NAGAR",21,21
2022,1,3,KARWAN,3,3
2022,1,3,"LANGER HOUSE",11,11
2022,1,3,MEHIDIPATNAM,35,35
2022,1,3,"OLD MALLEPALLY",15,15
2022,1,3,SHAIKPET,117,117
2022,1,3,"TAPPA CHABUTRA",1,1
2022,1,3,"TOLI CHOWK",46,46
2022,1,3,"VIJAYNAGAR COLONY",228,228
2022,1,4,ALLABANDA,6,6
2022,1,4,BOGULKUNTA,1,1
2022,1,4,GODE-KI-KABAR,14,14
2022,1,4,GOWLIGUDA,46,46
2022,1,4,GUNFOUNDRY,216,216
2022,1,4,"HINDI NAGAR",19,19
2022,1,4,"RED HILLS HIGH LEVEL",184,184
2022,1,4,"RED HILLS LOW LEVEL",6,6
2022,1,4,"SULTAN BAZAR",114,114
2022,1,4,ZIAGUDA,6,6
2022,1,5,"ADIKMET DMA-1",43,43
2022,1,5,"ADIKMET DMA-2",38,38
2022,1,5,AZAMABAD,106,106
2022,1,5,"BAGH LINGAMPALLY",69,69
2022,1,5,BARKATPURA,64,64
2022,1,5,"BOATS CLUB",27,27
2022,1,5,DOMALGUDA,15,15
2022,1,5,GANDHINAGAR,64,64
2022,1,5,MUSHEERABAD,17,17
2022,1,5,NARAYANGUDA,133,133
2022,1,5,"RAMANTHAPUR (DIV 5)",28,28
2022,1,5,SHIVAM,78,78
2022,1,5,VIGYANPURI,11,11
2022,1,6,"BANJARA HILLS",1205,1205
2022,1,6,BORABANDA,57,57
2022,1,6,ERRAGADDA,70,70
2022,1,6,FATHENAGAR,107,107
2022,1,6,"FILM NAGAR",107,107
2022,1,6,"JUBILEE HILLS",747,747
2022,1,6,"S.P.R HILLS",29,29
2022,1,6,S.R.NAGAR,356,356
2022,1,6,SOMAJIGUDA,934,934
2022,1,6,THATTIKHANA,435,435
2022,1,6,VENGALRAONAGAR,204,204
2022,1,6,YELLAREDDYGUDA,180,180
2022,1,7,BOIGUDA,39,39
2022,1,7,BOUDHANAGAR,18,18
2022,1,7,HUSSAINSAGAR,10,10
2022,1,7,LALAPET,52,52
2022,1,7,MARREDPALLY,108,108
2022,1,7,METTUGUDA,51,51
2022,1,7,NALLAGUTTA,20,20
2022,1,7,PRAKASHNAGAR,34,34
2022,1,7,"REGIMENTAL BAZAR",93,93
2022,1,7,SEETHAPALMANDI,36,36
2022,1,7,"SRINIVAS NAGAR",26,26
2022,1,7,TARNAKA,299,299
2022,1,9,"BALAJINAGAR (DIV 9)",427,427
2022,1,9,BALANAGAR,19,19
2022,1,9,BHAGYANAGAR,229,229
2022,1,9,BHARATHNAGAR,156,156
2022,1,9,"GAYATRI NAGAR",132,132
2022,1,9,HASMATHPET,123,123
2022,1,9,KPHB,595,595
2022,1,9,KUKATPALLY,93,93
2022,1,9,MOOSAPET,300,300
2022,1,9,"MOTI NAGAR",136,136
2022,1,9,"VIVEKANANDA NAGAR",57,57
2022,1,9,YELLAMMABANDA,69,69
2022,1,10,ALKAPURI,115,115
2022,1,10,DILSHUKNAGAR,22,22
2022,1,10,KOTHAPETA,41,41
2022,1,10,LINGOJIGUDA,14,14
2022,1,10,"MARUTHINAGAR (DIV 10)",115,115
2022,1,10,"SAHEBNAGAR (DIV 10)",54,54
2022,1,10,SAROORNAGAR,106,106
2022,1,10,"VAISHALINAGAR (DIV 10)",32,32
2022,1,12,ADARSHNAGAR,6,6
2022,1,12,"Bhagatsingh Nagar",8,8
2022,1,12,CHINTAL,31,31
2022,1,12,GAJULARAMARAM,83,83
2022,1,12,JEEDIMETLA,27,27
2022,1,12,Jagathgirigutta,10,10
2022,1,12,SHAPOORNAGAR,157,157
2022,1,12,SURARAM,18,18
2022,1,12,USHODAYA,34,34
2022,1,12,suchitra,158,158
2022,1,13,"ALWAL (Div13)",41,41
2022,1,13,CHANUKYAPURI,82,82
2022,1,13,"DEFENCE COLONY",145,145
2022,1,13,"FATHER BALAIAHNAGAR (Div13)",422,422
2022,1,13,"GOWTHAM NAGAR",36,36
2022,1,13,MACHABOLLARAM,26,26
2022,1,13,SAINATHPURAM,100,100
2022,1,13,"VAJPAYEE NAGAR",28,28
2022,1,13,VENKATAPURAM,46,46
2022,1,13,"YAPRAL (Div13)",44,44
2022,1,14,CHERLAPALLY,7,7
2022,1,14,"HOUSING BOARD",14,14
2022,1,14,HUBSIGUDA,108,108
2022,1,14,NACHARAM,104,104
2022,1,14,RADHIKA,36,36
2022,1,14,"RAMANTHAPUR(DIV 14)",79,79
2022,1,14,"SAIBABA NAGAR",34,34
2022,1,14,UPPAL,72,72
2022,1,15,"CHANDA NAGAR",201,201
2022,1,15,"DEEPTHISRI NAGAR (DIV 15)",178,178
2022,1,15,"Doyens section",420,420
2022,1,15,"GACHIBOWLI (DIV 15)",439,439
2022,1,15,"HAFEEZPET (DIV 15)",1919,1919
2022,1,15,"KONDAPUR (DIV 15)",2050,2050
2022,1,15,MADHAPUR,1837,1837
2022,1,15,MIYAPUR,175,175
2022,1,15,"NALLAGANDLA (DIV 15)",5,5
2022,1,15,RAMACHANDRAPURAM,6,6
2022,1,16,ATTAPUR,37,37
2022,1,16,"BUDVEL (DIV16)",30,30
2022,1,16,HYDERGUDA,44,44
2022,1,16,KATEDAN,2,2
2022,1,16,"MAILERDEV PALLY",20,20
2022,1,16,"SULEMAN NAGAR",10,10
2022,1,18,"KISMATHPUR (DIV 18)",58,58
2022,1,18,"MANIKONDA (DIV 18)",662,662
2022,1,19,"BODUPPAL (DIV 19)",40,40
2022,1,19,"DHAMMAIGUDA (DIV 19)",1,1
2022,1,19,"NAGARAM (DIV 19)",3,3
2022,1,19,"PEERJADIGUDA (DIV 19)",90,90
2022,1,20,"BADANGPET  (DIV 20)",6,6
2022,1,20,"JALPALLY (DIV 20)",1,1
2022,1,20,"JILLELAGUDA (DIV 20)",2,2
2022,1,20,"MEERPET (DIV 20)",21,21
2022,1,20,"THUKKUGUDA (PD 1)",1,1
2022,1,22,"PEDDA AMBERPET (PD 1)",1,1
2022,1,22,"TURKAYAMJAL (PD 1)",2,2
2022,1,23,"BACHUPALLY (PD 7)",9,9
2022,1,23,"NIZAMPET (PD 7)",1037,1037
2022,1,23,"PRAGATHINAGAR (PD 7)",1221,1221
2022,1,24,"BEERAMGUDA (PD 8)",4,4
2022,1,24,"TELLAPUR (PD 8)",1,1
2022,1,25,"JAWAHARNAGAR (PD 3)",2,2
2022,1,25,"KOMPALLY (PD 7)",1,1
2022,1,33,ALIABAD,1,1
2022,1,33,MYSARAM,2,2
2022,1,34,AUTONAGAR,28,28
2022,1,34,"B.N.REDDY NAGAR",13,13
2022,1,34,KAMALANAGAR,26,26
2022,1,34,L.B.NAGAR,12,12
2022,1,34,MANSOORABAD,25,25
2022,1,34,NAGOLE,7,7
2022,1,34,"NGO COLONY",10,10
2022,1,34,"VANASTHALIPURAM (DIV 10)",25,25
