year,month,division,section,noofbookings,delivered
2023,2,1,BAHADURPURA,2,2
2023,2,1,"CHANUDLAL BHARADARI",3,3
2023,2,1,"DARUL SHIFA",1,1
2023,2,1,"HASSAN NAGAR",1,1
2023,2,1,"KISHAN BAGH",2,2
2023,2,1,M.R.G.FILTERS,3,3
2023,2,1,MISRIGUNJ,1,1
2023,2,1,MOGHULPURA,1,1
2023,2,1,PATHERGATTI,2,2
2023,2,1,VATTEPALLY,1,1
2023,2,2,ASMANGARH,73,73
2023,2,2,AZAMPURA,4,4
2023,2,2,CHANCHALGUDA,24,24
2023,2,2,MADANNAPET,3,3
2023,2,2,MALAKPET,20,20
2023,2,2,MOOSARAMBAGH,163,163
2023,2,2,SAIDABAD,85,85
2023,2,2,SANTOSHNAGAR,5,5
2023,2,2,"VINAY NAGAR (DIV 2 (a))",10,10
2023,2,2,YAKATPURA,2,2
2023,2,3,"AHMED NAGAR",158,158
2023,2,3,"ASIF NAGAR",11,11
2023,2,3,"CHINTAL BASTHI",191,191
2023,2,3,GOLCONDA,11,11
2023,2,3,HAKEEMPET,98,98
2023,2,3,"KAKATIYA NAGAR",123,123
2023,2,3,KARWAN,11,11
2023,2,3,"LANGER HOUSE",24,24
2023,2,3,MEHIDIPATNAM,105,105
2023,2,3,"OLD MALLEPALLY",34,34
2023,2,3,SHAIKPET,826,826
2023,2,3,"TAPPA CHABUTRA",8,8
2023,2,3,"TOLI CHOWK",284,284
2023,2,3,"VIJAYNAGAR COLONY",364,364
2023,2,4,ALLABANDA,2,2
2023,2,4,GODE-KI-KABAR,13,13
2023,2,4,GOWLIGUDA,16,16
2023,2,4,GUNFOUNDRY,234,234
2023,2,4,"HINDI NAGAR",54,54
2023,2,4,"RED HILLS HIGH LEVEL",186,186
2023,2,4,"RED HILLS LOW LEVEL",12,12
2023,2,4,"SULTAN BAZAR",173,173
2023,2,5,"ADIKMET DMA-1",46,46
2023,2,5,"ADIKMET DMA-2",42,42
2023,2,5,AZAMABAD,317,317
2023,2,5,"BAGH LINGAMPALLY",283,283
2023,2,5,BARKATPURA,113,113
2023,2,5,"BOATS CLUB",75,75
2023,2,5,DOMALGUDA,31,31
2023,2,5,GANDHINAGAR,430,430
2023,2,5,MUSHEERABAD,112,112
2023,2,5,NARAYANGUDA,301,301
2023,2,5,"RAMANTHAPUR (DIV 5)",30,30
2023,2,5,SHIVAM,155,155
2023,2,5,VIGYANPURI,33,33
2023,2,6,"BANJARA HILLS",2200,2200
2023,2,6,BORABANDA,127,127
2023,2,6,ERRAGADDA,162,162
2023,2,6,FATHENAGAR,267,267
2023,2,6,"FILM NAGAR",416,416
2023,2,6,"JUBILEE HILLS",1928,1928
2023,2,6,"S.P.R HILLS",148,148
2023,2,6,S.R.NAGAR,1563,1562
2023,2,6,SOMAJIGUDA,806,806
2023,2,6,THATTIKHANA,821,821
2023,2,6,VENGALRAONAGAR,487,487
2023,2,6,YELLAREDDYGUDA,414,414
2023,2,7,BOIGUDA,105,105
2023,2,7,BOUDHANAGAR,62,62
2023,2,7,HUSSAINSAGAR,43,43
2023,2,7,LALAPET,37,37
2023,2,7,MARREDPALLY,287,287
2023,2,7,METTUGUDA,67,67
2023,2,7,NALLAGUTTA,66,66
2023,2,7,PRAKASHNAGAR,202,202
2023,2,7,"REGIMENTAL BAZAR",147,147
2023,2,7,SEETHAPALMANDI,112,112
2023,2,7,"SRINIVAS NAGAR",143,143
2023,2,7,TARNAKA,366,366
2023,2,9,"BALAJINAGAR (DIV 9)",1215,1215
2023,2,9,BALANAGAR,31,31
2023,2,9,BHAGYANAGAR,1116,1116
2023,2,9,BHARATHNAGAR,284,284
2023,2,9,"GAYATRI NAGAR",533,533
2023,2,9,HASMATHPET,339,339
2023,2,9,KPHB,2613,2613
2023,2,9,KUKATPALLY,154,154
2023,2,9,MOOSAPET,346,345
2023,2,9,"MOTI NAGAR",121,121
2023,2,9,"VIVEKANANDA NAGAR",208,208
2023,2,9,YELLAMMABANDA,375,375
2023,2,10,ALKAPURI,208,208
2023,2,10,DILSHUKNAGAR,47,47
2023,2,10,KOTHAPETA,63,63
2023,2,10,LINGOJIGUDA,50,50
2023,2,10,"MARUTHINAGAR (DIV 10)",188,188
2023,2,10,"SAHEBNAGAR (DIV 10)",169,169
2023,2,10,SAROORNAGAR,175,175
2023,2,10,"VAISHALINAGAR (DIV 10)",61,61
2023,2,12,ADARSHNAGAR,22,22
2023,2,12,"Bhagatsingh Nagar",32,32
2023,2,12,CHINTAL,39,39
2023,2,12,GAJULARAMARAM,114,114
2023,2,12,JEEDIMETLA,59,59
2023,2,12,Jagathgirigutta,107,107
2023,2,12,SHAPOORNAGAR,140,140
2023,2,12,SURARAM,90,90
2023,2,12,USHODAYA,48,48
2023,2,12,suchitra,189,189
2023,2,13,"ALWAL (Div13)",40,40
2023,2,13,CHANUKYAPURI,106,100
2023,2,13,"DEFENCE COLONY",137,137
2023,2,13,"FATHER BALAIAHNAGAR (Div13)",553,553
2023,2,13,"GOWTHAM NAGAR",109,93
2023,2,13,MACHABOLLARAM,54,54
2023,2,13,SAINATHPURAM,144,141
2023,2,13,"VAJPAYEE NAGAR",47,47
2023,2,13,VENKATAPURAM,60,60
2023,2,13,"YAPRAL (Div13)",54,54
2023,2,14,CHERLAPALLY,33,33
2023,2,14,"HOUSING BOARD",25,21
2023,2,14,HUBSIGUDA,209,209
2023,2,14,NACHARAM,129,128
2023,2,14,RADHIKA,102,102
2023,2,14,"RAMANTHAPUR(DIV 14)",176,176
2023,2,14,"SAIBABA NAGAR",61,61
2023,2,14,UPPAL,164,164
2023,2,15,"CHANDA NAGAR",346,346
2023,2,15,"DEEPTHISRI NAGAR (DIV 15)",478,478
2023,2,15,"Doyens section",1119,1116
2023,2,15,"GACHIBOWLI (DIV 15)",1289,1289
2023,2,15,"HAFEEZPET (DIV 15)",4233,4233
2023,2,15,"KONDAPUR (DIV 15)",7081,7063
2023,2,15,MADHAPUR,6344,6310
2023,2,15,MIYAPUR,446,446
2023,2,15,"NALLAGANDLA (DIV 15)",8,8
2023,2,15,RAMACHANDRAPURAM,3,3
2023,2,16,ATTAPUR,85,85
2023,2,16,"BUDVEL (DIV16)",92,92
2023,2,16,HYDERGUDA,297,297
2023,2,16,KATEDAN,2,2
2023,2,16,"MAILERDEV PALLY",11,11
2023,2,16,"SULEMAN NAGAR",46,46
2023,2,18,"KISMATHPUR (DIV 18)",417,417
2023,2,18,"MANIKONDA (DIV 18)",1690,1689
2023,2,19,"BODUPPAL (DIV 19)",123,123
2023,2,19,"DHAMMAIGUDA (DIV 19)",4,4
2023,2,19,"NAGARAM (DIV 19)",2,2
2023,2,19,"PEERJADIGUDA (DIV 19)",325,325
2023,2,19,"POCHARAM (DIV 19)",2,2
2023,2,20,"BADANGPET  (DIV 20)",13,13
2023,2,20,"JALPALLY (DIV 20)",6,6
2023,2,20,"JILLELAGUDA (DIV 20)",7,7
2023,2,20,"MEERPET (DIV 20)",58,58
2023,2,22,"PEDDA AMBERPET (PD 1)",2,2
2023,2,22,"TURKAYAMJAL (PD 1)",2,2
2023,2,23,"BACHUPALLY (PD 7)",12,12
2023,2,23,"NIZAMPET (PD 7)",1716,1716
2023,2,23,"PRAGATHINAGAR (PD 7)",1863,1863
2023,2,24,"AMEENPUR (PD 8)",1,1
2023,2,24,"BEERAMGUDA (PD 8)",6,6
2023,2,25,"GUNDLAPOCHAMPALLY (PD 7)",1,1
2023,2,25,"JAWAHARNAGAR (PD 3)",3,3
2023,2,33,ALIABAD,1,1
2023,2,33,BALAPUR,1,1
2023,2,33,"BANDLAGUDA  (DIV 2)",9,9
2023,2,33,JAHANUMA,2,2
2023,2,33,JANGAMMET,2,2
2023,2,33,MYSARAM,1,1
2023,2,33,"RIYASATH NAGAR",2,2
2023,2,34,AUTONAGAR,74,74
2023,2,34,"B.N.REDDY NAGAR",23,23
2023,2,34,KAMALANAGAR,53,53
2023,2,34,L.B.NAGAR,22,22
2023,2,34,MANSOORABAD,42,42
2023,2,34,NAGOLE,10,10
2023,2,34,"NGO COLONY",51,51
2023,2,34,"VANASTHALIPURAM (DIV 10)",91,91
