year,month,division,section,noofbookings,delivered
2022,10,1,BAHADURPURA,1,1
2022,10,1,"CHANUDLAL BHARADARI",2,2
2022,10,1,"DARUL SHIFA",1,1
2022,10,1,"DHOOD BOWLI",1,1
2022,10,1,"HASSAN NAGAR",1,1
2022,10,1,"KISHAN BAGH",6,6
2022,10,1,M.R.G.FILTERS,3,3
2022,10,1,MISRIGUNJ,3,3
2022,10,1,PATHERGATTI,1,1
2022,10,2,ASMANGARH,34,34
2022,10,2,AZAMPURA,1,1
2022,10,2,CHANCHALGUDA,3,3
2022,10,2,MADANNAPET,1,1
2022,10,2,MALAKPET,19,19
2022,10,2,MOOSARAMBAGH,143,143
2022,10,2,SAIDABAD,22,22
2022,10,2,SANTOSHNAGAR,2,2
2022,10,2,"VINAY NAGAR (DIV 2 (a))",17,17
2022,10,3,"AHMED NAGAR",122,122
2022,10,3,"ASIF NAGAR",6,6
2022,10,3,"CHINTAL BASTHI",159,159
2022,10,3,GOLCONDA,3,3
2022,10,3,HAKEEMPET,26,26
2022,10,3,"KAKATIYA NAGAR",75,75
2022,10,3,KARWAN,13,13
2022,10,3,"LANGER HOUSE",12,12
2022,10,3,MEHIDIPATNAM,106,106
2022,10,3,"OLD MALLEPALLY",60,60
2022,10,3,SHAIKPET,110,110
2022,10,3,"TAPPA CHABUTRA",2,2
2022,10,3,"TOLI CHOWK",68,68
2022,10,3,"VIJAYNAGAR COLONY",431,431
2022,10,4,ALLABANDA,3,3
2022,10,4,GODE-KI-KABAR,39,39
2022,10,4,GOWLIGUDA,39,39
2022,10,4,GUNFOUNDRY,294,293
2022,10,4,"HINDI NAGAR",55,55
2022,10,4,"RED HILLS HIGH LEVEL",282,281
2022,10,4,"RED HILLS LOW LEVEL",40,40
2022,10,4,"SULTAN BAZAR",146,146
2022,10,5,"ADIKMET DMA-1",42,42
2022,10,5,"ADIKMET DMA-2",25,25
2022,10,5,AZAMABAD,158,158
2022,10,5,"BAGH LINGAMPALLY",202,202
2022,10,5,BARKATPURA,85,85
2022,10,5,"BOATS CLUB",43,42
2022,10,5,DOMALGUDA,62,62
2022,10,5,GANDHINAGAR,165,165
2022,10,5,MUSHEERABAD,61,61
2022,10,5,NARAYANGUDA,169,169
2022,10,5,"RAMANTHAPUR (DIV 5)",12,12
2022,10,5,SHIVAM,95,95
2022,10,5,VIGYANPURI,27,27
2022,10,6,"BANJARA HILLS",1765,1765
2022,10,6,BORABANDA,107,107
2022,10,6,ERRAGADDA,98,98
2022,10,6,FATHENAGAR,211,211
2022,10,6,"FILM NAGAR",244,244
2022,10,6,"JUBILEE HILLS",1036,1036
2022,10,6,"S.P.R HILLS",138,138
2022,10,6,S.R.NAGAR,414,414
2022,10,6,SOMAJIGUDA,821,821
2022,10,6,THATTIKHANA,467,467
2022,10,6,VENGALRAONAGAR,329,329
2022,10,6,YELLAREDDYGUDA,326,326
2022,10,7,BOIGUDA,25,25
2022,10,7,BOUDHANAGAR,20,20
2022,10,7,HUSSAINSAGAR,13,13
2022,10,7,LALAPET,23,23
2022,10,7,MARREDPALLY,138,137
2022,10,7,METTUGUDA,24,24
2022,10,7,NALLAGUTTA,17,17
2022,10,7,PRAKASHNAGAR,72,72
2022,10,7,"REGIMENTAL BAZAR",88,88
2022,10,7,SEETHAPALMANDI,55,55
2022,10,7,"SRINIVAS NAGAR",71,71
2022,10,7,TARNAKA,296,296
2022,10,9,"BALAJINAGAR (DIV 9)",670,670
2022,10,9,BALANAGAR,19,19
2022,10,9,BHAGYANAGAR,386,386
2022,10,9,BHARATHNAGAR,215,215
2022,10,9,"GAYATRI NAGAR",189,189
2022,10,9,HASMATHPET,234,234
2022,10,9,KPHB,911,911
2022,10,9,KUKATPALLY,113,113
2022,10,9,MOOSAPET,321,321
2022,10,9,"MOTI NAGAR",125,125
2022,10,9,"VIVEKANANDA NAGAR",158,158
2022,10,9,YELLAMMABANDA,158,158
2022,10,10,ALKAPURI,113,113
2022,10,10,DILSHUKNAGAR,50,50
2022,10,10,KOTHAPETA,53,53
2022,10,10,LINGOJIGUDA,42,42
2022,10,10,"MARUTHINAGAR (DIV 10)",159,159
2022,10,10,"SAHEBNAGAR (DIV 10)",56,56
2022,10,10,SAROORNAGAR,173,173
2022,10,10,"VAISHALINAGAR (DIV 10)",44,43
2022,10,12,ADARSHNAGAR,20,20
2022,10,12,"Bhagatsingh Nagar",11,11
2022,10,12,CHINTAL,23,23
2022,10,12,GAJULARAMARAM,83,83
2022,10,12,JEEDIMETLA,34,34
2022,10,12,Jagathgirigutta,22,22
2022,10,12,SHAPOORNAGAR,145,145
2022,10,12,SURARAM,40,40
2022,10,12,USHODAYA,41,41
2022,10,12,suchitra,113,113
2022,10,13,"ALWAL (Div13)",50,50
2022,10,13,CHANUKYAPURI,103,102
2022,10,13,"DEFENCE COLONY",103,103
2022,10,13,"FATHER BALAIAHNAGAR (Div13)",390,390
2022,10,13,"GOWTHAM NAGAR",97,97
2022,10,13,MACHABOLLARAM,33,33
2022,10,13,SAINATHPURAM,114,114
2022,10,13,"VAJPAYEE NAGAR",22,22
2022,10,13,VENKATAPURAM,67,67
2022,10,13,"YAPRAL (Div13)",46,46
2022,10,14,CHERLAPALLY,10,10
2022,10,14,"HOUSING BOARD",15,15
2022,10,14,HUBSIGUDA,143,143
2022,10,14,NACHARAM,102,102
2022,10,14,RADHIKA,58,58
2022,10,14,"RAMANTHAPUR(DIV 14)",60,60
2022,10,14,"SAIBABA NAGAR",70,70
2022,10,14,UPPAL,79,79
2022,10,15,"CHANDA NAGAR",186,186
2022,10,15,"DEEPTHISRI NAGAR (DIV 15)",223,223
2022,10,15,"Doyens section",605,605
2022,10,15,"GACHIBOWLI (DIV 15)",549,549
2022,10,15,"HAFEEZPET (DIV 15)",1388,1388
2022,10,15,"KONDAPUR (DIV 15)",1848,1848
2022,10,15,MADHAPUR,2723,2723
2022,10,15,MIYAPUR,293,293
2022,10,15,"NALLAGANDLA (DIV 15)",6,6
2022,10,15,"PATANCHERU (DIV15)",1,1
2022,10,15,RAMACHANDRAPURAM,6,6
2022,10,16,ATTAPUR,54,54
2022,10,16,"BUDVEL (DIV16)",44,44
2022,10,16,HYDERGUDA,83,83
2022,10,16,KATEDAN,24,24
2022,10,16,"MAILERDEV PALLY",4,4
2022,10,16,"SULEMAN NAGAR",15,15
2022,10,18,"KISMATHPUR (DIV 18)",176,176
2022,10,18,"MANIKONDA (DIV 18)",502,502
2022,10,19,"BODUPPAL (DIV 19)",50,50
2022,10,19,"DHAMMAIGUDA (DIV 19)",4,4
2022,10,19,"NAGARAM (DIV 19)",4,4
2022,10,19,"PEERJADIGUDA (DIV 19)",76,76
2022,10,19,"POCHARAM (DIV 19)",3,3
2022,10,20,"BADANGPET  (DIV 20)",6,6
2022,10,20,"JILLELAGUDA (DIV 20)",8,8
2022,10,20,"MEERPET (DIV 20)",56,56
2022,10,22,"PEDDA AMBERPET (PD 1)",2,2
2022,10,22,"TURKAYAMJAL (PD 1)",1,1
2022,10,23,"BACHUPALLY (PD 7)",25,25
2022,10,23,"GANDIMAISAMMA (PD 7)",2,2
2022,10,23,"NIZAMPET (PD 7)",841,840
2022,10,23,"PRAGATHINAGAR (PD 7)",1187,1187
2022,10,24,"AMEENPUR (PD 8)",2,2
2022,10,24,"BEERAMGUDA (PD 8)",2,2
2022,10,24,"BOLLARAM (PD 8)",1,1
2022,10,25,"JAWAHARNAGAR (PD 3)",5,5
2022,10,25,"KOMPALLY (PD 7)",3,3
2022,10,33,BALAPUR,3,3
2022,10,33,"BANDLAGUDA  (DIV 2)",2,2
2022,10,33,KANCHANBAGH,3,3
2022,10,33,MYSARAM,1,1
2022,10,33,"RIYASATH NAGAR",1,1
2022,10,34,AUTONAGAR,58,58
2022,10,34,"B.N.REDDY NAGAR",13,13
2022,10,34,KAMALANAGAR,42,42
2022,10,34,L.B.NAGAR,36,36
2022,10,34,MANSOORABAD,58,58
2022,10,34,NAGOLE,5,5
2022,10,34,"NGO COLONY",20,20
2022,10,34,"VANASTHALIPURAM (DIV 10)",40,40
