year,month,division,section,noofbookings,delivered
2024,4,1,BAHADURPURA,4,4
2024,4,1,"CHANUDLAL BHARADARI",1,1
2024,4,1,"DARUL SHIFA",8,8
2024,4,1,"DHOOD BOWLI",4,4
2024,4,1,"HASSAN NAGAR",1,1
2024,4,1,"KISHAN BAGH",11,11
2024,4,1,M.R.G.FILTERS,4,4
2024,4,1,MISRIGUNJ,1,1
2024,4,1,MOGHULPURA,9,9
2024,4,1,PATHERGATTI,6,6
2024,4,1,VATTEPALLY,11,11
2024,4,2,ASMANGARH,164,164
2024,4,2,AZAMPURA,15,15
2024,4,2,CHANCHALGUDA,49,49
2024,4,2,MADANNAPET,5,5
2024,4,2,MALAKPET,142,142
2024,4,2,MOOSARAMBAGH,197,197
2024,4,2,SAIDABAD,116,116
2024,4,2,SANTOSHNAGAR,3,3
2024,4,2,"VINAY NAGAR (DIV 2 (a))",12,12
2024,4,2,YAKATPURA,2,2
2024,4,3,"AHMED NAGAR",114,114
2024,4,3,"ASIF NAGAR",271,271
2024,4,3,"CHINTAL BASTHI",418,417
2024,4,3,GOLCONDA,31,31
2024,4,3,HAKEEMPET,260,260
2024,4,3,"KAKATIYA NAGAR",650,650
2024,4,3,KARWAN,115,115
2024,4,3,"LANGER HOUSE",113,113
2024,4,3,MEHIDIPATNAM,1125,1124
2024,4,3,"OLD MALLEPALLY",135,135
2024,4,3,SHAIKPET,2540,2540
2024,4,3,"TAPPA CHABUTRA",67,67
2024,4,3,"TOLI CHOWK",1111,1111
2024,4,3,"VIJAYNAGAR COLONY",1232,1232
2024,4,4,ALLABANDA,1,1
2024,4,4,GODE-KI-KABAR,236,236
2024,4,4,GOWLIGUDA,157,157
2024,4,4,GUNFOUNDRY,522,522
2024,4,4,"HINDI NAGAR",235,235
2024,4,4,"RED HILLS HIGH LEVEL",589,589
2024,4,4,"RED HILLS LOW LEVEL",200,200
2024,4,4,"SULTAN BAZAR",124,124
2024,4,4,ZIAGUDA,14,14
2024,4,5,ADIKMET,109,109
2024,4,5,AMBERPET,98,98
2024,4,5,AZAMABAD,447,447
2024,4,5,"BAGH LINGAMPALLY",270,270
2024,4,5,BARKATPURA,625,625
2024,4,5,"BOATS CLUB",214,214
2024,4,5,DOMALGUDA,103,103
2024,4,5,GANDHINAGAR,1030,1030
2024,4,5,MUSHEERABAD,781,781
2024,4,5,NARAYANGUDA,761,761
2024,4,5,SHIVAM,271,271
2024,4,5,VIGYANPURI,184,184
2024,4,6,"BANJARA HILLS",4707,4707
2024,4,6,BORABANDA,432,432
2024,4,6,ERRAGADDA,983,983
2024,4,6,FATHENAGAR,2257,2257
2024,4,6,"FILM NAGAR",1026,1026
2024,4,6,"JUBILEE HILLS",6306,6306
2024,4,6,"S.P.R HILLS",304,304
2024,4,6,S.R.NAGAR,6040,6040
2024,4,6,SOMAJIGUDA,3252,3252
2024,4,6,THATTIKHANA,2316,2316
2024,4,6,VENGALRAONAGAR,3661,3661
2024,4,6,YELLAREDDYGUDA,2652,2652
2024,4,7,BOIGUDA,426,426
2024,4,7,BOUDHANAGAR,183,183
2024,4,7,HUSSAINSAGAR,171,171
2024,4,7,LALAPET,55,55
2024,4,7,MARREDPALLY,372,372
2024,4,7,METTUGUDA,76,76
2024,4,7,NALLAGUTTA,79,79
2024,4,7,PRAKASHNAGAR,332,332
2024,4,7,"REGIMENTAL BAZAR",192,192
2024,4,7,SEETHAPALMANDI,762,762
2024,4,7,"SRINIVAS NAGAR",1351,1351
2024,4,7,TARNAKA,1510,1510
2024,4,9,"BALAJINAGAR (DIV 9)",4876,4876
2024,4,9,BALANAGAR,98,98
2024,4,9,BHAGYANAGAR,4025,4025
2024,4,9,BHARATHNAGAR,222,222
2024,4,9,"GAYATRI NAGAR",2091,2091
2024,4,9,HASMATHPET,1249,1249
2024,4,9,KPHB,7548,7548
2024,4,9,KUKATPALLY,1036,1036
2024,4,9,MOOSAPET,286,286
2024,4,9,"MOTI NAGAR",1076,1076
2024,4,9,"VIVEKANANDA NAGAR",406,406
2024,4,9,YELLAMMABANDA,1161,1161
2024,4,10,ALKAPURI,1793,1793
2024,4,10,DILSHUKNAGAR,216,216
2024,4,10,KOTHAPETA,306,306
2024,4,10,LINGOJIGUDA,269,269
2024,4,10,"MARUTHINAGAR (DIV 10)",559,559
2024,4,10,"SAHEBNAGAR (DIV 10)",776,776
2024,4,10,SAROORNAGAR,566,566
2024,4,10,"VAISHALINAGAR (DIV 10)",258,258
2024,4,12,ADARSHNAGAR,163,163
2024,4,12,"Bhagatsingh Nagar",94,94
2024,4,12,CHINTAL,79,79
2024,4,12,GAJULARAMARAM,1235,1235
2024,4,12,JEEDIMETLA,228,228
2024,4,12,Jagathgirigutta,143,143
2024,4,12,SHAPOORNAGAR,1101,1099
2024,4,12,SURARAM,354,354
2024,4,12,USHODAYA,306,306
2024,4,12,suchitra,424,424
2024,4,13,"ALWAL (Div13)",76,76
2024,4,13,CHANUKYAPURI,232,232
2024,4,13,"DEFENCE COLONY",438,438
2024,4,13,"FATHER BALAIAHNAGAR (Div13)",1767,1766
2024,4,13,"GOWTHAM NAGAR",356,356
2024,4,13,MACHABOLLARAM,246,246
2024,4,13,SAINATHPURAM,363,363
2024,4,13,"VAJPAYEE NAGAR",188,188
2024,4,13,VENKATAPURAM,218,218
2024,4,13,"YAPRAL (Div13)",282,282
2024,4,14,CHERLAPALLY,20,20
2024,4,14,"HOUSING BOARD",100,100
2024,4,14,HUBSIGUDA,423,423
2024,4,14,NACHARAM,212,212
2024,4,14,RADHIKA,209,208
2024,4,14,"RAMANTHAPUR(DIV 14)",346,346
2024,4,14,"SAIBABA NAGAR",206,206
2024,4,14,UPPAL,222,222
2024,4,15,"CHANDA NAGAR",1428,1428
2024,4,15,"DEEPTHISRI NAGAR (DIV 15)",1821,1821
2024,4,15,"Doyens section",2019,2018
2024,4,15,"GACHIBOWLI (DIV 15)",4383,4382
2024,4,15,"HAFEEZPET (DIV 15)",6165,6165
2024,4,15,"KONDAPUR (DIV 15)",14277,14277
2024,4,15,MADHAPUR,14989,14989
2024,4,15,MIYAPUR,1323,1323
2024,4,15,"NALLAGANDLA (DIV 15)",25,25
2024,4,15,"PATANCHERU (DIV15)",2,2
2024,4,15,RAMACHANDRAPURAM,2,2
2024,4,16,ATTAPUR,742,740
2024,4,16,"BUDVEL (DIV16)",375,375
2024,4,16,HYDERGUDA,2027,2027
2024,4,16,KATEDAN,60,60
2024,4,16,"MAILERDEV PALLY",113,113
2024,4,16,"SULEMAN NAGAR",147,147
2024,4,17,"MIRALAM FILTER BEDS (DIV 17)",1,0
2024,4,18,"KISMATHPUR (DIV 18)",3465,3465
2024,4,18,"MANIKONDA (DIV 18)",9286,9286
2024,4,19,"BODUPPAL (DIV 19)",380,380
2024,4,19,"DHAMMAIGUDA (DIV 19)",1,1
2024,4,19,"PEERJADIGUDA (DIV 19)",1523,1523
2024,4,19,"POCHARAM (DIV 19)",4,4
2024,4,20,"BADANGPET  (DIV 20)",484,484
2024,4,20,"JALPALLY (DIV 20)",7,7
2024,4,20,"JILLELAGUDA (DIV 20)",8,8
2024,4,20,"MEERPET (DIV 20)",738,738
2024,4,20,"SHAMSHABAD (DIV 20)",2,2
2024,4,20,"THUKKUGUDA (PD 1)",3,3
2024,4,22,"PEDDA AMBERPET (PD 1)",5,5
2024,4,22,"TURKAYAMJAL (PD 1)",5,5
2024,4,23,"BACHUPALLY (PD 7)",863,861
2024,4,23,"GANDIMAISAMMA (PD 7)",9,9
2024,4,23,"NIZAMPET (PD 7)",5843,5843
2024,4,23,"PRAGATHINAGAR (PD 7)",4845,4845
2024,4,24,"AMEENPUR (PD 8)",43,43
2024,4,24,"BEERAMGUDA (PD 8)",9,9
2024,4,24,"TELLAPUR (PD 8)",5,5
2024,4,25,"GUNDLAPOCHAMPALLY (PD 7)",1,1
2024,4,25,"JAWAHARNAGAR (PD 3)",6,6
2024,4,25,"KOMPALLY (PD 7)",3,3
2024,4,33,ALIABAD,12,12
2024,4,33,BALAPUR,2,2
2024,4,33,"BANDLAGUDA  (DIV 2)",65,65
2024,4,33,GOWLIPURA,4,4
2024,4,33,JAHANUMA,1,1
2024,4,33,JANGAMMET,13,13
2024,4,33,KANCHANBAGH,1,1
2024,4,33,MYSARAM,3,3
2024,4,33,"RIYASATH NAGAR",1,1
2024,4,34,AUTONAGAR,274,274
2024,4,34,"B.N.REDDY NAGAR",101,101
2024,4,34,KAMALANAGAR,559,559
2024,4,34,L.B.NAGAR,144,144
2024,4,34,MANSOORABAD,827,827
2024,4,34,NAGOLE,22,22
2024,4,34,"NGO COLONY",351,351
2024,4,34,"VANASTHALIPURAM (DIV 10)",688,688
