circle,division,subdivision,section,area,catdesc,catcode,totservices,billdservices,units,load
"BANJARA HILLS","GREEN LANDS","SANATH NAGAR","MOTHI NAGAR","SRI RAM NAGAR (N)",DOMESTIC,1,838,829.0,136220.0,1196.22
"BANJARA HILLS","GREEN LANDS","SANATH NAGAR","MOTHI NAGAR","STREET LIGHTS",DOMESTIC,1,1,,0.0,1.0
"BANJARA HILLS","GREEN LANDS","SANATH NAGAR","MOTHI NAGAR","T.ANJAYYA NAGAR",DOMESTIC,1,476,447.0,49668.0,407.73
"BANJARA HILLS","GREEN LANDS","SANATH NAGAR","MOTHI NAGAR","VINAYAK NAGAR",DOMESTIC,1,496,476.0,56219.0,398.51
"BANJARA HILLS","GREEN LANDS","SANATH NAGAR",SANATHNAGAR,"ALLAUDDIN KOTI",DOMESTIC,1,619,599.0,83439.0,602.84
"BANJARA HILLS","GREEN LANDS","SANATH NAGAR",SANATHNAGAR,"ASHOK LABOUR COLONY",DOMESTIC,1,1369,1357.0,192034.0,1979.73
"BANJARA HILLS","GREEN LANDS","SANATH NAGAR",SANATHNAGAR,"BHARATNAGAR EWS (E)",DOMESTIC,1,194,193.0,17137.0,204.38
"BANJARA HILLS","GREEN LANDS","SANATH NAGAR",SANATHNAGAR,"BHARATNAGAR EWS (S)",DOMESTIC,1,568,565.0,59044.0,581.93
"BANJARA HILLS","GREEN LANDS","SANATH NAGAR",SANATHNAGAR,"BHARATNAGAR HIG",DOMESTIC,1,542,526.0,75511.0,1170.05
"BANJARA HILLS","GREEN LANDS","SANATH NAGAR",SANATHNAGAR,"BHARATNAGAR LIG",DOMESTIC,1,321,320.0,45760.0,365.08
"BANJARA HILLS","GREEN LANDS","SANATH NAGAR",SANATHNAGAR,"BHARATNAGAR LIG (E)",DOMESTIC,1,426,401.0,47112.0,470.48
"BANJARA HILLS","GREEN LANDS","SANATH NAGAR",SANATHNAGAR,"BHARATNAGAR MIG",DOMESTIC,1,817,804.0,107330.0,1308.41
"BANJARA HILLS","GREEN LANDS","SANATH NAGAR",SANATHNAGAR,"BHARATNAGAR PVT HOUSES",DOMESTIC,1,1391,1379.0,205985.0,2320.16
"BANJARA HILLS","GREEN LANDS","SANATH NAGAR",SANATHNAGAR,"BHARATNAGAR,EWS (W)",DOMESTIC,1,349,347.0,35210.0,362.88
"BANJARA HILLS","GREEN LANDS","SANATH NAGAR",SANATHNAGAR,"BHAVANI NAGAR",DOMESTIC,1,818,810.0,98404.0,1065.28
"BANJARA HILLS","GREEN LANDS","SANATH NAGAR",SANATHNAGAR,"CT METERS",DOMESTIC,1,45,45.0,90602.0,1114.0
"BANJARA HILLS","GREEN LANDS","SANATH NAGAR",SANATHNAGAR,"CZECH COLONY EAST & SOUTH",DOMESTIC,1,1127,1125.0,295714.0,4699.16
"BANJARA HILLS","GREEN LANDS","SANATH NAGAR",SANATHNAGAR,"CZECH COLONY WEST",DOMESTIC,1,1225,1178.0,298137.0,5697.0
"BANJARA HILLS","GREEN LANDS","SANATH NAGAR",SANATHNAGAR,D.N.M.COLONY,DOMESTIC,1,885,882.0,130736.0,1122.01
"BANJARA HILLS","GREEN LANDS","SANATH NAGAR",SANATHNAGAR,"FATEH BAGH",DOMESTIC,1,11,10.0,3887.0,25.0
"BANJARA HILLS","GREEN LANDS","SANATH NAGAR",SANATHNAGAR,"FETEH NAGAR GATE",DOMESTIC,1,58,57.0,6226.0,67.5
"BANJARA HILLS","GREEN LANDS","SANATH NAGAR",SANATHNAGAR,"GRC HV BHARATH NAGAR",DOMESTIC,1,7,7.0,2259.0,41.0
"BANJARA HILLS","GREEN LANDS","SANATH NAGAR",SANATHNAGAR,"GRC HV SANATHNAGAR",DOMESTIC,1,57,56.0,22146.0,543.35
"BANJARA HILLS","GREEN LANDS","SANATH NAGAR",SANATHNAGAR,H.P.ROAD,DOMESTIC,1,1516,1513.0,192999.0,1944.09
"BANJARA HILLS","GREEN LANDS","SANATH NAGAR",SANATHNAGAR,"I.E.SANATH NAGAR",DOMESTIC,1,837,835.0,230046.0,6038.0
"BANJARA HILLS","GREEN LANDS","SANATH NAGAR",SANATHNAGAR,"JAYAPRAKASH NAGAR",DOMESTIC,1,981,977.0,133490.0,1592.57
"BANJARA HILLS","GREEN LANDS","SANATH NAGAR",SANATHNAGAR,"KAILASH NAGAR",DOMESTIC,1,733,733.0,105441.0,1026.82
"BANJARA HILLS","GREEN LANDS","SANATH NAGAR",SANATHNAGAR,"KUKATPALLY X ROADS",DOMESTIC,1,13,12.0,1422.0,37.0
"BANJARA HILLS","GREEN LANDS","SANATH NAGAR",SANATHNAGAR,MOOSAPET,DOMESTIC,1,73,71.0,10910.0,124.99
"BANJARA HILLS","GREEN LANDS","SANATH NAGAR",SANATHNAGAR,"NEHRU NAGAR",DOMESTIC,1,864,860.0,116227.0,1191.12
"BANJARA HILLS","GREEN LANDS","SANATH NAGAR",SANATHNAGAR,"NEW S R T 601 TO 700",DOMESTIC,1,545,538.0,70748.0,875.22
"BANJARA HILLS","GREEN LANDS","SANATH NAGAR",SANATHNAGAR,"RAJA RAJESHWARI NAGAR",DOMESTIC,1,889,883.0,103870.0,1267.06
"BANJARA HILLS","GREEN LANDS","SANATH NAGAR",SANATHNAGAR,"RAVINDRA NAGAR",DOMESTIC,1,433,431.0,77759.0,795.89
"BANJARA HILLS","GREEN LANDS","SANATH NAGAR",SANATHNAGAR,"S.R.T 701 TO 820 MARKET LANE",DOMESTIC,1,577,568.0,86874.0,941.29
"BANJARA HILLS","GREEN LANDS","SANATH NAGAR",SANATHNAGAR,"S.R.T.(NEAR POLICE STN)",DOMESTIC,1,1752,1744.0,263710.0,2684.73
"BANJARA HILLS","GREEN LANDS","SANATH NAGAR",SANATHNAGAR,"S.R.T.QRTS, NEAR BUSSTOP",DOMESTIC,1,1551,1529.0,220337.0,2501.72
"BANJARA HILLS","GREEN LANDS","SANATH NAGAR",SANATHNAGAR,S.R.T.QUARTERS,DOMESTIC,1,1504,1484.0,225650.0,2445.09
"BANJARA HILLS","GREEN LANDS","SANATH NAGAR",SANATHNAGAR,"SANATH NAGAR",DOMESTIC,1,755,743.0,112512.0,1084.17
"BANJARA HILLS","GREEN LANDS","SANATH NAGAR",SANATHNAGAR,"SIVAJI NAGAR",DOMESTIC,1,175,174.0,22042.0,210.69
"BANJARA HILLS","GREEN LANDS","SANATH NAGAR",SANATHNAGAR,"SRT821 TO 920 RK BKRY OPP LANE",DOMESTIC,1,494,489.0,68354.0,729.78
"BANJARA HILLS","GREEN LANDS","SANATH NAGAR",SANATHNAGAR,"SUBASH NAGAR",DOMESTIC,1,1599,1588.0,188413.0,2042.35
"BANJARA HILLS","GREEN LANDS","SANATH NAGAR",SANATHNAGAR,"SUBASH NAGAR (WEST)",DOMESTIC,1,594,590.0,83793.0,978.89
"BANJARA HILLS","GREEN LANDS","SANATH NAGAR",SANATHNAGAR,"TULASI NAGAR",DOMESTIC,1,274,274.0,35089.0,301.18
"BANJARA HILLS","GREEN LANDS","SANATH NAGAR",SANATHNAGAR,"UDAY NAGAR",DOMESTIC,1,484,479.0,67963.0,776.43
"BANJARA HILLS","GREEN LANDS","SANATH NAGAR",BORABANDA,ALLAPUR,DOMESTIC,1,1229,1181.0,149085.0,1398.93
"BANJARA HILLS","GREEN LANDS","SANATH NAGAR",BORABANDA,ALLAPUR-I,DOMESTIC,1,1315,1296.0,181830.0,1578.53
"BANJARA HILLS","GREEN LANDS","SANATH NAGAR",BORABANDA,"AROGYA NAGAR",DOMESTIC,1,1101,771.0,88087.0,815.11
"BANJARA HILLS","GREEN LANDS","SANATH NAGAR",BORABANDA,BABBUGUDA,DOMESTIC,1,865,853.0,113215.0,1019.21
"BANJARA HILLS","GREEN LANDS","SANATH NAGAR",BORABANDA,"BANJARA NAGAR",DOMESTIC,1,768,759.0,102612.0,925.79
"BANJARA HILLS","GREEN LANDS","SANATH NAGAR",BORABANDA,"BRAHMA SHANKAR NAGAR",DOMESTIC,1,1353,1247.0,129980.0,1245.33
"BANJARA HILLS","GREEN LANDS","SANATH NAGAR",BORABANDA,"DOUBLE BEDROOM KAMALA NAGAR",DOMESTIC,1,216,216.0,11050.0,450.0
"BANJARA HILLS","GREEN LANDS","SANATH NAGAR",BORABANDA,"GANESH NAGAR",DOMESTIC,1,466,461.0,62825.0,585.65
"BANJARA HILLS","GREEN LANDS","SANATH NAGAR",BORABANDA,"GRC HV BORABANDA",DOMESTIC,1,17,17.0,8089.0,97.48
"BANJARA HILLS","GREEN LANDS","SANATH NAGAR",BORABANDA,"HARI NAGAR",DOMESTIC,1,448,447.0,56288.0,521.48
"BANJARA HILLS","GREEN LANDS","SANATH NAGAR",BORABANDA,"JYOTHI NAGAR - I",DOMESTIC,1,782,559.0,63589.0,563.3
"BANJARA HILLS","GREEN LANDS","SANATH NAGAR",BORABANDA,"JYOTHI NAGAR - II",DOMESTIC,1,950,749.0,85324.0,778.14
"BANJARA HILLS","GREEN LANDS","SANATH NAGAR",BORABANDA,"KABEER NAGAR",DOMESTIC,1,1153,1110.0,138706.0,1294.78
"BANJARA HILLS","GREEN LANDS","SANATH NAGAR",BORABANDA,"KARMIKA NAGAR (N)",DOMESTIC,1,537,490.0,56498.0,560.24
"BANJARA HILLS","GREEN LANDS","SANATH NAGAR",BORABANDA,"KARMIKA NAGAR (S)",DOMESTIC,1,412,397.0,49461.0,449.17
"BANJARA HILLS","GREEN LANDS","SANATH NAGAR",BORABANDA,"KARMIKA NAGAR II",DOMESTIC,1,963,939.0,118537.0,1142.26
"BANJARA HILLS","GREEN LANDS","SANATH NAGAR",BORABANDA,"MOTHI NAGAR (S)",DOMESTIC,1,901,887.0,169994.0,2238.2
"BANJARA HILLS","GREEN LANDS","SANATH NAGAR",BORABANDA,"N.R.R.PURAM SITE - II",DOMESTIC,1,274,265.0,40987.0,306.82
"BANJARA HILLS","GREEN LANDS","SANATH NAGAR",BORABANDA,"N.R.R.PURAM SITE - III",DOMESTIC,1,1207,1175.0,144966.0,1321.44
"BANJARA HILLS","GREEN LANDS","SANATH NAGAR",BORABANDA,"N.R.R.PURAM-III (W)",DOMESTIC,1,344,331.0,39910.0,391.2
"BANJARA HILLS","GREEN LANDS","SANATH NAGAR",BORABANDA,"NATCO SCHOOL",DOMESTIC,1,919,762.0,87306.0,704.66
"BANJARA HILLS","GREEN LANDS","SANATH NAGAR",BORABANDA,"NAVA BHARATH NAGAR",DOMESTIC,1,526,514.0,53681.0,525.44
"BANJARA HILLS","GREEN LANDS","SANATH NAGAR",BORABANDA,"NEW RAMA RAO NAGAR",DOMESTIC,1,550,538.0,59251.0,641.56
"BANJARA HILLS","GREEN LANDS","SANATH NAGAR",BORABANDA,"NSC BOSE NAGAR",DOMESTIC,1,393,341.0,38413.0,462.56
"BANJARA HILLS","GREEN LANDS","SANATH NAGAR",BORABANDA,"PEDDAMMA NAGAR",DOMESTIC,1,727,665.0,76537.0,678.3
"BANJARA HILLS","GREEN LANDS","SANATH NAGAR",BORABANDA,"PRATHIBHA NAGAR",DOMESTIC,1,691,625.0,73246.0,581.34
"BANJARA HILLS","GREEN LANDS","SANATH NAGAR",BORABANDA,"RADHA KRISHNA NAGAR",DOMESTIC,1,685,682.0,84918.0,776.42
"BANJARA HILLS","GREEN LANDS","SANATH NAGAR",BORABANDA,"RAJEEVGANDHI NAGAR",DOMESTIC,1,923,831.0,95888.0,835.94
"BANJARA HILLS","GREEN LANDS","SANATH NAGAR",BORABANDA,"RAMA RAO NAGAR",DOMESTIC,1,1300,1269.0,138580.0,1454.52
"BANJARA HILLS","GREEN LANDS","SANATH NAGAR",BORABANDA,"SHILPI NAGAR",DOMESTIC,1,581,492.0,56456.0,452.01
"BANJARA HILLS","GREEN LANDS","SANATH NAGAR",BORABANDA,"SHIVAJI NAGAR",DOMESTIC,1,854,846.0,101267.0,1009.3
"BANJARA HILLS","GREEN LANDS","SANATH NAGAR",BORABANDA,"SNEHAPURI COLONY",DOMESTIC,1,1161,1156.0,162451.0,1748.85
"BANJARA HILLS","GREEN LANDS","SANATH NAGAR",BORABANDA,"SNEHAPURICOLONY II",DOMESTIC,1,1089,1082.0,178602.0,2326.59
"BANJARA HILLS","GREEN LANDS","SANATH NAGAR",BORABANDA,"SWARAJ NAGAR",DOMESTIC,1,1054,1032.0,140142.0,1247.29
"BANJARA HILLS","GREEN LANDS","SANATH NAGAR",BORABANDA,"SWARAJ NAGAR (SOUTH)",DOMESTIC,1,405,392.0,62169.0,478.29
"BANJARA HILLS","GREEN LANDS","SANATH NAGAR",BORABANDA,"VINAYAK NAGAR",DOMESTIC,1,542,491.0,56597.0,476.0
"BANJARA HILLS","GREEN LANDS","SANATH NAGAR",BORABANDA,"VINAYAKRAO NAGAR",DOMESTIC,1,980,957.0,108690.0,1176.03
"BANJARA HILLS","GREEN LANDS","SANATH NAGAR",ERRAGADDA,"AVANTHI NAGAR",DOMESTIC,1,1335,1322.0,205587.0,2107.38
"BANJARA HILLS","GREEN LANDS","SANATH NAGAR",ERRAGADDA,"AVANTHI NAGAR THOTA",DOMESTIC,1,1129,1120.0,149686.0,1616.5
"BANJARA HILLS","GREEN LANDS","SANATH NAGAR",ERRAGADDA,"AVANTHI NAGAR THOTA EAST",DOMESTIC,1,901,899.0,122777.0,1286.88
"BANJARA HILLS","GREEN LANDS","SANATH NAGAR",ERRAGADDA,"AVANTHI NAGAR THOTA NEW II",DOMESTIC,1,826,823.0,111467.0,1113.37
"BANJARA HILLS","GREEN LANDS","SANATH NAGAR",ERRAGADDA,"BALAJI SWARNA PURI",DOMESTIC,1,873,857.0,199614.0,2788.3
"BANJARA HILLS","GREEN LANDS","SANATH NAGAR",ERRAGADDA,"CHATRAPATHI SHIVAJI NAGAR",DOMESTIC,1,238,235.0,24981.0,259.3
"BANJARA HILLS","GREEN LANDS","SANATH NAGAR",ERRAGADDA,"CT METERS HV(GRC) ERRAGADDA",DOMESTIC,1,30,30.0,130056.0,1035.0
"BANJARA HILLS","GREEN LANDS","SANATH NAGAR",ERRAGADDA,"ECE QUARTERS",DOMESTIC,1,1344,1341.0,297373.0,5251.0
"BANJARA HILLS","GREEN LANDS","SANATH NAGAR",ERRAGADDA,ERRAGADDA,DOMESTIC,1,1521,1507.0,269374.0,2640.64
"BANJARA HILLS","GREEN LANDS","SANATH NAGAR",ERRAGADDA,ERRRAGADDA,DOMESTIC,1,622,602.0,84598.0,841.25
"BANJARA HILLS","GREEN LANDS","SANATH NAGAR",ERRAGADDA,"GOUTHAM PURI",DOMESTIC,1,200,199.0,29014.0,471.4
"BANJARA HILLS","GREEN LANDS","SANATH NAGAR",ERRAGADDA,"GRC HV ERRAGADDA",DOMESTIC,1,39,38.0,30657.0,338.74
"BANJARA HILLS","GREEN LANDS","SANATH NAGAR",ERRAGADDA,"HEMAWATHI NAGAR",DOMESTIC,1,784,763.0,101733.0,825.36
"BANJARA HILLS","GREEN LANDS","SANATH NAGAR",ERRAGADDA,"KALPATARU RESIDENCY",DOMESTIC,1,576,576.0,162010.0,2895.0
"BANJARA HILLS","GREEN LANDS","SANATH NAGAR",ERRAGADDA,"MOTHI NAGAR",DOMESTIC,1,515,510.0,108510.0,1419.85
"BANJARA HILLS","GREEN LANDS","SANATH NAGAR",ERRAGADDA,"MOTHI NAGAR (EXTN)",DOMESTIC,1,570,565.0,100886.0,1208.34
"BANJARA HILLS","GREEN LANDS","SANATH NAGAR",ERRAGADDA,"MOTINAGAR (NORTH)",DOMESTIC,1,805,799.0,182249.0,2378.85
"BANJARA HILLS","GREEN LANDS","SANATH NAGAR",ERRAGADDA,"NATRAJ NAGAR",DOMESTIC,1,781,777.0,120117.0,986.97
"BANJARA HILLS","GREEN LANDS","SANATH NAGAR",ERRAGADDA,"NETAJI NAGAR",DOMESTIC,1,894,887.0,132562.0,1110.62
"BANJARA HILLS","GREEN LANDS","SANATH NAGAR",ERRAGADDA,"NETAJI NAGAR II",DOMESTIC,1,924,917.0,137320.0,1118.27
"BANJARA HILLS","GREEN LANDS","SANATH NAGAR",ERRAGADDA,"NEW ERRAGADDA",DOMESTIC,1,707,701.0,104483.0,1114.88
"BANJARA HILLS","GREEN LANDS","SANATH NAGAR",ERRAGADDA,"NEW SHASTRY NAGAR",DOMESTIC,1,374,366.0,80811.0,978.19
"BANJARA HILLS","GREEN LANDS","SANATH NAGAR",ERRAGADDA,"OLD SHASTRY NAGAR",DOMESTIC,1,307,305.0,41706.0,354.1
"BANJARA HILLS","GREEN LANDS","SANATH NAGAR",ERRAGADDA,"OLD SULTAN NAGAR",DOMESTIC,1,434,427.0,53144.0,483.79
"BANJARA HILLS","GREEN LANDS","SANATH NAGAR",ERRAGADDA,"PANDURANGA NAGAR",DOMESTIC,1,1483,1470.0,249625.0,2806.5
"BANJARA HILLS","GREEN LANDS","SANATH NAGAR",ERRAGADDA,"PREM NAGAR",DOMESTIC,1,1231,1186.0,149259.0,1632.43
"BANJARA HILLS","GREEN LANDS","SANATH NAGAR",ERRAGADDA,"PREM NAGAR - II",DOMESTIC,1,628,628.0,102290.0,775.52
"BANJARA HILLS","GREEN LANDS","SANATH NAGAR",ERRAGADDA,"S.N.R.CO-OP SOCIETY",DOMESTIC,1,881,880.0,199579.0,2563.03
"BANJARA HILLS","GREEN LANDS","SANATH NAGAR",ERRAGADDA,"SANJAY NAGAR",DOMESTIC,1,570,565.0,79360.0,673.96
"BANJARA HILLS","GREEN LANDS","SANATH NAGAR",ERRAGADDA,"SHANKARLAL NAGAR (B)",DOMESTIC,1,851,830.0,115815.0,971.5
"BANJARA HILLS","GREEN LANDS","SANATH NAGAR",ERRAGADDA,"SHANKARLAL NAGAR (S)",DOMESTIC,1,429,422.0,77502.0,521.08
"BANJARA HILLS","GREEN LANDS","SANATH NAGAR",ERRAGADDA,"SHANKARLAL NAGAR POCHAMMA TEMP",DOMESTIC,1,354,353.0,49535.0,495.7
"BANJARA HILLS","GREEN LANDS","SANATH NAGAR",ERRAGADDA,"SHREEMUKH BUILDERS",DOMESTIC,1,376,376.0,111572.0,1929.0
"BANJARA HILLS","GREEN LANDS","SANATH NAGAR",ERRAGADDA,"SULTAN NAGAR",DOMESTIC,1,631,626.0,97062.0,806.86
"BANJARA HILLS","GREEN LANDS","SANATH NAGAR",ERRAGADDA,"SULTHAN NAGAR II",DOMESTIC,1,614,612.0,95990.0,690.32
"BANJARA HILLS","GREEN LANDS","SANATH NAGAR",ERRAGADDA,"VENKATESWARA COLONY",DOMESTIC,1,350,347.0,62112.0,617.42
"BANJARA HILLS","GREEN LANDS","SANATH NAGAR",ERRAGADDA,"ZEHRA GULSHAN BAGH",DOMESTIC,1,118,113.0,19788.0,180.44
"BANJARA HILLS","GREEN LANDS","SANATH NAGAR","MOTHI NAGAR","BABA SAILANI NAGAR",DOMESTIC,1,839,804.0,101181.0,753.98
"BANJARA HILLS","GREEN LANDS","SANATH NAGAR","MOTHI NAGAR","BANJARA NAGAR (SOUTH)",DOMESTIC,1,565,553.0,77475.0,607.09
"BANJARA HILLS","GREEN LANDS","SANATH NAGAR","MOTHI NAGAR","BHARAT NAGAR",DOMESTIC,1,740,719.0,90086.0,672.39
"BANJARA HILLS","GREEN LANDS","SANATH NAGAR","MOTHI NAGAR","BRAHMA SHANKAR NAGAR",DOMESTIC,1,539,527.0,54430.0,478.21
"BANJARA HILLS","GREEN LANDS","SANATH NAGAR","MOTHI NAGAR","GANGA NAGAR",DOMESTIC,1,500,495.0,74154.0,650.61
"BANJARA HILLS","GREEN LANDS","SANATH NAGAR","MOTHI NAGAR","GRC HV MOTINAGAR",DOMESTIC,1,19,19.0,4299.0,100.07
"BANJARA HILLS","GREEN LANDS","SANATH NAGAR","MOTHI NAGAR","H.F.NAGAR EAST(PHASE-I)",DOMESTIC,1,734,715.0,94185.0,777.83
"BANJARA HILLS","GREEN LANDS","SANATH NAGAR","MOTHI NAGAR","H.F.NAGAR WEST(PHASE-I)",DOMESTIC,1,887,887.0,117250.0,895.12
"BANJARA HILLS","GREEN LANDS","SANATH NAGAR","MOTHI NAGAR",H.F.NAGAR-II,DOMESTIC,1,1594,1551.0,200948.0,1462.37
"BANJARA HILLS","GREEN LANDS","SANATH NAGAR","MOTHI NAGAR","INDIRA NAGAR",DOMESTIC,1,909,865.0,97540.0,867.44
"BANJARA HILLS","GREEN LANDS","SANATH NAGAR","MOTHI NAGAR","INDIRA NAGAR PHASE-II",DOMESTIC,1,1009,1007.0,118643.0,1000.06
"BANJARA HILLS","GREEN LANDS","SANATH NAGAR","MOTHI NAGAR","KALYAN NAGAR",DOMESTIC,1,1582,1576.0,355198.0,4844.11
"BANJARA HILLS","GREEN LANDS","SANATH NAGAR","MOTHI NAGAR","KALYAN NAGAR (W)",DOMESTIC,1,1040,1028.0,231041.0,3518.94
"BANJARA HILLS","GREEN LANDS","SANATH NAGAR","MOTHI NAGAR","KARMIKA NAGAR (E)",DOMESTIC,1,1541,1511.0,190984.0,1696.21
"BANJARA HILLS","GREEN LANDS","SANATH NAGAR","MOTHI NAGAR","KARMIKA NAGAR (S)",DOMESTIC,1,906,844.0,97811.0,1002.96
"BANJARA HILLS","GREEN LANDS","SANATH NAGAR","MOTHI NAGAR","MADHURA NAGAR",DOMESTIC,1,697,686.0,95632.0,680.53
"BANJARA HILLS","GREEN LANDS","SANATH NAGAR","MOTHI NAGAR","MAHATMA NAGAR",DOMESTIC,1,186,173.0,20472.0,150.7
"BANJARA HILLS","GREEN LANDS","SANATH NAGAR","MOTHI NAGAR","N.R.R.PURAM -I (S)",DOMESTIC,1,614,601.0,87179.0,839.9
"BANJARA HILLS","GREEN LANDS","SANATH NAGAR","MOTHI NAGAR","N.R.R.PURAM SITE - II",DOMESTIC,1,574,565.0,69652.0,657.7
"BANJARA HILLS","GREEN LANDS","SANATH NAGAR","MOTHI NAGAR","N.R.R.PURAM SITE - III",DOMESTIC,1,611,604.0,76079.0,635.79
"BANJARA HILLS","GREEN LANDS","SANATH NAGAR","MOTHI NAGAR","N.R.R.PURAM SITE -I",DOMESTIC,1,1059,1054.0,140742.0,1289.54
"BANJARA HILLS","GREEN LANDS","SANATH NAGAR","MOTHI NAGAR","N.R.R.PURAM-III (W)",DOMESTIC,1,1019,999.0,114424.0,1054.0
"BANJARA HILLS","GREEN LANDS","SANATH NAGAR","MOTHI NAGAR","NSC BOSE NAGAR",DOMESTIC,1,202,192.0,20339.0,173.2
"BANJARA HILLS","GREEN LANDS","SANATH NAGAR","MOTHI NAGAR","PRABHATH NAGAR",DOMESTIC,1,811,807.0,114036.0,1092.64
"BANJARA HILLS","GREEN LANDS","SANATH NAGAR","MOTHI NAGAR","PRATHIBHA NAGAR",DOMESTIC,1,102,88.0,11134.0,106.41
"BANJARA HILLS","GREEN LANDS","SANATH NAGAR","MOTHI NAGAR","RAJ NAGAR",DOMESTIC,1,2188,2173.0,292689.0,2290.99
"BANJARA HILLS","GREEN LANDS","SANATH NAGAR","MOTHI NAGAR","RAJEENAGAR,FATIMANAGAR",DOMESTIC,1,2423,2396.0,497878.0,6155.66
"BANJARA HILLS","GREEN LANDS","SANATH NAGAR","MOTHI NAGAR",S.R.T.NAGAR,DOMESTIC,1,708,693.0,91489.0,696.61
"BANJARA HILLS","GREEN LANDS","SANATH NAGAR","MOTHI NAGAR","SAIBABA NAGAR",DOMESTIC,1,1596,1561.0,186071.0,1495.8
"BANJARA HILLS","GREEN LANDS","SANATH NAGAR","MOTHI NAGAR","SANJAY NAGAR",DOMESTIC,1,1018,1006.0,134977.0,1049.48
"BANJARA HILLS","GREEN LANDS","SANATH NAGAR","MOTHI NAGAR","SERWELL CO-OP SOCIETY",DOMESTIC,1,236,236.0,51592.0,795.32
"BANJARA HILLS","GREEN LANDS","SANATH NAGAR","MOTHI NAGAR","SRI RAM NAGAR",DOMESTIC,1,1330,1318.0,175863.0,1552.85
"BANJARA HILLS","GREEN LANDS","SANATH NAGAR","MOTHI NAGAR","SRI RAM NAGAR (E)",DOMESTIC,1,1001,996.0,142474.0,1347.07
"BANJARA HILLS","BANJARA HILLS","BANJARA HILLS","BANJARA HILLS","HINDI NAGAR",DOMESTIC,1,143,129.0,24144.0,453.06
"BANJARA HILLS","BANJARA HILLS","BANJARA HILLS","BANJARA HILLS","IAS-IPS OFFICERS QUARTERS",DOMESTIC,1,92,91.0,13956.0,457.0
"BANJARA HILLS","BANJARA HILLS","BANJARA HILLS","BANJARA HILLS","JOURNALIST NOVODAYA,U.B.COLONY",DOMESTIC,1,1074,1030.0,310821.0,5212.74
"BANJARA HILLS","BANJARA HILLS","BANJARA HILLS","BANJARA HILLS","KCR HOUSE & NANDI NAGAR",DOMESTIC,1,1201,1133.0,191010.0,2219.83
"BANJARA HILLS","BANJARA HILLS","BANJARA HILLS","BANJARA HILLS","NAGARJUNA HILLS",DOMESTIC,1,25,19.0,5096.0,136.5
"BANJARA HILLS","BANJARA HILLS","BANJARA HILLS","BANJARA HILLS","NAGARJUNA HILLS AND PANJAGUTTA",DOMESTIC,1,47,46.0,26294.0,975.0
"BANJARA HILLS","BANJARA HILLS","BANJARA HILLS","BANJARA HILLS","NAIDU BASTHI",DOMESTIC,1,728,715.0,101200.0,802.54
"BANJARA HILLS","BANJARA HILLS","BANJARA HILLS","BANJARA HILLS","NET METERING",DOMESTIC,1,13,13.0,4378.0,108.0
"BANJARA HILLS","BANJARA HILLS","BANJARA HILLS","BANJARA HILLS","NEW VENKATESHWARA NAGAR",DOMESTIC,1,2118,2081.0,279434.0,2761.53
"BANJARA HILLS","GREEN LANDS",GREENLANDS,GREENLANDS,"METHODIST COLONY",DOMESTIC,1,432,411.0,83781.0,1420.48
"BANJARA HILLS","GREEN LANDS",GREENLANDS,GREENLANDS,"METHODIST COLONY(APTS)",DOMESTIC,1,718,618.0,143001.0,3317.28
"BANJARA HILLS","GREEN LANDS",GREENLANDS,GREENLANDS,P.J.COLONY,DOMESTIC,1,387,279.0,52525.0,1016.51
"BANJARA HILLS","GREEN LANDS",GREENLANDS,GREENLANDS,P.J.COLONY(APTS),DOMESTIC,1,441,409.0,103516.0,2162.68
"BANJARA HILLS","GREEN LANDS",GREENLANDS,GREENLANDS,"POCHAMMA BASTI",DOMESTIC,1,281,248.0,36206.0,408.87
"BANJARA HILLS","GREEN LANDS",GREENLANDS,GREENLANDS,"SHANTHI BAGH",DOMESTIC,1,363,358.0,68142.0,1449.46
"BANJARA HILLS","GREEN LANDS",GREENLANDS,GREENLANDS,SOMAJIGUDA,DOMESTIC,1,166,153.0,31572.0,561.5
"BANJARA HILLS","GREEN LANDS",GREENLANDS,GREENLANDS,"SOMAJIGUDA (EXT.)",DOMESTIC,1,228,198.0,56120.0,919.8
"BANJARA HILLS","GREEN LANDS",GREENLANDS,GREENLANDS,"SOMAJIGUDA APTS",DOMESTIC,1,565,546.0,161439.0,2767.2
"BANJARA HILLS","GREEN LANDS",GREENLANDS,GREENLANDS,"SOMAJIGUDA APTS-I",DOMESTIC,1,704,676.0,200854.0,3064.45
"BANJARA HILLS","BANJARA HILLS","BANJARA HILLS","BANJARA HILLS","NEW ZOHRANAGAR,RD 10,B.HILLS",DOMESTIC,1,988,963.0,217004.0,3459.78
"BANJARA HILLS","BANJARA HILLS","BANJARA HILLS","BANJARA HILLS","PANJAGUTTA POLICE QRTS.",DOMESTIC,1,213,157.0,27729.0,396.02
"BANJARA HILLS","BANJARA HILLS","BANJARA HILLS","BANJARA HILLS","RD.14 AMRUTHA ENCLEVE APARTMET",DOMESTIC,1,91,91.0,21602.0,294.76
"BANJARA HILLS","BANJARA HILLS","BANJARA HILLS","BANJARA HILLS","RD.14 POSH AREA@APARTMENTS",DOMESTIC,1,909,870.0,273969.0,5127.56
"BANJARA HILLS","BANJARA HILLS","BANJARA HILLS","BANJARA HILLS","RD.2 MAIN ROAD",DOMESTIC,1,871,822.0,266182.0,4464.7
"BANJARA HILLS","BANJARA HILLS","BANJARA HILLS","BANJARA HILLS","RD.4 APARTMENTS",DOMESTIC,1,443,439.0,147584.0,2654.2
"BANJARA HILLS","BANJARA HILLS","BANJARA HILLS","BANJARA HILLS","RD.4 INDIVIDUAL SERVICES",DOMESTIC,1,565,549.0,93560.0,1022.74
"BANJARA HILLS","BANJARA HILLS","BANJARA HILLS","BANJARA HILLS","RD.5 PASH AREA@APARTMENTS",DOMESTIC,1,508,502.0,153299.0,2947.7
"BANJARA HILLS","BANJARA HILLS","BANJARA HILLS","BANJARA HILLS","RD.5&6 D.K.BASTI &APARTMENTS",DOMESTIC,1,883,841.0,120579.0,1043.0
"BANJARA HILLS","GREEN LANDS",GREENLANDS,GREENLANDS,"SOMAJIGUDA APTS-II",DOMESTIC,1,388,376.0,101267.0,2077.09
"BANJARA HILLS","GREEN LANDS",GREENLANDS,GREENLANDS,UMANAGAR,DOMESTIC,1,500,487.0,152238.0,2778.36
"BANJARA HILLS","GREEN LANDS",GREENLANDS,GREENLANDS,"VENKATRAM BAGH",DOMESTIC,1,101,96.0,37844.0,530.02
"BANJARA HILLS","GREEN LANDS",GREENLANDS,"SANJEEV REDDY NAGAR","A.LEELA NAGAR (APPTS.)",DOMESTIC,1,1067,1032.0,227099.0,3760.5
"BANJARA HILLS","GREEN LANDS",GREENLANDS,"SANJEEV REDDY NAGAR","AMEERPET (SHESHMAHAL)",DOMESTIC,1,473,447.0,81090.0,716.56
"BANJARA HILLS","GREEN LANDS",GREENLANDS,"SANJEEV REDDY NAGAR","AMEERPET MAIN RD(APPTS.)",DOMESTIC,1,406,387.0,99969.0,1275.0
"BANJARA HILLS","GREEN LANDS",GREENLANDS,"SANJEEV REDDY NAGAR","AMEERPET MAIN ROAD",DOMESTIC,1,543,519.0,88184.0,827.1
"BANJARA HILLS","GREEN LANDS",GREENLANDS,"SANJEEV REDDY NAGAR","AMEERPET(SEESHMAHAL APPTS.)",DOMESTIC,1,444,429.0,96280.0,1546.86
"BANJARA HILLS","GREEN LANDS",GREENLANDS,"SANJEEV REDDY NAGAR","ANAND BAGH",DOMESTIC,1,522,509.0,130680.0,1949.9
"BANJARA HILLS","BANJARA HILLS","BANJARA HILLS","BANJARA HILLS","RD.7 APARTMENTS",DOMESTIC,1,76,76.0,28724.0,577.3
"BANJARA HILLS","BANJARA HILLS","BANJARA HILLS","BANJARA HILLS","RD.7 INDIVIDUAL SERVICES",DOMESTIC,1,454,453.0,137434.0,1627.25
"BANJARA HILLS","BANJARA HILLS","BANJARA HILLS","BANJARA HILLS","ROAD NO 8 9 AND 10",DOMESTIC,1,974,902.0,305126.0,5136.48
"BANJARA HILLS","BANJARA HILLS","BANJARA HILLS","BANJARA HILLS","ROAD NO-4-5-6",DOMESTIC,1,199,199.0,136395.0,3909.0
"BANJARA HILLS","BANJARA HILLS","BANJARA HILLS","BANJARA HILLS","ROAD NO. 11",DOMESTIC,1,612,590.0,233883.0,3160.19
"BANJARA HILLS","BANJARA HILLS","BANJARA HILLS","BANJARA HILLS","ROAD NO.1 BANJARA HILLS",DOMESTIC,1,95,83.0,33814.0,667.0
"BANJARA HILLS","BANJARA HILLS","BANJARA HILLS","BANJARA HILLS","SHOWKATH NGR & KBR PARK LINE",DOMESTIC,1,594,584.0,133090.0,1490.96
"BANJARA HILLS","BANJARA HILLS","BANJARA HILLS","BANJARA HILLS","SINGADI KUNTA",DOMESTIC,1,1959,1845.0,358932.0,4259.89
"BANJARA HILLS","BANJARA HILLS","BANJARA HILLS","BANJARA HILLS","SRINIKETAN COLONY",DOMESTIC,1,366,356.0,86965.0,1603.84
"BANJARA HILLS","GREEN LANDS",GREENLANDS,"SANJEEV REDDY NAGAR","B K GUDA",DOMESTIC,1,1042,1024.0,174054.0,1824.3
"BANJARA HILLS","GREEN LANDS",GREENLANDS,"SANJEEV REDDY NAGAR","B.K.GUDA DASARAM BASTI",DOMESTIC,1,1460,1430.0,185191.0,2003.07
"BANJARA HILLS","GREEN LANDS",GREENLANDS,"SANJEEV REDDY NAGAR","BALKAMPET EAST",DOMESTIC,1,875,843.0,188287.0,2287.26
"BANJARA HILLS","GREEN LANDS",GREENLANDS,"SANJEEV REDDY NAGAR","BALKAMPET WEST",DOMESTIC,1,785,767.0,148167.0,1578.65
"BANJARA HILLS","GREEN LANDS",GREENLANDS,"SANJEEV REDDY NAGAR","BAPU NAGAR NORTH",DOMESTIC,1,582,573.0,109055.0,745.7
"BANJARA HILLS","GREEN LANDS",GREENLANDS,"SANJEEV REDDY NAGAR","BAPU NAGAR SOUTH",DOMESTIC,1,640,608.0,123570.0,968.34
"BANJARA HILLS","GREEN LANDS",GREENLANDS,"SANJEEV REDDY NAGAR","C-TYPE QUARTERS",DOMESTIC,1,1368,1297.0,197013.0,2499.0
"BANJARA HILLS","GREEN LANDS",GREENLANDS,"SANJEEV REDDY NAGAR","CT METERS",DOMESTIC,1,24,24.0,39177.0,688.0
"BANJARA HILLS","BANJARA HILLS","BANJARA HILLS","BANJARA HILLS",UDAYANAGAR,DOMESTIC,1,2140,2080.0,277590.0,2334.72
"BANJARA HILLS","BANJARA HILLS","BANJARA HILLS","BANJARA HILLS",,DOMESTIC,1,3,,0.0,9.0
"BANJARA HILLS","BANJARA HILLS","BANJARA HILLS","FILM NAGAR"," ROAD NO-13, B.HILLS",DOMESTIC,1,596,567.0,160842.0,2377.73
"BANJARA HILLS","BANJARA HILLS","BANJARA HILLS","FILM NAGAR","AMBEDKAR NAGAR, BJR NAGAR",DOMESTIC,1,1550,1288.0,162577.0,1235.79
"BANJARA HILLS","BANJARA HILLS","BANJARA HILLS","FILM NAGAR","APARTMENTS SERVICES RD NO.12",DOMESTIC,1,643,612.0,145987.0,2834.54
"BANJARA HILLS","BANJARA HILLS","BANJARA HILLS","FILM NAGAR","BADRUKA&ITQ& ROCK ROOF APTS",DOMESTIC,1,610,599.0,109803.0,2079.06
"BANJARA HILLS","BANJARA HILLS","BANJARA HILLS","FILM NAGAR","BALREDDY NAGAR",DOMESTIC,1,1693,1420.0,154441.0,1183.92
"BANJARA HILLS","BANJARA HILLS","BANJARA HILLS","FILM NAGAR","BHOLA NAGAR RD NO-12 B,HILLS",DOMESTIC,1,180,155.0,17468.0,272.0
"BANJARA HILLS","BANJARA HILLS","BANJARA HILLS","FILM NAGAR","BJR NAGAR,PATEL NAGAR QUARTERS",DOMESTIC,1,907,888.0,84295.0,814.18
"BANJARA HILLS","BANJARA HILLS","BANJARA HILLS","FILM NAGAR","CHURCH GULLY,MLA COLONY,APOLO",DOMESTIC,1,355,350.0,338956.0,8370.06
"BANJARA HILLS","GREEN LANDS",GREENLANDS,"SANJEEV REDDY NAGAR",D.K.ROAD,DOMESTIC,1,322,314.0,71165.0,997.91
"BANJARA HILLS","GREEN LANDS",GREENLANDS,"SANJEEV REDDY NAGAR","D.K.ROAD APARTMENTS",DOMESTIC,1,978,946.0,223567.0,3748.1
"BANJARA HILLS","GREEN LANDS",GREENLANDS,"SANJEEV REDDY NAGAR","DIVYASHAKTI APARTMENTS",DOMESTIC,1,357,348.0,50271.0,1311.0
"BANJARA HILLS","GREEN LANDS",GREENLANDS,"SANJEEV REDDY NAGAR","ESI QUARTERS",DOMESTIC,1,261,55.0,3595.0,546.7
"BANJARA HILLS","GREEN LANDS",GREENLANDS,"SANJEEV REDDY NAGAR","GAYTHRI NAGR",DOMESTIC,1,452,443.0,97046.0,1348.2
"BANJARA HILLS","GREEN LANDS",GREENLANDS,"SANJEEV REDDY NAGAR","GRC HV S R NAGAR",DOMESTIC,1,6,4.0,1532.0,36.0
"BANJARA HILLS","GREEN LANDS",GREENLANDS,"SANJEEV REDDY NAGAR","HIGH VALUE AMEERPET",DOMESTIC,1,33,33.0,6943.0,295.0
"BANJARA HILLS","GREEN LANDS",GREENLANDS,"SANJEEV REDDY NAGAR","HIGHVALUE SR NAGAR NORTH",DOMESTIC,1,51,50.0,14991.0,285.1
"BANJARA HILLS","BANJARA HILLS","BANJARA HILLS","FILM NAGAR","D.D.N - VINAYAK NAGAR",DOMESTIC,1,1564,1491.0,211945.0,1545.58
"BANJARA HILLS","BANJARA HILLS","BANJARA HILLS","FILM NAGAR","DURGA BHAVANI NAGAR",DOMESTIC,1,1129,887.0,122058.0,976.63
"BANJARA HILLS","BANJARA HILLS","BANJARA HILLS","FILM NAGAR","GOVT SERVICES",DOMESTIC,1,31,31.0,31526.0,308.0
"BANJARA HILLS","BANJARA HILLS","BANJARA HILLS","FILM NAGAR","GRC HIGH VALUES RDNO-12&13 BAN",DOMESTIC,1,315,312.0,285165.0,5728.27
"BANJARA HILLS","BANJARA HILLS","BANJARA HILLS","FILM NAGAR","GRC-JUBILEE HILLS &FILM NAGAR",DOMESTIC,1,447,438.0,536385.0,11164.5
"BANJARA HILLS","BANJARA HILLS","BANJARA HILLS","FILM NAGAR","GYANI JAIL SINGH NAGAR",DOMESTIC,1,1245,1089.0,136358.0,1133.94
"BANJARA HILLS","BANJARA HILLS","BANJARA HILLS","FILM NAGAR","J HILLS, 71,72,73,74,75,76,77",DOMESTIC,1,729,677.0,212939.0,3499.57
"BANJARA HILLS","GREEN LANDS",GREENLANDS,"SANJEEV REDDY NAGAR",I.G.PURAM,DOMESTIC,1,1252,1179.0,163614.0,1271.17
"BANJARA HILLS","GREEN LANDS",GREENLANDS,"SANJEEV REDDY NAGAR","LEELA NAGAR",DOMESTIC,1,1133,1100.0,226038.0,3847.02
"BANJARA HILLS","GREEN LANDS",GREENLANDS,"SANJEEV REDDY NAGAR","MODEL COLONY APARTMENTS",DOMESTIC,1,572,569.0,142401.0,2332.62
"BANJARA HILLS","GREEN LANDS",GREENLANDS,"SANJEEV REDDY NAGAR","NABARD QUARTERS",DOMESTIC,1,174,170.0,24836.0,440.0
"BANJARA HILLS","GREEN LANDS",GREENLANDS,"SANJEEV REDDY NAGAR","NEEMKAR COLONY",DOMESTIC,1,1167,1143.0,199765.0,2148.82
"BANJARA HILLS","GREEN LANDS",GREENLANDS,"SANJEEV REDDY NAGAR","S R NAGAR NORTH B TYPE",DOMESTIC,1,232,225.0,42352.0,599.9
"BANJARA HILLS","GREEN LANDS",GREENLANDS,"SANJEEV REDDY NAGAR","S R NAGAR NORTH EWS",DOMESTIC,1,409,407.0,61391.0,744.63
"BANJARA HILLS","GREEN LANDS",GREENLANDS,"SANJEEV REDDY NAGAR","S.R.NAGAR (NORTH)",DOMESTIC,1,771,753.0,123523.0,1685.23
"BANJARA HILLS","GREEN LANDS",GREENLANDS,"SANJEEV REDDY NAGAR","S.R.NAGAR (SOUTH)",DOMESTIC,1,734,700.0,143100.0,1871.7
"BANJARA HILLS","BANJARA HILLS","BANJARA HILLS","FILM NAGAR","J HILLS,78,79,80,81,82",DOMESTIC,1,1099,1016.0,281955.0,3813.69
"BANJARA HILLS","BANJARA HILLS","BANJARA HILLS","FILM NAGAR","JOURNALIST A&B NANDAGIRI HILLS",DOMESTIC,1,881,837.0,217878.0,3823.86
"BANJARA HILLS","BANJARA HILLS","BANJARA HILLS","FILM NAGAR","JUBILEE HILLS ROAD NO.92",DOMESTIC,1,1564,1529.0,510310.0,9493.01
"BANJARA HILLS","BANJARA HILLS","BANJARA HILLS","FILM NAGAR","M L A COLONY",DOMESTIC,1,1347,1293.0,450806.0,7505.39
"BANJARA HILLS","BANJARA HILLS","BANJARA HILLS","FILM NAGAR","M.G NAGAR",DOMESTIC,1,839,675.0,65635.0,478.31
"BANJARA HILLS","BANJARA HILLS","BANJARA HILLS","FILM NAGAR","MRNC.BHAGAT SING.GOUTAM NAGAR",DOMESTIC,1,2019,1834.0,233156.0,1959.58
"BANJARA HILLS","BANJARA HILLS","BANJARA HILLS","FILM NAGAR","N B NAGAR",DOMESTIC,1,787,741.0,110218.0,908.83
"BANJARA HILLS","BANJARA HILLS","BANJARA HILLS","FILM NAGAR","N B T NAGAR",DOMESTIC,1,1951,1862.0,271828.0,2417.85
"BANJARA HILLS","BANJARA HILLS","BANJARA HILLS","FILM NAGAR","N.B.T NAGAR",DOMESTIC,1,2072,2023.0,280214.0,2501.29
"BANJARA HILLS","GREEN LANDS",GREENLANDS,"SANJEEV REDDY NAGAR","S.R.NAGAR(NORTH) APTS.",DOMESTIC,1,939,920.0,215772.0,3152.64
"BANJARA HILLS","GREEN LANDS",GREENLANDS,"SANJEEV REDDY NAGAR","SCIENTIFIC COLONY",DOMESTIC,1,881,851.0,134700.0,1682.24
"BANJARA HILLS","GREEN LANDS",GREENLANDS,"SANJEEV REDDY NAGAR","SHIVA BAGH",DOMESTIC,1,277,270.0,58022.0,652.33
"BANJARA HILLS","GREEN LANDS",GREENLANDS,"SANJEEV REDDY NAGAR","SONA BAI TEMPLE",DOMESTIC,1,310,306.0,70731.0,530.58
"BANJARA HILLS","GREEN LANDS",GREENLANDS,"SANJEEV REDDY NAGAR","SRINIVASA COLONY (EAST)",DOMESTIC,1,567,539.0,99848.0,1476.1
"BANJARA HILLS","GREEN LANDS",GREENLANDS,"SANJEEV REDDY NAGAR","SRIRAM NAGAR",DOMESTIC,1,1169,1149.0,217463.0,2784.62
"BANJARA HILLS","GREEN LANDS",GREENLANDS,"SANJEEV REDDY NAGAR","SUNDERNAGAR MODEL COLONY",DOMESTIC,1,492,436.0,69887.0,916.39
"BANJARA HILLS","BANJARA HILLS","BANJARA HILLS","FILM NAGAR","PENSION OFIC TO RDNO-12 S.S",DOMESTIC,1,425,396.0,134294.0,1907.04
"BANJARA HILLS","BANJARA HILLS","BANJARA HILLS","FILM NAGAR","PRASHASAN NAGAR",DOMESTIC,1,808,783.0,184392.0,4054.92
"BANJARA HILLS","BANJARA HILLS","BANJARA HILLS","FILM NAGAR","RDNO-12 SS TO TRS  BHAVAN CIRC",DOMESTIC,1,733,704.0,235940.0,4922.97
"BANJARA HILLS","BANJARA HILLS","BANJARA HILLS","FILM NAGAR","SRIRAM NAGAR RD NO-13",DOMESTIC,1,1842,1806.0,292060.0,2603.7
"BANJARA HILLS","BANJARA HILLS","BANJARA HILLS","FILM NAGAR","SYED NAGAR",DOMESTIC,1,660,592.0,105800.0,796.2
"BANJARA HILLS","BANJARA HILLS","BANJARA HILLS","FILM NAGAR","TRS BHAVAN TO MINISTERS QRTERS",DOMESTIC,1,534,512.0,204327.0,3416.5
"BANJARA HILLS","BANJARA HILLS","JUBILEE HILLS","JUBILEE HILLS","ASWINI & HUDA ENCLAVE",DOMESTIC,1,746,727.0,269232.0,5301.0
"BANJARA HILLS","BANJARA HILLS",AMEERPET,"SRI KRISHNA NAGAR","A G COLONY",DOMESTIC,1,1030,632.0,39717.0,1241.58
"BANJARA HILLS","BANJARA HILLS",AMEERPET,"SRI KRISHNA NAGAR","COUNCELLOR & VIDEO LANE",DOMESTIC,1,1460,1412.0,175142.0,1635.55
"BANJARA HILLS","BANJARA HILLS",AMEERPET,"SRI KRISHNA NAGAR","CT METERS-GRC",DOMESTIC,1,29,28.0,16207.0,480.0
"BANJARA HILLS","BANJARA HILLS",AMEERPET,"SRI KRISHNA NAGAR","GANDHI STATUE LANE",DOMESTIC,1,283,282.0,39370.0,466.67
"BANJARA HILLS","BANJARA HILLS",AMEERPET,"SRI KRISHNA NAGAR","GRC - NON CT METERS",DOMESTIC,1,77,77.0,21249.0,596.0
"BANJARA HILLS","BANJARA HILLS",AMEERPET,"SRI KRISHNA NAGAR","JAWAHAR NAGAR SAIBABA TEMPEL",DOMESTIC,1,1404,1384.0,184637.0,1777.8
"BANJARA HILLS","BANJARA HILLS",AMEERPET,"SRI KRISHNA NAGAR",JAWAHARNAGAR,DOMESTIC,1,2233,2165.0,272939.0,2637.84
"BANJARA HILLS","BANJARA HILLS",AMEERPET,"SRI KRISHNA NAGAR","KALYAN NAGAR",DOMESTIC,1,317,299.0,63271.0,889.21
"BANJARA HILLS","BANJARA HILLS","JUBILEE HILLS","JUBILEE HILLS","BNR & NANDI HILLS",DOMESTIC,1,226,214.0,74882.0,1257.0
"BANJARA HILLS","BANJARA HILLS","JUBILEE HILLS","JUBILEE HILLS",CC-CAMERAS,DOMESTIC,1,1,1.0,0.0,1.0
"BANJARA HILLS","BANJARA HILLS","JUBILEE HILLS","JUBILEE HILLS","CYBER HILLS",DOMESTIC,1,392,388.0,85414.0,1556.0
"BANJARA HILLS","BANJARA HILLS","JUBILEE HILLS","JUBILEE HILLS","DOMESTIC HT",DOMESTIC,1,45,44.0,450156.0,7391.0
"BANJARA HILLS","BANJARA HILLS","JUBILEE HILLS","JUBILEE HILLS","GRC HIGH VALUES",DOMESTIC,1,468,463.0,428273.0,10223.0
"BANJARA HILLS","BANJARA HILLS","JUBILEE HILLS","JUBILEE HILLS","GUTTALA BEGUMPET",DOMESTIC,1,1544,1409.0,379117.0,9750.04
"BANJARA HILLS","BANJARA HILLS","JUBILEE HILLS","JUBILEE HILLS","HIGH VALUE  ROAD NO 1 TO 21",DOMESTIC,1,187,184.0,260625.0,5236.0
"BANJARA HILLS","BANJARA HILLS","JUBILEE HILLS","JUBILEE HILLS",HIGHVALUE,DOMESTIC,1,274,271.0,159128.0,3597.0
"BANJARA HILLS","BANJARA HILLS",AMEERPET,"SRI KRISHNA NAGAR","KALYAN NAGAR APARTMENT",DOMESTIC,1,986,980.0,229226.0,3345.1
"BANJARA HILLS","BANJARA HILLS",AMEERPET,"SRI KRISHNA NAGAR","MADHRANAGAR A  C",DOMESTIC,1,863,839.0,181488.0,2771.34
"BANJARA HILLS","BANJARA HILLS",AMEERPET,"SRI KRISHNA NAGAR","MADHURA NAGAR(B,D,H)",DOMESTIC,1,1724,1673.0,360171.0,5587.53
"BANJARA HILLS","BANJARA HILLS",AMEERPET,"SRI KRISHNA NAGAR","MADHURANGAR E F G",DOMESTIC,1,2026,2004.0,464247.0,6343.1
"BANJARA HILLS","BANJARA HILLS",AMEERPET,"SRI KRISHNA NAGAR","RAHAMATH NAGAR CHURCH",DOMESTIC,1,2490,2425.0,301489.0,2980.05
"BANJARA HILLS","BANJARA HILLS",AMEERPET,"SRI KRISHNA NAGAR",RAHMATHNAGAR(SOUTH),DOMESTIC,1,2243,2168.0,280242.0,2415.88
"BANJARA HILLS","BANJARA HILLS",AMEERPET,"SRI KRISHNA NAGAR","SIDHARTHA NAGAR",DOMESTIC,1,1025,997.0,211821.0,3188.49
"BANJARA HILLS","BANJARA HILLS","JUBILEE HILLS","JUBILEE HILLS","HV RD NO 39 TO 45 & 54 TO 68",DOMESTIC,1,202,201.0,314863.0,5908.0
"BANJARA HILLS","BANJARA HILLS","JUBILEE HILLS","JUBILEE HILLS","HV ROAD 22 TO 35",DOMESTIC,1,277,274.0,340079.0,7960.0
"BANJARA HILLS","BANJARA HILLS","JUBILEE HILLS","JUBILEE HILLS","JUBILEE BILLS  54 TO 60",DOMESTIC,1,365,343.0,118597.0,1909.7
"BANJARA HILLS","BANJARA HILLS","JUBILEE HILLS","JUBILEE HILLS","JUBILEE HILLS 36 TO 44 AND 44A",DOMESTIC,1,231,204.0,95395.0,1371.03
"BANJARA HILLS","BANJARA HILLS","JUBILEE HILLS","JUBILEE HILLS","JUBILEE HILLS 45 TO 53",DOMESTIC,1,443,396.0,133984.0,2170.52
"BANJARA HILLS","BANJARA HILLS","JUBILEE HILLS","JUBILEE HILLS","JUBILEE HILLS RD NO. 10 TO 15",DOMESTIC,1,380,354.0,103186.0,1588.72
"BANJARA HILLS","BANJARA HILLS","JUBILEE HILLS","JUBILEE HILLS","JUBILEE HILLS RD NOS. 1 TO 9",DOMESTIC,1,565,515.0,110542.0,2330.6
"BANJARA HILLS","BANJARA HILLS",AMEERPET,"SRI KRISHNA NAGAR","SRINIVASA COLONY",DOMESTIC,1,408,357.0,84342.0,1090.29
"BANJARA HILLS","BANJARA HILLS",AMEERPET,"SRI KRISHNA NAGAR","VENGALARAO NAGAR (C,D)",DOMESTIC,1,1361,1345.0,189993.0,2275.23
"BANJARA HILLS","BANJARA HILLS",AMEERPET,"SRI KRISHNA NAGAR","VENGALARAO NAGAR A B C",DOMESTIC,1,1375,1339.0,258891.0,3768.49
"BANJARA HILLS","BANJARA HILLS",AMEERPET,"SRI KRISHNA NAGAR","VIKASPURI & LAKSHIMINAGAR",DOMESTIC,1,985,952.0,158275.0,2206.04
"BANJARA HILLS","BANJARA HILLS",AMEERPET,"SRI KRISHNA NAGAR","YADAGIRI NAGAR",DOMESTIC,1,1595,1579.0,257251.0,2427.24
"BANJARA HILLS","BANJARA HILLS",AMEERPET,"YELLA REDDY GUDA","ALI NAGAR&SARATHI STUDIO",DOMESTIC,1,969,955.0,195443.0,2859.42
"BANJARA HILLS","BANJARA HILLS",AMEERPET,"YELLA REDDY GUDA","AMBEDKAR NAGAR",DOMESTIC,1,882,843.0,130676.0,1167.51
"BANJARA HILLS","BANJARA HILLS",AMEERPET,"YELLA REDDY GUDA",AMEERPET,DOMESTIC,1,10,7.0,2582.0,19.0
"BANJARA HILLS","BANJARA HILLS","JUBILEE HILLS","JUBILEE HILLS","JUBILEE HILLS RD NOS. 26 TO 35",DOMESTIC,1,415,384.0,124171.0,1901.96
"BANJARA HILLS","BANJARA HILLS","JUBILEE HILLS","JUBILEE HILLS","JUBILEE HILLS RD NOS.24,25,27",DOMESTIC,1,201,189.0,91818.0,1074.24
"BANJARA HILLS","BANJARA HILLS","JUBILEE HILLS","JUBILEE HILLS","JUBILLE HILLS RD NO. 16 TO 22",DOMESTIC,1,249,222.0,99257.0,1222.75
"BANJARA HILLS","BANJARA HILLS","JUBILEE HILLS","JUBILEE HILLS","KAKATEEYA HILLS",DOMESTIC,1,1291,1275.0,326371.0,7669.0
"BANJARA HILLS","BANJARA HILLS","JUBILEE HILLS","JUBILEE HILLS","MASTANNAGAR RD.NO.46",DOMESTIC,1,907,861.0,116928.0,1515.07
"BANJARA HILLS","BANJARA HILLS","JUBILEE HILLS","JUBILEE HILLS","PRASHASAN NAGAR",DOMESTIC,1,505,493.0,164914.0,2720.0
"BANJARA HILLS","BANJARA HILLS","JUBILEE HILLS","JUBILEE HILLS","ROAD NO 36 MAIN ROAD",DOMESTIC,1,20,18.0,28639.0,388.0
"BANJARA HILLS","BANJARA HILLS","JUBILEE HILLS",MADHAPUR,"(HARIJANA BASTI) SAI NAGAR",DOMESTIC,1,1698,1660.0,254519.0,2925.56
"BANJARA HILLS","BANJARA HILLS",AMEERPET,"YELLA REDDY GUDA","AMEERPET COMPLEX",DOMESTIC,1,708,706.0,162023.0,2844.3
"BANJARA HILLS","BANJARA HILLS",AMEERPET,"YELLA REDDY GUDA","GRC HIGH VALUES",DOMESTIC,1,49,47.0,65546.0,1208.2
"BANJARA HILLS","BANJARA HILLS",AMEERPET,"YELLA REDDY GUDA","GRC- NON - C.T.  METERS",DOMESTIC,1,51,51.0,14444.0,356.0
"BANJARA HILLS","BANJARA HILLS",AMEERPET,"YELLA REDDY GUDA","HABEEB BAGH",DOMESTIC,1,866,858.0,144201.0,1182.46
"BANJARA HILLS","BANJARA HILLS",AMEERPET,"YELLA REDDY GUDA","INDIRA NAGAR",DOMESTIC,1,1479,1402.0,185191.0,1675.84
"BANJARA HILLS","BANJARA HILLS",AMEERPET,"YELLA REDDY GUDA",INDIRANAGER-2,DOMESTIC,1,1262,1258.0,165446.0,1417.85
"BANJARA HILLS","BANJARA HILLS",AMEERPET,"YELLA REDDY GUDA","JAWAHAR NAGAR&INDIRA NAGAR",DOMESTIC,1,1544,1459.0,213058.0,1772.58
"BANJARA HILLS","BANJARA HILLS",AMEERPET,"YELLA REDDY GUDA","JAWAHAR NAGAR-2",DOMESTIC,1,831,825.0,123930.0,1078.02
"BANJARA HILLS","BANJARA HILLS",AMEERPET,"YELLA REDDY GUDA","JP NAGAR & ENGINEERS COLONY",DOMESTIC,1,1445,1424.0,299902.0,4537.97
"BANJARA HILLS","BANJARA HILLS","JUBILEE HILLS",MADHAPUR,"ARUNDHOYA COLONY,JAIHIND ENCLA",DOMESTIC,1,1264,1227.0,265732.0,5350.72
"BANJARA HILLS","BANJARA HILLS","JUBILEE HILLS",MADHAPUR,"ARUNDHOYA,KAVURI,IMAGE GARDEN",DOMESTIC,1,26,23.0,17043.0,382.26
"BANJARA HILLS","BANJARA HILLS","JUBILEE HILLS",MADHAPUR,"CYBER TOWER AREA,PATRIKANAGAR",DOMESTIC,1,25,25.0,38474.0,471.0
"BANJARA HILLS","BANJARA HILLS","JUBILEE HILLS",MADHAPUR,"JENCLAVE, GAFOOR,VITTAL NAGAR",DOMESTIC,1,46,46.0,69694.0,886.0
"BANJARA HILLS","BANJARA HILLS","JUBILEE HILLS",MADHAPUR,"KAVURI HILLS",DOMESTIC,1,79,78.0,44971.0,1140.0
"BANJARA HILLS","BANJARA HILLS","JUBILEE HILLS",MADHAPUR,"KAVURI HILLS(D-MART),AMAR COOP",DOMESTIC,1,816,769.0,190024.0,3897.52
"BANJARA HILLS","GREEN LANDS",GREENLANDS,BEGUMPET,"ALLAMTHOTA BAI",DOMESTIC,1,1217,1183.0,172855.0,1502.4
"BANJARA HILLS","GREEN LANDS",GREENLANDS,BEGUMPET,"ALLAMTHOTABAI APTS",DOMESTIC,1,798,787.0,180058.0,2987.9
"BANJARA HILLS","GREEN LANDS",GREENLANDS,BEGUMPET,"ALLAUDDIN BUILDINGS",DOMESTIC,1,1355,1286.0,211205.0,2729.94
"BANJARA HILLS","GREEN LANDS",GREENLANDS,BEGUMPET,"B.PET RAILWAY STATION",DOMESTIC,1,326,310.0,54001.0,374.84
"BANJARA HILLS","GREEN LANDS",GREENLANDS,BEGUMPET,"BEGUMPET BASTHI",DOMESTIC,1,834,790.0,124691.0,895.27
"BANJARA HILLS","BANJARA HILLS",AMEERPET,"YELLA REDDY GUDA","KAMALAPURI COLONY",DOMESTIC,1,730,711.0,148845.0,2742.77
"BANJARA HILLS","BANJARA HILLS",AMEERPET,"YELLA REDDY GUDA","NAGARJUNA NAGAR",DOMESTIC,1,535,524.0,117556.0,1727.0
"BANJARA HILLS","BANJARA HILLS",AMEERPET,"YELLA REDDY GUDA","OLD YELLAREDDYGUDA",DOMESTIC,1,1185,1144.0,207188.0,2651.5
"BANJARA HILLS","BANJARA HILLS",AMEERPET,"YELLA REDDY GUDA",PANJAGUTTA,DOMESTIC,1,333,272.0,45433.0,446.72
"BANJARA HILLS","BANJARA HILLS",AMEERPET,"YELLA REDDY GUDA","SG NAGAR,BSNL,MARKET AREA",DOMESTIC,1,1281,1247.0,214219.0,2209.45
"BANJARA HILLS","BANJARA HILLS",AMEERPET,"YELLA REDDY GUDA","SHALIVAHANA NAGAR",DOMESTIC,1,477,476.0,90643.0,1464.98
"BANJARA HILLS","BANJARA HILLS",AMEERPET,"YELLA REDDY GUDA","SHALIVAHANA SBH NAVODAYA",DOMESTIC,1,1312,1290.0,301012.0,4848.86
"BANJARA HILLS","BANJARA HILLS",AMEERPET,"YELLA REDDY GUDA","SKD NAGAR",DOMESTIC,1,245,230.0,50278.0,811.34
"BANJARA HILLS","BANJARA HILLS","JUBILEE HILLS",MADHAPUR,"KUMAR BASTI,NECTAR GARDEN",DOMESTIC,1,903,853.0,215045.0,3399.73
"BANJARA HILLS","BANJARA HILLS","JUBILEE HILLS",MADHAPUR,"MADHAPUR BASTI",DOMESTIC,1,548,546.0,90771.0,1189.09
"BANJARA HILLS","BANJARA HILLS","JUBILEE HILLS",MADHAPUR,"MEGA HILLS",DOMESTIC,1,394,394.0,78678.0,1120.64
"BANJARA HILLS","BANJARA HILLS","JUBILEE HILLS",MADHAPUR,"MY HOMES APARTMENTS",DOMESTIC,1,575,575.0,148663.0,3965.0
"BANJARA HILLS","BANJARA HILLS","JUBILEE HILLS",MADHAPUR,"PATRIKANAGAR,JUBILEE ENCLAVE",DOMESTIC,1,1180,1025.0,252852.0,5491.0
"BANJARA HILLS","BANJARA HILLS","JUBILEE HILLS",MADHAPUR,"VADARA BASTI,MEGHA,SRIRAM TANK",DOMESTIC,1,901,860.0,161377.0,2010.07
"BANJARA HILLS","BANJARA HILLS","JUBILEE HILLS",MADHAPUR,"VINAYAK NAGAR",DOMESTIC,1,881,803.0,178562.0,3086.03
"BANJARA HILLS","GREEN LANDS",GREENLANDS,BEGUMPET,BRAHMANWADI,DOMESTIC,1,1271,1177.0,171543.0,1506.73
"BANJARA HILLS","GREEN LANDS",GREENLANDS,BEGUMPET,"BRAHMANWADI APTS",DOMESTIC,1,1227,1182.0,249793.0,4158.24
"BANJARA HILLS","GREEN LANDS",GREENLANDS,BEGUMPET,"CHIKOTI GARDEN",DOMESTIC,1,185,166.0,44670.0,670.67
"BANJARA HILLS","GREEN LANDS",GREENLANDS,BEGUMPET,"CHIKOTIGADEN APTS",DOMESTIC,1,873,865.0,255961.0,4892.04
"BANJARA HILLS","GREEN LANDS",GREENLANDS,BEGUMPET,"DWARAKA DASS COLONY",DOMESTIC,1,1158,1147.0,141826.0,1729.55
"BANJARA HILLS","GREEN LANDS",GREENLANDS,BEGUMPET,"GRC - P.GADDA, P.NAGAR",DOMESTIC,1,27,25.0,38993.0,431.59
"BANJARA HILLS","GREEN LANDS",GREENLANDS,BEGUMPET,"GRC. C. GARDEN & B.WADI",DOMESTIC,1,28,27.0,38991.0,478.47
"BANJARA HILLS","BANJARA HILLS",AMEERPET,"YELLA REDDY GUDA","SRINAGAR APARTMENTS",DOMESTIC,1,1120,1114.0,323613.0,5289.6
"BANJARA HILLS","BANJARA HILLS",AMEERPET,"YELLA REDDY GUDA","SRINAGAR KESHAVNAGAR",DOMESTIC,1,964,947.0,251256.0,4532.72
"BANJARA HILLS","BANJARA HILLS",AMEERPET,"YELLA REDDY GUDA","STEEL & MINES",DOMESTIC,1,160,160.0,30812.0,517.0
"BANJARA HILLS","BANJARA HILLS",AMEERPET,"YELLA REDDY GUDA","TEMP SUPPLY",DOMESTIC,1,1,1.0,267.0,12.0
"BANJARA HILLS","BANJARA HILLS",AMEERPET,"YELLA REDDY GUDA","UPPER BASTI",DOMESTIC,1,1244,1205.0,183844.0,1928.23
"BANJARA HILLS","BANJARA HILLS",AMEERPET,"YELLA REDDY GUDA","WB. WADDAR BASTHI",DOMESTIC,1,1269,1239.0,219211.0,2687.33
"BANJARA HILLS","BANJARA HILLS",AMEERPET,YOUSUFGUDA,B-BLOCK-2,DOMESTIC,1,1376,1367.0,187875.0,1749.86
"BANJARA HILLS","BANJARA HILLS",AMEERPET,YOUSUFGUDA,"F-BLOCK SK NAGAR",DOMESTIC,1,498,495.0,76495.0,780.79
"BANJARA HILLS","BANJARA HILLS",AMEERPET,YOUSUFGUDA,"GAYATRI HILLS",DOMESTIC,1,1378,1366.0,214816.0,2332.53
"BANJARA HILLS","BANJARA HILLS","JUBILEE HILLS",MADHAPUR,"VITTAL RAO NAGAR,GAFOORNAGAR",DOMESTIC,1,1493,1474.0,375789.0,8486.26
"BANJARA HILLS","GREEN LANDS",GREENLANDS,BEGUMPET,"GRC. SHYAMLAL",DOMESTIC,1,42,32.0,37711.0,644.0
"BANJARA HILLS","GREEN LANDS",GREENLANDS,BEGUMPET,I.A.L.COLONY,DOMESTIC,1,1251,1227.0,302488.0,3960.13
"BANJARA HILLS","GREEN LANDS",GREENLANDS,BEGUMPET,"MATHAJI NAGAR",DOMESTIC,1,854,834.0,103025.0,957.29
"BANJARA HILLS","GREEN LANDS",GREENLANDS,BEGUMPET,"MOTHILAL NAGAR BHA.PUR",DOMESTIC,1,1364,1289.0,215399.0,3369.16
"BANJARA HILLS","GREEN LANDS",GREENLANDS,BEGUMPET,"N.B.T. NAGAR P. GADDA",DOMESTIC,1,507,490.0,59692.0,421.96
"BANJARA HILLS","GREEN LANDS",GREENLANDS,BEGUMPET,"P.  NAGAR WATER TANK",DOMESTIC,1,247,240.0,32431.0,472.36
"BANJARA HILLS","GREEN LANDS",GREENLANDS,BEGUMPET,"P. GADDA GOVT. QRTS.",DOMESTIC,1,509,86.0,12271.0,699.78
"BANJARA HILLS","GREEN LANDS",GREENLANDS,BEGUMPET,"P. NAGAR COLONY",DOMESTIC,1,984,949.0,138264.0,1570.6
"BANJARA HILLS","GREEN LANDS",GREENLANDS,BEGUMPET,"P. NAGAR EXTENSION",DOMESTIC,1,1165,1122.0,180558.0,2379.34
"BANJARA HILLS","BANJARA HILLS",AMEERPET,YOUSUFGUDA,"GRC HIGH VALUES",DOMESTIC,1,282,281.0,239795.0,5054.0
"BANJARA HILLS","BANJARA HILLS",AMEERPET,YOUSUFGUDA,"HYLAM COLONY",DOMESTIC,1,1380,1374.0,249583.0,2663.36
"BANJARA HILLS","BANJARA HILLS",AMEERPET,YOUSUFGUDA,"KRISHNA NAGAR C BLOCK",DOMESTIC,1,1915,1868.0,265001.0,2602.2
"BANJARA HILLS","BANJARA HILLS",AMEERPET,YOUSUFGUDA,"KRISHNANAGAR C BLOCK",DOMESTIC,1,1076,1060.0,141206.0,1313.29
"BANJARA HILLS","BANJARA HILLS",AMEERPET,YOUSUFGUDA,"LAXMI NARSIMHA NAGAR",DOMESTIC,1,1071,1021.0,125016.0,1212.67
"BANJARA HILLS","BANJARA HILLS",AMEERPET,YOUSUFGUDA,"LAXMI NARSIMHA NAGAR-2",DOMESTIC,1,1153,1121.0,133309.0,1241.74
"BANJARA HILLS","BANJARA HILLS",AMEERPET,YOUSUFGUDA,"LN NAGAR MAZIDH",DOMESTIC,1,1152,1150.0,149295.0,1432.61
"BANJARA HILLS","BANJARA HILLS",AMEERPET,YOUSUFGUDA,"MARUTHI NAGAR",DOMESTIC,1,896,896.0,144224.0,1859.83
"BANJARA HILLS","BANJARA HILLS",AMEERPET,YOUSUFGUDA,"MLA,MPS COLONY",DOMESTIC,1,622,560.0,208771.0,3181.68
"BANJARA HILLS","BANJARA HILLS",AMEERPET,YOUSUFGUDA,"POLICE  QUARTERS",DOMESTIC,1,946,311.0,37249.0,897.04
"BANJARA HILLS","BANJARA HILLS",AMEERPET,YOUSUFGUDA,"POLICE QUARTERS",DOMESTIC,1,649,452.0,51533.0,820.28
"BANJARA HILLS","GREEN LANDS",GREENLANDS,BEGUMPET,"PATIGADDA EXTN",DOMESTIC,1,798,675.0,101112.0,794.24
"BANJARA HILLS","GREEN LANDS",GREENLANDS,BEGUMPET,"PRAKASH NAGAR RIGHT",DOMESTIC,1,1278,1226.0,160547.0,1771.79
"BANJARA HILLS","GREEN LANDS",GREENLANDS,BEGUMPET,R.B.I.QUARTERS,DOMESTIC,1,316,290.0,30381.0,666.04
"BANJARA HILLS","GREEN LANDS",GREENLANDS,BEGUMPET,"SHAM LAL INDIVISUAL",DOMESTIC,1,586,574.0,83567.0,702.9
"BANJARA HILLS","GREEN LANDS",GREENLANDS,BEGUMPET,"SHAMLAL BUILDINGS",DOMESTIC,1,1064,1021.0,139835.0,1451.47
"BANJARA HILLS","GREEN LANDS",GREENLANDS,BEGUMPET,"SHAMLAL BUILDINGS APTS",DOMESTIC,1,1543,1527.0,350329.0,5473.37
"BANJARA HILLS","GREEN LANDS",GREENLANDS,BEGUMPET,"SHYAM SIDARTHA SLAM",DOMESTIC,1,992,981.0,169103.0,2920.38
"BANJARA HILLS","GREEN LANDS",GREENLANDS,BEGUMPET,"TATA CHARY CLY",DOMESTIC,1,1725,1701.0,232028.0,2143.95
"BANJARA HILLS","GREEN LANDS",GREENLANDS,BEGUMPET,"VADDERA BASTHI. P. GADDA",DOMESTIC,1,563,512.0,56017.0,500.78
"BANJARA HILLS","BANJARA HILLS",AMEERPET,YOUSUFGUDA,PRAGATHINAGAR-1,DOMESTIC,1,1163,1151.0,297024.0,4200.72
"BANJARA HILLS","BANJARA HILLS",AMEERPET,YOUSUFGUDA,"RAHAMATH NAGAR MAZIDH GALLI",DOMESTIC,1,1645,1639.0,203112.0,2073.67
"BANJARA HILLS","BANJARA HILLS",AMEERPET,YOUSUFGUDA,RAHAMATHNAGAR--2,DOMESTIC,1,860,833.0,102113.0,925.32
"BANJARA HILLS","BANJARA HILLS",AMEERPET,YOUSUFGUDA,RAHAMATHNAGAR-1,DOMESTIC,1,1917,1880.0,220061.0,2198.17
"BANJARA HILLS","BANJARA HILLS",AMEERPET,YOUSUFGUDA,"RAHMANTHNAGAR (NORTH)",DOMESTIC,1,1798,1721.0,197073.0,2138.67
"BANJARA HILLS","BANJARA HILLS",AMEERPET,YOUSUFGUDA,"S K NAGAR A-BLOCK",DOMESTIC,1,1088,1058.0,143596.0,1436.35
"BANJARA HILLS","BANJARA HILLS",AMEERPET,YOUSUFGUDA,"S.K.NAGAR & BARRELA PT",DOMESTIC,1,1172,1163.0,174197.0,1709.22
"BANJARA HILLS","BANJARA HILLS",AMEERPET,YOUSUFGUDA,SANTOSHGIRI,DOMESTIC,1,2424,2314.0,249643.0,2627.66
"BANJARA HILLS","BANJARA HILLS",AMEERPET,YOUSUFGUDA,"SRAVANTHI NAGAR",DOMESTIC,1,1346,1336.0,234951.0,2713.67
"BANJARA HILLS","GREEN LANDS",GREENLANDS,BEGUMPET,"VIKAR NAGAR",DOMESTIC,1,619,511.0,87070.0,666.69
"BANJARA HILLS","GREEN LANDS",GREENLANDS,GREENLANDS,"AMEERPET (SOUTH)",DOMESTIC,1,191,174.0,34260.0,409.41
"BANJARA HILLS","GREEN LANDS",GREENLANDS,GREENLANDS,"AMEERPET COLONY (RBI)",DOMESTIC,1,361,332.0,51823.0,907.16
"BANJARA HILLS","GREEN LANDS",GREENLANDS,GREENLANDS,"AMEERPET DURGANAGAR",DOMESTIC,1,138,137.0,24174.0,418.7
"BANJARA HILLS","GREEN LANDS",GREENLANDS,GREENLANDS,"AMRUTHA HILLS",DOMESTIC,1,175,166.0,32420.0,839.0
"BANJARA HILLS","GREEN LANDS",GREENLANDS,GREENLANDS,"B S HARI GATE",DOMESTIC,1,473,473.0,99670.0,956.89
"BANJARA HILLS","GREEN LANDS",GREENLANDS,GREENLANDS,"B S MAKTHA APARTMENTS",DOMESTIC,1,436,426.0,100907.0,1962.0
"BANJARA HILLS","GREEN LANDS",GREENLANDS,GREENLANDS,"B S MAKTHA II{MYSAMMA TEMPLE}",DOMESTIC,1,661,651.0,87099.0,1047.74
"BANJARA HILLS","GREEN LANDS",GREENLANDS,GREENLANDS,B.S.MAKTHA,DOMESTIC,1,866,851.0,106538.0,1099.95
"BANJARA HILLS","GREEN LANDS",GREENLANDS,GREENLANDS,B.S.MAKTHA(MASJID),DOMESTIC,1,770,745.0,133380.0,1259.55
"BANJARA HILLS","BANJARA HILLS",AMEERPET,YOUSUFGUDA,"SRI KRISHNA NAGAR-B BLOCK",DOMESTIC,1,1278,1241.0,229135.0,2995.95
"BANJARA HILLS","BANJARA HILLS",AMEERPET,YOUSUFGUDA,"SRIKRISHNA NAGAR-A BLOCK",DOMESTIC,1,1352,1329.0,170773.0,1775.14
"BANJARA HILLS","BANJARA HILLS",AMEERPET,YOUSUFGUDA,TAHERVILLA,DOMESTIC,1,609,608.0,151884.0,2166.69
"BANJARA HILLS","BANJARA HILLS",AMEERPET,YOUSUFGUDA,VENKATAGIRI,DOMESTIC,1,1605,1548.0,235860.0,2089.0
"BANJARA HILLS","BANJARA HILLS",AMEERPET,YOUSUFGUDA,VENKATAGIRI-2,DOMESTIC,1,1597,1562.0,235184.0,2124.02
"BANJARA HILLS","BANJARA HILLS",AMEERPET,YOUSUFGUDA,"YOUSUF GUDA BASTI",DOMESTIC,1,968,919.0,145823.0,1777.17
"BANJARA HILLS","BANJARA HILLS","BANJARA HILLS","BANJARA HILLS"," IBRAHIM,NOOR,GURUBRAHMA NAGER",DOMESTIC,1,1941,1878.0,265574.0,2685.72
"BANJARA HILLS","BANJARA HILLS","BANJARA HILLS","BANJARA HILLS","APARTMENT IN ARORA COLONY",DOMESTIC,1,121,121.0,23703.0,501.92
"BANJARA HILLS","BANJARA HILLS","BANJARA HILLS","BANJARA HILLS","APARTMENTS IN ROAD NO.11",DOMESTIC,1,62,62.0,18214.0,241.0
"BANJARA HILLS","GREEN LANDS",GREENLANDS,GREENLANDS,"DURGA NAGAR",DOMESTIC,1,213,209.0,38752.0,625.9
"BANJARA HILLS","GREEN LANDS",GREENLANDS,GREENLANDS,"GRC HV GREENLANDS",DOMESTIC,1,38,35.0,28538.0,674.0
"BANJARA HILLS","GREEN LANDS",GREENLANDS,GREENLANDS,"GRC HV SOMAJIGUDA",DOMESTIC,1,71,71.0,75077.0,1210.0
"BANJARA HILLS","GREEN LANDS",GREENLANDS,GREENLANDS,"GREENLAND APARTMENTS",DOMESTIC,1,332,322.0,74577.0,1360.0
"BANJARA HILLS","GREEN LANDS",GREENLANDS,GREENLANDS,"GREENLAND WEST",DOMESTIC,1,195,181.0,36489.0,654.82
"BANJARA HILLS","GREEN LANDS",GREENLANDS,GREENLANDS,"GREENLANDS (EAST)",DOMESTIC,1,124,117.0,37690.0,530.87
"BANJARA HILLS","GREEN LANDS",GREENLANDS,GREENLANDS,"HUSSAIN NAGAR",DOMESTIC,1,604,566.0,116736.0,929.02
"BANJARA HILLS","GREEN LANDS",GREENLANDS,GREENLANDS,"KANTHISIKHARA APTS",DOMESTIC,1,190,181.0,30833.0,358.0
"BANJARA HILLS","GREEN LANDS",GREENLANDS,GREENLANDS,KUNDANBAGH,DOMESTIC,1,405,379.0,90695.0,1156.46
"BANJARA HILLS","BANJARA HILLS","BANJARA HILLS","BANJARA HILLS","DK BASTI MASJID",DOMESTIC,1,530,528.0,152934.0,2135.22
"BANJARA HILLS","BANJARA HILLS","BANJARA HILLS","BANJARA HILLS","DWARAKAPURI COLONY",DOMESTIC,1,248,232.0,54098.0,857.0
"BANJARA HILLS","BANJARA HILLS","BANJARA HILLS","BANJARA HILLS","DWARAKAPURI COLONY APPT",DOMESTIC,1,623,608.0,161636.0,3068.0
"BANJARA HILLS","BANJARA HILLS","BANJARA HILLS","BANJARA HILLS","GAFFAR COLONY",DOMESTIC,1,148,141.0,32047.0,565.2
"BANJARA HILLS","BANJARA HILLS","BANJARA HILLS","BANJARA HILLS","GOWRI SHANKER COLONY",DOMESTIC,1,1941,1863.0,240858.0,2580.41
"BANJARA HILLS","BANJARA HILLS","BANJARA HILLS","BANJARA HILLS","GRC ROAD NO 2 AND 3",DOMESTIC,1,139,137.0,117876.0,2691.0
"BANJARA HILLS","BANJARA HILLS","BANJARA HILLS","BANJARA HILLS","GRC ROAD NO 7,8,9,10 AND 11",DOMESTIC,1,243,240.0,280380.0,5371.27
"BANJARA HILLS","BANJARA HILLS","BANJARA HILLS","BANJARA HILLS","GRC ROAD NO1,4,5,6,AND14",DOMESTIC,1,271,269.0,228771.0,6141.7
CYBERCITY,KONDAPUR,KONDAPUR,ALLAPUR,H.V,DOMESTIC,1,143,139.0,101845.0,1735.0
CYBERCITY,KONDAPUR,KONDAPUR,ALLAPUR,"K.S.NAGAR, RANAPRATAP NAGAR",DOMESTIC,1,1695,1682.0,196978.0,1756.45
CYBERCITY,KONDAPUR,KONDAPUR,ALLAPUR,"NEW ALLAPUR, PANDITHNEHRU NAGA",DOMESTIC,1,1875,1844.0,279355.0,2177.98
CYBERCITY,KONDAPUR,KONDAPUR,ALLAPUR,"PADMAVATHI NAGAR, RK SOCIETY",DOMESTIC,1,1463,1449.0,209659.0,2052.76
CYBERCITY,KONDAPUR,KONDAPUR,ALLAPUR,"PARWATH NAGAR",DOMESTIC,1,3970,3896.0,448630.0,5141.87
CYBERCITY,KONDAPUR,KONDAPUR,ALLAPUR,PARWATHNAGAR-3,DOMESTIC,1,1983,1979.0,213336.0,2630.84
CYBERCITY,KONDAPUR,KONDAPUR,ALLAPUR,"QUBA MASJID",DOMESTIC,1,646,646.0,93867.0,787.99
CYBERCITY,KONDAPUR,KONDAPUR,ALLAPUR,"SAI NAGAR",DOMESTIC,1,466,452.0,70862.0,991.88
CYBERCITY,KONDAPUR,KONDAPUR,ALLAPUR,"SHIVA BASTI",DOMESTIC,1,1515,1490.0,208503.0,1739.72
CYBERCITY,KONDAPUR,KONDAPUR,ALLAPUR,"SOCIETY H.V",DOMESTIC,1,5,5.0,4185.0,90.0
CYBERCITY,KONDAPUR,KONDAPUR,ALLAPUR,"SOCIETY HV2",DOMESTIC,1,50,41.0,32422.0,984.0
CYBERCITY,KONDAPUR,KONDAPUR,ALLAPUR,TULASINAGAR,DOMESTIC,1,2247,2203.0,273474.0,3057.3
CYBERCITY,KONDAPUR,KONDAPUR,ALLAPUR,"VIVEKANANDA NAGAR",DOMESTIC,1,3836,3800.0,487135.0,5235.18
CYBERCITY,KONDAPUR,KONDAPUR,ALLAPUR,VIVEKANANDANAGAR,DOMESTIC,1,2437,2428.0,306546.0,3298.93
CYBERCITY,KONDAPUR,KONDAPUR,KONDAPUR,"8TH BATALLION",DOMESTIC,1,566,479.0,44731.0,684.0
CYBERCITY,KONDAPUR,KONDAPUR,KONDAPUR,"ADITYA HOMES",DOMESTIC,1,366,366.0,108489.0,1841.0
CYBERCITY,KONDAPUR,KONDAPUR,KONDAPUR,"GOLDEN TUILP",DOMESTIC,1,3154,3060.0,601693.0,14638.6
CYBERCITY,KONDAPUR,KONDAPUR,KONDAPUR,HV,DOMESTIC,1,86,68.0,35279.0,1183.46
CYBERCITY,KONDAPUR,KONDAPUR,KONDAPUR,"HV KONDAPUR",DOMESTIC,1,132,132.0,160241.0,2390.0
CYBERCITY,KONDAPUR,KONDAPUR,KONDAPUR,HV-3,DOMESTIC,1,32,32.0,22520.0,396.91
CYBERCITY,KONDAPUR,KONDAPUR,KONDAPUR,"IZZATH NAGAR",DOMESTIC,1,3004,2806.0,330141.0,3989.46
CYBERCITY,KONDAPUR,KONDAPUR,KONDAPUR,"IZZATH NAGAR VG",DOMESTIC,1,908,866.0,190529.0,3184.94
CYBERCITY,KONDAPUR,KONDAPUR,KONDAPUR,"JUBILEE GARDEN",DOMESTIC,1,1885,1824.0,479555.0,9856.5
CYBERCITY,KONDAPUR,KONDAPUR,KONDAPUR,"JUBLEE GARDEN-2",DOMESTIC,1,1382,1379.0,268085.0,6392.0
CYBERCITY,KONDAPUR,KONDAPUR,KONDAPUR,"KHANAMET MUSLIM BASTI",DOMESTIC,1,1420,1375.0,274057.0,5657.26
CYBERCITY,KONDAPUR,KONDAPUR,KONDAPUR,KONDAPUR,DOMESTIC,1,5893,5753.0,1001453.0,19675.54
CYBERCITY,KONDAPUR,KONDAPUR,KONDAPUR,KOTHAGUDA,DOMESTIC,1,1993,1886.0,303012.0,4167.36
CYBERCITY,KONDAPUR,KONDAPUR,KONDAPUR,KOTHAGUDA-VILLAGE,DOMESTIC,1,1593,1582.0,263398.0,4005.24
CYBERCITY,KONDAPUR,KONDAPUR,KONDAPUR,MATHABHUVANESWARI,DOMESTIC,1,251,249.0,45684.0,1028.0
CYBERCITY,KONDAPUR,KONDAPUR,KONDAPUR,MEENAKSHI,DOMESTIC,1,431,426.0,173900.0,4338.0
CYBERCITY,KONDAPUR,KONDAPUR,KONDAPUR,"RAGHAVENDRA CLNY",DOMESTIC,1,2687,2511.0,430965.0,9081.94
CYBERCITY,KONDAPUR,KONDAPUR,KONDAPUR,"RAGHAVENDRA COLONY A & B BLOCK",DOMESTIC,1,1305,1238.0,218018.0,5899.0
CYBERCITY,KONDAPUR,KONDAPUR,KONDAPUR,"RAJA RAJESWARI NAGAR",DOMESTIC,1,2722,2678.0,481246.0,11494.0
CYBERCITY,KONDAPUR,KONDAPUR,KONDAPUR,"SHILPA PARK",DOMESTIC,1,2589,2501.0,567309.0,9409.06
CYBERCITY,KONDAPUR,KONDAPUR,KONDAPUR,"SHILPA VALLY",DOMESTIC,1,2650,2568.0,491889.0,13529.0
CYBERCITY,KONDAPUR,KONDAPUR,KONDAPUR,"SHL VENTURES",DOMESTIC,1,169,169.0,64882.0,2085.0
CYBERCITY,KONDAPUR,KONDAPUR,KONDAPUR,,DOMESTIC,1,1,1.0,4663.0,40.0
CYBERCITY,KONDAPUR,KONDAPUR,"WHITE FIELD","ANJAIAH NAGAR",DOMESTIC,1,2025,1606.0,245616.0,4510.42
CYBERCITY,KONDAPUR,KONDAPUR,"WHITE FIELD","ANJAIAH NAGAR-2",DOMESTIC,1,1307,1300.0,184481.0,2348.82
CYBERCITY,KONDAPUR,KONDAPUR,"WHITE FIELD",ANJAIAHNAGAR,DOMESTIC,1,3,3.0,1300.0,31.0
CYBERCITY,KONDAPUR,KONDAPUR,"WHITE FIELD",GACHIBOWLI,DOMESTIC,1,2535,2319.0,592643.0,9275.62
CYBERCITY,KONDAPUR,KONDAPUR,"WHITE FIELD","GOUTHAMI APTS",DOMESTIC,1,3146,3097.0,717293.0,15633.0
CYBERCITY,KONDAPUR,KONDAPUR,"WHITE FIELD","HV NON CT",DOMESTIC,1,110,110.0,53505.0,1414.0
CYBERCITY,KONDAPUR,KONDAPUR,"WHITE FIELD","HV WHITEFIELD",DOMESTIC,1,86,86.0,62923.0,1311.0
CYBERCITY,KONDAPUR,KONDAPUR,"WHITE FIELD","JANARDAN HILLS",DOMESTIC,1,2156,1930.0,503110.0,10449.0
CYBERCITY,KONDAPUR,KONDAPUR,"WHITE FIELD","JVG HILLS,CENTRAL PARK",DOMESTIC,1,2509,2468.0,429989.0,12116.56
CYBERCITY,KONDAPUR,KONDAPUR,"WHITE FIELD",KONDAPUR,DOMESTIC,1,40,3.0,939.0,127.3
CYBERCITY,KONDAPUR,KONDAPUR,"WHITE FIELD","MASEED BANDA",DOMESTIC,1,2618,2421.0,420200.0,8552.88
CYBERCITY,KONDAPUR,KONDAPUR,"WHITE FIELD",MASEEDBANDA-2,DOMESTIC,1,2559,2502.0,506209.0,11677.74
CYBERCITY,KONDAPUR,KONDAPUR,"WHITE FIELD",SIDDIQNAGAR2,DOMESTIC,1,1996,1991.0,306830.0,3452.08
CYBERCITY,KONDAPUR,KONDAPUR,"WHITE FIELD","SIDDIQUE NAGAR",DOMESTIC,1,2079,1948.0,277917.0,3301.52
CYBERCITY,KONDAPUR,KONDAPUR,"WHITE FIELD","SRIRAM NAGAR & JVG CT METERS",DOMESTIC,1,103,102.0,149212.0,2112.0
CYBERCITY,KONDAPUR,KONDAPUR,"WHITE FIELD","SRIRAM NAGAR - A BLOCK",DOMESTIC,1,4073,3923.0,535349.0,9100.63
CYBERCITY,KONDAPUR,KONDAPUR,"WHITE FIELD","SRIRAM NAGAR B BLOCK",DOMESTIC,1,2956,2803.0,439437.0,10285.24
CYBERCITY,KONDAPUR,KONDAPUR,"WHITE FIELD","SRIRAM NAGAR C BLOCK",DOMESTIC,1,4195,4166.0,708692.0,15646.5
CYBERCITY,KONDAPUR,KONDAPUR,"WHITE FIELD","WHITE FEILDS",DOMESTIC,1,2280,2239.0,585790.0,10781.56
CYBERCITY,KONDAPUR,KPHB,"BALAJI NAGAR","15 TH PHASE",DOMESTIC,1,807,806.0,136028.0,3227.0
CYBERCITY,KONDAPUR,KPHB,"BALAJI NAGAR","7TH PHASE CT METERS",DOMESTIC,1,19,12.0,47055.0,758.0
CYBERCITY,KONDAPUR,KPHB,"BALAJI NAGAR","AMBEDKHAR NAGAR",DOMESTIC,1,119,103.0,8796.0,174.0
CYBERCITY,KONDAPUR,KPHB,"BALAJI NAGAR","ANJANEYA  NAGAR",DOMESTIC,1,2907,2873.0,623138.0,11448.7
CYBERCITY,KONDAPUR,KPHB,"BALAJI NAGAR","BALAJI NAGAR",DOMESTIC,1,3163,3150.0,465766.0,6598.46
CYBERCITY,KONDAPUR,KPHB,"BALAJI NAGAR","BALAJI NAGAR",DOMESTIC,1,2090,2069.0,303315.0,3908.05
CYBERCITY,KONDAPUR,KPHB,"BALAJI NAGAR",BALAJINAGAR,DOMESTIC,1,11,10.0,18622.0,128.0
CYBERCITY,KONDAPUR,KPHB,"BALAJI NAGAR","BALAJINAGAR CT METERS",DOMESTIC,1,1,1.0,1735.0,28.0
CYBERCITY,KONDAPUR,KPHB,"BALAJI NAGAR","EMAMI CONSTRUCTIONS",DOMESTIC,1,574,574.0,136789.0,3215.0
CYBERCITY,KONDAPUR,KPHB,"BALAJI NAGAR","HABEEB NAGAR",DOMESTIC,1,1196,1181.0,158458.0,1776.81
