circle,division,subdivision,section,area,catdesc,catcode,totservices,billdservices,units,load
"BANJARA HILLS","GREEN LANDS","SANATH NAGAR",SANATHNAGAR,B.K.GUDA,DOMESTIC,1,813,812.0,96850.0,1156.46
"BANJARA HILLS","GREEN LANDS","SANATH NAGAR",SANATHNAGAR,"B.K.GUDA (HB)",DOMESTIC,1,464,461.0,60965.0,723.43
"BANJARA HILLS","GREEN LANDS","SANATH NAGAR",SANATHNAGAR,"BHARATNAGAR EWS (E)",DOMESTIC,1,190,189.0,16846.0,191.38
"BANJARA HILLS","GREEN LANDS","SANATH NAGAR",SANATHNAGAR,"BHARATNAGAR EWS (S)",DOMESTIC,1,564,560.0,54076.0,570.93
"BANJARA HILLS","GREEN LANDS","SANATH NAGAR",SANATHNAGAR,"BHARATNAGAR HIG",DOMESTIC,1,475,465.0,63201.0,1045.05
"BANJARA HILLS","GREEN LANDS","SANATH NAGAR",SANATHNAGAR,"BHARATNAGAR LIG",DOMESTIC,1,315,314.0,38506.0,339.08
"BANJARA HILLS","GREEN LANDS","SANATH NAGAR",SANATHNAGAR,"BHARATNAGAR LIG (E)",DOMESTIC,1,411,387.0,41744.0,439.48
"BANJARA HILLS","GREEN LANDS","SANATH NAGAR",SANATHNAGAR,"BHARATNAGAR MIG",DOMESTIC,1,766,756.0,95056.0,1197.71
"BANJARA HILLS","GREEN LANDS","SANATH NAGAR",SANATHNAGAR,"BHARATNAGAR PVT HOUSES",DOMESTIC,1,1323,1313.0,177693.0,2009.64
"BANJARA HILLS","GREEN LANDS","SANATH NAGAR",SANATHNAGAR,"BHARATNAGAR,EWS (W)",DOMESTIC,1,348,345.0,30564.0,361.88
"BANJARA HILLS","GREEN LANDS","SANATH NAGAR",SANATHNAGAR,"BHAVANI NAGAR",DOMESTIC,1,700,699.0,65538.0,860.28
"BANJARA HILLS","GREEN LANDS","SANATH NAGAR",SANATHNAGAR,"CT METERS",DOMESTIC,1,40,40.0,71087.0,1001.0
"BANJARA HILLS","GREEN LANDS","SANATH NAGAR",SANATHNAGAR,"CZECH COLONY",DOMESTIC,1,2345,2300.0,587979.0,10098.6
"BANJARA HILLS","GREEN LANDS","SANATH NAGAR",SANATHNAGAR,D.N.M.COLONY,DOMESTIC,1,834,829.0,129133.0,1011.73
"BANJARA HILLS","GREEN LANDS","SANATH NAGAR",SANATHNAGAR,"FATEH BAGH",DOMESTIC,1,12,11.0,4097.0,26.0
"BANJARA HILLS","GREEN LANDS","SANATH NAGAR",SANATHNAGAR,"FETEH NAGAR GATE",DOMESTIC,1,59,58.0,7553.0,71.23
"BANJARA HILLS","GREEN LANDS","SANATH NAGAR",SANATHNAGAR,"GRC HV SANATHNAGAR",DOMESTIC,1,43,42.0,13109.0,432.16
"BANJARA HILLS","GREEN LANDS","SANATH NAGAR",SANATHNAGAR,H.P.ROAD,DOMESTIC,1,1391,1385.0,136136.0,1679.09
"BANJARA HILLS","GREEN LANDS","SANATH NAGAR",SANATHNAGAR,"I.E.SANATH NAGAR",DOMESTIC,1,727,726.0,217597.0,5486.0
"BANJARA HILLS","GREEN LANDS","SANATH NAGAR",SANATHNAGAR,"JAYAPRAKASH NAGAR",DOMESTIC,1,932,932.0,124834.0,1481.07
"BANJARA HILLS","GREEN LANDS","SANATH NAGAR",SANATHNAGAR,"KAILASH NAGAR",DOMESTIC,1,631,627.0,73437.0,858.85
"BANJARA HILLS","GREEN LANDS","SANATH NAGAR",SANATHNAGAR,"KUKATPALLY X ROADS",DOMESTIC,1,13,12.0,1881.0,31.0
"BANJARA HILLS","GREEN LANDS","SANATH NAGAR",SANATHNAGAR,MOOSAPET,DOMESTIC,1,90,88.0,13626.0,168.29
"BANJARA HILLS","GREEN LANDS","SANATH NAGAR",SANATHNAGAR,"NEHRU NAGAR",DOMESTIC,1,808,804.0,101271.0,1054.62
"BANJARA HILLS","GREEN LANDS","SANATH NAGAR",SANATHNAGAR,"RAVINDRA NAGAR",DOMESTIC,1,428,426.0,70405.0,764.19
"BANJARA HILLS","GREEN LANDS","SANATH NAGAR",SANATHNAGAR,"S.R.T QRTS NEAR HYLAM",DOMESTIC,1,1484,1476.0,198273.0,2228.09
"BANJARA HILLS","GREEN LANDS","SANATH NAGAR",SANATHNAGAR,"S.R.T.(NEAR POLICE STN)",DOMESTIC,1,1659,1648.0,198511.0,2420.59
"BANJARA HILLS","GREEN LANDS","SANATH NAGAR",SANATHNAGAR,"S.R.T.QRTS, NEAR BUSSTOP",DOMESTIC,1,1396,1378.0,177638.0,2132.56
"BANJARA HILLS","GREEN LANDS","SANATH NAGAR",SANATHNAGAR,S.R.T.QUARTERS,DOMESTIC,1,1380,1363.0,199832.0,2081.59
"BANJARA HILLS","GREEN LANDS","SANATH NAGAR",SANATHNAGAR,"SANATH NAGAR",DOMESTIC,1,750,739.0,103839.0,1050.95
"BANJARA HILLS","GREEN LANDS","SANATH NAGAR",SANATHNAGAR,"SIVAJI NAGAR",DOMESTIC,1,150,150.0,15765.0,171.69
"BANJARA HILLS","GREEN LANDS","SANATH NAGAR",SANATHNAGAR,"SUBASH NAGAR",DOMESTIC,1,1487,1475.0,164759.0,1820.31
"BANJARA HILLS","GREEN LANDS","SANATH NAGAR",SANATHNAGAR,"SUBASH NAGAR (WEST)",DOMESTIC,1,587,583.0,73024.0,955.31
"BANJARA HILLS","GREEN LANDS","SANATH NAGAR",SANATHNAGAR,"TULASI NAGAR",DOMESTIC,1,270,270.0,29195.0,297.18
"BANJARA HILLS","GREEN LANDS","SANATH NAGAR",BORABANDA,ALLAPUR,DOMESTIC,1,1128,1093.0,145962.0,1242.77
"BANJARA HILLS","GREEN LANDS","SANATH NAGAR",BORABANDA,ALLAPUR-I,DOMESTIC,1,1043,1039.0,142712.0,1178.37
"BANJARA HILLS","GREEN LANDS","SANATH NAGAR",BORABANDA,"AROGYA NAGAR",DOMESTIC,1,994,740.0,86879.0,706.97
"BANJARA HILLS","GREEN LANDS","SANATH NAGAR",BORABANDA,BABBUGUDA,DOMESTIC,1,779,769.0,81299.0,899.23
"BANJARA HILLS","GREEN LANDS","SANATH NAGAR",BORABANDA,"BANJARA NAGAR",DOMESTIC,1,728,719.0,81760.0,833.54
"BANJARA HILLS","GREEN LANDS","SANATH NAGAR",BORABANDA,"BRAHMA SHANKAR NAGAR",DOMESTIC,1,1150,1059.0,102905.0,1015.11
"BANJARA HILLS","GREEN LANDS","SANATH NAGAR",BORABANDA,"GANESH NAGAR",DOMESTIC,1,428,423.0,48845.0,508.15
"BANJARA HILLS","GREEN LANDS","SANATH NAGAR",BORABANDA,"GRC HV BORABANDA",DOMESTIC,1,7,7.0,1820.0,41.0
"BANJARA HILLS","GREEN LANDS","SANATH NAGAR",BORABANDA,"HARI NAGAR",DOMESTIC,1,435,434.0,45699.0,503.88
"BANJARA HILLS","GREEN LANDS","SANATH NAGAR",BORABANDA,"JYOTHI NAGAR - I",DOMESTIC,1,751,545.0,61828.0,522.92
"BANJARA HILLS","GREEN LANDS","SANATH NAGAR",BORABANDA,"JYOTHI NAGAR - II",DOMESTIC,1,888,729.0,90084.0,698.52
"BANJARA HILLS","GREEN LANDS","SANATH NAGAR",BORABANDA,"KABEER NAGAR",DOMESTIC,1,1081,1063.0,109340.0,1154.78
"BANJARA HILLS","GREEN LANDS","SANATH NAGAR",BORABANDA,"KARMIKA NAGAR (N)",DOMESTIC,1,482,443.0,42912.0,460.28
"BANJARA HILLS","GREEN LANDS","SANATH NAGAR",BORABANDA,"KARMIKA NAGAR (S)",DOMESTIC,1,384,370.0,37055.0,379.37
"BANJARA HILLS","GREEN LANDS","SANATH NAGAR",BORABANDA,"KARMIKA NAGAR II",DOMESTIC,1,838,821.0,93778.0,913.52
"BANJARA HILLS","GREEN LANDS","SANATH NAGAR",BORABANDA,"MOTHI NAGAR (S)",DOMESTIC,1,867,855.0,144998.0,2059.06
"BANJARA HILLS","GREEN LANDS","SANATH NAGAR",BORABANDA,"N.R.R.PURAM SITE - II",DOMESTIC,1,244,237.0,32412.0,260.82
"BANJARA HILLS","GREEN LANDS","SANATH NAGAR",BORABANDA,"N.R.R.PURAM SITE - III",DOMESTIC,1,999,967.0,117156.0,1046.32
"BANJARA HILLS","GREEN LANDS","SANATH NAGAR",BORABANDA,"N.R.R.PURAM-III (W)",DOMESTIC,1,309,297.0,43064.0,342.2
"BANJARA HILLS","GREEN LANDS","SANATH NAGAR",BORABANDA,"NATCO SCHOOL",DOMESTIC,1,887,754.0,87156.0,662.48
"BANJARA HILLS","GREEN LANDS","SANATH NAGAR",BORABANDA,"NAVA BHARATH NAGAR",DOMESTIC,1,393,385.0,47919.0,364.7
"BANJARA HILLS","GREEN LANDS","SANATH NAGAR",BORABANDA,"NEW RAMA RAO NAGAR",DOMESTIC,1,521,509.0,51239.0,577.06
"BANJARA HILLS","GREEN LANDS","SANATH NAGAR",BORABANDA,"NSC BOSE NAGAR",DOMESTIC,1,350,304.0,32043.0,350.9
"BANJARA HILLS","GREEN LANDS","SANATH NAGAR",BORABANDA,"PEDDAMMA NAGAR",DOMESTIC,1,611,563.0,58738.0,521.42
"BANJARA HILLS","GREEN LANDS","SANATH NAGAR",BORABANDA,"PRATHIBHA NAGAR",DOMESTIC,1,595,539.0,53838.0,450.94
"BANJARA HILLS","GREEN LANDS","SANATH NAGAR",BORABANDA,"RADHA KRISHNA NAGAR",DOMESTIC,1,666,658.0,73768.0,718.92
"BANJARA HILLS","GREEN LANDS","SANATH NAGAR",BORABANDA,"RAJEEVGANDHI NAGAR",DOMESTIC,1,802,726.0,74251.0,679.56
"BANJARA HILLS","GREEN LANDS","SANATH NAGAR",BORABANDA,"RAMA RAO NAGAR",DOMESTIC,1,1178,1155.0,120382.0,1237.52
"BANJARA HILLS","GREEN LANDS","SANATH NAGAR",BORABANDA,"SHILPI NAGAR",DOMESTIC,1,553,478.0,57869.0,417.05
"BANJARA HILLS","GREEN LANDS","SANATH NAGAR",BORABANDA,"SHIVAJI NAGAR",DOMESTIC,1,740,738.0,71585.0,817.56
"BANJARA HILLS","GREEN LANDS","SANATH NAGAR",BORABANDA,"SNEHAPURI COLONY",DOMESTIC,1,1071,1067.0,127279.0,1432.65
"BANJARA HILLS","GREEN LANDS","SANATH NAGAR",BORABANDA,"SNEHAPURICOLONY II",DOMESTIC,1,1017,1012.0,142981.0,2109.82
"BANJARA HILLS","GREEN LANDS","SANATH NAGAR",BORABANDA,"SWARAJ NAGAR",DOMESTIC,1,925,902.0,107834.0,1023.99
"BANJARA HILLS","GREEN LANDS","SANATH NAGAR",BORABANDA,"SWARAJ NAGAR (SOUTH)",DOMESTIC,1,341,335.0,52712.0,381.16
"BANJARA HILLS","GREEN LANDS","SANATH NAGAR",BORABANDA,"VINAYAK NAGAR",DOMESTIC,1,472,431.0,43646.0,394.76
"BANJARA HILLS","GREEN LANDS","SANATH NAGAR",BORABANDA,"VINAYAKRAO NAGAR",DOMESTIC,1,891,874.0,81702.0,1003.59
"BANJARA HILLS","GREEN LANDS","SANATH NAGAR",ERRAGADDA,"AVANTHI NAGAR",DOMESTIC,1,1264,1255.0,169329.0,1829.3
"BANJARA HILLS","GREEN LANDS","SANATH NAGAR",ERRAGADDA,"AVANTHI NAGAR THOTA",DOMESTIC,1,1082,1072.0,116355.0,1473.0
"BANJARA HILLS","GREEN LANDS","SANATH NAGAR",ERRAGADDA,"AVANTHI NAGAR THOTA EAST",DOMESTIC,1,887,886.0,98728.0,1212.88
"BANJARA HILLS","GREEN LANDS","SANATH NAGAR",ERRAGADDA,"AVANTHI NAGAR THOTA NEW II",DOMESTIC,1,780,767.0,91448.0,1005.37
"BANJARA HILLS","GREEN LANDS","SANATH NAGAR",ERRAGADDA,"BALAJI SWARNA PURI",DOMESTIC,1,845,834.0,193276.0,2465.3
"BANJARA HILLS","GREEN LANDS","SANATH NAGAR",ERRAGADDA,"CHATRAPATHI SHIVAJI NAGAR",DOMESTIC,1,208,205.0,26625.0,210.3
"BANJARA HILLS","GREEN LANDS","SANATH NAGAR",ERRAGADDA,"CT METERS HV(GRC) ERRAGADDA",DOMESTIC,1,28,28.0,129412.0,999.0
"BANJARA HILLS","GREEN LANDS","SANATH NAGAR",ERRAGADDA,"ECE QUARTERS",DOMESTIC,1,1352,1348.0,233867.0,5196.0
"BANJARA HILLS","GREEN LANDS","SANATH NAGAR",ERRAGADDA,ERRAGADDA,DOMESTIC,1,1464,1453.0,220378.0,2368.4
"BANJARA HILLS","GREEN LANDS","SANATH NAGAR",ERRAGADDA,ERRRAGADDA,DOMESTIC,1,572,552.0,75204.0,700.84
"BANJARA HILLS","GREEN LANDS","SANATH NAGAR",ERRAGADDA,"GOUTHAM PURI",DOMESTIC,1,200,200.0,33215.0,459.9
"BANJARA HILLS","GREEN LANDS","SANATH NAGAR",ERRAGADDA,"GRC HV ERRAGADDA",DOMESTIC,1,28,28.0,22222.0,313.46
"BANJARA HILLS","GREEN LANDS","SANATH NAGAR",ERRAGADDA,"HEMAWATHI NAGAR",DOMESTIC,1,717,698.0,72529.0,740.78
"BANJARA HILLS","GREEN LANDS","SANATH NAGAR",ERRAGADDA,"KALPATARU RESIDENCY",DOMESTIC,1,576,576.0,46594.0,2880.0
"BANJARA HILLS","GREEN LANDS","SANATH NAGAR",ERRAGADDA,"MOTHI NAGAR",DOMESTIC,1,533,528.0,103406.0,1336.85
"BANJARA HILLS","GREEN LANDS","SANATH NAGAR",ERRAGADDA,"MOTHI NAGAR (EXTN)",DOMESTIC,1,546,537.0,86006.0,1083.96
"BANJARA HILLS","GREEN LANDS","SANATH NAGAR",ERRAGADDA,"MOTINAGAR (NORTH)",DOMESTIC,1,785,779.0,161322.0,2270.29
"BANJARA HILLS","GREEN LANDS","SANATH NAGAR",ERRAGADDA,"NATRAJ NAGAR",DOMESTIC,1,730,727.0,108083.0,874.63
"BANJARA HILLS","GREEN LANDS","SANATH NAGAR",ERRAGADDA,"NETAJI NAGAR",DOMESTIC,1,879,866.0,127106.0,1043.62
"BANJARA HILLS","GREEN LANDS","SANATH NAGAR",ERRAGADDA,"NETAJI NAGAR II",DOMESTIC,1,855,844.0,127115.0,951.97
"BANJARA HILLS","GREEN LANDS","SANATH NAGAR",ERRAGADDA,"NEW ERRAGADDA",DOMESTIC,1,661,661.0,94638.0,1021.38
"BANJARA HILLS","GREEN LANDS","SANATH NAGAR",ERRAGADDA,"NEW SHASTRY NAGAR",DOMESTIC,1,365,357.0,68703.0,948.49
"BANJARA HILLS","GREEN LANDS","SANATH NAGAR",ERRAGADDA,"OLD SHASTRY NAGAR",DOMESTIC,1,286,284.0,33299.0,330.1
"BANJARA HILLS","GREEN LANDS","SANATH NAGAR",ERRAGADDA,"OLD SULTAN NAGAR",DOMESTIC,1,407,401.0,45289.0,445.39
"BANJARA HILLS","GREEN LANDS","SANATH NAGAR",ERRAGADDA,"PANDURANGA NAGAR",DOMESTIC,1,1386,1380.0,207425.0,2454.02
"BANJARA HILLS","GREEN LANDS","SANATH NAGAR",ERRAGADDA,"PREM NAGAR",DOMESTIC,1,1159,1118.0,135090.0,1474.33
"BANJARA HILLS","GREEN LANDS","SANATH NAGAR",ERRAGADDA,"PREM NAGAR - II",DOMESTIC,1,559,559.0,77242.0,679.02
"BANJARA HILLS","GREEN LANDS","SANATH NAGAR",ERRAGADDA,"S.N.R.CO-OP SOCIETY",DOMESTIC,1,878,876.0,177695.0,2485.53
"BANJARA HILLS","GREEN LANDS","SANATH NAGAR",ERRAGADDA,"SANJAY NAGAR",DOMESTIC,1,535,530.0,68574.0,624.96
"BANJARA HILLS","GREEN LANDS","SANATH NAGAR",ERRAGADDA,"SHANKARLAL NAGAR (B)",DOMESTIC,1,753,734.0,93330.0,823.1
"BANJARA HILLS","GREEN LANDS","SANATH NAGAR",ERRAGADDA,"SHANKARLAL NAGAR (S)",DOMESTIC,1,404,398.0,62819.0,465.08
"BANJARA HILLS","GREEN LANDS","SANATH NAGAR",ERRAGADDA,"SHANKARLAL NAGAR POCHAMMA TEMP",DOMESTIC,1,334,334.0,41763.0,423.96
"BANJARA HILLS","GREEN LANDS","SANATH NAGAR",ERRAGADDA,"SHREEMUKH BUILDERS",DOMESTIC,1,376,376.0,114026.0,1918.0
"BANJARA HILLS","GREEN LANDS","SANATH NAGAR",ERRAGADDA,"SULTAN NAGAR",DOMESTIC,1,575,573.0,89022.0,678.86
"BANJARA HILLS","GREEN LANDS","SANATH NAGAR",ERRAGADDA,"SULTHAN NAGAR II",DOMESTIC,1,544,542.0,79798.0,611.32
"BANJARA HILLS","GREEN LANDS","SANATH NAGAR",ERRAGADDA,"VENKATESWARA COLONY",DOMESTIC,1,327,325.0,53952.0,531.3
"BANJARA HILLS","GREEN LANDS","SANATH NAGAR",ERRAGADDA,"ZEHRA GULSHAN BAGH",DOMESTIC,1,102,95.0,19515.0,132.94
"BANJARA HILLS","GREEN LANDS","SANATH NAGAR","MOTHI NAGAR","BABA SAILANI NAGAR",DOMESTIC,1,733,702.0,97753.0,594.26
"BANJARA HILLS","GREEN LANDS","SANATH NAGAR","MOTHI NAGAR","BANJARA NAGAR (SOUTH)",DOMESTIC,1,471,459.0,67382.0,487.52
"BANJARA HILLS","GREEN LANDS","SANATH NAGAR","MOTHI NAGAR","BHARAT NAGAR",DOMESTIC,1,659,638.0,70472.0,588.47
"BANJARA HILLS","GREEN LANDS","SANATH NAGAR","MOTHI NAGAR","BRAHMA SHANKAR NAGAR",DOMESTIC,1,489,482.0,56078.0,407.15
"BANJARA HILLS","GREEN LANDS","SANATH NAGAR","MOTHI NAGAR","GANGA NAGAR",DOMESTIC,1,455,452.0,66214.0,563.61
"BANJARA HILLS","GREEN LANDS","SANATH NAGAR","MOTHI NAGAR","GRC HV MOTINAGAR",DOMESTIC,1,14,14.0,4868.0,69.5
"BANJARA HILLS","GREEN LANDS","SANATH NAGAR","MOTHI NAGAR",H.F.NAGAR,DOMESTIC,1,1492,1475.0,187072.0,1462.42
"BANJARA HILLS","GREEN LANDS","SANATH NAGAR","MOTHI NAGAR",H.F.NAGAR-II,DOMESTIC,1,1472,1437.0,185278.0,1271.26
"BANJARA HILLS","GREEN LANDS","SANATH NAGAR","MOTHI NAGAR","INDIRA NAGAR",DOMESTIC,1,1677,1639.0,186951.0,1552.3
"BANJARA HILLS","GREEN LANDS","SANATH NAGAR","MOTHI NAGAR","KALYAN NAGAR",DOMESTIC,1,1557,1550.0,310877.0,4435.55
"BANJARA HILLS","GREEN LANDS","SANATH NAGAR","MOTHI NAGAR","KALYAN NAGAR (W)",DOMESTIC,1,1005,992.0,208590.0,3308.94
"BANJARA HILLS","GREEN LANDS","SANATH NAGAR","MOTHI NAGAR","KARMIKA NAGAR (E)",DOMESTIC,1,1340,1309.0,148060.0,1278.81
"BANJARA HILLS","GREEN LANDS","SANATH NAGAR","MOTHI NAGAR","KARMIKA NAGAR (S)",DOMESTIC,1,811,754.0,80971.0,767.14
"BANJARA HILLS","GREEN LANDS","SANATH NAGAR","MOTHI NAGAR","MADHURA NAGAR",DOMESTIC,1,603,595.0,66729.0,568.39
"BANJARA HILLS","GREEN LANDS","SANATH NAGAR","MOTHI NAGAR","MAHATMA NAGAR",DOMESTIC,1,156,144.0,16330.0,109.22
"BANJARA HILLS","GREEN LANDS","SANATH NAGAR","MOTHI NAGAR","N.R.R.PURAM -I (S)",DOMESTIC,1,571,564.0,68314.0,753.16
"BANJARA HILLS","GREEN LANDS","SANATH NAGAR","MOTHI NAGAR","N.R.R.PURAM SITE - II",DOMESTIC,1,518,510.0,70596.0,570.36
"BANJARA HILLS","GREEN LANDS","SANATH NAGAR","MOTHI NAGAR","N.R.R.PURAM SITE - III",DOMESTIC,1,554,549.0,72310.0,555.59
"BANJARA HILLS","GREEN LANDS","SANATH NAGAR","MOTHI NAGAR","N.R.R.PURAM SITE -I",DOMESTIC,1,989,986.0,123699.0,1176.4
"BANJARA HILLS","GREEN LANDS","SANATH NAGAR","MOTHI NAGAR","N.R.R.PURAM-III (W)",DOMESTIC,1,907,885.0,112931.0,895.9
"BANJARA HILLS","GREEN LANDS","SANATH NAGAR","MOTHI NAGAR","NSC BOSE NAGAR",DOMESTIC,1,181,171.0,16113.0,149.32
"BANJARA HILLS","GREEN LANDS","SANATH NAGAR","MOTHI NAGAR","PRABHATH NAGAR",DOMESTIC,1,725,715.0,91994.0,940.44
"BANJARA HILLS","GREEN LANDS","SANATH NAGAR","MOTHI NAGAR","PRATHIBHA NAGAR",DOMESTIC,1,94,82.0,9365.0,93.01
"BANJARA HILLS","GREEN LANDS","SANATH NAGAR","MOTHI NAGAR","RAJ NAGAR",DOMESTIC,1,2003,1992.0,214397.0,2029.49
"BANJARA HILLS","GREEN LANDS","SANATH NAGAR","MOTHI NAGAR","RAJEENAGAR,FATIMANAGAR",DOMESTIC,1,2331,2310.0,465167.0,5677.2
"BANJARA HILLS","GREEN LANDS","SANATH NAGAR","MOTHI NAGAR",S.R.T.NAGAR,DOMESTIC,1,606,593.0,89339.0,571.63
"BANJARA HILLS","GREEN LANDS","SANATH NAGAR","MOTHI NAGAR","SAIBABA NAGAR",DOMESTIC,1,1390,1356.0,137868.0,1242.26
"BANJARA HILLS","GREEN LANDS","SANATH NAGAR","MOTHI NAGAR","SANJAY NAGAR",DOMESTIC,1,921,914.0,106789.0,909.6
"BANJARA HILLS","GREEN LANDS","SANATH NAGAR","MOTHI NAGAR","SERWELL CO-OP SOCIETY",DOMESTIC,1,237,237.0,49392.0,767.12
"BANJARA HILLS","GREEN LANDS","SANATH NAGAR","MOTHI NAGAR","SRI RAM NAGAR",DOMESTIC,1,1206,1195.0,144005.0,1372.34
"BANJARA HILLS","GREEN LANDS","SANATH NAGAR","MOTHI NAGAR","SRI RAM NAGAR (E)",DOMESTIC,1,923,918.0,133307.0,1222.31
"BANJARA HILLS","GREEN LANDS","SANATH NAGAR","MOTHI NAGAR","SRI RAM NAGAR (N)",DOMESTIC,1,777,767.0,106112.0,1030.23
"BANJARA HILLS","GREEN LANDS","SANATH NAGAR","MOTHI NAGAR","STREET LIGHTS",DOMESTIC,1,1,,0.0,1.0
"BANJARA HILLS","GREEN LANDS","SANATH NAGAR","MOTHI NAGAR","T.ANJAYYA NAGAR",DOMESTIC,1,418,391.0,45576.0,345.73
"BANJARA HILLS","GREEN LANDS","SANATH NAGAR","MOTHI NAGAR","VINAYAK NAGAR",DOMESTIC,1,371,360.0,47589.0,282.25
"BANJARA HILLS","GREEN LANDS","SANATH NAGAR",SANATHNAGAR,"ALLAUDDIN KOTI",DOMESTIC,1,581,565.0,82483.0,555.84
"BANJARA HILLS","GREEN LANDS","SANATH NAGAR",SANATHNAGAR,"ASHOK LABOUR COLONY",DOMESTIC,1,1292,1281.0,182947.0,1742.47
"BANJARA HILLS","GREEN LANDS",GREENLANDS,BEGUMPET,ALLAMTHOTABAI,DOMESTIC,1,1136,1104.0,133694.0,1302.84
"BANJARA HILLS","GREEN LANDS",GREENLANDS,"SANJEEV REDDY NAGAR",D.K.ROAD,DOMESTIC,1,283,277.0,67899.0,785.73
"BANJARA HILLS","GREEN LANDS",GREENLANDS,"SANJEEV REDDY NAGAR","D.K.ROAD APARTMENTS",DOMESTIC,1,976,940.0,246693.0,3645.1
"BANJARA HILLS","GREEN LANDS",GREENLANDS,"SANJEEV REDDY NAGAR","DIVYASHAKTI APARTMENTS",DOMESTIC,1,357,347.0,54271.0,1310.0
"BANJARA HILLS","GREEN LANDS",GREENLANDS,"SANJEEV REDDY NAGAR","ESI QUARTERS",DOMESTIC,1,348,216.0,22425.0,776.3
"BANJARA HILLS","GREEN LANDS",GREENLANDS,"SANJEEV REDDY NAGAR","GAYTHRI NAGR",DOMESTIC,1,344,336.0,65284.0,881.4
"BANJARA HILLS","GREEN LANDS",GREENLANDS,"SANJEEV REDDY NAGAR","GRC HV S R NAGAR",DOMESTIC,1,26,24.0,2705.0,121.0
"BANJARA HILLS","GREEN LANDS",GREENLANDS,"SANJEEV REDDY NAGAR","HIGH VALUE AMEERPET",DOMESTIC,1,12,12.0,3125.0,111.0
"BANJARA HILLS","GREEN LANDS",GREENLANDS,"SANJEEV REDDY NAGAR","HIGHVALUE SR NAGAR NORTH",DOMESTIC,1,18,18.0,6603.0,115.5
"BANJARA HILLS","GREEN LANDS",GREENLANDS,"SANJEEV REDDY NAGAR",I.G.PURAM,DOMESTIC,1,1030,959.0,138053.0,969.0
"BANJARA HILLS","GREEN LANDS",GREENLANDS,"SANJEEV REDDY NAGAR","LEELA NAGAR",DOMESTIC,1,1091,1058.0,238767.0,3727.82
"BANJARA HILLS","GREEN LANDS",GREENLANDS,"SANJEEV REDDY NAGAR","MODEL COLONY APARTMENTS",DOMESTIC,1,559,555.0,149249.0,2263.62
"BANJARA HILLS","GREEN LANDS",GREENLANDS,"SANJEEV REDDY NAGAR","NABARD QUARTERS",DOMESTIC,1,175,171.0,25119.0,427.0
"BANJARA HILLS","GREEN LANDS",GREENLANDS,"SANJEEV REDDY NAGAR","NEEMKAR COLONY",DOMESTIC,1,1084,1063.0,158735.0,1853.12
"BANJARA HILLS","GREEN LANDS",GREENLANDS,"SANJEEV REDDY NAGAR","S R NAGAR NORTH B TYPE",DOMESTIC,1,237,230.0,42631.0,586.7
"BANJARA HILLS","GREEN LANDS",GREENLANDS,"SANJEEV REDDY NAGAR","S R NAGAR NORTH EWS",DOMESTIC,1,406,403.0,67974.0,723.83
"BANJARA HILLS","GREEN LANDS",GREENLANDS,"SANJEEV REDDY NAGAR","S.R.NAGAR (NORTH)",DOMESTIC,1,775,758.0,121514.0,1609.41
"BANJARA HILLS","GREEN LANDS",GREENLANDS,"SANJEEV REDDY NAGAR","S.R.NAGAR (SOUTH)",DOMESTIC,1,760,728.0,139324.0,1892.27
"BANJARA HILLS","GREEN LANDS",GREENLANDS,"SANJEEV REDDY NAGAR","S.R.NAGAR(NORTH) APTS.",DOMESTIC,1,951,930.0,199335.0,3186.64
"BANJARA HILLS","GREEN LANDS",GREENLANDS,"SANJEEV REDDY NAGAR","SCIENTIFIC COLONY",DOMESTIC,1,861,832.0,113112.0,1602.05
"BANJARA HILLS","GREEN LANDS",GREENLANDS,BEGUMPET,"ALLAMTHOTABAI APTS",DOMESTIC,1,798,790.0,177107.0,2921.33
"BANJARA HILLS","GREEN LANDS",GREENLANDS,BEGUMPET,"ALLAUDDIN BUILDINGS",DOMESTIC,1,1299,1232.0,235352.0,2449.34
"BANJARA HILLS","GREEN LANDS",GREENLANDS,BEGUMPET,"B.PET RAILWAY STATION",DOMESTIC,1,318,303.0,43394.0,343.12
"BANJARA HILLS","GREEN LANDS",GREENLANDS,BEGUMPET,"BEGUMPET BASTHI",DOMESTIC,1,779,740.0,115174.0,836.67
"BANJARA HILLS","GREEN LANDS",GREENLANDS,BEGUMPET,BRAHMANWADI,DOMESTIC,1,1141,1069.0,137436.0,1312.23
"BANJARA HILLS","GREEN LANDS",GREENLANDS,BEGUMPET,"BRAHMANWADI APTS",DOMESTIC,1,1211,1161.0,246326.0,4015.34
"BANJARA HILLS","GREEN LANDS",GREENLANDS,BEGUMPET,"CHIKOTI GARDEN",DOMESTIC,1,171,151.0,48430.0,567.17
"BANJARA HILLS","GREEN LANDS",GREENLANDS,BEGUMPET,"CHIKOTIGADEN APTS",DOMESTIC,1,820,810.0,232160.0,4498.04
"BANJARA HILLS","GREEN LANDS",GREENLANDS,BEGUMPET,"DWARAKA DASS COLONY",DOMESTIC,1,1137,1130.0,152912.0,1615.77
"BANJARA HILLS","GREEN LANDS",GREENLANDS,BEGUMPET,"GRC - P.GADDA, P.NAGAR",DOMESTIC,1,27,26.0,16463.0,496.5
"BANJARA HILLS","GREEN LANDS",GREENLANDS,BEGUMPET,"GRC. C. GARDEN & B.WADI",DOMESTIC,1,21,20.0,32528.0,360.47
"BANJARA HILLS","GREEN LANDS",GREENLANDS,BEGUMPET,"GRC. SHYAMLAL",DOMESTIC,1,31,25.0,23563.0,488.6
"BANJARA HILLS","GREEN LANDS",GREENLANDS,BEGUMPET,I.A.L.COLONY,DOMESTIC,1,1202,1180.0,267055.0,3755.95
"BANJARA HILLS","GREEN LANDS",GREENLANDS,BEGUMPET,"MATHAJI NAGAR",DOMESTIC,1,678,663.0,84030.0,703.39
"BANJARA HILLS","GREEN LANDS",GREENLANDS,BEGUMPET,"MOTHILAL NAGAR BHA.PUR",DOMESTIC,1,1343,1260.0,242955.0,3208.07
"BANJARA HILLS","GREEN LANDS",GREENLANDS,BEGUMPET,"N.B.T. NAGAR P. GADDA",DOMESTIC,1,486,468.0,56088.0,383.54
"BANJARA HILLS","GREEN LANDS",GREENLANDS,BEGUMPET,"P.  NAGAR WATER TANK",DOMESTIC,1,222,220.0,35658.0,412.16
"BANJARA HILLS","GREEN LANDS",GREENLANDS,"SANJEEV REDDY NAGAR","SHIVA BAGH",DOMESTIC,1,286,281.0,54182.0,647.73
"BANJARA HILLS","GREEN LANDS",GREENLANDS,"SANJEEV REDDY NAGAR","SONA BAI TEMPLE",DOMESTIC,1,355,353.0,64781.0,590.34
"BANJARA HILLS","GREEN LANDS",GREENLANDS,"SANJEEV REDDY NAGAR","SRINIVASA COLONY (EAST)",DOMESTIC,1,647,615.0,124001.0,1822.7
"BANJARA HILLS","GREEN LANDS",GREENLANDS,"SANJEEV REDDY NAGAR","SRIRAM NAGAR",DOMESTIC,1,1179,1156.0,212974.0,2576.62
"BANJARA HILLS","GREEN LANDS",GREENLANDS,"SANJEEV REDDY NAGAR","SUNDERNAGAR MODEL COLONY",DOMESTIC,1,468,414.0,75671.0,849.74
"BANJARA HILLS","BANJARA HILLS",AMEERPET,"SRI KRISHNA NAGAR","A G COLONY",DOMESTIC,1,1030,832.0,44005.0,1241.58
"BANJARA HILLS","BANJARA HILLS",AMEERPET,"SRI KRISHNA NAGAR","COUNCELLOR & VIDEO LANE",DOMESTIC,1,1365,1321.0,161076.0,1526.15
"BANJARA HILLS","BANJARA HILLS",AMEERPET,"SRI KRISHNA NAGAR","GRC HIGH VALUES",DOMESTIC,1,58,57.0,22389.0,706.0
"BANJARA HILLS","BANJARA HILLS",AMEERPET,"SRI KRISHNA NAGAR","JAWAHAR NAGAR SAIBABA TEMPEL",DOMESTIC,1,1311,1304.0,158578.0,1619.3
"BANJARA HILLS","BANJARA HILLS",AMEERPET,"SRI KRISHNA NAGAR",JAWAHARNAGAR,DOMESTIC,1,1993,1939.0,247211.0,2241.56
"BANJARA HILLS","BANJARA HILLS",AMEERPET,"SRI KRISHNA NAGAR","KALYAN NAGAR",DOMESTIC,1,325,307.0,60020.0,907.21
"BANJARA HILLS","BANJARA HILLS",AMEERPET,"SRI KRISHNA NAGAR","KALYAN NAGAR APARTMENT",DOMESTIC,1,955,949.0,186646.0,3109.94
"BANJARA HILLS","BANJARA HILLS",AMEERPET,"SRI KRISHNA NAGAR","MADHRANAGAR A  C",DOMESTIC,1,885,861.0,170477.0,2782.34
"BANJARA HILLS","BANJARA HILLS",AMEERPET,"SRI KRISHNA NAGAR","MADHURA NAGAR(B,D,H)",DOMESTIC,1,1722,1669.0,358533.0,5447.03
"BANJARA HILLS","BANJARA HILLS",AMEERPET,"SRI KRISHNA NAGAR","MADHURANGAR E F G",DOMESTIC,1,1955,1933.0,396453.0,6044.6
"BANJARA HILLS","BANJARA HILLS",AMEERPET,"SRI KRISHNA NAGAR","RAHAMATH NAGAR CHURCH",DOMESTIC,1,2195,2143.0,268148.0,2714.47
"BANJARA HILLS","BANJARA HILLS",AMEERPET,"SRI KRISHNA NAGAR",RAHMATHNAGAR(SOUTH),DOMESTIC,1,2246,2193.0,275850.0,2449.69
"BANJARA HILLS","BANJARA HILLS",AMEERPET,"SRI KRISHNA NAGAR","SIDHARTHA NAGAR",DOMESTIC,1,997,974.0,188676.0,2980.49
"BANJARA HILLS","BANJARA HILLS",AMEERPET,"SRI KRISHNA NAGAR","SRINIVASA COLONY",DOMESTIC,1,418,370.0,76905.0,1081.61
"BANJARA HILLS","BANJARA HILLS",AMEERPET,"SRI KRISHNA NAGAR","VENGALARAO NAGAR (C,D)",DOMESTIC,1,1354,1344.0,177981.0,2167.04
"BANJARA HILLS","BANJARA HILLS",AMEERPET,"SRI KRISHNA NAGAR","VENGALARAO NAGAR A B C",DOMESTIC,1,1317,1288.0,212157.0,3330.42
"BANJARA HILLS","BANJARA HILLS",AMEERPET,"SRI KRISHNA NAGAR","VIKASPURI & LAKSHIMINAGAR",DOMESTIC,1,954,923.0,150334.0,2000.98
"BANJARA HILLS","BANJARA HILLS",AMEERPET,"SRI KRISHNA NAGAR","YADAGIRI NAGAR",DOMESTIC,1,1468,1455.0,219600.0,2239.92
"BANJARA HILLS","BANJARA HILLS",AMEERPET,"YELLA REDDY GUDA","ALI NAGAR&SARATHI STUDIO",DOMESTIC,1,972,959.0,177517.0,2820.47
"BANJARA HILLS","BANJARA HILLS",AMEERPET,"YELLA REDDY GUDA","AMBEDKAR NAGAR",DOMESTIC,1,1729,1676.0,261989.0,2336.24
"BANJARA HILLS","BANJARA HILLS",AMEERPET,"YELLA REDDY GUDA",AMEERPET,DOMESTIC,1,11,8.0,2941.0,18.5
"BANJARA HILLS","BANJARA HILLS",AMEERPET,"YELLA REDDY GUDA","AMEERPET COMPLEX",DOMESTIC,1,641,638.0,157811.0,2499.9
"BANJARA HILLS","BANJARA HILLS",AMEERPET,"YELLA REDDY GUDA","GRC HIGH VALUES",DOMESTIC,1,29,29.0,39526.0,855.2
"BANJARA HILLS","BANJARA HILLS",AMEERPET,"YELLA REDDY GUDA","GRC- NON - C.T.  METERS",DOMESTIC,1,56,56.0,29752.0,532.0
"BANJARA HILLS","BANJARA HILLS",AMEERPET,"YELLA REDDY GUDA","INDIRA NAGAR",DOMESTIC,1,2532,2462.0,308667.0,2839.81
"BANJARA HILLS","BANJARA HILLS",AMEERPET,"YELLA REDDY GUDA","JAWAHAR NAGAR&INDIRA NAGAR",DOMESTIC,1,2221,2129.0,289354.0,2661.41
"BANJARA HILLS","BANJARA HILLS",AMEERPET,"YELLA REDDY GUDA","JP NAGAR & ENGINEERS COLONY",DOMESTIC,1,1456,1428.0,292602.0,4532.79
"BANJARA HILLS","BANJARA HILLS",AMEERPET,"YELLA REDDY GUDA","KAMALAPURI COLONY",DOMESTIC,1,707,692.0,171231.0,2524.27
"BANJARA HILLS","BANJARA HILLS",AMEERPET,"YELLA REDDY GUDA","NAGARJUNA NAGAR",DOMESTIC,1,583,570.0,111565.0,1883.9
"BANJARA HILLS","BANJARA HILLS",AMEERPET,"YELLA REDDY GUDA","OLD YELLAREDDYGUDA",DOMESTIC,1,1155,1115.0,194519.0,2477.88
"BANJARA HILLS","BANJARA HILLS",AMEERPET,"YELLA REDDY GUDA",PANJAGUTTA,DOMESTIC,1,334,270.0,47427.0,438.85
"BANJARA HILLS","BANJARA HILLS",AMEERPET,"YELLA REDDY GUDA","SG NAGAR,BSNL,MARKET AREA",DOMESTIC,1,1292,1266.0,209068.0,2089.4
"BANJARA HILLS","BANJARA HILLS",AMEERPET,"YELLA REDDY GUDA","SHALIVAHANA SBH NAVODAYA",DOMESTIC,1,1462,1437.0,347773.0,5148.76
"BANJARA HILLS","BANJARA HILLS",AMEERPET,"YELLA REDDY GUDA","SKD NAGAR",DOMESTIC,1,502,487.0,84457.0,1419.32
"BANJARA HILLS","BANJARA HILLS",AMEERPET,"YELLA REDDY GUDA","SRINAGAR APARTMENT",DOMESTIC,1,1744,1739.0,519908.0,8280.18
"BANJARA HILLS","BANJARA HILLS",AMEERPET,"YELLA REDDY GUDA","SRINAGAR KESHAVNAGAR",DOMESTIC,1,331,315.0,81897.0,1069.74
"BANJARA HILLS","BANJARA HILLS",AMEERPET,"YELLA REDDY GUDA","STEEL & MINES",DOMESTIC,1,160,160.0,36341.0,517.0
"BANJARA HILLS","BANJARA HILLS",AMEERPET,"YELLA REDDY GUDA","UPPER BASTI",DOMESTIC,1,1202,1165.0,178982.0,1795.43
"BANJARA HILLS","BANJARA HILLS",AMEERPET,"YELLA REDDY GUDA","WB. WADDAR BASTHI",DOMESTIC,1,1251,1220.0,205342.0,2595.39
"BANJARA HILLS","BANJARA HILLS",AMEERPET,YOUSUFGUDA,B-BLOCK-2,DOMESTIC,1,1313,1291.0,164653.0,1641.29
"BANJARA HILLS","BANJARA HILLS",AMEERPET,YOUSUFGUDA,"GAYATRI HILLS",DOMESTIC,1,1239,1232.0,189093.0,1909.46
"BANJARA HILLS","BANJARA HILLS",AMEERPET,YOUSUFGUDA,"GRC HIGH VALUES",DOMESTIC,1,224,222.0,196344.0,4107.0
"BANJARA HILLS","BANJARA HILLS",AMEERPET,YOUSUFGUDA,"HYLAM COLONY",DOMESTIC,1,1315,1310.0,221211.0,2473.98
"BANJARA HILLS","BANJARA HILLS",AMEERPET,YOUSUFGUDA,"KRISHNA NAGAR C BLOCK",DOMESTIC,1,1795,1752.0,220725.0,2292.15
"BANJARA HILLS","BANJARA HILLS",AMEERPET,YOUSUFGUDA,"KRISHNANAGAR C BLOCK",DOMESTIC,1,1006,998.0,120505.0,1155.2
"BANJARA HILLS","BANJARA HILLS",AMEERPET,YOUSUFGUDA,"LAXMI NARSIMHA NAGAR",DOMESTIC,1,1051,996.0,121692.0,1182.67
"BANJARA HILLS","BANJARA HILLS",AMEERPET,YOUSUFGUDA,"LAXMI NARSIMHA NAGAR-2",DOMESTIC,1,1088,1062.0,138027.0,1150.09
"BANJARA HILLS","BANJARA HILLS",AMEERPET,YOUSUFGUDA,"LN NAGAR MAZIDH",DOMESTIC,1,951,951.0,137747.0,1195.01
"BANJARA HILLS","BANJARA HILLS",AMEERPET,YOUSUFGUDA,"MARUTHI NAGAR",DOMESTIC,1,795,794.0,136531.0,1539.58
"BANJARA HILLS","BANJARA HILLS",AMEERPET,YOUSUFGUDA,"MLA,MPS COLONY",DOMESTIC,1,621,568.0,240021.0,2915.94
"BANJARA HILLS","BANJARA HILLS",AMEERPET,YOUSUFGUDA,"POLICE  QUARTERS",DOMESTIC,1,851,253.0,29680.0,778.16
"BANJARA HILLS","BANJARA HILLS",AMEERPET,YOUSUFGUDA,"POLICE QUARTERS",DOMESTIC,1,740,565.0,56375.0,921.76
"BANJARA HILLS","BANJARA HILLS",AMEERPET,YOUSUFGUDA,PRAGATHINAGAR-1,DOMESTIC,1,1123,1113.0,278003.0,3973.72
"BANJARA HILLS","BANJARA HILLS",AMEERPET,YOUSUFGUDA,RAHAMATHNAGAR--2,DOMESTIC,1,786,767.0,87974.0,817.17
"BANJARA HILLS","BANJARA HILLS",AMEERPET,YOUSUFGUDA,RAHAMATHNAGAR-1,DOMESTIC,1,1717,1694.0,178241.0,1885.23
"BANJARA HILLS","BANJARA HILLS",AMEERPET,YOUSUFGUDA,"RAHMANTHNAGAR (NORTH)",DOMESTIC,1,3039,2987.0,334277.0,3557.41
"BANJARA HILLS","BANJARA HILLS",AMEERPET,YOUSUFGUDA,"S K NAGAR A-BLOCK",DOMESTIC,1,1503,1476.0,210602.0,2009.76
"BANJARA HILLS","BANJARA HILLS",AMEERPET,YOUSUFGUDA,"S.K.NAGAR & BARRELA PT",DOMESTIC,1,1117,1107.0,146427.0,1492.58
"BANJARA HILLS","BANJARA HILLS",AMEERPET,YOUSUFGUDA,SANTOSHGIRI,DOMESTIC,1,2139,2049.0,204310.0,2252.44
"BANJARA HILLS","BANJARA HILLS",AMEERPET,YOUSUFGUDA,"SRAVANTHI NAGAR",DOMESTIC,1,1298,1292.0,206650.0,2586.47
"BANJARA HILLS","BANJARA HILLS",AMEERPET,YOUSUFGUDA,"SRI KRISHNA NAGAR-B BLOCK",DOMESTIC,1,1251,1215.0,212811.0,2854.21
"BANJARA HILLS","BANJARA HILLS",AMEERPET,YOUSUFGUDA,"SRIKRISHNA NAGAR-A BLOCK",DOMESTIC,1,1320,1306.0,184842.0,1677.7
"BANJARA HILLS","BANJARA HILLS",AMEERPET,YOUSUFGUDA,"STREET LIGHTS",DOMESTIC,1,1,1.0,18.0,1.0
"BANJARA HILLS","BANJARA HILLS",AMEERPET,YOUSUFGUDA,VENKATAGIRI,DOMESTIC,1,1493,1448.0,195880.0,1849.46
"BANJARA HILLS","BANJARA HILLS",AMEERPET,YOUSUFGUDA,VENKATAGIRI-2,DOMESTIC,1,1446,1422.0,197750.0,1830.74
"BANJARA HILLS","BANJARA HILLS",AMEERPET,YOUSUFGUDA,"YOUSUF GUDA BASTI",DOMESTIC,1,1538,1501.0,280123.0,3835.3
"BANJARA HILLS","BANJARA HILLS","BANJARA HILLS","BANJARA HILLS"," IBRAHIM,NOOR,GURUBRAHMA NAGER",DOMESTIC,1,1719,1672.0,234703.0,2289.64
"BANJARA HILLS","BANJARA HILLS","BANJARA HILLS","BANJARA HILLS","APARTMENT IN ARORA COLONY",DOMESTIC,1,122,122.0,23635.0,502.92
"BANJARA HILLS","BANJARA HILLS","BANJARA HILLS","BANJARA HILLS","APARTMENTS IN ROAD NO.11",DOMESTIC,1,62,62.0,19292.0,241.0
"BANJARA HILLS","BANJARA HILLS","BANJARA HILLS","BANJARA HILLS","DK BASTI MASJID",DOMESTIC,1,517,515.0,146102.0,2091.75
"BANJARA HILLS","BANJARA HILLS","BANJARA HILLS","BANJARA HILLS","DWARAKAPURI COLONY",DOMESTIC,1,247,231.0,48600.0,794.5
"BANJARA HILLS","BANJARA HILLS","BANJARA HILLS","BANJARA HILLS","DWARAKAPURI COLONY APPT",DOMESTIC,1,612,599.0,165405.0,3001.0
"BANJARA HILLS","BANJARA HILLS","BANJARA HILLS","BANJARA HILLS","GAFFAR COLONY",DOMESTIC,1,141,135.0,33771.0,522.2
"BANJARA HILLS","BANJARA HILLS","BANJARA HILLS","BANJARA HILLS","GOWRI SHANKER COLONY",DOMESTIC,1,1780,1698.0,227910.0,2297.6
"BANJARA HILLS","BANJARA HILLS","BANJARA HILLS","BANJARA HILLS","GRC ROAD NO 2 AND 3",DOMESTIC,1,148,145.0,111268.0,2903.07
"BANJARA HILLS","BANJARA HILLS","BANJARA HILLS","BANJARA HILLS","GRC ROAD NO 7,8,9,10 AND 11",DOMESTIC,1,160,158.0,227828.0,4083.0
"BANJARA HILLS","BANJARA HILLS","BANJARA HILLS","BANJARA HILLS","GRC ROAD NO1,4,5,6,AND14",DOMESTIC,1,364,362.0,289379.0,8015.7
"BANJARA HILLS","BANJARA HILLS","BANJARA HILLS","BANJARA HILLS","HINDI NAGAR",DOMESTIC,1,113,100.0,20465.0,281.06
"BANJARA HILLS","BANJARA HILLS","BANJARA HILLS","BANJARA HILLS","IAS-IPS OFFICERS QUARTERS",DOMESTIC,1,92,91.0,18091.0,457.0
"BANJARA HILLS","BANJARA HILLS","BANJARA HILLS","BANJARA HILLS","JOURNALIST NOVODAYA,U.B.COLONY",DOMESTIC,1,1072,1033.0,381953.0,5162.24
"BANJARA HILLS","BANJARA HILLS","BANJARA HILLS","BANJARA HILLS","KCR HOUSE & NANDI NAGAR",DOMESTIC,1,1069,1003.0,171546.0,1972.59
"BANJARA HILLS","BANJARA HILLS","BANJARA HILLS","BANJARA HILLS","NAGARJUNA HILLS",DOMESTIC,1,22,18.0,5327.0,129.5
"BANJARA HILLS","BANJARA HILLS","BANJARA HILLS","BANJARA HILLS","NAGARJUNA HILLS AND PANJAGUTTA",DOMESTIC,1,30,30.0,17693.0,582.0
"BANJARA HILLS","BANJARA HILLS","BANJARA HILLS","BANJARA HILLS","NET METERING",DOMESTIC,1,18,18.0,6362.0,113.0
"BANJARA HILLS","BANJARA HILLS","BANJARA HILLS","BANJARA HILLS","NEW VENKATESHWARA NAGAR",DOMESTIC,1,1881,1851.0,254399.0,2360.37
"BANJARA HILLS","BANJARA HILLS","BANJARA HILLS","BANJARA HILLS","NEW ZOHRANAGAR,RD 10,B.HILLS",DOMESTIC,1,926,896.0,195805.0,3221.46
"BANJARA HILLS","BANJARA HILLS","BANJARA HILLS","BANJARA HILLS","PANJAGUTTA POLICE QRTS.",DOMESTIC,1,213,162.0,22454.0,402.28
"BANJARA HILLS","BANJARA HILLS","BANJARA HILLS","BANJARA HILLS","RD.14 AMRUTHA ENCLEVE APARTMET",DOMESTIC,1,88,88.0,21715.0,279.76
"BANJARA HILLS","BANJARA HILLS","BANJARA HILLS","BANJARA HILLS","RD.14 POSH AREA@APARTMENTS",DOMESTIC,1,923,885.0,327412.0,5053.86
"BANJARA HILLS","BANJARA HILLS","BANJARA HILLS","BANJARA HILLS","RD.2 MAIN ROAD",DOMESTIC,1,880,833.0,253194.0,4373.1
"BANJARA HILLS","BANJARA HILLS","BANJARA HILLS","BANJARA HILLS","RD.4 APARTMENTS",DOMESTIC,1,430,426.0,148791.0,2588.2
"BANJARA HILLS","BANJARA HILLS","BANJARA HILLS","BANJARA HILLS","RD.4 INDIVIDUAL SERVICES",DOMESTIC,1,512,498.0,92195.0,920.14
"BANJARA HILLS","BANJARA HILLS","BANJARA HILLS","BANJARA HILLS","RD.5 PASH AREA@APARTMENTS",DOMESTIC,1,505,500.0,199514.0,2895.7
"BANJARA HILLS","BANJARA HILLS","BANJARA HILLS","BANJARA HILLS","RD.5&6 D.K.BASTI &APARTMENTS",DOMESTIC,1,802,761.0,115979.0,896.88
"BANJARA HILLS","BANJARA HILLS","BANJARA HILLS","BANJARA HILLS","RD.7 APARTMENTS",DOMESTIC,1,76,76.0,31137.0,577.3
"BANJARA HILLS","BANJARA HILLS","BANJARA HILLS","BANJARA HILLS","RD.7 INDIVIDUAL SERVICES",DOMESTIC,1,444,443.0,133739.0,1595.85
"BANJARA HILLS","BANJARA HILLS","BANJARA HILLS","BANJARA HILLS","ROAD NO 8 9 AND 10",DOMESTIC,1,961,881.0,331252.0,5117.82
"BANJARA HILLS","BANJARA HILLS","BANJARA HILLS","BANJARA HILLS","ROAD NO. 11",DOMESTIC,1,625,605.0,227337.0,3219.19
"BANJARA HILLS","BANJARA HILLS","BANJARA HILLS","BANJARA HILLS","ROAD NO.1 BANJARA HILLS",DOMESTIC,1,96,84.0,31226.0,657.0
"BANJARA HILLS","BANJARA HILLS","BANJARA HILLS","BANJARA HILLS","SHOWKATH NGR & KBR PARK LINE",DOMESTIC,1,570,559.0,122770.0,1448.36
"BANJARA HILLS","BANJARA HILLS","BANJARA HILLS","BANJARA HILLS","SINGADI KUNTA",DOMESTIC,1,2379,2271.0,376738.0,4505.86
"BANJARA HILLS","BANJARA HILLS","BANJARA HILLS","BANJARA HILLS","SRINIKETAN COLONY",DOMESTIC,1,349,341.0,94263.0,1381.39
"BANJARA HILLS","BANJARA HILLS","BANJARA HILLS","BANJARA HILLS",UDAYANAGAR,DOMESTIC,1,1916,1853.0,258654.0,2019.18
"BANJARA HILLS","BANJARA HILLS","BANJARA HILLS","BANJARA HILLS",,DOMESTIC,1,3,,0.0,9.0
"BANJARA HILLS","BANJARA HILLS","BANJARA HILLS","FILM NAGAR","ABN&BJR&NNN&PATEL NAGAR",DOMESTIC,1,2107,1842.0,190814.0,1619.02
"BANJARA HILLS","BANJARA HILLS","BANJARA HILLS","FILM NAGAR","APARTMENTS SERVICES RD NO.12",DOMESTIC,1,641,609.0,124133.0,2823.54
"BANJARA HILLS","BANJARA HILLS","BANJARA HILLS","FILM NAGAR","BADRUKA APTS,ROCK ROOF APTS",DOMESTIC,1,614,602.0,123248.0,2014.06
"BANJARA HILLS","BANJARA HILLS","BANJARA HILLS","FILM NAGAR","BALREDDY NAGAR",DOMESTIC,1,1525,1283.0,138281.0,984.6
"BANJARA HILLS","BANJARA HILLS","BANJARA HILLS","FILM NAGAR","BHOLA NAGAR RD NO-12 B HILLS",DOMESTIC,1,159,136.0,20032.0,207.0
"BANJARA HILLS","BANJARA HILLS","BANJARA HILLS","FILM NAGAR","D.D.N - VINAYAK NAGAR",DOMESTIC,1,1285,1239.0,167046.0,1076.72
"BANJARA HILLS","BANJARA HILLS","BANJARA HILLS","FILM NAGAR","DURGA BHAVANI NAGAR",DOMESTIC,1,1056,835.0,99724.0,774.23
"BANJARA HILLS","BANJARA HILLS","BANJARA HILLS","FILM NAGAR","GOVT SERVICES",DOMESTIC,1,31,31.0,42836.0,181.0
"BANJARA HILLS","BANJARA HILLS","BANJARA HILLS","FILM NAGAR",GRC,DOMESTIC,1,254,249.0,280381.0,6368.32
"BANJARA HILLS","BANJARA HILLS","BANJARA HILLS","FILM NAGAR","GRC HIGH VALUES RDNO-12",DOMESTIC,1,235,233.0,247553.0,4366.0
"BANJARA HILLS","BANJARA HILLS","BANJARA HILLS","FILM NAGAR","GRC-FILM NGR-MLA COLONY",DOMESTIC,1,323,317.0,433778.0,8290.5
"BANJARA HILLS","BANJARA HILLS","BANJARA HILLS","FILM NAGAR","GYANI JAIL SINGH NAGAR",DOMESTIC,1,1100,956.0,114154.0,823.92
"BANJARA HILLS","BANJARA HILLS","BANJARA HILLS","FILM NAGAR","J HILLS, 71,72,73,74,75,76,77",DOMESTIC,1,731,685.0,254709.0,3467.03
"BANJARA HILLS","BANJARA HILLS","BANJARA HILLS","FILM NAGAR","J HILLS,78,79,80,81,82",DOMESTIC,1,1001,926.0,286558.0,3701.43
"BANJARA HILLS","BANJARA HILLS","BANJARA HILLS","FILM NAGAR","JOURNALIST A&B NANDAGIRI HILLS",DOMESTIC,1,851,802.0,203755.0,3635.86
"BANJARA HILLS","BANJARA HILLS","BANJARA HILLS","FILM NAGAR","JUBILEE HILLS ROAD NO.92",DOMESTIC,1,1509,1479.0,523470.0,8989.01
"BANJARA HILLS","BANJARA HILLS","BANJARA HILLS","FILM NAGAR","M L A COLONY",DOMESTIC,1,1303,1249.0,486420.0,7259.13
"BANJARA HILLS","BANJARA HILLS","BANJARA HILLS","FILM NAGAR","M.G NAGAR",DOMESTIC,1,805,672.0,64704.0,439.56
"BANJARA HILLS","BANJARA HILLS","BANJARA HILLS","FILM NAGAR","MRNC COLONY",DOMESTIC,1,1849,1668.0,208807.0,1558.76
"BANJARA HILLS","BANJARA HILLS","BANJARA HILLS","FILM NAGAR","N B NAGAR",DOMESTIC,1,670,631.0,88340.0,723.73
"BANJARA HILLS","BANJARA HILLS","BANJARA HILLS","FILM NAGAR","N B T NAGAR",DOMESTIC,1,1775,1696.0,253218.0,2012.4
"BANJARA HILLS","BANJARA HILLS","BANJARA HILLS","FILM NAGAR","NBT NAGAR B",DOMESTIC,1,1645,1607.0,257601.0,1939.12
"BANJARA HILLS","BANJARA HILLS","BANJARA HILLS","FILM NAGAR","PENSION OFIC TO RDNO-12 S.S",DOMESTIC,1,412,385.0,120925.0,1727.81
"BANJARA HILLS","BANJARA HILLS","BANJARA HILLS","FILM NAGAR","PRASHASAN NAGAR",DOMESTIC,1,762,743.0,204024.0,3712.02
"BANJARA HILLS","BANJARA HILLS","BANJARA HILLS","FILM NAGAR","RDNO-12 COMAAN TO OMEGA OPPOSI",DOMESTIC,1,641,615.0,250321.0,3754.97
"BANJARA HILLS","BANJARA HILLS","BANJARA HILLS","FILM NAGAR","ROAD NO. 13, B HILLS",DOMESTIC,1,581,555.0,164100.0,2241.2
"BANJARA HILLS","BANJARA HILLS","BANJARA HILLS","FILM NAGAR",SRIRAMNAGAR,DOMESTIC,1,1670,1640.0,248776.0,2321.58
"BANJARA HILLS","BANJARA HILLS","BANJARA HILLS","FILM NAGAR","SYED NAGAR",DOMESTIC,1,593,538.0,84073.0,684.4
"BANJARA HILLS","BANJARA HILLS","BANJARA HILLS","FILM NAGAR","TRS BHAVAN TO MINISTERS QRTERS",DOMESTIC,1,560,538.0,209357.0,3254.5
"BANJARA HILLS","BANJARA HILLS","JUBILEE HILLS","JUBILEE HILLS","ASWINI & HUDA ENCLAVE",DOMESTIC,1,873,826.0,320558.0,5783.0
"BANJARA HILLS","BANJARA HILLS","JUBILEE HILLS","JUBILEE HILLS",CC-CAMERAS,DOMESTIC,1,1,1.0,119.0,1.0
"BANJARA HILLS","BANJARA HILLS","JUBILEE HILLS","JUBILEE HILLS","DOMESTIC HT",DOMESTIC,1,25,25.0,290991.0,4478.0
"BANJARA HILLS","BANJARA HILLS","JUBILEE HILLS","JUBILEE HILLS","GRC HIGH VALUES",DOMESTIC,1,346,345.0,524989.0,10384.0
"BANJARA HILLS","BANJARA HILLS","JUBILEE HILLS","JUBILEE HILLS","GUTTALA BEGUMPET",DOMESTIC,1,1656,1512.0,377747.0,9575.04
"BANJARA HILLS","BANJARA HILLS","JUBILEE HILLS","JUBILEE HILLS","HIGH VALUE  ROAD NO 1 TO 21",DOMESTIC,1,157,157.0,227426.0,4560.0
"BANJARA HILLS","BANJARA HILLS","JUBILEE HILLS","JUBILEE HILLS",HIGHVALUE,DOMESTIC,1,292,288.0,358979.0,7972.0
"BANJARA HILLS","BANJARA HILLS","JUBILEE HILLS","JUBILEE HILLS","IAS IPS COLONY",DOMESTIC,1,492,486.0,210506.0,2635.0
"BANJARA HILLS","BANJARA HILLS","JUBILEE HILLS","JUBILEE HILLS","JUBILEE BILLS  54 TO 60",DOMESTIC,1,386,366.0,148162.0,1973.7
"BANJARA HILLS","BANJARA HILLS","JUBILEE HILLS","JUBILEE HILLS","JUBILEE HILLS 36 TO 44 AND 44A",DOMESTIC,1,241,214.0,102363.0,1401.03
"BANJARA HILLS","BANJARA HILLS","JUBILEE HILLS","JUBILEE HILLS","JUBILEE HILLS 45 TO 53",DOMESTIC,1,489,466.0,173735.0,2348.12
"BANJARA HILLS","BANJARA HILLS","JUBILEE HILLS","JUBILEE HILLS","JUBILEE HILLS RD NO. 10 TO 15",DOMESTIC,1,394,371.0,121528.0,1506.78
"BANJARA HILLS","BANJARA HILLS","JUBILEE HILLS","JUBILEE HILLS","JUBILEE HILLS RD NOS. 1 TO 9",DOMESTIC,1,519,476.0,115213.0,1874.6
"BANJARA HILLS","BANJARA HILLS","JUBILEE HILLS","JUBILEE HILLS","JUBILEE HILLS RD NOS. 26 TO 35",DOMESTIC,1,428,402.0,130804.0,1957.96
"BANJARA HILLS","BANJARA HILLS","JUBILEE HILLS","JUBILEE HILLS","JUBILEE HILLS RD NOS.24,25,27",DOMESTIC,1,218,206.0,101554.0,1173.24
"BANJARA HILLS","BANJARA HILLS","JUBILEE HILLS","JUBILEE HILLS","JUBILLE HILLS RD NO. 16 TO 22",DOMESTIC,1,255,229.0,93047.0,1199.75
"BANJARA HILLS","BANJARA HILLS","JUBILEE HILLS","JUBILEE HILLS","KAKATEEYA HILLS",DOMESTIC,1,1296,1248.0,321171.0,7490.0
"BANJARA HILLS","BANJARA HILLS","JUBILEE HILLS","JUBILEE HILLS","MASTANNAGAR RD.NO.46",DOMESTIC,1,772,719.0,84124.0,1185.86
"BANJARA HILLS","BANJARA HILLS","JUBILEE HILLS","JUBILEE HILLS","NET METERING",DOMESTIC,1,120,119.0,69754.0,1333.0
"BANJARA HILLS","BANJARA HILLS","JUBILEE HILLS","JUBILEE HILLS","ROAD NO 36 MAIN ROAD",DOMESTIC,1,25,25.0,30654.0,404.0
"BANJARA HILLS","BANJARA HILLS","JUBILEE HILLS",MADHAPUR,"(HARIJANA BASTI) SAI NAGAR",DOMESTIC,1,1608,1578.0,208917.0,2592.57
"BANJARA HILLS","BANJARA HILLS","JUBILEE HILLS",MADHAPUR,"ANDHRA BASTHI",DOMESTIC,1,571,569.0,70343.0,1095.47
"BANJARA HILLS","BANJARA HILLS","JUBILEE HILLS",MADHAPUR,"ARUNDHOYA COLONY,JAIHIND ENCLA",DOMESTIC,1,1327,1294.0,243578.0,5339.9
"BANJARA HILLS","BANJARA HILLS","JUBILEE HILLS",MADHAPUR,"ARUNDHOYA,KAVURI,IMAGE GARDEN",DOMESTIC,1,18,14.0,9536.0,319.26
"BANJARA HILLS","BANJARA HILLS","JUBILEE HILLS",MADHAPUR,"CYBER TOWER AREA,PATRIKANAGAR",DOMESTIC,1,19,19.0,37695.0,429.0
"BANJARA HILLS","BANJARA HILLS","JUBILEE HILLS",MADHAPUR,"JENCLAVE, GAFOOR,VITTAL NAGAR",DOMESTIC,1,41,41.0,48347.0,785.0
"BANJARA HILLS","BANJARA HILLS","JUBILEE HILLS",MADHAPUR,"KAVURI HILLS",DOMESTIC,1,65,65.0,34094.0,1093.0
"BANJARA HILLS","BANJARA HILLS","JUBILEE HILLS",MADHAPUR,"KAVURI HILLS(D-MART),AMAR COOP",DOMESTIC,1,808,764.0,202496.0,3779.52
"BANJARA HILLS","BANJARA HILLS","JUBILEE HILLS",MADHAPUR,"KUMAR BASTI,NECTAR GARDEN",DOMESTIC,1,917,868.0,204040.0,3417.08
"BANJARA HILLS","BANJARA HILLS","JUBILEE HILLS",MADHAPUR,"MY HOMES APARTMENTS",DOMESTIC,1,571,571.0,155669.0,3937.0
"BANJARA HILLS","BANJARA HILLS","JUBILEE HILLS",MADHAPUR,"PATRIKANAGAR,JUBILEE ENCLAVE",DOMESTIC,1,1215,1061.0,226822.0,5641.0
"BANJARA HILLS","BANJARA HILLS","JUBILEE HILLS",MADHAPUR,"VADARA BASTI,MEGHA,SRIRAM TANK",DOMESTIC,1,1307,1271.0,201769.0,2992.18
"BANJARA HILLS","BANJARA HILLS","JUBILEE HILLS",MADHAPUR,"VINAYAK NAGAR",DOMESTIC,1,912,828.0,161075.0,3130.92
"BANJARA HILLS","BANJARA HILLS","JUBILEE HILLS",MADHAPUR,"VITTAL RAO NAGAR,GAFOORNAGAR",DOMESTIC,1,1455,1441.0,339685.0,8226.26
"BANJARA HILLS","GREEN LANDS",GREENLANDS,BEGUMPET,"P. GADDA GOVT. QRTS.",DOMESTIC,1,509,129.0,16892.0,693.78
"BANJARA HILLS","GREEN LANDS",GREENLANDS,BEGUMPET,"P. NAGAR COLONY",DOMESTIC,1,978,942.0,134111.0,1546.4
"BANJARA HILLS","GREEN LANDS",GREENLANDS,BEGUMPET,"P. NAGAR EXTENSION",DOMESTIC,1,1079,1039.0,171327.0,2167.44
"BANJARA HILLS","GREEN LANDS",GREENLANDS,BEGUMPET,"PATIGADDA EXTN",DOMESTIC,1,762,643.0,94762.0,705.63
"BANJARA HILLS","GREEN LANDS",GREENLANDS,BEGUMPET,"PRAKASH NAGAR RIGHT",DOMESTIC,1,1160,1109.0,157544.0,1596.99
"BANJARA HILLS","GREEN LANDS",GREENLANDS,BEGUMPET,R.B.I.QUARTERS,DOMESTIC,1,321,295.0,27116.0,431.04
"BANJARA HILLS","GREEN LANDS",GREENLANDS,BEGUMPET,"SHAM LAL INDIVISUAL",DOMESTIC,1,520,519.0,70266.0,607.7
"BANJARA HILLS","GREEN LANDS",GREENLANDS,BEGUMPET,"SHAMLAL BUILDINGS",DOMESTIC,1,998,969.0,134063.0,1328.53
"BANJARA HILLS","GREEN LANDS",GREENLANDS,BEGUMPET,"SHAMLAL BUILDINGS APTS",DOMESTIC,1,1533,1514.0,339043.0,5362.37
"BANJARA HILLS","GREEN LANDS",GREENLANDS,BEGUMPET,"SHYAM SIDARTHA SLAM",DOMESTIC,1,692,680.0,123499.0,1463.24
"BANJARA HILLS","GREEN LANDS",GREENLANDS,BEGUMPET,"TATA CHARY CLY",DOMESTIC,1,1604,1590.0,197423.0,1915.01
"BANJARA HILLS","GREEN LANDS",GREENLANDS,BEGUMPET,"VADDERA BASTHI. P. GADDA",DOMESTIC,1,519,474.0,54813.0,421.52
"BANJARA HILLS","GREEN LANDS",GREENLANDS,BEGUMPET,"VIKAR NAGAR",DOMESTIC,1,576,475.0,82918.0,574.03
"BANJARA HILLS","GREEN LANDS",GREENLANDS,GREENLANDS,"AMEERPET (SOUTH)",DOMESTIC,1,206,190.0,33186.0,421.36
"BANJARA HILLS","GREEN LANDS",GREENLANDS,GREENLANDS,"AMEERPET COLONY (RBI)",DOMESTIC,1,357,331.0,60442.0,831.16
"BANJARA HILLS","GREEN LANDS",GREENLANDS,GREENLANDS,"AMEERPET DURGANAGAR",DOMESTIC,1,147,146.0,25636.0,442.3
"BANJARA HILLS","GREEN LANDS",GREENLANDS,GREENLANDS,"AMRUTHA HILLS",DOMESTIC,1,170,164.0,30286.0,814.0
"BANJARA HILLS","GREEN LANDS",GREENLANDS,GREENLANDS,"B S HARI GATE",DOMESTIC,1,371,371.0,86788.0,745.99
"BANJARA HILLS","GREEN LANDS",GREENLANDS,GREENLANDS,"B S MAKTHA APARTMENTS",DOMESTIC,1,432,421.0,94401.0,1914.0
"BANJARA HILLS","GREEN LANDS",GREENLANDS,GREENLANDS,"B S MAKTHA II{MYSAMMA TEMPLE}",DOMESTIC,1,581,575.0,82439.0,910.2
"BANJARA HILLS","GREEN LANDS",GREENLANDS,GREENLANDS,B.S.MAKTHA,DOMESTIC,1,785,771.0,116109.0,884.81
"BANJARA HILLS","GREEN LANDS",GREENLANDS,GREENLANDS,B.S.MAKTHA(MASJID),DOMESTIC,1,734,713.0,130336.0,1163.74
"BANJARA HILLS","GREEN LANDS",GREENLANDS,GREENLANDS,"DURGA NAGAR",DOMESTIC,1,213,209.0,44559.0,591.34
"BANJARA HILLS","GREEN LANDS",GREENLANDS,GREENLANDS,"GRC HV GREENLANDS",DOMESTIC,1,18,17.0,17264.0,445.0
"BANJARA HILLS","GREEN LANDS",GREENLANDS,GREENLANDS,"GRC HV SOMAJIGUDA",DOMESTIC,1,63,63.0,53386.0,1085.5
"BANJARA HILLS","GREEN LANDS",GREENLANDS,GREENLANDS,"GREENLAND APARTMENTS",DOMESTIC,1,331,321.0,75692.0,1351.0
"BANJARA HILLS","GREEN LANDS",GREENLANDS,GREENLANDS,"GREENLAND WEST",DOMESTIC,1,194,180.0,48383.0,605.02
"BANJARA HILLS","GREEN LANDS",GREENLANDS,GREENLANDS,"GREENLANDS (EAST)",DOMESTIC,1,123,117.0,42342.0,520.87
"BANJARA HILLS","GREEN LANDS",GREENLANDS,GREENLANDS,"HUSSAIN NAGAR",DOMESTIC,1,631,602.0,108388.0,884.07
"BANJARA HILLS","GREEN LANDS",GREENLANDS,GREENLANDS,"KANTHISIKHARA APTS",DOMESTIC,1,191,183.0,33361.0,317.0
"BANJARA HILLS","GREEN LANDS",GREENLANDS,GREENLANDS,KUNDANBAGH,DOMESTIC,1,389,363.0,93205.0,1081.16
"BANJARA HILLS","GREEN LANDS",GREENLANDS,GREENLANDS,"METHODIST COLONY",DOMESTIC,1,433,411.0,80400.0,1324.28
"BANJARA HILLS","GREEN LANDS",GREENLANDS,GREENLANDS,"METHODIST COLONY(APTS)",DOMESTIC,1,709,612.0,149241.0,3237.88
"BANJARA HILLS","GREEN LANDS",GREENLANDS,GREENLANDS,P.J.COLONY,DOMESTIC,1,372,264.0,49664.0,889.33
"BANJARA HILLS","GREEN LANDS",GREENLANDS,GREENLANDS,P.J.COLONY(APTS),DOMESTIC,1,437,399.0,111166.0,2125.68
"BANJARA HILLS","GREEN LANDS",GREENLANDS,GREENLANDS,"POCHAMMA BASTI",DOMESTIC,1,252,220.0,30294.0,315.91
"BANJARA HILLS","GREEN LANDS",GREENLANDS,GREENLANDS,"SHANTHI BAGH",DOMESTIC,1,359,353.0,72480.0,1412.56
"BANJARA HILLS","GREEN LANDS",GREENLANDS,GREENLANDS,SOMAJIGUDA,DOMESTIC,1,161,149.0,34796.0,530.5
"BANJARA HILLS","GREEN LANDS",GREENLANDS,GREENLANDS,"SOMAJIGUDA (EXT.)",DOMESTIC,1,199,188.0,49098.0,741.38
"BANJARA HILLS","GREEN LANDS",GREENLANDS,GREENLANDS,"SOMAJIGUDA APTS",DOMESTIC,1,562,544.0,154719.0,2747.2
"BANJARA HILLS","GREEN LANDS",GREENLANDS,GREENLANDS,"SOMAJIGUDA APTS-I",DOMESTIC,1,700,678.0,184629.0,3019.9
"BANJARA HILLS","GREEN LANDS",GREENLANDS,GREENLANDS,"SOMAJIGUDA APTS-II",DOMESTIC,1,384,370.0,89497.0,2051.5
"BANJARA HILLS","GREEN LANDS",GREENLANDS,GREENLANDS,UMANAGAR,DOMESTIC,1,467,455.0,135851.0,2553.79
"BANJARA HILLS","GREEN LANDS",GREENLANDS,GREENLANDS,"VENKATRAM BAGH",DOMESTIC,1,93,88.0,25466.0,452.02
"BANJARA HILLS","GREEN LANDS",GREENLANDS,"SANJEEV REDDY NAGAR","A.LEELA NAGAR (APPTS.)",DOMESTIC,1,1048,1014.0,227194.0,3638.5
"BANJARA HILLS","GREEN LANDS",GREENLANDS,"SANJEEV REDDY NAGAR","AMEERPET (SHESHMAHAL)",DOMESTIC,1,444,423.0,69553.0,673.7
"BANJARA HILLS","GREEN LANDS",GREENLANDS,"SANJEEV REDDY NAGAR","AMEERPET MAIN RD(APPTS.)",DOMESTIC,1,403,383.0,78122.0,1219.6
"BANJARA HILLS","GREEN LANDS",GREENLANDS,"SANJEEV REDDY NAGAR","AMEERPET MAIN ROAD",DOMESTIC,1,528,503.0,76206.0,768.72
"BANJARA HILLS","GREEN LANDS",GREENLANDS,"SANJEEV REDDY NAGAR","AMEERPET(SEESHMAHAL APPTS.)",DOMESTIC,1,441,427.0,94626.0,1545.86
"BANJARA HILLS","GREEN LANDS",GREENLANDS,"SANJEEV REDDY NAGAR","ANAND BAGH",DOMESTIC,1,522,509.0,109834.0,1945.4
"BANJARA HILLS","GREEN LANDS",GREENLANDS,"SANJEEV REDDY NAGAR","B K GUDA",DOMESTIC,1,982,964.0,138269.0,1613.46
"BANJARA HILLS","GREEN LANDS",GREENLANDS,"SANJEEV REDDY NAGAR","B.K.GUDA DASARAM BASTI",DOMESTIC,1,1367,1347.0,148941.0,1827.77
"BANJARA HILLS","GREEN LANDS",GREENLANDS,"SANJEEV REDDY NAGAR","BALKAMPET EAST",DOMESTIC,1,844,809.0,171791.0,2225.56
"BANJARA HILLS","GREEN LANDS",GREENLANDS,"SANJEEV REDDY NAGAR","BALKAMPET WEST",DOMESTIC,1,765,746.0,114559.0,1541.95
"BANJARA HILLS","GREEN LANDS",GREENLANDS,"SANJEEV REDDY NAGAR","BAPU NAGAR NORTH",DOMESTIC,1,572,563.0,92279.0,688.3
"BANJARA HILLS","GREEN LANDS",GREENLANDS,"SANJEEV REDDY NAGAR","BAPU NAGAR SOUTH",DOMESTIC,1,662,630.0,116013.0,983.19
"BANJARA HILLS","GREEN LANDS",GREENLANDS,"SANJEEV REDDY NAGAR","C-TYPE QUARTERS",DOMESTIC,1,1309,1247.0,173420.0,2306.2
"BANJARA HILLS","GREEN LANDS",GREENLANDS,"SANJEEV REDDY NAGAR","CT METERS",DOMESTIC,1,19,19.0,34617.0,475.0
CYBERCITY,IBRAHIMBAGH,IBRAHIMBAG,"SHANKAR PALLY","MOKILA THANDA",DOMESTIC,1,309,280.0,36890.0,220.66
CYBERCITY,IBRAHIMBAGH,IBRAHIMBAG,"SHANKAR PALLY","MOKILA VILLAGE",DOMESTIC,1,1598,1467.0,175399.0,3411.09
CYBERCITY,IBRAHIMBAGH,IBRAHIMBAG,"SHANKAR PALLY","OLD SHANKER PALLY",DOMESTIC,1,259,211.0,19936.0,159.33
CYBERCITY,IBRAHIMBAGH,IBRAHIMBAG,"SHANKAR PALLY",PARVEDA,DOMESTIC,1,558,483.0,37656.0,296.1
CYBERCITY,IBRAHIMBAGH,IBRAHIMBAG,"SHANKAR PALLY",PILLIGUNDLA,DOMESTIC,1,135,127.0,13295.0,112.52
CYBERCITY,IBRAHIMBAGH,IBRAHIMBAG,"SHANKAR PALLY",PODDATUR,DOMESTIC,1,847,768.0,81793.0,1123.62
CYBERCITY,IBRAHIMBAGH,IBRAHIMBAG,"SHANKAR PALLY","RAMANTHA PUR",DOMESTIC,1,226,206.0,14961.0,126.52
CYBERCITY,IBRAHIMBAGH,IBRAHIMBAG,"SHANKAR PALLY",RAMANTHAPUR,DOMESTIC,1,1,1.0,267.0,20.0
CYBERCITY,IBRAHIMBAGH,IBRAHIMBAG,"SHANKAR PALLY","RAVULA PALLY KALAN",DOMESTIC,1,504,457.0,36249.0,229.5
CYBERCITY,IBRAHIMBAGH,IBRAHIMBAG,"SHANKAR PALLY","SANKE PALLY",DOMESTIC,1,296,254.0,15443.0,115.94
CYBERCITY,IBRAHIMBAGH,IBRAHIMBAG,"SHANKAR PALLY","SERI GUDA",DOMESTIC,1,263,238.0,21131.0,174.03
CYBERCITY,IBRAHIMBAGH,IBRAHIMBAG,"SHANKAR PALLY","SHANKAR PALLY",DOMESTIC,1,1,1.0,5291.0,11.0
CYBERCITY,IBRAHIMBAGH,IBRAHIMBAG,"SHANKAR PALLY",SHANKERPALLY,DOMESTIC,1,1552,1467.0,164109.0,1589.12
CYBERCITY,IBRAHIMBAGH,CHEVELLA,CHEVELLA,JALAGUDA,DOMESTIC,1,92,74.0,5906.0,27.98
CYBERCITY,IBRAHIMBAGH,CHEVELLA,CHEVELLA,KAMMETTA,DOMESTIC,1,683,570.0,50375.0,390.22
CYBERCITY,IBRAHIMBAGH,CHEVELLA,CHEVELLA,KANDVADA,DOMESTIC,1,576,453.0,38721.0,305.2
CYBERCITY,IBRAHIMBAGH,CHEVELLA,CHEVELLA,KESARAM(C),DOMESTIC,1,258,214.0,17338.0,163.36
CYBERCITY,IBRAHIMBAGH,CHEVELLA,CHEVELLA,KHANAPOOR,DOMESTIC,1,307,237.0,16891.0,147.68
CYBERCITY,IBRAHIMBAGH,CHEVELLA,CHEVELLA,KISHTAPURI,DOMESTIC,1,63,51.0,2600.0,25.5
CYBERCITY,IBRAHIMBAGH,CHEVELLA,CHEVELLA,"KOTHA PALLY",DOMESTIC,1,523,442.0,30385.0,294.48
CYBERCITY,IBRAHIMBAGH,CHEVELLA,CHEVELLA,KOWKUNTLA,DOMESTIC,1,462,390.0,25847.0,192.29
CYBERCITY,IBRAHIMBAGH,CHEVELLA,CHEVELLA,KUMMERA,DOMESTIC,1,287,250.0,20766.0,217.26
CYBERCITY,IBRAHIMBAGH,CHEVELLA,CHEVELLA,"LAXMI GUDA",DOMESTIC,1,49,46.0,3831.0,19.78
CYBERCITY,IBRAHIMBAGH,CHEVELLA,CHEVELLA,"MADI KATTA",DOMESTIC,1,102,93.0,5878.0,47.98
CYBERCITY,IBRAHIMBAGH,CHEVELLA,CHEVELLA,MALKAPOOR,DOMESTIC,1,473,413.0,33382.0,339.04
CYBERCITY,IBRAHIMBAGH,CHEVELLA,CHEVELLA,"MALLA REDDY GUDA",DOMESTIC,1,101,88.0,7735.0,58.54
CYBERCITY,IBRAHIMBAGH,IBRAHIMBAG,"SHANKAR PALLY",SINGPUR,DOMESTIC,1,2290,2214.0,218138.0,2430.51
CYBERCITY,IBRAHIMBAGH,IBRAHIMBAG,"SHANKAR PALLY","SRD ROAD",DOMESTIC,1,2140,2104.0,215082.0,2301.8
CYBERCITY,IBRAHIMBAGH,IBRAHIMBAG,"SHANKAR PALLY",TANGATOOR,DOMESTIC,1,768,689.0,60990.0,479.42
CYBERCITY,IBRAHIMBAGH,IBRAHIMBAG,"SHANKAR PALLY",YELVARTHY,DOMESTIC,1,533,484.0,42149.0,258.67
CYBERCITY,IBRAHIMBAGH,IBRAHIMBAG,"SHANKAR PALLY","YERWA GUDA",DOMESTIC,1,294,260.0,18589.0,220.83
CYBERCITY,KONDAPUR,KONDAPUR,ALLAPUR,ALLAPUR,DOMESTIC,1,10,1.0,0.0,6.02
CYBERCITY,KONDAPUR,KONDAPUR,ALLAPUR,"AYYAPPA SOCIETY",DOMESTIC,1,1187,1165.0,212967.0,5079.24
CYBERCITY,KONDAPUR,KONDAPUR,ALLAPUR,"AYYAPPA SOCIETY COMMON",DOMESTIC,1,977,816.0,137721.0,3341.32
CYBERCITY,KONDAPUR,KONDAPUR,ALLAPUR,"AYYAPPA SOCIETY-2",DOMESTIC,1,618,618.0,105655.0,2268.78
CYBERCITY,KONDAPUR,KONDAPUR,ALLAPUR,"CHANDRA NAIK THANDA",DOMESTIC,1,1517,1441.0,244119.0,3673.07
CYBERCITY,KONDAPUR,KONDAPUR,ALLAPUR,"GAYATRI NAGAR",DOMESTIC,1,3885,3781.0,574119.0,11180.04
CYBERCITY,KONDAPUR,KONDAPUR,ALLAPUR,"GURU KUL TRUST",DOMESTIC,1,1576,1444.0,228599.0,5706.24
CYBERCITY,KONDAPUR,KONDAPUR,ALLAPUR,H.V,DOMESTIC,1,7,7.0,1579.0,101.0
CYBERCITY,KONDAPUR,KONDAPUR,ALLAPUR,"IZZATH NAGAR",DOMESTIC,1,3120,2911.0,354310.0,5989.92
CYBERCITY,IBRAHIMBAGH,CHEVELLA,CHEVELLA,MANDAGU,DOMESTIC,1,88,83.0,6854.0,51.3
CYBERCITY,IBRAHIMBAGH,CHEVELLA,CHEVELLA,MIRZAGUDA,DOMESTIC,1,265,227.0,11161.0,106.87
CYBERCITY,IBRAHIMBAGH,CHEVELLA,CHEVELLA,MUDMIYAL,DOMESTIC,1,511,435.0,39404.0,441.23
CYBERCITY,IBRAHIMBAGH,CHEVELLA,CHEVELLA,NANCHERI,DOMESTIC,1,169,153.0,11570.0,73.2
CYBERCITY,IBRAHIMBAGH,CHEVELLA,CHEVELLA,"NARAYANADASS GUDA",DOMESTIC,1,124,107.0,7284.0,54.89
CYBERCITY,IBRAHIMBAGH,CHEVELLA,CHEVELLA,NAYALTA,DOMESTIC,1,221,194.0,10994.0,117.14
CYBERCITY,IBRAHIMBAGH,CHEVELLA,CHEVELLA,NOWLOYAPALLY,DOMESTIC,1,52,43.0,2798.0,24.88
CYBERCITY,IBRAHIMBAGH,CHEVELLA,CHEVELLA,PALGUTTA,DOMESTIC,1,280,222.0,18339.0,136.13
CYBERCITY,IBRAHIMBAGH,CHEVELLA,CHEVELLA,PAMEENA,DOMESTIC,1,373,320.0,22529.0,174.0
CYBERCITY,IBRAHIMBAGH,CHEVELLA,CHEVELLA,"R GHANA POOR",DOMESTIC,1,365,317.0,17591.0,144.38
CYBERCITY,IBRAHIMBAGH,CHEVELLA,CHEVELLA,RAMANNAGUDA,DOMESTIC,1,263,233.0,15365.0,172.44
CYBERCITY,IBRAHIMBAGH,CHEVELLA,CHEVELLA,"SAIREDDY GUDA",DOMESTIC,1,31,27.0,2107.0,13.28
CYBERCITY,IBRAHIMBAGH,CHEVELLA,CHEVELLA,"SINGAPPA GUDA",DOMESTIC,1,131,111.0,4153.0,66.84
CYBERCITY,IBRAHIMBAGH,CHEVELLA,CHEVELLA,TALLARAM,DOMESTIC,1,119,91.0,6355.0,52.01
CYBERCITY,KONDAPUR,KONDAPUR,ALLAPUR,"K.S.NAGAR, RANAPRATAP NAGAR",DOMESTIC,1,1487,1481.0,174770.0,1462.99
CYBERCITY,KONDAPUR,KONDAPUR,ALLAPUR,"KHANAMET MUSLIM BASTI",DOMESTIC,1,628,585.0,112295.0,1573.25
CYBERCITY,KONDAPUR,KONDAPUR,ALLAPUR,"NEW ALLAPUR, PANDITHNEHRU NAGA",DOMESTIC,1,2038,2022.0,282998.0,2325.51
CYBERCITY,KONDAPUR,KONDAPUR,ALLAPUR,"PADMAVATHI NAGAR, RK SOCIETY",DOMESTIC,1,1325,1317.0,176488.0,1814.46
CYBERCITY,KONDAPUR,KONDAPUR,ALLAPUR,"PARWATH NAGAR",DOMESTIC,1,4924,4856.0,457383.0,5991.92
CYBERCITY,KONDAPUR,KONDAPUR,ALLAPUR,"SAI NAGAR",DOMESTIC,1,815,802.0,116366.0,1455.34
CYBERCITY,KONDAPUR,KONDAPUR,ALLAPUR,"SHIVA BASTI",DOMESTIC,1,1340,1304.0,184266.0,1462.7
CYBERCITY,KONDAPUR,KONDAPUR,ALLAPUR,"SOCIETY H.V",DOMESTIC,1,26,24.0,21544.0,695.0
CYBERCITY,KONDAPUR,KONDAPUR,ALLAPUR,"SOCIETY HV2",DOMESTIC,1,63,62.0,38160.0,1113.91
CYBERCITY,KONDAPUR,KONDAPUR,ALLAPUR,TULASINAGAR,DOMESTIC,1,1992,1961.0,190040.0,2508.38
CYBERCITY,KONDAPUR,KONDAPUR,ALLAPUR,"VIVEKANANDA NAGAR",DOMESTIC,1,3622,3579.0,392830.0,4831.84
CYBERCITY,KONDAPUR,KONDAPUR,ALLAPUR,VIVEKANANDANAGAR,DOMESTIC,1,2200,2192.0,231082.0,2868.98
CYBERCITY,KONDAPUR,KONDAPUR,KONDAPUR,"8TH BATALLION",DOMESTIC,1,647,561.0,38808.0,774.0
CYBERCITY,KONDAPUR,KONDAPUR,KONDAPUR,"ADITYA HOMES",DOMESTIC,1,361,361.0,114035.0,1823.0
CYBERCITY,KONDAPUR,KONDAPUR,KONDAPUR,"ANJAIAH NAGAR",DOMESTIC,1,3156,2723.0,334849.0,6010.52
CYBERCITY,IBRAHIMBAGH,CHEVELLA,CHEVELLA,TANGADPELLY,DOMESTIC,1,503,405.0,21690.0,220.0
CYBERCITY,IBRAHIMBAGH,CHEVELLA,CHEVELLA,URELLA,DOMESTIC,1,494,453.0,30297.0,225.59
CYBERCITY,IBRAHIMBAGH,CHEVELLA,CHEVELLA,VENKANNAGUDA,DOMESTIC,1,85,77.0,4656.0,26.94
CYBERCITY,IBRAHIMBAGH,CHEVELLA,CHEVELLA,"YENKA PALLY",DOMESTIC,1,316,268.0,18222.0,391.53
CYBERCITY,IBRAHIMBAGH,CHEVELLA,CHEVELLA,,DOMESTIC,1,3,1.0,0.0,1.48
CYBERCITY,IBRAHIMBAGH,CHEVELLA,SHABAD,ANTHARAM-S,DOMESTIC,1,255,210.0,11365.0,107.85
CYBERCITY,IBRAHIMBAGH,CHEVELLA,SHABAD,"ANTHI REDDY GUDA",DOMESTIC,1,89,80.0,5282.0,37.81
CYBERCITY,IBRAHIMBAGH,CHEVELLA,SHABAD,"APPAREDDY GUDA",DOMESTIC,1,105,75.0,3643.0,36.7
CYBERCITY,IBRAHIMBAGH,CHEVELLA,SHABAD,ASPALLYGUDA,DOMESTIC,1,121,102.0,6061.0,45.9
CYBERCITY,IBRAHIMBAGH,CHEVELLA,SHABAD,"BHANGIRI PALLY",DOMESTIC,1,71,62.0,4386.0,35.02
CYBERCITY,IBRAHIMBAGH,CHEVELLA,SHABAD,BOBBILIGOAN,DOMESTIC,1,244,213.0,11547.0,93.14
CYBERCITY,IBRAHIMBAGH,CHEVELLA,SHABAD,"BODAM PAHAD",DOMESTIC,1,350,290.0,15367.0,149.1
CYBERCITY,IBRAHIMBAGH,CHEVELLA,SHABAD,CHANDANVELLY,DOMESTIC,1,444,335.0,24365.0,195.94
CYBERCITY,KONDAPUR,KONDAPUR,KONDAPUR,ANJAIAHNAGAR,DOMESTIC,1,3,3.0,3942.0,43.0
CYBERCITY,KONDAPUR,KONDAPUR,KONDAPUR,GACHIBOWLI,DOMESTIC,1,2587,2376.0,563687.0,10201.56
CYBERCITY,KONDAPUR,KONDAPUR,KONDAPUR,"GOLDEN TUILP",DOMESTIC,1,2030,1966.0,303666.0,9252.6
CYBERCITY,KONDAPUR,KONDAPUR,KONDAPUR,"GOUTHAMI APTS",DOMESTIC,1,2907,2871.0,619945.0,14411.0
CYBERCITY,KONDAPUR,KONDAPUR,KONDAPUR,HV,DOMESTIC,1,318,301.0,354902.0,5439.0
CYBERCITY,KONDAPUR,KONDAPUR,KONDAPUR,"IZZATH NAGAR VG",DOMESTIC,1,885,839.0,167868.0,3111.94
CYBERCITY,KONDAPUR,KONDAPUR,KONDAPUR,"JANARDAN HILLS",DOMESTIC,1,2144,1905.0,405954.0,10079.0
