circle,division,subdivision,section,area,catdesc,catcode,totservices,billdservices,units,load
"BANJARA HILLS","BANJARA HILLS",AMEERPET,"SRI KRISHNA NAGAR","KALYAN NAGAR","COTTAGE INDUSTRIES AND DHOBIGHATS",4,1,1.0,65.0,2.25
"BANJARA HILLS","BANJARA HILLS",AMEERPET,"SRI KRISHNA NAGAR","SIDHARTHA NAGAR","COTTAGE INDUSTRIES AND DHOBIGHATS",4,1,1.0,182.0,0.75
"BANJARA HILLS","BANJARA HILLS",AMEERPET,"SRI KRISHNA NAGAR","STREET LIGHTS","COTTAGE INDUSTRIES AND DHOBIGHATS",4,1,1.0,80.0,5.03
"BANJARA HILLS","GREEN LANDS","SANATH NAGAR",SANATHNAGAR,"S.R.T.(NEAR POLICE STN)","COTTAGE INDUSTRIES AND DHOBIGHATS",4,1,1.0,0.0,0.75
"BANJARA HILLS","BANJARA HILLS",AMEERPET,YOUSUFGUDA,SANTOSHGIRI,"COTTAGE INDUSTRIES AND DHOBIGHATS",4,1,1.0,217.0,0.75
"BANJARA HILLS","BANJARA HILLS","BANJARA HILLS","BANJARA HILLS","RD.5&6 D.K.BASTI &APARTMENTS","COTTAGE INDUSTRIES AND DHOBIGHATS",4,1,1.0,1020.0,3.75
"BANJARA HILLS","BANJARA HILLS","BANJARA HILLS","BANJARA HILLS","SINGADI KUNTA","COTTAGE INDUSTRIES AND DHOBIGHATS",4,1,1.0,211.0,3.75
"BANJARA HILLS","GREEN LANDS",GREENLANDS,BEGUMPET,"GRC - P.GADDA, P.NAGAR","COTTAGE INDUSTRIES AND DHOBIGHATS",4,1,1.0,1127.0,7.5
CYBERCITY,IBRAHIMBAGH,IBRAHIMBAG,IBRAHIMBAGH,PUPPALGUDA,"COTTAGE INDUSTRIES AND DHOBIGHATS",4,1,,0.0,3.75
CYBERCITY,IBRAHIMBAGH,IBRAHIMBAG,MOINABAD,"CHINNA MANGLARAM","COTTAGE INDUSTRIES AND DHOBIGHATS",4,1,1.0,1525.0,3.75
CYBERCITY,IBRAHIMBAGH,IBRAHIMBAG,MOINABAD,"HIMAYATH NAGAR","COTTAGE INDUSTRIES AND DHOBIGHATS",4,2,,0.0,7.5
CYBERCITY,IBRAHIMBAGH,IBRAHIMBAG,MOINABAD,SURANGAL,"COTTAGE INDUSTRIES AND DHOBIGHATS",4,1,,0.0,3.75
CYBERCITY,IBRAHIMBAGH,IBRAHIMBAG,NARSINGI,KHANAPUR,"COTTAGE INDUSTRIES AND DHOBIGHATS",4,1,,0.0,3.75
CYBERCITY,IBRAHIMBAGH,IBRAHIMBAG,"SHANKAR PALLY",JANWADA,"COTTAGE INDUSTRIES AND DHOBIGHATS",4,4,1.0,16.0,16.28
CYBERCITY,IBRAHIMBAGH,CHEVELLA,CHEVELLA,MUDMIYAL,"COTTAGE INDUSTRIES AND DHOBIGHATS",4,1,1.0,147.0,3.75
CYBERCITY,IBRAHIMBAGH,CHEVELLA,SHABAD,TALLAPALLY,"COTTAGE INDUSTRIES AND DHOBIGHATS",4,1,,0.0,3.75
GADWAL,GADWAL,GADWAL,GADWAL(RURAL),ANANTHAPUR,"COTTAGE INDUSTRIES AND DHOBIGHATS",4,3,3.0,90.0,9.75
GADWAL,GADWAL,GADWAL,GADWAL(RURAL),PUTANPALLY,"COTTAGE INDUSTRIES AND DHOBIGHATS",4,1,1.0,181.0,3.75
GADWAL,GADWAL,GADWAL,GADWAL(TOWN),GADWAL,"COTTAGE INDUSTRIES AND DHOBIGHATS",4,5,4.0,959.0,16.5
GADWAL,GADWAL,GADWAL,GADWAL(TOWN),"ZAM CHED","COTTAGE INDUSTRIES AND DHOBIGHATS",4,1,,0.0,2.25
GADWAL,GADWAL,"ALAMPUR X ROAD",ALAMPUR,ALAMPUR,"COTTAGE INDUSTRIES AND DHOBIGHATS",4,1,1.0,155.0,3.75
GADWAL,GADWAL,"ALAMPUR X ROAD",ALAMPUR,PRAGATOOR,"COTTAGE INDUSTRIES AND DHOBIGHATS",4,7,5.0,221.0,22.5
GADWAL,GADWAL,"ALAMPUR X ROAD",ITIKYAL(ERRAVALLY),BEECHUPALLY,"COTTAGE INDUSTRIES AND DHOBIGHATS",4,1,1.0,198.0,5.25
GADWAL,GADWAL,IEEZA,GATTU,"INDUE VASI","COTTAGE INDUSTRIES AND DHOBIGHATS",4,1,1.0,0.0,0.75
GADWAL,GADWAL,IEEZA,IEEZA,IEEZA,"COTTAGE INDUSTRIES AND DHOBIGHATS",4,1,,0.0,0.75
GADWAL,GADWAL,"ALAMPUR X ROAD",SHANTINAGAR(WPALLY),RAJOLY,"COTTAGE INDUSTRIES AND DHOBIGHATS",4,1,1.0,102.0,3.0
HABSIGUDA,KEESARA,KEESARA,DAMMAIGUDA,"KNR COLONY","COTTAGE INDUSTRIES AND DHOBIGHATS",4,1,1.0,93.0,3.75
HABSIGUDA,KEESARA,GHATKESAR,GHATKESAR,GHANAPUR,"COTTAGE INDUSTRIES AND DHOBIGHATS",4,1,1.0,252.0,1.01
HABSIGUDA,KEESARA,GHATKESAR,GHATKESAR,GHATKESAR,"COTTAGE INDUSTRIES AND DHOBIGHATS",4,1,,0.0,2.25
HABSIGUDA,KEESARA,GHATKESAR,GHATKESAR,KONDAPUR,"COTTAGE INDUSTRIES AND DHOBIGHATS",4,1,1.0,38.0,5.03
HABSIGUDA,SAINIKPURI,MALKAJGIRI,"VINAYAK NAGAR",,"COTTAGE INDUSTRIES AND DHOBIGHATS",4,1,,0.0,2.25
HABSIGUDA,KEESARA,KEESARA,KEESARA,"HV -NON CT METERS-1 RAMPALLY","COTTAGE INDUSTRIES AND DHOBIGHATS",4,2,1.0,87.0,7.5
HABSIGUDA,KEESARA,GHATKESAR,NARAPALLY,"HV CT METERS NARAPALLY","COTTAGE INDUSTRIES AND DHOBIGHATS",4,3,,0.0,5.25
HABSIGUDA,KEESARA,KEESARA,KEESARA,"KG LONG SERVICE","COTTAGE INDUSTRIES AND DHOBIGHATS",4,2,2.0,281.0,4.02
HABSIGUDA,KEESARA,KEESARA,NAGARAM,NAGARAM,"COTTAGE INDUSTRIES AND DHOBIGHATS",4,1,1.0,179.0,3.75
HABSIGUDA,KEESARA,GHATKESAR,PEERJADIGUDA,"HV PEERZADIGUDA","COTTAGE INDUSTRIES AND DHOBIGHATS",4,2,1.0,21.0,6.0
HABSIGUDA,KEESARA,GHATKESAR,PEERJADIGUDA,"PARVATHAPUR CHURCH","COTTAGE INDUSTRIES AND DHOBIGHATS",4,1,1.0,154.0,3.75
HABSIGUDA,KEESARA,KEESARA,"BALAJI NAGAR","BALAJI NAGAR HV","COTTAGE INDUSTRIES AND DHOBIGHATS",4,2,1.0,627.0,6.0
HABSIGUDA,KEESARA,KEESARA,"BALAJI NAGAR","LAPRICI COLONY","COTTAGE INDUSTRIES AND DHOBIGHATS",4,1,1.0,503.0,3.75
HABSIGUDA,SAINIKPURI,"A S RAO NAGAR","A S RAO NAGAR","MOULA - ALI (HV)","COTTAGE INDUSTRIES AND DHOBIGHATS",4,1,1.0,167.0,0.75
HABSIGUDA,SAINIKPURI,"A S RAO NAGAR",MOULAALI,HV-I,"COTTAGE INDUSTRIES AND DHOBIGHATS",4,1,1.0,82.0,3.75
HABSIGUDA,SAINIKPURI,"A S RAO NAGAR",MOULAALI,MOULAALI,"COTTAGE INDUSTRIES AND DHOBIGHATS",4,1,,0.0,2.25
HABSIGUDA,HABSIGUDA,HABSIGUDA,NACHARAM,NACHARAM,"COTTAGE INDUSTRIES AND DHOBIGHATS",4,1,1.0,139.0,2.25
HABSIGUDA,SAINIKPURI,CHERLAPALLY,CHERLAPALLY-I,PHASE-IV(4),"COTTAGE INDUSTRIES AND DHOBIGHATS",4,1,1.0,65.0,0.75
"HYDERABAD CENTRAL",SAIFABAD,"INDIRA PARK",KAVADIGUDA,"GRC HV SECTION51","COTTAGE INDUSTRIES AND DHOBIGHATS",4,5,5.0,1974.0,18.0
"HYDERABAD CENTRAL",SAIFABAD,"INDIRA PARK",KAVADIGUDA,"INDIRA PARK AREA","COTTAGE INDUSTRIES AND DHOBIGHATS",4,1,1.0,493.0,2.25
"HYDERABAD CENTRAL",AZAMABAD,AMBERPET,AMBERPET,"GRC HV AMBERPET","COTTAGE INDUSTRIES AND DHOBIGHATS",4,1,1.0,20.0,1.5
"HYDERABAD CENTRAL",AZAMABAD,AMBERPET,GOLNAKA,"GRC HV GOLNAKA","COTTAGE INDUSTRIES AND DHOBIGHATS",4,1,1.0,101.0,3.75
"HYDERABAD CENTRAL",MEHDIPATNAM,GOLCONDA,SHAIKPET,"GRC HV SAHIKPET","COTTAGE INDUSTRIES AND DHOBIGHATS",4,1,1.0,685.0,5.25
"HYDERABAD CENTRAL",SAIFABAD,"INDIRA PARK","ASHOK NAGAR","GRC HV SECTION53","COTTAGE INDUSTRIES AND DHOBIGHATS",4,1,1.0,48.0,3.75
"HYDERABAD SOUTH","BEGUM BAZAR","SEETHARAM BAGH","MANGAL HAT","WATER WORKS MGHT","COTTAGE INDUSTRIES AND DHOBIGHATS",4,1,1.0,106.0,3.75
"HYDERABAD SOUTH",CHARMINAR,FALAKNUMA,"CHANDRAYANA GUTTA",RAKSHAPURAM,"COTTAGE INDUSTRIES AND DHOBIGHATS",4,1,1.0,61.0,0.75
"HYDERABAD SOUTH",CHARMINAR,FALAKNUMA,CHATRINAKA,GRC,"COTTAGE INDUSTRIES AND DHOBIGHATS",4,1,,0.0,2.25
"HYDERABAD SOUTH","BEGUM BAZAR","TROOP BAZAR","PUTLI BOWLI","BEHIND TAGGI JAIL (GANESH)","COTTAGE INDUSTRIES AND DHOBIGHATS",4,1,1.0,40.0,1.5
"HYDERABAD SOUTH","BEGUM BAZAR","TROOP BAZAR","PUTLI BOWLI","GRCHV PUTLIBOWLI ( KREDY & YA)","COTTAGE INDUSTRIES AND DHOBIGHATS",4,1,1.0,158.0,3.75
"HYDERABAD SOUTH",CHARMINAR,FALAKNUMA,CHATRINAKA,UPPUGUDA,"COTTAGE INDUSTRIES AND DHOBIGHATS",4,1,1.0,33.0,0.75
"HYDERABAD SOUTH",CHARMINAR,FALAKNUMA,FALAKNUMA,GRC,"COTTAGE INDUSTRIES AND DHOBIGHATS",4,1,1.0,407.0,2.25
"HYDERABAD SOUTH","BEGUM BAZAR","BEGUM BAZAR","BEGUM BAZAR","TOPE KHANA","COTTAGE INDUSTRIES AND DHOBIGHATS",4,1,1.0,11.0,0.75
"HYDERABAD SOUTH","BEGUM BAZAR","BEGUM BAZAR","CHUDI BAZAR","BHARAT METAL WORKS","COTTAGE INDUSTRIES AND DHOBIGHATS",4,1,1.0,55.0,0.75
"HYDERABAD SOUTH","BEGUM BAZAR","BEGUM BAZAR","SEETHARAM PET","EK MINAR MOSQUE","COTTAGE INDUSTRIES AND DHOBIGHATS",4,1,1.0,89.0,0.75
"HYDERABAD SOUTH","BEGUM BAZAR","BEGUM BAZAR","SEETHARAM PET","HINDI NAGAR","COTTAGE INDUSTRIES AND DHOBIGHATS",4,1,1.0,0.0,0.75
"HYDERABAD SOUTH",CHARMINAR,CHARMINAR,CHARMINAR,GRC,"COTTAGE INDUSTRIES AND DHOBIGHATS",4,2,2.0,0.0,7.5
"HYDERABAD SOUTH",CHARMINAR,CHARMINAR,"HUSSAINI ALAM",GRC,"COTTAGE INDUSTRIES AND DHOBIGHATS",4,1,1.0,145.0,15.75
"HYDERABAD SOUTH","BEGUM BAZAR","SEETHARAM BAGH","DATTATREYA COLONY","WATER WORKS","COTTAGE INDUSTRIES AND DHOBIGHATS",4,1,1.0,421.0,3.75
"HYDERABAD SOUTH","BEGUM BAZAR","SEETHARAM BAGH",KARWAN,"DURGA NAGAR","COTTAGE INDUSTRIES AND DHOBIGHATS",4,1,1.0,726.0,5.03
"HYDERABAD SOUTH","BEGUM BAZAR","SEETHARAM BAGH",KARWAN,"GRCHV KARWAN","COTTAGE INDUSTRIES AND DHOBIGHATS",4,9,9.0,1918.0,48.0
"HYDERABAD SOUTH","BEGUM BAZAR","SEETHARAM BAGH","MANGAL HAT","GRC HV MANGALHAT","COTTAGE INDUSTRIES AND DHOBIGHATS",4,8,8.0,1609.0,27.0
"HYDERABAD SOUTH",CHARMINAR,FALAKNUMA,"CHANDRAYANA GUTTA",GRC,"COTTAGE INDUSTRIES AND DHOBIGHATS",4,1,,0.0,3.75
"HYDERABAD SOUTH",ASMANGADH,CHANCHALGUDA,CHADERGHAT,"MMH BACKSIDE, CHUNTISHA MASJID","COTTAGE INDUSTRIES AND DHOBIGHATS",4,1,1.0,0.0,0.75
"HYDERABAD SOUTH",ASMANGADH,CHANCHALGUDA,CHADERGHAT,"TOTAL HV SERVICES","COTTAGE INDUSTRIES AND DHOBIGHATS",4,1,1.0,101.0,0.75
"HYDERABAD SOUTH",ASMANGADH,CHANCHALGUDA,CHANCHALGUDA,"PATTER MOSQUE","COTTAGE INDUSTRIES AND DHOBIGHATS",4,1,,0.0,0.75
"HYDERABAD SOUTH",CHARMINAR,"MIR ALAM",ATTAPUR,GRC,"COTTAGE INDUSTRIES AND DHOBIGHATS",4,1,1.0,353.0,3.75
"HYDERABAD SOUTH",CHARMINAR,"MIR ALAM",ATTAPUR,"MAIN ROAD HIGH WAY","COTTAGE INDUSTRIES AND DHOBIGHATS",4,1,1.0,217.0,0.75
"HYDERABAD SOUTH",ASMANGADH,ASMANGADH,SAIDABAD,"TOTAL HV SERVICES","COTTAGE INDUSTRIES AND DHOBIGHATS",4,1,1.0,328.0,0.75
"HYDERABAD SOUTH",ASMANGADH,ASMANGADH,SALEEMNAGAR,"TOTAL HV SERVICES","COTTAGE INDUSTRIES AND DHOBIGHATS",4,2,2.0,418.0,3.0
MAHABOOBNAGAR,MAHABOOBNAGAR,MBNR-RURAL,"C AND O",ALLIPUR,"COTTAGE INDUSTRIES AND DHOBIGHATS",4,1,1.0,0.0,3.75
MAHABOOBNAGAR,MAHABOOBNAGAR,MBNR-RURAL,"C AND O",APPAIPALLY,"COTTAGE INDUSTRIES AND DHOBIGHATS",4,3,3.0,235.0,1.82
MAHABOOBNAGAR,MAHABOOBNAGAR,MBNR-RURAL,"C AND O",BANDAMEEDIPALLY,"COTTAGE INDUSTRIES AND DHOBIGHATS",4,1,1.0,0.0,0.75
MAHABOOBNAGAR,MAHABOOBNAGAR,MBNR-RURAL,"C AND O",BOYAPALLY,"COTTAGE INDUSTRIES AND DHOBIGHATS",4,1,1.0,14.0,0.75
MAHABOOBNAGAR,MAHABOOBNAGAR,MBNR-RURAL,"C AND O",CHRISTAIANPALLY,"COTTAGE INDUSTRIES AND DHOBIGHATS",4,3,3.0,514.0,5.01
MAHABOOBNAGAR,MAHABOOBNAGAR,MBNR-RURAL,"C AND O",DHARMAPUR,"COTTAGE INDUSTRIES AND DHOBIGHATS",4,2,2.0,51.0,2.25
MAHABOOBNAGAR,MAHABOOBNAGAR,MBNR-RURAL,"C AND O",DODLONIPALLY,"COTTAGE INDUSTRIES AND DHOBIGHATS",4,2,2.0,268.0,3.75
MAHABOOBNAGAR,MAHABOOBNAGAR,MBNR-RURAL,"C AND O",ERRAVALLY,"COTTAGE INDUSTRIES AND DHOBIGHATS",4,1,,0.0,0.18
MAHABOOBNAGAR,MAHABOOBNAGAR,MBNR-RURAL,"C AND O",FATHEPUR,"COTTAGE INDUSTRIES AND DHOBIGHATS",4,1,1.0,0.0,2.25
MAHABOOBNAGAR,MAHABOOBNAGAR,MBNR-RURAL,"C AND O",GAJULAPET,"COTTAGE INDUSTRIES AND DHOBIGHATS",4,1,1.0,15.0,1.5
MAHABOOBNAGAR,MAHABOOBNAGAR,MBNR-RURAL,"C AND O",KODURU,"COTTAGE INDUSTRIES AND DHOBIGHATS",4,1,,0.0,5.25
MAHABOOBNAGAR,MAHABOOBNAGAR,MBNR-RURAL,"C AND O",MACHANPALLY,"COTTAGE INDUSTRIES AND DHOBIGHATS",4,2,1.0,81.0,1.7
MAHABOOBNAGAR,MAHABOOBNAGAR,MBNR-RURAL,"C AND O","MANI KONDA","COTTAGE INDUSTRIES AND DHOBIGHATS",4,4,3.0,220.0,3.69
MAHABOOBNAGAR,MAHABOOBNAGAR,MBNR-RURAL,"C AND O",OBLAIPALLY,"COTTAGE INDUSTRIES AND DHOBIGHATS",4,1,1.0,69.0,3.0
MAHABOOBNAGAR,MAHABOOBNAGAR,MBNR-RURAL,"C AND O",PALAKONDA,"COTTAGE INDUSTRIES AND DHOBIGHATS",4,1,1.0,89.0,1.5
MAHABOOBNAGAR,MAHABOOBNAGAR,MBNR-RURAL,"C AND O",THIMMASANIPALLY,"COTTAGE INDUSTRIES AND DHOBIGHATS",4,1,1.0,6.0,0.21
MAHABOOBNAGAR,MAHABOOBNAGAR,MBNR-RURAL,"C AND O",YENUGONDA,"COTTAGE INDUSTRIES AND DHOBIGHATS",4,8,7.0,761.0,11.25
MAHABOOBNAGAR,MAHABOOBNAGAR,MBNR-RURAL,HANWADA,HANWADA,"COTTAGE INDUSTRIES AND DHOBIGHATS",4,2,1.0,57.0,3.51
MAHABOOBNAGAR,MAHABOOBNAGAR,MBNR-RURAL,KOILKONDA,ABHANGAPATNAM,"COTTAGE INDUSTRIES AND DHOBIGHATS",4,1,1.0,29.0,1.5
MAHABOOBNAGAR,MAHABOOBNAGAR,MBNR-RURAL,KOILKONDA,ACHARYAPUR,"COTTAGE INDUSTRIES AND DHOBIGHATS",4,1,1.0,409.0,3.0
MAHABOOBNAGAR,MAHABOOBNAGAR,MBNR-RURAL,KOILKONDA,ANKILLA,"COTTAGE INDUSTRIES AND DHOBIGHATS",4,2,2.0,77.0,2.76
MAHABOOBNAGAR,MAHABOOBNAGAR,MBNR-RURAL,KOILKONDA,DAMAIPALLY,"COTTAGE INDUSTRIES AND DHOBIGHATS",4,1,1.0,187.0,1.5
MAHABOOBNAGAR,MAHABOOBNAGAR,MBNR-RURAL,KOILKONDA,GARLAPAD,"COTTAGE INDUSTRIES AND DHOBIGHATS",4,3,2.0,47.0,5.25
MAHABOOBNAGAR,MAHABOOBNAGAR,MBNR-RURAL,KOILKONDA,"IBRAHIM NAGAR","COTTAGE INDUSTRIES AND DHOBIGHATS",4,1,1.0,98.0,0.5
MAHABOOBNAGAR,MAHABOOBNAGAR,MBNR-RURAL,KOILKONDA,KOILKONDA,"COTTAGE INDUSTRIES AND DHOBIGHATS",4,4,4.0,278.0,6.26
MAHABOOBNAGAR,MAHABOOBNAGAR,MBNR-RURAL,KOILKONDA,MALKAPUR,"COTTAGE INDUSTRIES AND DHOBIGHATS",4,5,5.0,641.0,7.77
MAHABOOBNAGAR,MAHABOOBNAGAR,MBNR-RURAL,KOILKONDA,NALLAVALLY,"COTTAGE INDUSTRIES AND DHOBIGHATS",4,1,1.0,66.0,1.5
MAHABOOBNAGAR,MAHABOOBNAGAR,MBNR-RURAL,KOILKONDA,PARPALLY,"COTTAGE INDUSTRIES AND DHOBIGHATS",4,3,3.0,1088.0,7.28
MAHABOOBNAGAR,MAHABOOBNAGAR,MBNR-RURAL,KOILKONDA,RAMPUR,"COTTAGE INDUSTRIES AND DHOBIGHATS",4,2,2.0,125.0,3.51
MAHABOOBNAGAR,MAHABOOBNAGAR,MBNR-RURAL,KOILKONDA,SURARAM,"COTTAGE INDUSTRIES AND DHOBIGHATS",4,1,1.0,35.0,2.01
MAHABOOBNAGAR,MAHABOOBNAGAR,MBNR-RURAL,KOILKONDA,THIRUMALAMPALLY,"COTTAGE INDUSTRIES AND DHOBIGHATS",4,1,1.0,23.0,2.25
MAHABOOBNAGAR,MAHABOOBNAGAR,MBNR-RURAL,KOILKONDA,"VEERAM PALLY","COTTAGE INDUSTRIES AND DHOBIGHATS",4,2,2.0,95.0,4.5
MAHABOOBNAGAR,MAHABOOBNAGAR,MBNR-RURAL,KOILKONDA,VINJAMUR,"COTTAGE INDUSTRIES AND DHOBIGHATS",4,1,1.0,14.0,1.5
MAHABOOBNAGAR,MAHABOOBNAGAR,MBNR-RURAL,KOILKONDA,"YELLAREDDY PALLY","COTTAGE INDUSTRIES AND DHOBIGHATS",4,1,1.0,61.0,1.5
MAHABOOBNAGAR,MAHABOOBNAGAR,MBNR-TOWN,"TOWN -I","TOWN - I","COTTAGE INDUSTRIES AND DHOBIGHATS",4,1,1.0,0.0,2.25
MAHABOOBNAGAR,MAHABOOBNAGAR,MBNR-TOWN,"TOWN -I","TOWN-I  ( A1 )","COTTAGE INDUSTRIES AND DHOBIGHATS",4,1,1.0,584.0,1.01
MAHABOOBNAGAR,MAHABOOBNAGAR,MBNR-TOWN,"TOWN -I","TOWN-I  ( A2 )","COTTAGE INDUSTRIES AND DHOBIGHATS",4,1,1.0,0.0,1.5
MAHABOOBNAGAR,MAHABOOBNAGAR,MBNR-TOWN,"TOWN -II","TOWN - II","COTTAGE INDUSTRIES AND DHOBIGHATS",4,7,6.0,540.0,10.04
MAHABOOBNAGAR,MAHABOOBNAGAR,MBNR-TOWN,"TOWN -II","TOWN-II  ( A1 )","COTTAGE INDUSTRIES AND DHOBIGHATS",4,1,1.0,91.0,0.75
MAHABOOBNAGAR,MAHABOOBNAGAR,MBNR-TOWN,"TOWN -III","TOWN - III","COTTAGE INDUSTRIES AND DHOBIGHATS",4,23,22.0,1312.0,51.26
MAHABOOBNAGAR,MAHABOOBNAGAR,MBNR-TOWN,"TOWN -III",TOWN-III,"COTTAGE INDUSTRIES AND DHOBIGHATS",4,24,,0.0,50.25
MAHABOOBNAGAR,MAHABOOBNAGAR,MBNR-TOWN,"TOWN -III","TOWN-III  ( A1 )","COTTAGE INDUSTRIES AND DHOBIGHATS",4,1,1.0,628.0,3.75
MAHABOOBNAGAR,MAHABOOBNAGAR,MBNR-TOWN,"TOWN -III","TOWN-III  ( A2 )","COTTAGE INDUSTRIES AND DHOBIGHATS",4,8,8.0,1130.0,16.26
MAHABOOBNAGAR,NARAYANPET,KOSGI,GANDEED,VENNACHED,"COTTAGE INDUSTRIES AND DHOBIGHATS",4,1,1.0,130.0,2.25
MAHABOOBNAGAR,NARAYANPET,KOSGI,KOSGI,BHAKTHIMALLA,"COTTAGE INDUSTRIES AND DHOBIGHATS",4,1,1.0,47.0,1.5
MAHABOOBNAGAR,NARAYANPET,KOSGI,KOSGI,CHANDRAVANCHA,"COTTAGE INDUSTRIES AND DHOBIGHATS",4,1,1.0,57.0,3.75
MAHABOOBNAGAR,NARAYANPET,NARAYANPET,DAMARGIDDA,DAMARGIDDA,"COTTAGE INDUSTRIES AND DHOBIGHATS",4,3,2.0,108.0,6.75
MAHABOOBNAGAR,NARAYANPET,NARAYANPET,DAMARGIDDA,GADIMUNKANPALLY,"COTTAGE INDUSTRIES AND DHOBIGHATS",4,4,4.0,47.0,6.0
MAHABOOBNAGAR,NARAYANPET,KOSGI,KOSGI,GUNDMAL,"COTTAGE INDUSTRIES AND DHOBIGHATS",4,1,1.0,63.0,0.75
MAHABOOBNAGAR,NARAYANPET,KOSGI,KOSGI,KADAMPALLY,"COTTAGE INDUSTRIES AND DHOBIGHATS",4,1,1.0,86.0,1.5
MAHABOOBNAGAR,NARAYANPET,KOSGI,KOSGI,KOSGI,"COTTAGE INDUSTRIES AND DHOBIGHATS",4,18,15.0,1415.0,31.5
MAHABOOBNAGAR,NARAYANPET,KOSGI,KOSGI,"KOSGI 2","COTTAGE INDUSTRIES AND DHOBIGHATS",4,1,1.0,28.0,0.75
MAHABOOBNAGAR,NARAYANPET,NARAYANPET,DAMARGIDDA,KANKURTHY,"COTTAGE INDUSTRIES AND DHOBIGHATS",4,1,1.0,43.0,1.01
MAHABOOBNAGAR,NARAYANPET,KOSGI,KOSGI,MIRJAPUR,"COTTAGE INDUSTRIES AND DHOBIGHATS",4,1,1.0,31.0,1.01
MAHABOOBNAGAR,NARAYANPET,KOSGI,KOSGI,NACHARAM,"COTTAGE INDUSTRIES AND DHOBIGHATS",4,1,1.0,23.0,1.5
MAHABOOBNAGAR,NARAYANPET,KOSGI,KOSGI,POTHIREDDYPALLY,"COTTAGE INDUSTRIES AND DHOBIGHATS",4,2,,0.0,3.0
MAHABOOBNAGAR,NARAYANPET,NARAYANPET,DAMARGIDDA,VITHALPUR,"COTTAGE INDUSTRIES AND DHOBIGHATS",4,2,2.0,129.0,6.0
MAHABOOBNAGAR,NARAYANPET,KOSGI,MADDUR,BUNEED,"COTTAGE INDUSTRIES AND DHOBIGHATS",4,1,1.0,19.0,2.25
MAHABOOBNAGAR,NARAYANPET,NARAYANPET,DHANWADA,HANMANPALLY,"COTTAGE INDUSTRIES AND DHOBIGHATS",4,1,1.0,27.0,0.24
MAHABOOBNAGAR,NARAYANPET,NARAYANPET,DHANWADA,KISTAPOOR,"COTTAGE INDUSTRIES AND DHOBIGHATS",4,1,1.0,149.0,1.01
MAHABOOBNAGAR,NARAYANPET,KOSGI,MADDUR,DUPATTIGATTU,"COTTAGE INDUSTRIES AND DHOBIGHATS",4,2,2.0,0.0,2.13
MAHABOOBNAGAR,NARAYANPET,KOSGI,MADDUR,MADDUR,"COTTAGE INDUSTRIES AND DHOBIGHATS",4,5,5.0,474.0,14.25
MAHABOOBNAGAR,NARAYANPET,KOSGI,MADDUR,NIDGINTHA,"COTTAGE INDUSTRIES AND DHOBIGHATS",4,1,1.0,93.0,2.25
MAHABOOBNAGAR,NARAYANPET,KOSGI,MADDUR,PEDDAPUR,"COTTAGE INDUSTRIES AND DHOBIGHATS",4,1,1.0,27.0,0.26
MAHABOOBNAGAR,NARAYANPET,MAKTHAL,MAGNOOR,GAJRAMDODDI,"COTTAGE INDUSTRIES AND DHOBIGHATS",4,1,1.0,34.0,0.75
MAHABOOBNAGAR,NARAYANPET,MAKTHAL,MAKTHAL,GUDIGANDLA,"COTTAGE INDUSTRIES AND DHOBIGHATS",4,1,1.0,0.0,1.5
MAHABOOBNAGAR,NARAYANPET,MAKTHAL,MAKTHAL,JAKLAIR,"COTTAGE INDUSTRIES AND DHOBIGHATS",4,1,1.0,120.0,4.98
MAHABOOBNAGAR,NARAYANPET,MAKTHAL,MAKTHAL,KATCHWAR,"COTTAGE INDUSTRIES AND DHOBIGHATS",4,1,1.0,35.0,0.75
MAHABOOBNAGAR,NARAYANPET,MAKTHAL,MAKTHAL,MAKTHAL,"COTTAGE INDUSTRIES AND DHOBIGHATS",4,43,38.0,4377.0,108.08
MAHABOOBNAGAR,NARAYANPET,KOSGI,GANDEED,"BALSUL GONDA","COTTAGE INDUSTRIES AND DHOBIGHATS",4,1,1.0,53.0,0.24
MAHABOOBNAGAR,NARAYANPET,KOSGI,GANDEED,GANDEED,"COTTAGE INDUSTRIES AND DHOBIGHATS",4,1,1.0,250.0,1.01
MAHABOOBNAGAR,NARAYANPET,KOSGI,GANDEED,"JANAM PALLY","COTTAGE INDUSTRIES AND DHOBIGHATS",4,1,1.0,61.0,3.0
MAHABOOBNAGAR,NARAYANPET,KOSGI,GANDEED,KAPILAPUR,"COTTAGE INDUSTRIES AND DHOBIGHATS",4,1,1.0,0.0,1.01
MAHABOOBNAGAR,NARAYANPET,KOSGI,GANDEED,MOHAMMADABAD,"COTTAGE INDUSTRIES AND DHOBIGHATS",4,5,4.0,187.0,10.01
MAHABOOBNAGAR,NARAYANPET,MAKTHAL,UTKOOR,UTKOOR,"COTTAGE INDUSTRIES AND DHOBIGHATS",4,6,6.0,643.0,5.9
MAHABOOBNAGAR,NARAYANPET,KOSGI,GANDEED,"RANGA REDDY PALLY","COTTAGE INDUSTRIES AND DHOBIGHATS",4,4,4.0,163.0,3.87
MAHABOOBNAGAR,NARAYANPET,KOSGI,GANDEED,"SALKAR PET","COTTAGE INDUSTRIES AND DHOBIGHATS",4,1,1.0,0.0,0.18
MAHABOOBNAGAR,NARAYANPET,NARAYANPET,"NARAYANPET RURAL",BOMMANPAD,"COTTAGE INDUSTRIES AND DHOBIGHATS",4,3,3.0,341.0,6.0
MAHABOOBNAGAR,JADCHERLA,JADCHERLA,JADCHERLA,NASURULLABAD,"COTTAGE INDUSTRIES AND DHOBIGHATS",4,1,1.0,978.0,15.75
MAHABOOBNAGAR,JADCHERLA,JADCHERLA,JADCHERLA,NEKKONDA,"COTTAGE INDUSTRIES AND DHOBIGHATS",4,1,1.0,6.0,2.25
MAHABOOBNAGAR,NARAYANPET,NARAYANPET,"NARAYANPET RURAL",JAJAPUR,"COTTAGE INDUSTRIES AND DHOBIGHATS",4,1,1.0,70.0,0.75
MAHABOOBNAGAR,NARAYANPET,NARAYANPET,"NARAYANPET RURAL",KOLLAMPALLY,"COTTAGE INDUSTRIES AND DHOBIGHATS",4,2,2.0,82.0,7.5
MAHABOOBNAGAR,NARAYANPET,NARAYANPET,"NARAYANPET RURAL",KOTAKONDA,"COTTAGE INDUSTRIES AND DHOBIGHATS",4,2,2.0,130.0,5.25
MAHABOOBNAGAR,JADCHERLA,JADCHERLA,"JADCHERLA RURAL",EARLAPALLY-J,"COTTAGE INDUSTRIES AND DHOBIGHATS",4,1,,0.0,2.25
MAHABOOBNAGAR,JADCHERLA,JADCHERLA,"JADCHERLA RURAL",GOLLAPALLY,"COTTAGE INDUSTRIES AND DHOBIGHATS",4,2,2.0,339.0,3.75
MAHABOOBNAGAR,NARAYANPET,NARAYANPET,"NARAYANPET RURAL",THIRMALAPOOR,"COTTAGE INDUSTRIES AND DHOBIGHATS",4,1,1.0,27.0,2.25
MAHABOOBNAGAR,MAHABOOBNAGAR,DEVARAKADRA,C.C.KUNTA,DASARPALLY,"COTTAGE INDUSTRIES AND DHOBIGHATS",4,1,1.0,31.0,0.75
MAHABOOBNAGAR,JADCHERLA,JADCHERLA,MIDZIL,BOINAPALLY,"COTTAGE INDUSTRIES AND DHOBIGHATS",4,1,1.0,77.0,1.5
MAHABOOBNAGAR,JADCHERLA,JADCHERLA,MIDZIL,RANIPET,"COTTAGE INDUSTRIES AND DHOBIGHATS",4,1,1.0,176.0,3.75
MAHABOOBNAGAR,JADCHERLA,JADCHERLA,MIDZIL,VEMULA,"COTTAGE INDUSTRIES AND DHOBIGHATS",4,1,1.0,142.0,2.25
MAHABOOBNAGAR,MAHABOOBNAGAR,DEVARAKADRA,DEVARKADRA,DEVARKADRA,"COTTAGE INDUSTRIES AND DHOBIGHATS",4,7,7.0,566.0,16.6
MAHABOOBNAGAR,MAHABOOBNAGAR,DEVARAKADRA,DEVARKADRA,DOKUR,"COTTAGE INDUSTRIES AND DHOBIGHATS",4,1,1.0,66.0,2.25
MAHABOOBNAGAR,JADCHERLA,JADCHERLA,MOOSAPET,KOMMIREDDYPALLY,"COTTAGE INDUSTRIES AND DHOBIGHATS",4,1,1.0,116.0,2.25
MAHABOOBNAGAR,JADCHERLA,JADCHERLA,MOOSAPET,MOOSAPET,"COTTAGE INDUSTRIES AND DHOBIGHATS",4,1,1.0,68.0,2.25
MAHABOOBNAGAR,MAHABOOBNAGAR,DEVARAKADRA,DEVARKADRA,JEENGARALA,"COTTAGE INDUSTRIES AND DHOBIGHATS",4,1,1.0,142.0,1.01
MAHABOOBNAGAR,JADCHERLA,JADCHERLA,MOOSAPET,VEMULA,"COTTAGE INDUSTRIES AND DHOBIGHATS",4,1,1.0,25.0,1.5
MAHABOOBNAGAR,MAHABOOBNAGAR,DEVARAKADRA,NARWA,PEDDAKADMUR,"COTTAGE INDUSTRIES AND DHOBIGHATS",4,2,1.0,15.0,2.01
MAHABOOBNAGAR,JADCHERLA,JADCHERLA,ADDAKAL,ADDAKAL,"COTTAGE INDUSTRIES AND DHOBIGHATS",4,2,2.0,256.0,2.51
MAHABOOBNAGAR,JADCHERLA,JADCHERLA,ADDAKAL,"K SHAKAPUR","COTTAGE INDUSTRIES AND DHOBIGHATS",4,1,,0.0,0.75
MAHABOOBNAGAR,JADCHERLA,JADCHERLA,ADDAKAL,KANDUR,"COTTAGE INDUSTRIES AND DHOBIGHATS",4,3,3.0,31.0,2.25
MAHABOOBNAGAR,JADCHERLA,RAJAPUR,NAWABPET,"DAYAPANTULA PALLY","COTTAGE INDUSTRIES AND DHOBIGHATS",4,2,2.0,30.0,0.96
MAHABOOBNAGAR,JADCHERLA,RAJAPUR,NAWABPET,GURUKUNTA,"COTTAGE INDUSTRIES AND DHOBIGHATS",4,1,1.0,184.0,2.25
MAHABOOBNAGAR,JADCHERLA,JADCHERLA,ADDAKAL,PONNAKAL,"COTTAGE INDUSTRIES AND DHOBIGHATS",4,2,1.0,39.0,3.0
MAHABOOBNAGAR,JADCHERLA,JADCHERLA,ADDAKAL,RACHALA,"COTTAGE INDUSTRIES AND DHOBIGHATS",4,1,1.0,102.0,0.75
MAHABOOBNAGAR,JADCHERLA,JADCHERLA,BHOOTHPUR,AMISTAPOOR,"COTTAGE INDUSTRIES AND DHOBIGHATS",4,2,2.0,52.0,6.0
MAHABOOBNAGAR,JADCHERLA,RAJAPUR,NAWABPET,IPPATOOR,"COTTAGE INDUSTRIES AND DHOBIGHATS",4,1,1.0,35.0,0.75
MAHABOOBNAGAR,JADCHERLA,RAJAPUR,NAWABPET,KARKONDA,"COTTAGE INDUSTRIES AND DHOBIGHATS",4,2,2.0,42.0,2.25
MAHABOOBNAGAR,JADCHERLA,RAJAPUR,NAWABPET,KOLLUR,"COTTAGE INDUSTRIES AND DHOBIGHATS",4,1,1.0,33.0,0.75
MAHABOOBNAGAR,JADCHERLA,RAJAPUR,NAWABPET,LINGAMPALLY,"COTTAGE INDUSTRIES AND DHOBIGHATS",4,1,1.0,53.0,0.75
MAHABOOBNAGAR,JADCHERLA,JADCHERLA,BHOOTHPUR,BHOOTHPUR,"COTTAGE INDUSTRIES AND DHOBIGHATS",4,2,2.0,950.0,3.99
MAHABOOBNAGAR,JADCHERLA,JADCHERLA,BHOOTHPUR,KARVENA,"COTTAGE INDUSTRIES AND DHOBIGHATS",4,2,2.0,309.0,3.0
MAHABOOBNAGAR,JADCHERLA,JADCHERLA,BHOOTHPUR,"KOTHA MOLGARA","COTTAGE INDUSTRIES AND DHOBIGHATS",4,7,7.0,694.0,15.75
MAHABOOBNAGAR,JADCHERLA,RAJAPUR,NAWABPET,LOKIREV,"COTTAGE INDUSTRIES AND DHOBIGHATS",4,1,1.0,84.0,2.25
MAHABOOBNAGAR,JADCHERLA,RAJAPUR,NAWABPET,NAWABPET,"COTTAGE INDUSTRIES AND DHOBIGHATS",4,5,5.0,188.0,10.5
MAHABOOBNAGAR,JADCHERLA,RAJAPUR,NAWABPET,POMAL,"COTTAGE INDUSTRIES AND DHOBIGHATS",4,2,2.0,173.0,4.5
MAHABOOBNAGAR,JADCHERLA,RAJAPUR,NAWABPET,SIDDOTTAM,"COTTAGE INDUSTRIES AND DHOBIGHATS",4,1,1.0,143.0,1.01
MAHABOOBNAGAR,JADCHERLA,RAJAPUR,NAWABPET,TEEGALAPALLY,"COTTAGE INDUSTRIES AND DHOBIGHATS",4,1,1.0,33.0,0.24
MAHABOOBNAGAR,NARAYANPET,NARAYANPET,MARIKAL,CHITTANOOR,"COTTAGE INDUSTRIES AND DHOBIGHATS",4,1,1.0,32.0,1.5
MAHABOOBNAGAR,NARAYANPET,NARAYANPET,MARIKAL,ELIGANDLA,"COTTAGE INDUSTRIES AND DHOBIGHATS",4,2,2.0,37.0,1.5
MAHABOOBNAGAR,JADCHERLA,JADCHERLA,BHOOTHPUR,SERIPALLY-HANSAPOOR,"COTTAGE INDUSTRIES AND DHOBIGHATS",4,1,1.0,32.0,1.5
MAHABOOBNAGAR,JADCHERLA,RAJAPUR,NAWABPET,ZANGAMAIPALLY,"COTTAGE INDUSTRIES AND DHOBIGHATS",4,1,1.0,37.0,0.75
MAHABOOBNAGAR,NARAYANPET,NARAYANPET,MARIKAL,JINNARAM,"COTTAGE INDUSTRIES AND DHOBIGHATS",4,1,1.0,61.0,2.25
MAHABOOBNAGAR,NARAYANPET,NARAYANPET,MARIKAL,KANMANOOR,"COTTAGE INDUSTRIES AND DHOBIGHATS",4,1,1.0,21.0,2.25
MAHABOOBNAGAR,NARAYANPET,NARAYANPET,MARIKAL,MARIKAL,"COTTAGE INDUSTRIES AND DHOBIGHATS",4,5,4.0,178.0,10.26
MAHABOOBNAGAR,NARAYANPET,NARAYANPET,MARIKAL,TEELAIR,"COTTAGE INDUSTRIES AND DHOBIGHATS",4,1,1.0,15.0,0.75
MAHABOOBNAGAR,JADCHERLA,JADCHERLA,BHOOTHPUR,TATIKONDA,"COTTAGE INDUSTRIES AND DHOBIGHATS",4,1,1.0,0.0,1.5
MAHABOOBNAGAR,JADCHERLA,JADCHERLA,JADCHERLA,BADEPALLY,"COTTAGE INDUSTRIES AND DHOBIGHATS",4,1,1.0,121.0,5.03
MAHABOOBNAGAR,JADCHERLA,JADCHERLA,JADCHERLA,BURUGUPALLY,"COTTAGE INDUSTRIES AND DHOBIGHATS",4,1,1.0,82.0,3.0
MAHABOOBNAGAR,JADCHERLA,RAJAPUR,RAJAPUR,KUCHERKAL,"COTTAGE INDUSTRIES AND DHOBIGHATS",4,2,2.0,0.0,4.26
MAHABOOBNAGAR,NARAYANPET,NARAYANPET,NARAYANPET,NARAYANPET,"COTTAGE INDUSTRIES AND DHOBIGHATS",4,40,12.0,1636.0,73.5
MAHABOOBNAGAR,NARAYANPET,NARAYANPET,NARAYANPET,"NARAYANPET HV LM2","COTTAGE INDUSTRIES AND DHOBIGHATS",4,17,17.0,2880.0,50.25
MAHABOOBNAGAR,NARAYANPET,NARAYANPET,"NARAYANPET RURAL",ABANGAPOOR,"COTTAGE INDUSTRIES AND DHOBIGHATS",4,1,1.0,56.0,1.5
MAHABOOBNAGAR,JADCHERLA,JADCHERLA,JADCHERLA,KISTAMPALLY,"COTTAGE INDUSTRIES AND DHOBIGHATS",4,1,,0.0,2.25
MAHABOOBNAGAR,JADCHERLA,JADCHERLA,JADCHERLA,KODGAL,"COTTAGE INDUSTRIES AND DHOBIGHATS",4,1,1.0,33.0,1.5
MEDAK,TOOPRAN,TOOPRAN,YELDURTHY,YELDHURTHY,"COTTAGE INDUSTRIES AND DHOBIGHATS",4,3,2.0,183.0,5.76
MEDAK,TOOPRAN,RAMAYAMPET,NARSINGHI,NARSINGI,"COTTAGE INDUSTRIES AND DHOBIGHATS",4,1,1.0,17.0,3.75
MEDAK,TOOPRAN,RAMAYAMPET,NIZAMPET,CHELMADA,"COTTAGE INDUSTRIES AND DHOBIGHATS",4,1,1.0,0.0,3.75
MEDAK,MEDAK,MEDAK,"MEDAK RURAL2",MACHARAM,"COTTAGE INDUSTRIES AND DHOBIGHATS",4,1,1.0,0.0,1.5
MEDAK,TOOPRAN,RAMAYAMPET,RAMAYAMPET,RAMAYAMPET,"COTTAGE INDUSTRIES AND DHOBIGHATS",4,2,,0.0,7.5
MEDAK,MEDAK,PAPANNAPET,"PEDDA SHANKERAMPET","SHANKARAMPET TOWN-3","COTTAGE INDUSTRIES AND DHOBIGHATS",4,2,,0.0,7.5
MEDAK,TOOPRAN,TOOPRAN,SHIVAMPET,SIVAMPET,"COTTAGE INDUSTRIES AND DHOBIGHATS",4,3,2.0,1.0,5.05
MEDAK,TOOPRAN,TOOPRAN,TOOPRAN,TOOPRAN,"COTTAGE INDUSTRIES AND DHOBIGHATS",4,2,,0.0,7.5
MEDAK,MEDAK,NARSAPOOR,NARASAPOOR,KHAZIPET,"COTTAGE INDUSTRIES AND DHOBIGHATS",4,1,1.0,17.0,1.5
MEDAK,MEDAK,NARSAPOOR,NARASAPOOR,"NARSAPUR TOWN-4 BANK BAZAR","COTTAGE INDUSTRIES AND DHOBIGHATS",4,1,1.0,0.0,2.25
MEDCHAL,MEDCHAL,SHAMEERPET,ALIABAD,ALIABAD,"COTTAGE INDUSTRIES AND DHOBIGHATS",4,38,9.0,5632.0,126.75
MEDCHAL,MEDCHAL,SHAMEERPET,SHAMEERPET,"POTHAIPALLY S.L.","COTTAGE INDUSTRIES AND DHOBIGHATS",4,1,,0.0,3.75
MEDCHAL,MEDCHAL,SHAMEERPET,SHAMEERPET,SHAMEERPET,"COTTAGE INDUSTRIES AND DHOBIGHATS",4,2,,0.0,6.0
MEDCHAL,MEDCHAL,SHAMEERPET,SHAMEERPET,UDDAMARRY,"COTTAGE INDUSTRIES AND DHOBIGHATS",4,14,3.0,1078.0,39.0
MEDCHAL,MEDCHAL,SHAMEERPET,SHAMEERPET,UDDERMARRY,"COTTAGE INDUSTRIES AND DHOBIGHATS",4,2,2.0,150.0,1.5
MEDCHAL,MEDCHAL,QUTBULLAPUR,KOMPALLY,DOOLAPALLY,"COTTAGE INDUSTRIES AND DHOBIGHATS",4,2,2.0,2681.0,4.5
MEDCHAL,MEDCHAL,SHAMEERPET,ALIABAD,JAGANGUDA,"COTTAGE INDUSTRIES AND DHOBIGHATS",4,2,,0.0,6.0
MEDCHAL,MEDCHAL,SHAMEERPET,ALIABAD,KESHAWARAM,"COTTAGE INDUSTRIES AND DHOBIGHATS",4,4,,0.0,12.0
MEDCHAL,MEDCHAL,SHAMEERPET,SHAMEERPET,UPPARAPALLY,"COTTAGE INDUSTRIES AND DHOBIGHATS",4,2,,0.0,6.0
MEDCHAL,KUKATPALLY,KUKATPALLY,"ALLWYN COLONY","ALLWYN COLONY HV","COTTAGE INDUSTRIES AND DHOBIGHATS",4,1,1.0,80.0,2.8
MEDCHAL,KUKATPALLY,KUKATPALLY,"ALLWYN COLONY","V. NAGAR","COTTAGE INDUSTRIES AND DHOBIGHATS",4,1,,0.0,3.75
MEDCHAL,KUKATPALLY,KUKATPALLY,"ALLWYN COLONY","VENKATESWAR NAGAR","COTTAGE INDUSTRIES AND DHOBIGHATS",4,1,1.0,14.0,5.03
MEDCHAL,JEEDIMETLA,JEEDIMETLA,JEEDIMETLA(IDA),"I D A","COTTAGE INDUSTRIES AND DHOBIGHATS",4,1,1.0,74.0,3.75
MEDCHAL,MEDCHAL,SHAMEERPET,SHAMEERPET,BOMARASPET,"COTTAGE INDUSTRIES AND DHOBIGHATS",4,1,,0.0,3.75
MEDCHAL,MEDCHAL,SHAMEERPET,SHAMEERPET,PONNAL,"COTTAGE INDUSTRIES AND DHOBIGHATS",4,2,,0.0,7.5
MEDCHAL,KUKATPALLY,KUKATPALLY,"BHAGYA NAGAR","YELLAMMA BANDA","COTTAGE INDUSTRIES AND DHOBIGHATS",4,1,,0.0,0.46
MEDCHAL,KUKATPALLY,KUKATPALLY,KUKATPALLY,KUKATPALLY,"COTTAGE INDUSTRIES AND DHOBIGHATS",4,1,1.0,84.0,0.75
MEDCHAL,MEDCHAL,QUTBULLAPUR,QUTHBULLAPUR,"N T R NAGAR","COTTAGE INDUSTRIES AND DHOBIGHATS",4,1,1.0,1.0,3.75
MEDCHAL,JEEDIMETLA,"SHAPUR NAGAR","D P PALLY","D.P.PALLY HV","COTTAGE INDUSTRIES AND DHOBIGHATS",4,3,,0.0,8.25
MEDCHAL,JEEDIMETLA,"SHAPUR NAGAR","D P PALLY","DUNDIGAL HV","COTTAGE INDUSTRIES AND DHOBIGHATS",4,15,,0.0,43.5
MEDCHAL,JEEDIMETLA,"SHAPUR NAGAR","D P PALLY","GAGILAPUR HV","COTTAGE INDUSTRIES AND DHOBIGHATS",4,1,,0.0,3.75
MEDCHAL,MEDCHAL,MEDCHAL,"MEDCHAL RURAL","BANDA MADHARAM AGL","COTTAGE INDUSTRIES AND DHOBIGHATS",4,1,,0.0,1.5
MEDCHAL,MEDCHAL,MEDCHAL,"MEDCHAL RURAL","BANDAMADARAM HV","COTTAGE INDUSTRIES AND DHOBIGHATS",4,41,1.0,0.0,116.25
MEDCHAL,KUKATPALLY,MIYAPUR,MIYAPUR,MIYAPUR,"COTTAGE INDUSTRIES AND DHOBIGHATS",4,6,,0.0,13.5
MEDCHAL,MEDCHAL,MEDCHAL,"MEDCHAL RURAL","BASARGADI HV","COTTAGE INDUSTRIES AND DHOBIGHATS",4,1,,0.0,3.75
MEDCHAL,MEDCHAL,MEDCHAL,"MEDCHAL RURAL","DABEERPUR HV","COTTAGE INDUSTRIES AND DHOBIGHATS",4,1,,0.0,2.25
MEDCHAL,MEDCHAL,MEDCHAL,"MEDCHAL RURAL","GIRMAPOOR HV","COTTAGE INDUSTRIES AND DHOBIGHATS",4,1,,0.0,2.25
MEDCHAL,MEDCHAL,MEDCHAL,"MEDCHAL RURAL","GOWDAVALLI HV","COTTAGE INDUSTRIES AND DHOBIGHATS",4,11,8.0,4759.0,30.75
MEDCHAL,MEDCHAL,MEDCHAL,"MEDCHAL RURAL",NUTHANKAL,"COTTAGE INDUSTRIES AND DHOBIGHATS",4,1,1.0,0.0,2.25
MEDCHAL,MEDCHAL,MEDCHAL,"MEDCHAL RURAL","RAILAPUR HV","COTTAGE INDUSTRIES AND DHOBIGHATS",4,13,1.0,165.0,32.25
MEDCHAL,MEDCHAL,MEDCHAL,"MEDCHAL RURAL","RAVALKOLE HV","COTTAGE INDUSTRIES AND DHOBIGHATS",4,3,,0.0,6.75
MEDCHAL,MEDCHAL,MEDCHAL,"MEDCHAL RURAL","SREERANGAVARAM HV","COTTAGE INDUSTRIES AND DHOBIGHATS",4,16,2.0,1169.0,42.0
MEDCHAL,MEDCHAL,MEDCHAL,"MEDCHAL TOWN","AKBARJ PET","COTTAGE INDUSTRIES AND DHOBIGHATS",4,1,,0.0,2.25
MEDCHAL,MEDCHAL,MEDCHAL,"MEDCHAL TOWN","HIGH VALUE","COTTAGE INDUSTRIES AND DHOBIGHATS",4,4,,0.0,9.0
MEDCHAL,MEDCHAL,MEDCHAL,"MEDCHAL TOWN","HIGH VALUE 0210","COTTAGE INDUSTRIES AND DHOBIGHATS",4,1,,0.0,2.25
MEDCHAL,MEDCHAL,MEDCHAL,"MEDCHAL TOWN","HIGH VALUE 0219","COTTAGE INDUSTRIES AND DHOBIGHATS",4,1,,0.0,2.25
MEDCHAL,MEDCHAL,MEDCHAL,"MEDCHAL TOWN","HIGH VALUE 0226","COTTAGE INDUSTRIES AND DHOBIGHATS",4,2,,0.0,6.0
MEDCHAL,MEDCHAL,MEDCHAL,"MEDCHAL TOWN","HIGH VALUE 0229","COTTAGE INDUSTRIES AND DHOBIGHATS",4,1,,0.0,3.75
MEDCHAL,MEDCHAL,MEDCHAL,"MEDCHAL TOWN","HIGH VALUE 0461","COTTAGE INDUSTRIES AND DHOBIGHATS",4,3,,0.0,6.75
MEDCHAL,MEDCHAL,MEDCHAL,"MEDCHAL TOWN",KANDLAKOYA,"COTTAGE INDUSTRIES AND DHOBIGHATS",4,2,,0.0,4.5
NAGARKURNOOL,NAGARKURNOOL,KALWAKURTHY,KALWAKURTHY,KALWAKURTHY(HV),"COTTAGE INDUSTRIES AND DHOBIGHATS",4,4,2.0,310.0,10.5
NAGARKURNOOL,NAGARKURNOOL,KALWAKURTHY,KALWAKURTHY,KALWAKURTHY(LT),"COTTAGE INDUSTRIES AND DHOBIGHATS",4,2,2.0,406.0,1.5
NAGARKURNOOL,NAGARKURNOOL,KALWAKURTHY,KALWAKURTHY,PANJUGAL,"COTTAGE INDUSTRIES AND DHOBIGHATS",4,3,3.0,294.0,2.0
NAGARKURNOOL,NAGARKURNOOL,KALWAKURTHY,KALWAKURTHY,RAGHUPATHIPET,"COTTAGE INDUSTRIES AND DHOBIGHATS",4,3,,0.0,5.25
NAGARKURNOOL,NAGARKURNOOL,KALWAKURTHY,KALWAKURTHY,THIMMARAJPALLY,"COTTAGE INDUSTRIES AND DHOBIGHATS",4,1,1.0,314.0,3.75
NAGARKURNOOL,NAGARKURNOOL,KALWAKURTHY,URUKONDAPET,REVALLY,"COTTAGE INDUSTRIES AND DHOBIGHATS",4,2,1.0,174.0,4.5
NAGARKURNOOL,NAGARKURNOOL,KALWAKURTHY,VANGOOR,"CHARA KONDA","COTTAGE INDUSTRIES AND DHOBIGHATS",4,1,1.0,23.0,0.75
NAGARKURNOOL,NAGARKURNOOL,KALWAKURTHY,VANGOOR,GAZRA,"COTTAGE INDUSTRIES AND DHOBIGHATS",4,1,1.0,45.0,1.01
NAGARKURNOOL,NAGARKURNOOL,KALWAKURTHY,VANGOOR,MITTASADAGODU,"COTTAGE INDUSTRIES AND DHOBIGHATS",4,1,1.0,10.0,1.5
NAGARKURNOOL,NAGARKURNOOL,KALWAKURTHY,VANGOOR,UMAPOOR,"COTTAGE INDUSTRIES AND DHOBIGHATS",4,1,1.0,41.0,2.01
NAGARKURNOOL,NAGARKURNOOL,KALWAKURTHY,VELDANDA,"BOLLAM PALLY","COTTAGE INDUSTRIES AND DHOBIGHATS",4,1,1.0,10.0,0.15
NAGARKURNOOL,NAGARKURNOOL,KALWAKURTHY,VELDANDA,CHERKOOR,"COTTAGE INDUSTRIES AND DHOBIGHATS",4,1,1.0,154.0,0.15
NAGARKURNOOL,NAGARKURNOOL,KALWAKURTHY,VELDANDA,GOKARAM,"COTTAGE INDUSTRIES AND DHOBIGHATS",4,4,4.0,162.0,3.0
NAGARKURNOOL,NAGARKURNOOL,KALWAKURTHY,VELDANDA,KOTRA,"COTTAGE INDUSTRIES AND DHOBIGHATS",4,20,,0.0,45.0
NAGARKURNOOL,NAGARKURNOOL,KALWAKURTHY,VELDANDA,PEDDAPOOR,"COTTAGE INDUSTRIES AND DHOBIGHATS",4,1,1.0,0.0,0.24
NAGARKURNOOL,NAGARKURNOOL,KALWAKURTHY,VELDANDA,POTHEPALLY,"COTTAGE INDUSTRIES AND DHOBIGHATS",4,2,2.0,169.0,1.21
NAGARKURNOOL,NAGARKURNOOL,KALWAKURTHY,VELDANDA,VELDANDA(LT),"COTTAGE INDUSTRIES AND DHOBIGHATS",4,7,7.0,243.0,12.75
NAGARKURNOOL,NAGARKURNOOL,KOLLAPUR,KODIAR,MYLARAM,"COTTAGE INDUSTRIES AND DHOBIGHATS",4,2,2.0,44.0,3.0
NAGARKURNOOL,NAGARKURNOOL,KOLLAPUR,KODIAR,NARSAIPALLY,"COTTAGE INDUSTRIES AND DHOBIGHATS",4,2,2.0,179.0,2.25
NAGARKURNOOL,NAGARKURNOOL,KOLLAPUR,KODIAR,RAJAPOOR,"COTTAGE INDUSTRIES AND DHOBIGHATS",4,1,,0.0,3.75
NAGARKURNOOL,NAGARKURNOOL,NAGARKURNOOL,TELKAPALLY,GADDAMPALLY,"COTTAGE INDUSTRIES AND DHOBIGHATS",4,1,1.0,28.0,0.18
NAGARKURNOOL,NAGARKURNOOL,NAGARKURNOOL,TELKAPALLY,"GOUREDDY PALLY","COTTAGE INDUSTRIES AND DHOBIGHATS",4,3,2.0,28.0,2.25
NAGARKURNOOL,NAGARKURNOOL,NAGARKURNOOL,TELKAPALLY,"KAMAREDDY PALLY","COTTAGE INDUSTRIES AND DHOBIGHATS",4,2,1.0,50.0,0.99
NAGARKURNOOL,NAGARKURNOOL,NAGARKURNOOL,TELKAPALLY,KARWANGA,"COTTAGE INDUSTRIES AND DHOBIGHATS",4,2,2.0,156.0,0.93
NAGARKURNOOL,NAGARKURNOOL,ACHAMPET,UPPUNUTHALA,TADOOR,"COTTAGE INDUSTRIES AND DHOBIGHATS",4,3,2.0,128.0,4.5
NAGARKURNOOL,NAGARKURNOOL,KOLLAPUR,KOLLAPUR,CHENNAMPALLY,"COTTAGE INDUSTRIES AND DHOBIGHATS",4,1,1.0,20.0,0.24
NAGARKURNOOL,NAGARKURNOOL,KOLLAPUR,KOLLAPUR,CHINTALAPALLY,"COTTAGE INDUSTRIES AND DHOBIGHATS",4,1,1.0,26.0,1.01
NAGARKURNOOL,NAGARKURNOOL,NAGARKURNOOL,TELKAPALLY,PEDDOOR,"COTTAGE INDUSTRIES AND DHOBIGHATS",4,1,1.0,15.0,0.75
NAGARKURNOOL,NAGARKURNOOL,NAGARKURNOOL,TELKAPALLY,RAKONDA,"COTTAGE INDUSTRIES AND DHOBIGHATS",4,3,3.0,254.0,1.97
NAGARKURNOOL,NAGARKURNOOL,NAGARKURNOOL,TELKAPALLY,"RAMI REDDY PALLY","COTTAGE INDUSTRIES AND DHOBIGHATS",4,1,1.0,23.0,0.75
NAGARKURNOOL,NAGARKURNOOL,NAGARKURNOOL,TELKAPALLY,TELKAPALLY,"COTTAGE INDUSTRIES AND DHOBIGHATS",4,9,9.0,2957.0,23.28
NAGARKURNOOL,NAGARKURNOOL,ACHAMPET,UPPUNUTHALA,"UPPUNUNTHALA (ZK)","COTTAGE INDUSTRIES AND DHOBIGHATS",4,1,1.0,61.0,1.5
NAGARKURNOOL,NAGARKURNOOL,ACHAMPET,UPPUNUTHALA,VELTOOR,"COTTAGE INDUSTRIES AND DHOBIGHATS",4,7,5.0,268.0,2.97
NAGARKURNOOL,NAGARKURNOOL,KOLLAPUR,KOLLAPUR,KOLLAPUR,"COTTAGE INDUSTRIES AND DHOBIGHATS",4,2,2.0,34.0,3.0
NAGARKURNOOL,NAGARKURNOOL,KOLLAPUR,KOLLAPUR,MOLACHINTHALAPALLY,"COTTAGE INDUSTRIES AND DHOBIGHATS",4,1,,0.0,2.25
NAGARKURNOOL,NAGARKURNOOL,KOLLAPUR,KOLLAPUR,SINGOTAM,"COTTAGE INDUSTRIES AND DHOBIGHATS",4,3,3.0,120.0,6.75
NAGARKURNOOL,NAGARKURNOOL,NAGARKURNOOL,THIMMAJIPET,GORITA,"COTTAGE INDUSTRIES AND DHOBIGHATS",4,1,1.0,28.0,2.25
NAGARKURNOOL,NAGARKURNOOL,KOLLAPUR,KOLLAPUR,YELLORE,"COTTAGE INDUSTRIES AND DHOBIGHATS",4,1,1.0,100.0,2.25
NAGARKURNOOL,NAGARKURNOOL,KOLLAPUR,P.K.PALLY,DADINENIPALLY,"COTTAGE INDUSTRIES AND DHOBIGHATS",4,2,2.0,71.0,3.0
NAGARKURNOOL,NAGARKURNOOL,KOLLAPUR,P.K.PALLY,KALWAKOLE,"COTTAGE INDUSTRIES AND DHOBIGHATS",4,2,2.0,36.0,2.01
NAGARKURNOOL,NAGARKURNOOL,KOLLAPUR,P.K.PALLY,MAREDMANDINNE,"COTTAGE INDUSTRIES AND DHOBIGHATS",4,1,1.0,178.0,0.75
NAGARKURNOOL,NAGARKURNOOL,KOLLAPUR,P.K.PALLY,MUSTIPALLY,"COTTAGE INDUSTRIES AND DHOBIGHATS",4,1,1.0,34.0,1.5
NAGARKURNOOL,NAGARKURNOOL,ACHAMPET,ACHAMPET,"ACPT01-LAXMI TALKIES","COTTAGE INDUSTRIES AND DHOBIGHATS",4,12,12.0,1655.0,30.11
NAGARKURNOOL,NAGARKURNOOL,ACHAMPET,ACHAMPET,"ACPT02-TEACHERS COLONY","COTTAGE INDUSTRIES AND DHOBIGHATS",4,9,9.0,2097.0,21.15
NAGARKURNOOL,NAGARKURNOOL,ACHAMPET,ACHAMPET,"ACPT03-BUS STAND","COTTAGE INDUSTRIES AND DHOBIGHATS",4,5,5.0,339.0,15.0
NAGARKURNOOL,NAGARKURNOOL,ACHAMPET,ACHAMPET,"ACPT04-TV TOWER-9963202218","COTTAGE INDUSTRIES AND DHOBIGHATS",4,11,7.0,515.0,31.5
NAGARKURNOOL,NAGARKURNOOL,KOLLAPUR,P.K.PALLY,PEDDAKARPAMULA,"COTTAGE INDUSTRIES AND DHOBIGHATS",4,2,2.0,133.0,4.02
NAGARKURNOOL,NAGARKURNOOL,KOLLAPUR,P.K.PALLY,PEDDAKOTHAPALLY,"COTTAGE INDUSTRIES AND DHOBIGHATS",4,2,2.0,74.0,1.68
NAGARKURNOOL,NAGARKURNOOL,KOLLAPUR,P.K.PALLY,SATHAPUR,"COTTAGE INDUSTRIES AND DHOBIGHATS",4,6,6.0,525.0,8.01
NAGARKURNOOL,NAGARKURNOOL,NAGARKURNOOL,BIJINAPALLY,BIJINAPALLY,"COTTAGE INDUSTRIES AND DHOBIGHATS",4,3,3.0,27.0,3.75
NAGARKURNOOL,NAGARKURNOOL,ACHAMPET,ACHAMPET,LINGOTAM,"COTTAGE INDUSTRIES AND DHOBIGHATS",4,3,3.0,483.0,4.5
NAGARKURNOOL,NAGARKURNOOL,NAGARKURNOOL,BIJINAPALLY,ELGONDA,"COTTAGE INDUSTRIES AND DHOBIGHATS",4,1,1.0,89.0,1.5
NAGARKURNOOL,NAGARKURNOOL,NAGARKURNOOL,BIJINAPALLY,GANGARAM,"COTTAGE INDUSTRIES AND DHOBIGHATS",4,2,2.0,83.0,1.5
NAGARKURNOOL,NAGARKURNOOL,NAGARKURNOOL,BIJINAPALLY,GUDLANARVA,"COTTAGE INDUSTRIES AND DHOBIGHATS",4,2,2.0,55.0,6.18
NAGARKURNOOL,NAGARKURNOOL,ACHAMPET,ACHAMPET,POLKAPALLY,"COTTAGE INDUSTRIES AND DHOBIGHATS",4,1,1.0,47.0,1.5
NAGARKURNOOL,NAGARKURNOOL,ACHAMPET,ACHAMPET,RANGAPUR,"COTTAGE INDUSTRIES AND DHOBIGHATS",4,1,1.0,14.0,1.5
NAGARKURNOOL,NAGARKURNOOL,ACHAMPET,ACHAMPET,SINGAVARAM,"COTTAGE INDUSTRIES AND DHOBIGHATS",4,2,2.0,141.0,3.51
NAGARKURNOOL,NAGARKURNOOL,ACHAMPET,AMARABAD,AMARABAD,"COTTAGE INDUSTRIES AND DHOBIGHATS",4,3,3.0,81.0,4.5
NAGARKURNOOL,NAGARKURNOOL,NAGARKURNOOL,BIJINAPALLY,LATTUPALLY,"COTTAGE INDUSTRIES AND DHOBIGHATS",4,4,4.0,257.0,5.76
NAGARKURNOOL,NAGARKURNOOL,NAGARKURNOOL,BIJINAPALLY,LINGASANPALLY,"COTTAGE INDUSTRIES AND DHOBIGHATS",4,1,1.0,86.0,0.75
NAGARKURNOOL,NAGARKURNOOL,NAGARKURNOOL,BIJINAPALLY,MAHADEVPET,"COTTAGE INDUSTRIES AND DHOBIGHATS",4,1,1.0,69.0,1.5
NAGARKURNOOL,NAGARKURNOOL,NAGARKURNOOL,BIJINAPALLY,PALEM,"COTTAGE INDUSTRIES AND DHOBIGHATS",4,4,1.0,47.0,10.5
NAGARKURNOOL,NAGARKURNOOL,NAGARKURNOOL,BIJINAPALLY,WADDEMAN,"COTTAGE INDUSTRIES AND DHOBIGHATS",4,2,2.0,123.0,1.64
NAGARKURNOOL,NAGARKURNOOL,NAGARKURNOOL,NAGARKURNOOL,"DESI ITKYAL","COTTAGE INDUSTRIES AND DHOBIGHATS",4,1,1.0,61.0,1.5
NAGARKURNOOL,NAGARKURNOOL,NAGARKURNOOL,NAGARKURNOOL,GAGGALAPALLY,"COTTAGE INDUSTRIES AND DHOBIGHATS",4,1,1.0,148.0,2.01
NAGARKURNOOL,NAGARKURNOOL,NAGARKURNOOL,NAGARKURNOOL,GUDIPALLY,"COTTAGE INDUSTRIES AND DHOBIGHATS",4,3,3.0,187.0,3.24
NAGARKURNOOL,NAGARKURNOOL,NAGARKURNOOL,NAGARKURNOOL,MANTHATI,"COTTAGE INDUSTRIES AND DHOBIGHATS",4,1,1.0,28.0,1.5
NAGARKURNOOL,NAGARKURNOOL,ACHAMPET,BALMOOR,BALMOOR,"COTTAGE INDUSTRIES AND DHOBIGHATS",4,1,1.0,94.0,1.5
NAGARKURNOOL,NAGARKURNOOL,ACHAMPET,BALMOOR,"CHENNARAM (PG)","COTTAGE INDUSTRIES AND DHOBIGHATS",4,1,1.0,79.0,1.01
NAGARKURNOOL,NAGARKURNOOL,NAGARKURNOOL,NAGARKURNOOL,NGKLT-01.ERRAGADDA,"COTTAGE INDUSTRIES AND DHOBIGHATS",4,1,1.0,92.0,0.2
NAGARKURNOOL,NAGARKURNOOL,NAGARKURNOOL,NAGARKURNOOL,"NGKLT-02.IOC BOULDING","COTTAGE INDUSTRIES AND DHOBIGHATS",4,4,4.0,747.0,8.75
NAGARKURNOOL,NAGARKURNOOL,NAGARKURNOOL,NAGARKURNOOL,NGKLT-03.PULLAREDDY,"COTTAGE INDUSTRIES AND DHOBIGHATS",4,2,2.0,75.0,2.85
NAGARKURNOOL,NAGARKURNOOL,NAGARKURNOOL,NAGARKURNOOL,"NGKLT-04.HOUSING BOARD COLONY","COTTAGE INDUSTRIES AND DHOBIGHATS",4,8,8.0,1107.0,15.51
NAGARKURNOOL,NAGARKURNOOL,NAGARKURNOOL,NAGARKURNOOL,"NGKLT-05.AGRICULTURE MARKET YA","COTTAGE INDUSTRIES AND DHOBIGHATS",4,1,1.0,76.0,0.6
NAGARKURNOOL,NAGARKURNOOL,ACHAMPET,BALMOOR,GODAL,"COTTAGE INDUSTRIES AND DHOBIGHATS",4,3,3.0,51.0,3.24
NAGARKURNOOL,NAGARKURNOOL,ACHAMPET,BALMOOR,KONDANAGULA,"COTTAGE INDUSTRIES AND DHOBIGHATS",4,1,1.0,20.0,2.25
NAGARKURNOOL,NAGARKURNOOL,NAGARKURNOOL,NAGARKURNOOL,"NGKLT-06.RAVI THEATRE","COTTAGE INDUSTRIES AND DHOBIGHATS",4,3,3.0,195.0,11.25
NAGARKURNOOL,NAGARKURNOOL,NAGARKURNOOL,NAGARKURNOOL,"NGKLT-07.EDDAMMA GUDI","COTTAGE INDUSTRIES AND DHOBIGHATS",4,5,5.0,531.0,4.77
NAGARKURNOOL,NAGARKURNOOL,NAGARKURNOOL,NAGARKURNOOL,PEDDAMUDUNOOR,"COTTAGE INDUSTRIES AND DHOBIGHATS",4,4,4.0,162.0,9.75
NAGARKURNOOL,NAGARKURNOOL,NAGARKURNOOL,NAGARKURNOOL,PULJAL,"COTTAGE INDUSTRIES AND DHOBIGHATS",4,1,1.0,46.0,1.5
NAGARKURNOOL,NAGARKURNOOL,NAGARKURNOOL,NAGARKURNOOL,THUDUKURTHY,"COTTAGE INDUSTRIES AND DHOBIGHATS",4,2,2.0,195.0,1.73
NAGARKURNOOL,NAGARKURNOOL,ACHAMPET,BALMOOR,NARASAIPALLY,"COTTAGE INDUSTRIES AND DHOBIGHATS",4,1,1.0,17.0,1.01
NAGARKURNOOL,NAGARKURNOOL,ACHAMPET,LINGAL,APPAIPALLY-SU-DIV.,"COTTAGE INDUSTRIES AND DHOBIGHATS",4,5,5.0,545.0,1.4
NAGARKURNOOL,NAGARKURNOOL,NAGARKURNOOL,TADOOR,"GUTTALA PALLY","COTTAGE INDUSTRIES AND DHOBIGHATS",4,1,1.0,126.0,0.75
NAGARKURNOOL,NAGARKURNOOL,NAGARKURNOOL,TADOOR,INDRAKAL,"COTTAGE INDUSTRIES AND DHOBIGHATS",4,1,1.0,7.0,1.2
NAGARKURNOOL,NAGARKURNOOL,ACHAMPET,LINGAL,"K C THANDA","COTTAGE INDUSTRIES AND DHOBIGHATS",4,1,1.0,117.0,1.5
NAGARKURNOOL,NAGARKURNOOL,ACHAMPET,LINGAL,KOMATIKUNTA,"COTTAGE INDUSTRIES AND DHOBIGHATS",4,1,1.0,36.0,1.5
NAGARKURNOOL,NAGARKURNOOL,ACHAMPET,LINGAL,LINGAL-SUB-DIV.,"COTTAGE INDUSTRIES AND DHOBIGHATS",4,3,3.0,136.0,7.88
NAGARKURNOOL,NAGARKURNOOL,ACHAMPET,LINGAL,MAQDOOMPUR,"COTTAGE INDUSTRIES AND DHOBIGHATS",4,1,1.0,19.0,1.5
NAGARKURNOOL,NAGARKURNOOL,NAGARKURNOOL,TADOOR,TADOOR,"COTTAGE INDUSTRIES AND DHOBIGHATS",4,2,2.0,296.0,4.26
NAGARKURNOOL,NAGARKURNOOL,NAGARKURNOOL,TADOOR,THUMMALASUGUR,"COTTAGE INDUSTRIES AND DHOBIGHATS",4,1,1.0,142.0,0.24
NAGARKURNOOL,NAGARKURNOOL,NAGARKURNOOL,TADOOR,"YADIREDDY PALLY","COTTAGE INDUSTRIES AND DHOBIGHATS",4,1,1.0,13.0,1.5
NAGARKURNOOL,NAGARKURNOOL,ACHAMPET,LINGAL,SURAPUR,"COTTAGE INDUSTRIES AND DHOBIGHATS",4,1,1.0,17.0,1.5
NAGARKURNOOL,NAGARKURNOOL,KOLLAPUR,KODIAR,KODAIR,"COTTAGE INDUSTRIES AND DHOBIGHATS",4,3,3.0,181.0,3.9
NAGARKURNOOL,NAGARKURNOOL,KOLLAPUR,KODIAR,MACHUPALLY,"COTTAGE INDUSTRIES AND DHOBIGHATS",4,1,1.0,43.0,1.01
NAGARKURNOOL,NAGARKURNOOL,NAGARKURNOOL,TADOOR,"YENGAM PALLY","COTTAGE INDUSTRIES AND DHOBIGHATS",4,1,1.0,32.0,0.14
NAGARKURNOOL,NAGARKURNOOL,NAGARKURNOOL,TELKAPALLY,ANANTHASAGAR,"COTTAGE INDUSTRIES AND DHOBIGHATS",4,3,1.0,32.0,4.5
NAGARKURNOOL,NAGARKURNOOL,ACHAMPET,UPPUNUTHALA,"GALTUKADI PALLY","COTTAGE INDUSTRIES AND DHOBIGHATS",4,1,1.0,128.0,0.75
NAGARKURNOOL,NAGARKURNOOL,ACHAMPET,UPPUNUTHALA,"KAMSANI PALLY","COTTAGE INDUSTRIES AND DHOBIGHATS",4,2,1.0,2.0,1.74
NAGARKURNOOL,NAGARKURNOOL,ACHAMPET,UPPUNUTHALA,KORITIKAL,"COTTAGE INDUSTRIES AND DHOBIGHATS",4,1,1.0,40.0,0.75
NALGONDA,NALGONDA,NALGONDA,"NALGONDA RURAL",CHERLAPALLY,"COTTAGE INDUSTRIES AND DHOBIGHATS",4,198,190.0,48362.0,584.42
NALGONDA,NALGONDA,NALGONDA,"NALGONDA RURAL",DANDEMPALLY,"COTTAGE INDUSTRIES AND DHOBIGHATS",4,1,,0.0,1.13
NALGONDA,NALGONDA,NALGONDA,"NALGONDA RURAL",G.K.ANNARAM,"COTTAGE INDUSTRIES AND DHOBIGHATS",4,3,1.0,29.0,2.63
NALGONDA,NALGONDA,NALGONDA,"NALGONDA RURAL",GUNDLAPALLY,"COTTAGE INDUSTRIES AND DHOBIGHATS",4,2,1.0,80.0,1.5
NALGONDA,NALGONDA,NALGONDA,"NALGONDA RURAL",K.KONDARAM,"COTTAGE INDUSTRIES AND DHOBIGHATS",4,2,1.0,2.0,2.63
NALGONDA,NALGONDA,NALGONDA,"NALGONDA RURAL",KANCHANPALLY,"COTTAGE INDUSTRIES AND DHOBIGHATS",4,1,1.0,701.0,6.75
NALGONDA,NALGONDA,"NALGONDA RURAL",THIPPARTHY,ERRAGADLAGUDEM,"COTTAGE INDUSTRIES AND DHOBIGHATS",4,1,1.0,39.0,1.5
NALGONDA,NALGONDA,"NALGONDA RURAL",THIPPARTHY,J.R.GUDA,"COTTAGE INDUSTRIES AND DHOBIGHATS",4,1,,0.0,0.38
NALGONDA,MIRYALGUDA,VEMULAPALLY,TRIPURARAM,"NELAI GUDEM","COTTAGE INDUSTRIES AND DHOBIGHATS",4,1,,0.0,1.5
NALGONDA,NALGONDA,NAKREKAL,KETHAPALLI,CHERUKUPALLY,"COTTAGE INDUSTRIES AND DHOBIGHATS",4,2,2.0,292.0,0.11
NALGONDA,NALGONDA,NAKREKAL,KETHAPALLI,GUDIWADA,"COTTAGE INDUSTRIES AND DHOBIGHATS",4,2,,0.0,3.75
NALGONDA,NALGONDA,NAKREKAL,KETHAPALLI,INUPAMULA,"COTTAGE INDUSTRIES AND DHOBIGHATS",4,5,5.0,300.0,8.09
NALGONDA,NALGONDA,NAKREKAL,KETHAPALLI,KATHEPALLY,"COTTAGE INDUSTRIES AND DHOBIGHATS",4,12,12.0,1217.0,30.21
NALGONDA,NALGONDA,NAKREKAL,KETHAPALLI,KORLAPADU,"COTTAGE INDUSTRIES AND DHOBIGHATS",4,2,2.0,1.0,5.25
NALGONDA,NALGONDA,NAKREKAL,KETHAPALLI,KOTHAPET,"COTTAGE INDUSTRIES AND DHOBIGHATS",4,1,1.0,9.0,1.5
NALGONDA,MIRYALGUDA,HALIA,PEDAVURA,"LINGAM PALLY","COTTAGE INDUSTRIES AND DHOBIGHATS",4,1,1.0,0.0,3.75
NALGONDA,NALGONDA,NALGONDA,"NALGONDA RURAL",KOTHAGUDA,"COTTAGE INDUSTRIES AND DHOBIGHATS",4,1,1.0,127.0,0.75
NALGONDA,NALGONDA,NALGONDA,"NALGONDA RURAL",KOTHAPALLY,"COTTAGE INDUSTRIES AND DHOBIGHATS",4,3,2.0,0.0,4.14
NALGONDA,NALGONDA,NALGONDA,"NALGONDA RURAL",M.DOMALAPALLY,"COTTAGE INDUSTRIES AND DHOBIGHATS",4,1,,0.0,0.75
NALGONDA,NALGONDA,NALGONDA,"NALGONDA RURAL",M.DUPPALAPALLY,"COTTAGE INDUSTRIES AND DHOBIGHATS",4,5,4.0,499.0,7.88
NALGONDA,NALGONDA,"NALGONDA RURAL",THIPPARTHY,KESHARAJAPALLY,"COTTAGE INDUSTRIES AND DHOBIGHATS",4,2,,0.0,9.0
NALGONDA,NALGONDA,"NALGONDA RURAL",THIPPARTHY,KESHARAJUPALLY,"COTTAGE INDUSTRIES AND DHOBIGHATS",4,1,,0.0,0.75
NALGONDA,NALGONDA,"NALGONDA RURAL",THIPPARTHY,MADGULAPALLY,"COTTAGE INDUSTRIES AND DHOBIGHATS",4,1,,0.0,0.75
NALGONDA,NALGONDA,"NALGONDA RURAL",THIPPARTHY,MADUGULAPALLY,"COTTAGE INDUSTRIES AND DHOBIGHATS",4,1,1.0,11.0,2.01
NALGONDA,NALGONDA,"NALGONDA RURAL",THIPPARTHY,PAJJUR,"COTTAGE INDUSTRIES AND DHOBIGHATS",4,2,2.0,470.0,3.75
NALGONDA,NALGONDA,"NALGONDA RURAL",THIPPARTHY,RAJPET,"COTTAGE INDUSTRIES AND DHOBIGHATS",4,1,,0.0,3.75
NALGONDA,MIRYALGUDA,VEMULAPALLY,TRIPURARAM,PEDADEVULAPALLY,"COTTAGE INDUSTRIES AND DHOBIGHATS",4,1,1.0,192.0,3.0
NALGONDA,MIRYALGUDA,VEMULAPALLY,TRIPURARAM,PUSALAPAHAD,"COTTAGE INDUSTRIES AND DHOBIGHATS",4,1,1.0,6.0,2.25
NALGONDA,MIRYALGUDA,VEMULAPALLY,TRIPURARAM,TRIPURARAM,"COTTAGE INDUSTRIES AND DHOBIGHATS",4,4,,0.0,8.63
NALGONDA,MIRYALGUDA,VEMULAPALLY,VEMULAPALLY,AGAMOOTKUR,"COTTAGE INDUSTRIES AND DHOBIGHATS",4,2,2.0,90.0,3.0
NALGONDA,MIRYALGUDA,VEMULAPALLY,VEMULAPALLY,AMANAGAL,"COTTAGE INDUSTRIES AND DHOBIGHATS",4,1,1.0,228.0,3.0
NALGONDA,DEVARAKONDA,NAMPALLY,GURRAMPODU,AREGUDEM,"COTTAGE INDUSTRIES AND DHOBIGHATS",4,1,1.0,69.0,2.25
NALGONDA,NALGONDA,NAKREKAL,KETHAPALLI,TUNGATURTY,"COTTAGE INDUSTRIES AND DHOBIGHATS",4,1,1.0,43.0,4.88
NALGONDA,NALGONDA,NAKREKAL,KETHAPALLI,UPPALAPAHAD,"COTTAGE INDUSTRIES AND DHOBIGHATS",4,3,1.0,71.0,3.75
NALGONDA,NALGONDA,NAKREKAL,NAKREKAL,"CHANDAMPALLY B","COTTAGE INDUSTRIES AND DHOBIGHATS",4,1,,0.0,1.13
NALGONDA,NALGONDA,NAKREKAL,NAKREKAL,CHANDUPATLA,"COTTAGE INDUSTRIES AND DHOBIGHATS",4,1,,0.0,2.25
NALGONDA,NALGONDA,NAKREKAL,NAKREKAL,KADAPARTHY,"COTTAGE INDUSTRIES AND DHOBIGHATS",4,4,,0.0,11.55
NALGONDA,NALGONDA,NAKREKAL,NAKREKAL,MANGALAPALLY,"COTTAGE INDUSTRIES AND DHOBIGHATS",4,2,2.0,155.0,5.25
NALGONDA,NALGONDA,NALGONDA,"NALGONDA RURAL",MARRIGUDA,"COTTAGE INDUSTRIES AND DHOBIGHATS",4,19,5.0,577.0,22.5
NALGONDA,NALGONDA,NALGONDA,"NALGONDA RURAL",N.S.BATLA,"COTTAGE INDUSTRIES AND DHOBIGHATS",4,1,,0.0,0.38
NALGONDA,NALGONDA,NALGONDA,"NALGONDA RURAL",NARSINGABATLA,"COTTAGE INDUSTRIES AND DHOBIGHATS",4,1,1.0,321.0,1.5
NALGONDA,NALGONDA,NALGONDA,"NALGONDA RURAL","P D PALLY","COTTAGE INDUSTRIES AND DHOBIGHATS",4,1,1.0,25.0,1.01
NALGONDA,NALGONDA,NALGONDA,"NALGONDA RURAL",P.DOMALAPALLY,"COTTAGE INDUSTRIES AND DHOBIGHATS",4,1,,0.0,3.75
NALGONDA,NALGONDA,"NALGONDA RURAL",THIPPARTHY,RAYANGUDA,"COTTAGE INDUSTRIES AND DHOBIGHATS",4,2,,0.0,1.13
NALGONDA,NALGONDA,"NALGONDA RURAL",THIPPARTHY,SARVARAM,"COTTAGE INDUSTRIES AND DHOBIGHATS",4,1,1.0,28.0,0.18
NALGONDA,NALGONDA,"NALGONDA RURAL",THIPPARTHY,TANDARPALLY,"COTTAGE INDUSTRIES AND DHOBIGHATS",4,1,1.0,16.0,1.5
NALGONDA,NALGONDA,"NALGONDA RURAL",THIPPARTHY,THANDHARPALLY,"COTTAGE INDUSTRIES AND DHOBIGHATS",4,1,,0.0,0.75
NALGONDA,NALGONDA,"NALGONDA RURAL",THIPPARTHY,THIPPARTHY,"COTTAGE INDUSTRIES AND DHOBIGHATS",4,1,,0.0,0.38
NALGONDA,MIRYALGUDA,VEMULAPALLY,VEMULAPALLY,ANAPAREDDYGUDEM,"COTTAGE INDUSTRIES AND DHOBIGHATS",4,1,1.0,95.0,1.5
NALGONDA,MIRYALGUDA,VEMULAPALLY,VEMULAPALLY,GURAAPAGUDEM,"COTTAGE INDUSTRIES AND DHOBIGHATS",4,1,1.0,674.0,1.5
NALGONDA,DEVARAKONDA,NAMPALLY,GURRAMPODU,CHEPUR,"COTTAGE INDUSTRIES AND DHOBIGHATS",4,1,1.0,378.0,2.25
NALGONDA,DEVARAKONDA,NAMPALLY,GURRAMPODU,GURRAMPODE(HQ),"COTTAGE INDUSTRIES AND DHOBIGHATS",4,2,2.0,698.0,4.02
NALGONDA,DEVARAKONDA,NAMPALLY,GURRAMPODU,KOPPOLE,"COTTAGE INDUSTRIES AND DHOBIGHATS",4,5,4.0,70.0,9.0
NALGONDA,NALGONDA,NAKREKAL,NAKREKAL,MARRUR,"COTTAGE INDUSTRIES AND DHOBIGHATS",4,12,3.0,0.0,25.13
NALGONDA,NALGONDA,NAKREKAL,NAKREKAL,"NAKREKAL TOWN","COTTAGE INDUSTRIES AND DHOBIGHATS",4,4,,0.0,9.38
NALGONDA,NALGONDA,NAKREKAL,NAKREKAL,"NAKREKAL TOWN A","COTTAGE INDUSTRIES AND DHOBIGHATS",4,17,15.0,1700.0,46.91
NALGONDA,NALGONDA,NAKREKAL,NAKREKAL,"NAKREKAL TOWN B","COTTAGE INDUSTRIES AND DHOBIGHATS",4,63,59.0,12253.0,211.5
NALGONDA,NALGONDA,NAKREKAL,NAKREKAL,"NAKREKAL TOWN C","COTTAGE INDUSTRIES AND DHOBIGHATS",4,120,117.0,33660.0,416.71
NALGONDA,NALGONDA,NAKREKAL,NAKREKAL,"NAKREKAL TOWN D","COTTAGE INDUSTRIES AND DHOBIGHATS",4,55,54.0,14568.0,173.63
NALGONDA,NALGONDA,NAKREKAL,NAKREKAL,"NELLI BANDA","COTTAGE INDUSTRIES AND DHOBIGHATS",4,1,1.0,473.0,2.25
NALGONDA,NALGONDA,NAKREKAL,NAKREKAL,NOMULA,"COTTAGE INDUSTRIES AND DHOBIGHATS",4,5,2.0,165.0,7.13
NALGONDA,NALGONDA,NALGONDA,"NALGONDA TOWN I",BTS,"COTTAGE INDUSTRIES AND DHOBIGHATS",4,3,3.0,1242.0,11.25
NALGONDA,NALGONDA,NALGONDA,"NALGONDA TOWN I",GOLLAGUDA,"COTTAGE INDUSTRIES AND DHOBIGHATS",4,3,3.0,149.0,6.26
NALGONDA,NALGONDA,NALGONDA,"NALGONDA TOWN I",MAHILAPRANGANAM,"COTTAGE INDUSTRIES AND DHOBIGHATS",4,2,2.0,38.0,7.5
NALGONDA,NALGONDA,NALGONDA,"NALGONDA TOWN I","MANYAM CHELKA","COTTAGE INDUSTRIES AND DHOBIGHATS",4,1,1.0,61.0,3.75
NALGONDA,MIRYALGUDA,MIRYALGUDA,"MIRYALAGUDA TOWN-I",EDULAGUDEM,"COTTAGE INDUSTRIES AND DHOBIGHATS",4,2,1.0,8.0,4.5
NALGONDA,MIRYALGUDA,MIRYALGUDA,"MIRYALAGUDA TOWN-I","MIRYALAGUDA TOWN-I","COTTAGE INDUSTRIES AND DHOBIGHATS",4,6,3.0,94.0,18.9
NALGONDA,MIRYALGUDA,MIRYALGUDA,"MIRYALAGUDA TOWN-II","MIRYALAGUDA TOWN--II","COTTAGE INDUSTRIES AND DHOBIGHATS",4,1,1.0,52.0,7.5
NALGONDA,MIRYALGUDA,VEMULAPALLY,VEMULAPALLY,MULKAPATNAM,"COTTAGE INDUSTRIES AND DHOBIGHATS",4,1,1.0,2.0,3.0
NALGONDA,MIRYALGUDA,VEMULAPALLY,VEMULAPALLY,THOPUCHARLA,"COTTAGE INDUSTRIES AND DHOBIGHATS",4,2,2.0,14.0,5.25
NALGONDA,DEVARAKONDA,NAMPALLY,GURRAMPODU,MULKALAPALLY,"COTTAGE INDUSTRIES AND DHOBIGHATS",4,1,1.0,9.0,1.5
NALGONDA,DEVARAKONDA,NAMPALLY,GURRAMPODU,NADIKUDA,"COTTAGE INDUSTRIES AND DHOBIGHATS",4,2,2.0,71.0,1.5
NALGONDA,DEVARAKONDA,NAMPALLY,GURRAMPODU,PALWAI,"COTTAGE INDUSTRIES AND DHOBIGHATS",4,1,1.0,2465.0,3.0
NALGONDA,NALGONDA,NAKREKAL,NAKREKAL,THATIKAL,"COTTAGE INDUSTRIES AND DHOBIGHATS",4,4,4.0,286.0,5.25
NALGONDA,NALGONDA,NAKREKAL,SHALIGOWRARAM,ADLOOR,"COTTAGE INDUSTRIES AND DHOBIGHATS",4,1,1.0,178.0,2.25
NALGONDA,NALGONDA,NAKREKAL,SHALIGOWRARAM,AKARAM,"COTTAGE INDUSTRIES AND DHOBIGHATS",4,3,,0.0,9.75
NALGONDA,NALGONDA,NAKREKAL,SHALIGOWRARAM,CHITTALOOR,"COTTAGE INDUSTRIES AND DHOBIGHATS",4,5,4.0,423.0,5.24
NALGONDA,NALGONDA,NAKREKAL,SHALIGOWRARAM,GURAJALA,"COTTAGE INDUSTRIES AND DHOBIGHATS",4,1,1.0,58.0,2.25
NALGONDA,NALGONDA,NALGONDA,"NALGONDA TOWN I","PADMAVATHI COLONY","COTTAGE INDUSTRIES AND DHOBIGHATS",4,1,,0.0,1.13
NALGONDA,NALGONDA,NALGONDA,"NALGONDA TOWN I","PRAKASHAM BAZAR","COTTAGE INDUSTRIES AND DHOBIGHATS",4,1,1.0,0.0,3.75
NALGONDA,NALGONDA,NALGONDA,"NALGONDA TOWN I","SHANTHI NAGAR","COTTAGE INDUSTRIES AND DHOBIGHATS",4,2,1.0,187.0,1.13
NALGONDA,NALGONDA,NALGONDA,"NALGONDA TOWN III",GATTUPALLA,"COTTAGE INDUSTRIES AND DHOBIGHATS",4,2,,0.0,1.5
NALGONDA,NALGONDA,NALGONDA,"NALGONDA TOWN III","NALGONDA TOWN.3","COTTAGE INDUSTRIES AND DHOBIGHATS",4,5,,0.0,5.63
NALGONDA,MIRYALGUDA,MIRYALGUDA,"MIRYALAGUDA TOWN-II","MIRYALAGUDA TOWN-2","COTTAGE INDUSTRIES AND DHOBIGHATS",4,2,1.0,20.0,3.0
NALGONDA,MIRYALGUDA,MIRYALGUDA,"MIRYALAGUDA TOWN-II","PRAKASH NAGAR","COTTAGE INDUSTRIES AND DHOBIGHATS",4,1,1.0,344.0,2.01
NALGONDA,MIRYALGUDA,MIRYALGUDA,MIRYALAGUDA(RURAL),AVANTHIPURAM,"COTTAGE INDUSTRIES AND DHOBIGHATS",4,1,,0.0,1.88
NALGONDA,MIRYALGUDA,VEMULAPALLY,VEMULAPALLY,VEMULPALLY,"COTTAGE INDUSTRIES AND DHOBIGHATS",4,2,2.0,572.0,7.02
NALGONDA,DEVARAKONDA,DEVARAKONDA,CHANDAMPETA,CHANDAMPET(HQ),"COTTAGE INDUSTRIES AND DHOBIGHATS",4,1,1.0,101.0,0.19
NALGONDA,DEVARAKONDA,NAMPALLY,GURRAMPODU,TANEDARPALLY,"COTTAGE INDUSTRIES AND DHOBIGHATS",4,1,1.0,0.0,2.25
NALGONDA,DEVARAKONDA,NAMPALLY,MARRIGUDA,ANTHAMPET,"COTTAGE INDUSTRIES AND DHOBIGHATS",4,2,2.0,558.0,3.0
NALGONDA,NALGONDA,NAKREKAL,SHALIGOWRARAM,ITUKULAPADU,"COTTAGE INDUSTRIES AND DHOBIGHATS",4,4,2.0,31.0,11.25
NALGONDA,NALGONDA,NAKREKAL,SHALIGOWRARAM,MADARAM,"COTTAGE INDUSTRIES AND DHOBIGHATS",4,3,3.0,141.0,6.0
NALGONDA,NALGONDA,NAKREKAL,SHALIGOWRARAM,MANIMADDA,"COTTAGE INDUSTRIES AND DHOBIGHATS",4,1,1.0,505.0,2.25
NALGONDA,NALGONDA,NAKREKAL,SHALIGOWRARAM,"SHALI GOWRARAM","COTTAGE INDUSTRIES AND DHOBIGHATS",4,1,,0.0,3.38
NALGONDA,NALGONDA,NALGONDA,"NALGONDA TOWN III","NALGONDA TOWN/113","COTTAGE INDUSTRIES AND DHOBIGHATS",4,1,1.0,0.0,3.75
NALGONDA,NALGONDA,NALGONDA,"NALGONDA TOWN III","NALGONDA-DVK ROAD","COTTAGE INDUSTRIES AND DHOBIGHATS",4,2,1.0,62.0,7.5
NALGONDA,NALGONDA,NALGONDA,"NALGONDA TOWN III",NALGONDA-MOTHUKUNTA,"COTTAGE INDUSTRIES AND DHOBIGHATS",4,5,4.0,1145.0,8.63
NALGONDA,NALGONDA,NALGONDA,"NALGONDA TOWN III",NALGONDA-SLBC,"COTTAGE INDUSTRIES AND DHOBIGHATS",4,2,1.0,135.0,2.43
NALGONDA,NALGONDA,NALGONDA,"NALGONDA TOWN III",NALGONDA-THULSINAGAR,"COTTAGE INDUSTRIES AND DHOBIGHATS",4,2,2.0,36.0,42.0
NALGONDA,MIRYALGUDA,MIRYALGUDA,MIRYALAGUDA(RURAL),CHILLAPOOR,"COTTAGE INDUSTRIES AND DHOBIGHATS",4,1,,0.0,2.25
NALGONDA,MIRYALGUDA,MIRYALGUDA,MIRYALAGUDA(RURAL),GOGUVARIGUDEM,"COTTAGE INDUSTRIES AND DHOBIGHATS",4,3,3.0,1073.0,16.13
NALGONDA,DEVARAKONDA,DEVARAKONDA,CHANDAMPETA,KOTHAPALLY,"COTTAGE INDUSTRIES AND DHOBIGHATS",4,1,1.0,36.0,1.5
NALGONDA,DEVARAKONDA,DEVARAKONDA,CHANDAMPETA,MUDIDONDLA,"COTTAGE INDUSTRIES AND DHOBIGHATS",4,1,1.0,22.0,1.5
NALGONDA,DEVARAKONDA,NAMPALLY,MARRIGUDA,D.B.PALLY,"COTTAGE INDUSTRIES AND DHOBIGHATS",4,1,1.0,0.0,3.75
NALGONDA,DEVARAKONDA,NAMPALLY,MARRIGUDA,MARRIGUDA(HQ),"COTTAGE INDUSTRIES AND DHOBIGHATS",4,1,1.0,15.0,0.94
NALGONDA,NALGONDA,NAKREKAL,SHALIGOWRARAM,VALLALA,"COTTAGE INDUSTRIES AND DHOBIGHATS",4,1,,0.0,3.75
NALGONDA,NALGONDA,"NALGONDA RURAL",CHITYAL,"CHITYALA (HQ)","COTTAGE INDUSTRIES AND DHOBIGHATS",4,2,1.0,1.0,2.85
NALGONDA,NALGONDA,"NALGONDA RURAL",CHITYAL,"CHITYALA(HQ)- A","COTTAGE INDUSTRIES AND DHOBIGHATS",4,10,10.0,1774.0,27.75
NALGONDA,NALGONDA,"NALGONDA RURAL",CHITYAL,"CHITYALA(HQ)- B","COTTAGE INDUSTRIES AND DHOBIGHATS",4,8,8.0,1481.0,31.5
NALGONDA,NALGONDA,"NALGONDA RURAL",CHITYAL,NERADA,"COTTAGE INDUSTRIES AND DHOBIGHATS",4,139,136.0,25379.0,359.25
NALGONDA,DEVARAKONDA,DEVARAKONDA,DEVARAKONDA,DEVARAKONDA,"COTTAGE INDUSTRIES AND DHOBIGHATS",4,9,8.0,1177.0,21.71
NALGONDA,DEVARAKONDA,DEVARAKONDA,DEVARAKONDA,DEVARAKONDA(HQ),"COTTAGE INDUSTRIES AND DHOBIGHATS",4,1,,0.0,2.25
NALGONDA,DEVARAKONDA,DEVARAKONDA,DEVARAKONDA,K.B.PALLY,"COTTAGE INDUSTRIES AND DHOBIGHATS",4,1,1.0,76.0,1.27
NALGONDA,DEVARAKONDA,DEVARAKONDA,DEVARAKONDA,MUDIGONDA,"COTTAGE INDUSTRIES AND DHOBIGHATS",4,5,5.0,332.0,8.57
NALGONDA,DEVARAKONDA,NAMPALLY,MARRIGUDA,SARAMPET,"COTTAGE INDUSTRIES AND DHOBIGHATS",4,2,2.0,238.0,0.89
NALGONDA,DEVARAKONDA,NAMPALLY,MARRIGUDA,SHIVANNAGUDA,"COTTAGE INDUSTRIES AND DHOBIGHATS",4,1,1.0,28.0,3.0
NALGONDA,DEVARAKONDA,NAMPALLY,MARRIGUDA,TAMMADAPALLY,"COTTAGE INDUSTRIES AND DHOBIGHATS",4,1,1.0,77.0,0.75
NALGONDA,DEVARAKONDA,NAMPALLY,MARRIGUDA,TANDERPALLY,"COTTAGE INDUSTRIES AND DHOBIGHATS",4,1,1.0,3.0,0.75
NALGONDA,DEVARAKONDA,NAMPALLY,MARRIGUDA,TIRUGANDLAPALLY,"COTTAGE INDUSTRIES AND DHOBIGHATS",4,2,2.0,20.0,1.68
NALGONDA,DEVARAKONDA,NAMPALLY,MARRIGUDA,VATTIPALLY,"COTTAGE INDUSTRIES AND DHOBIGHATS",4,1,1.0,19.0,0.75
NALGONDA,DEVARAKONDA,NAMPALLY,MARRIGUDA,"YARAGANDLA PALLY","COTTAGE INDUSTRIES AND DHOBIGHATS",4,3,2.0,154.0,3.2
NALGONDA,MIRYALGUDA,HALIA,HALIYA,DOKKALABAITANDA,"COTTAGE INDUSTRIES AND DHOBIGHATS",4,1,1.0,17.0,3.75
NALGONDA,NALGONDA,"NALGONDA RURAL",CHITYAL,PEDDAKAPARTHY,"COTTAGE INDUSTRIES AND DHOBIGHATS",4,2,2.0,239.0,3.75
NALGONDA,NALGONDA,"NALGONDA RURAL",CHITYAL,TALLAYELLAMALA,"COTTAGE INDUSTRIES AND DHOBIGHATS",4,1,1.0,0.0,2.25
NALGONDA,NALGONDA,"NALGONDA RURAL",CHITYAL,VANIPAKALA,"COTTAGE INDUSTRIES AND DHOBIGHATS",4,1,,0.0,0.8
NALGONDA,NALGONDA,"NALGONDA RURAL",CHITYAL,VATTIMARTHY,"COTTAGE INDUSTRIES AND DHOBIGHATS",4,5,5.0,276.0,15.75
NALGONDA,NALGONDA,"NALGONDA RURAL",CHITYAL,VELIMINEDU,"COTTAGE INDUSTRIES AND DHOBIGHATS",4,2,2.0,208.0,4.5
NALGONDA,NALGONDA,"NALGONDA RURAL",KANEGAL,BOINAPALLY,"COTTAGE INDUSTRIES AND DHOBIGHATS",4,1,1.0,0.0,1.5
NALGONDA,MIRYALGUDA,MIRYALGUDA,MIRYALAGUDA(RURAL),NANDIPAD,"COTTAGE INDUSTRIES AND DHOBIGHATS",4,2,1.0,295.0,2.51
NALGONDA,MIRYALGUDA,MIRYALGUDA,MIRYALAGUDA(RURAL),NANDIPAHAD,"COTTAGE INDUSTRIES AND DHOBIGHATS",4,3,3.0,51.0,4.5
NALGONDA,DEVARAKONDA,DEVARAKONDA,DEVARAKONDA,THATIKOLE,"COTTAGE INDUSTRIES AND DHOBIGHATS",4,1,1.0,45.0,0.26
NALGONDA,DEVARAKONDA,NAMPALLY,NAMPALLY,DAMERA,"COTTAGE INDUSTRIES AND DHOBIGHATS",4,1,1.0,49.0,0.75
NALGONDA,DEVARAKONDA,NAMPALLY,NAMPALLY,DEVATHPALLY,"COTTAGE INDUSTRIES AND DHOBIGHATS",4,1,1.0,55.0,1.5
NALGONDA,DEVARAKONDA,NAMPALLY,NAMPALLY,HYDALAPUR,"COTTAGE INDUSTRIES AND DHOBIGHATS",4,2,2.0,387.0,3.75
NALGONDA,DEVARAKONDA,NAMPALLY,NAMPALLY,MALLAPARAJPALLY,"COTTAGE INDUSTRIES AND DHOBIGHATS",4,3,3.0,164.0,2.25
NALGONDA,DEVARAKONDA,NAMPALLY,NAMPALLY,MEDLAVAI,"COTTAGE INDUSTRIES AND DHOBIGHATS",4,1,1.0,47.0,2.25
NALGONDA,MIRYALGUDA,HALIA,HALIYA,MALGIREDDYGUDEM,"COTTAGE INDUSTRIES AND DHOBIGHATS",4,1,,0.0,3.75
NALGONDA,NALGONDA,"NALGONDA RURAL",KANEGAL,BUDAMARLAPALLY,"COTTAGE INDUSTRIES AND DHOBIGHATS",4,1,1.0,44.0,1.5
NALGONDA,NALGONDA,"NALGONDA RURAL",KANEGAL,CH.GOURARAM,"COTTAGE INDUSTRIES AND DHOBIGHATS",4,2,1.0,0.0,4.5
NALGONDA,NALGONDA,"NALGONDA RURAL",KANEGAL,CHENNARAM,"COTTAGE INDUSTRIES AND DHOBIGHATS",4,1,,0.0,3.75
NALGONDA,NALGONDA,"NALGONDA RURAL",KANEGAL,DOREPALLY,"COTTAGE INDUSTRIES AND DHOBIGHATS",4,1,1.0,171.0,0.75
