circle,division,subdivision,section,area,catdesc,catcode,totservices,billdservices,units,load
"BANJARA HILLS","GREEN LANDS","SANATH NAGAR",SANATHNAGAR,"S.R.T.(NEAR POLICE STN)","COTTAGE INDUSTRIES AND DHOBIGHATS",4,1,1.0,0.0,0.75
"BANJARA HILLS","GREEN LANDS",GREENLANDS,BEGUMPET,"GRC - P.GADDA, P.NAGAR","COTTAGE INDUSTRIES AND DHOBIGHATS",4,1,1.0,893.0,7.5
"BANJARA HILLS","BANJARA HILLS",AMEERPET,"SRI KRISHNA NAGAR","KALYAN NAGAR","COTTAGE INDUSTRIES AND DHOBIGHATS",4,1,1.0,0.0,2.25
"BANJARA HILLS","BANJARA HILLS",AMEERPET,"SRI KRISHNA NAGAR","SIDHARTHA NAGAR","COTTAGE INDUSTRIES AND DHOBIGHATS",4,1,1.0,183.0,0.75
"BANJARA HILLS","BANJARA HILLS",AMEERPET,"SRI KRISHNA NAGAR","STREET LIGHTS","COTTAGE INDUSTRIES AND DHOBIGHATS",4,1,1.0,342.0,5.03
"BANJARA HILLS","BANJARA HILLS",AMEERPET,YOUSUFGUDA,SANTOSHGIRI,"COTTAGE INDUSTRIES AND DHOBIGHATS",4,1,1.0,148.0,0.75
"BANJARA HILLS","BANJARA HILLS","BANJARA HILLS","BANJARA HILLS","NAIDU BASTHI","COTTAGE INDUSTRIES AND DHOBIGHATS",4,1,1.0,48.0,3.75
"BANJARA HILLS","BANJARA HILLS","BANJARA HILLS","BANJARA HILLS","RD.5&6 D.K.BASTI &APARTMENTS","COTTAGE INDUSTRIES AND DHOBIGHATS",4,1,1.0,526.0,3.75
CYBERCITY,IBRAHIMBAGH,MOKILA,MOINABAD,SURANGAL,"COTTAGE INDUSTRIES AND DHOBIGHATS",4,1,,0.0,3.75
CYBERCITY,IBRAHIMBAGH,MOKILA,MOKILA,JANWADA,"COTTAGE INDUSTRIES AND DHOBIGHATS",4,4,1.0,8.0,16.28
CYBERCITY,IBRAHIMBAGH,MOKILA,MOKILA,KHANAPUR,"COTTAGE INDUSTRIES AND DHOBIGHATS",4,1,,0.0,3.75
CYBERCITY,IBRAHIMBAGH,CHEVELLA,CHEVELLA,MUDMIYAL,"COTTAGE INDUSTRIES AND DHOBIGHATS",4,1,1.0,114.0,3.75
CYBERCITY,IBRAHIMBAGH,CHEVELLA,SHABAD,MADDUR,"COTTAGE INDUSTRIES AND DHOBIGHATS",4,1,1.0,19809.0,7.28
CYBERCITY,IBRAHIMBAGH,CHEVELLA,SHABAD,"REPORTERS COLONY","COTTAGE INDUSTRIES AND DHOBIGHATS",4,1,1.0,160.0,10.76
CYBERCITY,IBRAHIMBAGH,CHEVELLA,SHABAD,TALLAPALLY,"COTTAGE INDUSTRIES AND DHOBIGHATS",4,1,,0.0,3.75
CYBERCITY,IBRAHIMBAGH,IBRAHIMBAG,IBRAHIMBAGH,PUPPALGUDA,"COTTAGE INDUSTRIES AND DHOBIGHATS",4,1,,0.0,3.75
CYBERCITY,IBRAHIMBAGH,MOKILA,CHILKUR,CHINNAMANGANGALARAM,"COTTAGE INDUSTRIES AND DHOBIGHATS",4,1,1.0,0.0,3.75
CYBERCITY,IBRAHIMBAGH,MOKILA,CHILKUR,"HIMAYATH NAGAR","COTTAGE INDUSTRIES AND DHOBIGHATS",4,2,,0.0,7.5
GADWAL,GADWAL,"ALAMPUR X ROAD",ALAMPUR,ALAMPUR,"COTTAGE INDUSTRIES AND DHOBIGHATS",4,1,1.0,3.0,3.75
GADWAL,GADWAL,"ALAMPUR X ROAD",ITIKYAL(ERRAVALLY),BEECHUPALLY,"COTTAGE INDUSTRIES AND DHOBIGHATS",4,1,1.0,264.0,5.25
GADWAL,GADWAL,GADWAL,GADWAL(RURAL),PUTANPALLY,"COTTAGE INDUSTRIES AND DHOBIGHATS",4,1,1.0,65.0,3.75
GADWAL,GADWAL,GADWAL,GADWAL(TOWN),"EDAMMA TEMPLE","COTTAGE INDUSTRIES AND DHOBIGHATS",4,1,1.0,87.0,1.5
GADWAL,GADWAL,GADWAL,GADWAL(TOWN),GADWAL,"COTTAGE INDUSTRIES AND DHOBIGHATS",4,4,4.0,998.0,15.0
GADWAL,GADWAL,GADWAL,GADWAL(TOWN),"ZAM CHED","COTTAGE INDUSTRIES AND DHOBIGHATS",4,1,,0.0,2.25
GADWAL,GADWAL,IEEZA,GATTU,"INDUE VASI","COTTAGE INDUSTRIES AND DHOBIGHATS",4,1,1.0,0.0,0.75
GADWAL,GADWAL,IEEZA,IEEZA,IEEZA,"COTTAGE INDUSTRIES AND DHOBIGHATS",4,1,,0.0,0.75
GADWAL,GADWAL,"ALAMPUR X ROAD",UNDAVELLY,PRAGATOOR,"COTTAGE INDUSTRIES AND DHOBIGHATS",4,7,4.0,301.0,22.5
GADWAL,GADWAL,IEEZA,RAJOLI,RAJOLY,"COTTAGE INDUSTRIES AND DHOBIGHATS",4,1,1.0,151.0,3.0
GADWAL,GADWAL,GADWAL,GADWAL(RURAL),ANANTHAPUR,"COTTAGE INDUSTRIES AND DHOBIGHATS",4,3,3.0,92.0,17.25
HABSIGUDA,SAINIKPURI,MALKAJGIRI,"VINAYAK NAGAR",,"COTTAGE INDUSTRIES AND DHOBIGHATS",4,1,,0.0,2.25
HABSIGUDA,HABSIGUDA,UPPAL,BODUPPAL,"TELEPHONE COLONY-3","COTTAGE INDUSTRIES AND DHOBIGHATS",4,1,1.0,6.0,3.75
HABSIGUDA,SAINIKPURI,CHERLAPALLY,CHERLAPALLY-I,PHASE-IV(4),"COTTAGE INDUSTRIES AND DHOBIGHATS",4,1,1.0,76.0,0.75
HABSIGUDA,HABSIGUDA,HABSIGUDA,NACHARAM,"BC WASHER MAN & HCS","COTTAGE INDUSTRIES AND DHOBIGHATS",4,1,1.0,207.0,2.25
HABSIGUDA,SAINIKPURI,"A S RAO NAGAR","A S RAO NAGAR","MOULA - ALI (HV)","COTTAGE INDUSTRIES AND DHOBIGHATS",4,1,1.0,129.0,0.75
HABSIGUDA,SAINIKPURI,"A S RAO NAGAR",MOULAALI,HV-I,"COTTAGE INDUSTRIES AND DHOBIGHATS",4,1,1.0,76.0,3.75
HABSIGUDA,SAINIKPURI,"A S RAO NAGAR",MOULAALI,MOULAALI,"COTTAGE INDUSTRIES AND DHOBIGHATS",4,1,,0.0,2.25
HABSIGUDA,KEESARA,KEESARA,KEESARA,"HV -NON CT METERS-1 RAMPALLY","COTTAGE INDUSTRIES AND DHOBIGHATS",4,2,1.0,0.0,7.5
HABSIGUDA,KEESARA,GHATKESAR,NARAPALLY,"MAKTHA YELLAMMA TEMPLE","COTTAGE INDUSTRIES AND DHOBIGHATS",4,1,1.0,36.0,0.75
HABSIGUDA,KEESARA,GHATKESAR,NARAPALLY,NARAPALLY,"COTTAGE INDUSTRIES AND DHOBIGHATS",4,3,,0.0,5.25
HABSIGUDA,KEESARA,KEESARA,KEESARA,"KG LONG SERVICE","COTTAGE INDUSTRIES AND DHOBIGHATS",4,2,2.0,109.0,4.77
HABSIGUDA,KEESARA,GHATKESAR,PEERJADIGUDA,"HV PEERZADIGUDA","COTTAGE INDUSTRIES AND DHOBIGHATS",4,1,,0.0,2.25
HABSIGUDA,KEESARA,GHATKESAR,PEERJADIGUDA,"PARVATHAPUR CHURCH","COTTAGE INDUSTRIES AND DHOBIGHATS",4,1,1.0,25.0,3.75
HABSIGUDA,KEESARA,KEESARA,NAGARAM,NAGARAM,"COTTAGE INDUSTRIES AND DHOBIGHATS",4,1,1.0,136.0,3.75
HABSIGUDA,KEESARA,KEESARA,"BALAJI NAGAR","BALAJINAGAR HV","COTTAGE INDUSTRIES AND DHOBIGHATS",4,2,1.0,737.0,6.0
HABSIGUDA,KEESARA,GHATKESAR,GHATKESAR,GHANAPUR,"COTTAGE INDUSTRIES AND DHOBIGHATS",4,1,1.0,0.0,7.76
HABSIGUDA,KEESARA,GHATKESAR,GHATKESAR,GHATKESAR,"COTTAGE INDUSTRIES AND DHOBIGHATS",4,2,1.0,132.0,6.0
HABSIGUDA,KEESARA,KEESARA,"BALAJI NAGAR","MALKARAM HV NAGARAJU","COTTAGE INDUSTRIES AND DHOBIGHATS",4,1,1.0,1064.0,3.75
HABSIGUDA,KEESARA,KEESARA,"BALAJI NAGAR","SANTHOSH NAGAR GROUND","COTTAGE INDUSTRIES AND DHOBIGHATS",4,1,1.0,73.0,5.03
HABSIGUDA,KEESARA,GHATKESAR,GHATKESAR,KONDAPUR,"COTTAGE INDUSTRIES AND DHOBIGHATS",4,2,2.0,163.0,6.03
HABSIGUDA,KEESARA,KEESARA,DAMMAIGUDA,BJRNAGAR-05(MKNAGAR),"COTTAGE INDUSTRIES AND DHOBIGHATS",4,1,1.0,130.0,5.03
HABSIGUDA,KEESARA,KEESARA,DAMMAIGUDA,"KNR COLONY","COTTAGE INDUSTRIES AND DHOBIGHATS",4,1,1.0,95.0,3.75
HABSIGUDA,KEESARA,KEESARA,KEESARA,"CT METERS","COTTAGE INDUSTRIES AND DHOBIGHATS",4,1,1.0,0.0,7.5
"HYDERABAD CENTRAL",AZAMABAD,AMBERPET,GOLNAKA,"GRC HV GOLNAKA","COTTAGE INDUSTRIES AND DHOBIGHATS",4,1,1.0,82.0,3.75
"HYDERABAD CENTRAL",AZAMABAD,AMBERPET,AMBERPET,"GRC HV AMBERPET","COTTAGE INDUSTRIES AND DHOBIGHATS",4,1,1.0,204.0,1.5
"HYDERABAD CENTRAL",MEHDIPATNAM,GOLCONDA,SHAIKPET,"GRC HV SAHIKPET","COTTAGE INDUSTRIES AND DHOBIGHATS",4,1,1.0,138.0,5.25
"HYDERABAD CENTRAL",SAIFABAD,"INDIRA PARK","ASHOK NAGAR","GRC HV SECTION53","COTTAGE INDUSTRIES AND DHOBIGHATS",4,1,1.0,137.0,3.75
"HYDERABAD CENTRAL",SAIFABAD,"INDIRA PARK",KAVADIGUDA,"GRC HV SECTION51","COTTAGE INDUSTRIES AND DHOBIGHATS",4,5,5.0,1929.0,18.0
"HYDERABAD CENTRAL",SAIFABAD,"INDIRA PARK",KAVADIGUDA,"INDIRA PARK AREA","COTTAGE INDUSTRIES AND DHOBIGHATS",4,1,1.0,325.0,2.25
"HYDERABAD SOUTH",CHARMINAR,"MIR ALAM",ATTAPUR,"MAIN ROAD HIGH WAY","COTTAGE INDUSTRIES AND DHOBIGHATS",4,1,1.0,57.0,0.75
"HYDERABAD SOUTH",CHARMINAR,CHARMINAR,"HUSSAINI ALAM",GRC,"COTTAGE INDUSTRIES AND DHOBIGHATS",4,1,1.0,266.0,15.75
"HYDERABAD SOUTH",CHARMINAR,"MIR ALAM",KISHANBAGH,84GRC,"COTTAGE INDUSTRIES AND DHOBIGHATS",4,1,1.0,307.0,3.75
"HYDERABAD SOUTH",CHARMINAR,FALAKNUMA,"CHANDRAYANA GUTTA",GRC,"COTTAGE INDUSTRIES AND DHOBIGHATS",4,1,,0.0,3.75
"HYDERABAD SOUTH",CHARMINAR,FALAKNUMA,"CHANDRAYANA GUTTA",RAKSHAPURAM,"COTTAGE INDUSTRIES AND DHOBIGHATS",4,1,1.0,120.0,0.75
"HYDERABAD SOUTH",CHARMINAR,CHARMINAR,CHARMINAR,GRC,"COTTAGE INDUSTRIES AND DHOBIGHATS",4,2,2.0,43.0,7.5
"HYDERABAD SOUTH",CHARMINAR,FALAKNUMA,CHATRINAKA,GRC,"COTTAGE INDUSTRIES AND DHOBIGHATS",4,1,,0.0,2.25
"HYDERABAD SOUTH",CHARMINAR,FALAKNUMA,CHATRINAKA,UPPUGUDA,"COTTAGE INDUSTRIES AND DHOBIGHATS",4,1,1.0,15.0,0.75
"HYDERABAD SOUTH",CHARMINAR,FALAKNUMA,FALAKNUMA,GRC,"COTTAGE INDUSTRIES AND DHOBIGHATS",4,1,1.0,625.0,2.25
"HYDERABAD SOUTH","BEGUM BAZAR","SEETHARAM BAGH",KARWAN,"DURGA NAGAR","COTTAGE INDUSTRIES AND DHOBIGHATS",4,1,1.0,248.0,5.03
"HYDERABAD SOUTH","BEGUM BAZAR","SEETHARAM BAGH",KARWAN,"GRCHV KARWAN","COTTAGE INDUSTRIES AND DHOBIGHATS",4,8,7.0,2138.0,48.0
"HYDERABAD SOUTH",ASMANGADH,ASMANGADH,SAIDABAD,"TOTAL HV SERVICES","COTTAGE INDUSTRIES AND DHOBIGHATS",4,1,1.0,421.0,0.75
"HYDERABAD SOUTH",ASMANGADH,ASMANGADH,SALEEMNAGAR,"TOTAL HV SERVICES","COTTAGE INDUSTRIES AND DHOBIGHATS",4,2,2.0,514.0,3.0
"HYDERABAD SOUTH",ASMANGADH,CHANCHALGUDA,CHADERGHAT,"MMH BACKSIDE, CHUNTISHA MASJID","COTTAGE INDUSTRIES AND DHOBIGHATS",4,1,,0.0,0.75
"HYDERABAD SOUTH",ASMANGADH,CHANCHALGUDA,CHANCHALGUDA,"PATTER MOSQUE","COTTAGE INDUSTRIES AND DHOBIGHATS",4,1,,0.0,0.75
"HYDERABAD SOUTH","BEGUM BAZAR","SEETHARAM BAGH","MANGAL HAT","GRC HV MANGALHAT","COTTAGE INDUSTRIES AND DHOBIGHATS",4,8,8.0,1622.0,27.0
"HYDERABAD SOUTH","BEGUM BAZAR","BEGUM BAZAR","BEGUM BAZAR","TOPE KHANA","COTTAGE INDUSTRIES AND DHOBIGHATS",4,1,1.0,10.0,0.75
"HYDERABAD SOUTH","BEGUM BAZAR","SEETHARAM BAGH","MANGAL HAT","WATER WORKS MGHT","COTTAGE INDUSTRIES AND DHOBIGHATS",4,1,1.0,3.0,3.75
"HYDERABAD SOUTH",ASMANGADH,CHANCHALGUDA,MALAKPET,GRC,"COTTAGE INDUSTRIES AND DHOBIGHATS",4,1,1.0,200.0,0.75
"HYDERABAD SOUTH","BEGUM BAZAR","BEGUM BAZAR","CHUDI BAZAR","BHARAT METAL WORKS","COTTAGE INDUSTRIES AND DHOBIGHATS",4,1,1.0,5.0,0.75
"HYDERABAD SOUTH","BEGUM BAZAR","TROOP BAZAR","PUTLI BOWLI","BEHIND TAGGI JAIL (GANESH)","COTTAGE INDUSTRIES AND DHOBIGHATS",4,1,1.0,223.0,1.5
"HYDERABAD SOUTH","BEGUM BAZAR","TROOP BAZAR","PUTLI BOWLI","GRCHV PUTLIBOWLI ( GOV & MAZ)","COTTAGE INDUSTRIES AND DHOBIGHATS",4,1,1.0,204.0,3.75
"HYDERABAD SOUTH","BEGUM BAZAR","BEGUM BAZAR","SEETHARAM PET","EK MINAR MOSQUE","COTTAGE INDUSTRIES AND DHOBIGHATS",4,1,1.0,82.0,0.75
"HYDERABAD SOUTH","BEGUM BAZAR","BEGUM BAZAR","SEETHARAM PET","HINDI NAGAR","COTTAGE INDUSTRIES AND DHOBIGHATS",4,1,1.0,1.0,0.75
"HYDERABAD SOUTH","BEGUM BAZAR","SEETHARAM BAGH","DATTATREYA COLONY","WATER WORKS","COTTAGE INDUSTRIES AND DHOBIGHATS",4,1,1.0,0.0,3.75
MAHABOOBNAGAR,MAHABOOBNAGAR,MBNR-RURAL,KOILKONDA,ANKILLA,"COTTAGE INDUSTRIES AND DHOBIGHATS",4,3,3.0,186.0,4.26
MAHABOOBNAGAR,MAHABOOBNAGAR,MBNR-RURAL,KOILKONDA,"BURUGU PALLY","COTTAGE INDUSTRIES AND DHOBIGHATS",4,1,1.0,5.0,1.5
MAHABOOBNAGAR,MAHABOOBNAGAR,MBNR-RURAL,KOILKONDA,DAMAIPALLY,"COTTAGE INDUSTRIES AND DHOBIGHATS",4,1,1.0,95.0,1.5
MAHABOOBNAGAR,MAHABOOBNAGAR,MBNR-RURAL,KOILKONDA,GARLAPAD,"COTTAGE INDUSTRIES AND DHOBIGHATS",4,5,5.0,179.0,9.27
MAHABOOBNAGAR,MAHABOOBNAGAR,MBNR-RURAL,KOILKONDA,"IBRAHIM NAGAR","COTTAGE INDUSTRIES AND DHOBIGHATS",4,1,1.0,94.0,0.5
MAHABOOBNAGAR,MAHABOOBNAGAR,MBNR-RURAL,KOILKONDA,KOILKONDA,"COTTAGE INDUSTRIES AND DHOBIGHATS",4,8,8.0,239.0,11.8
MAHABOOBNAGAR,MAHABOOBNAGAR,MBNR-RURAL,KOILKONDA,MALKAPUR,"COTTAGE INDUSTRIES AND DHOBIGHATS",4,6,6.0,638.0,9.26
MAHABOOBNAGAR,MAHABOOBNAGAR,MBNR-RURAL,KOILKONDA,MODIPUR,"COTTAGE INDUSTRIES AND DHOBIGHATS",4,1,1.0,0.0,1.5
MAHABOOBNAGAR,MAHABOOBNAGAR,MBNR-RURAL,KOILKONDA,NALLAVALLY,"COTTAGE INDUSTRIES AND DHOBIGHATS",4,1,1.0,44.0,1.5
MAHABOOBNAGAR,MAHABOOBNAGAR,MBNR-RURAL,KOILKONDA,PARPALLY,"COTTAGE INDUSTRIES AND DHOBIGHATS",4,6,6.0,1298.0,12.53
MAHABOOBNAGAR,MAHABOOBNAGAR,MBNR-RURAL,KOILKONDA,RAMPUR,"COTTAGE INDUSTRIES AND DHOBIGHATS",4,2,2.0,118.0,3.51
MAHABOOBNAGAR,MAHABOOBNAGAR,MBNR-RURAL,KOILKONDA,SERIVENKATAPUR,"COTTAGE INDUSTRIES AND DHOBIGHATS",4,2,2.0,2.0,3.0
MAHABOOBNAGAR,MAHABOOBNAGAR,MBNR-RURAL,KOILKONDA,SURARAM,"COTTAGE INDUSTRIES AND DHOBIGHATS",4,1,1.0,29.0,2.01
MAHABOOBNAGAR,MAHABOOBNAGAR,MBNR-RURAL,KOILKONDA,THIRUMALAMPALLY,"COTTAGE INDUSTRIES AND DHOBIGHATS",4,2,2.0,303.0,3.26
MAHABOOBNAGAR,MAHABOOBNAGAR,MBNR-RURAL,KOILKONDA,"VEERAM PALLY","COTTAGE INDUSTRIES AND DHOBIGHATS",4,2,2.0,24.0,4.5
MAHABOOBNAGAR,MAHABOOBNAGAR,MBNR-RURAL,KOILKONDA,VINJAMUR,"COTTAGE INDUSTRIES AND DHOBIGHATS",4,1,1.0,17.0,1.5
MAHABOOBNAGAR,MAHABOOBNAGAR,MBNR-RURAL,KOILKONDA,"YELLAREDDY PALLY","COTTAGE INDUSTRIES AND DHOBIGHATS",4,1,1.0,81.0,1.5
MAHABOOBNAGAR,MAHABOOBNAGAR,MBNR-RURAL,MOHAMMADABAD,MOHAMMADABAD,"COTTAGE INDUSTRIES AND DHOBIGHATS",4,5,5.0,197.0,10.01
MAHABOOBNAGAR,MAHABOOBNAGAR,MBNR-RURAL,MOHAMMADABAD,NANCHERLA,"COTTAGE INDUSTRIES AND DHOBIGHATS",4,1,1.0,19.0,2.25
MAHABOOBNAGAR,MAHABOOBNAGAR,MBNR-TOWN,"TOWN -I","BALAJI NAGAR -SA","COTTAGE INDUSTRIES AND DHOBIGHATS",4,1,1.0,358.0,1.01
MAHABOOBNAGAR,MAHABOOBNAGAR,MBNR-TOWN,"TOWN -I","GANDHI NAGAR (GN-123)-VA","COTTAGE INDUSTRIES AND DHOBIGHATS",4,1,1.0,163.0,1.5
MAHABOOBNAGAR,MAHABOOBNAGAR,MBNR-TOWN,"TOWN -I","MADHURANAGAR -YA","COTTAGE INDUSTRIES AND DHOBIGHATS",4,1,1.0,1.0,1.01
MAHABOOBNAGAR,MAHABOOBNAGAR,MBNR-RURAL,"C AND O",ALLIPUR,"COTTAGE INDUSTRIES AND DHOBIGHATS",4,1,1.0,3.0,3.75
MAHABOOBNAGAR,MAHABOOBNAGAR,MBNR-RURAL,"C AND O",APPAIPALLY,"COTTAGE INDUSTRIES AND DHOBIGHATS",4,5,5.0,354.0,3.07
MAHABOOBNAGAR,MAHABOOBNAGAR,MBNR-RURAL,"C AND O",BANDAMEEDIPALLY,"COTTAGE INDUSTRIES AND DHOBIGHATS",4,1,1.0,0.0,0.75
MAHABOOBNAGAR,MAHABOOBNAGAR,MBNR-RURAL,"C AND O",BOYAPALLY,"COTTAGE INDUSTRIES AND DHOBIGHATS",4,1,1.0,9.0,0.75
MAHABOOBNAGAR,MAHABOOBNAGAR,MBNR-RURAL,"C AND O",CHRISTAIANPALLY,"COTTAGE INDUSTRIES AND DHOBIGHATS",4,3,3.0,372.0,6.75
MAHABOOBNAGAR,MAHABOOBNAGAR,MBNR-TOWN,"TOWN -I","TOWN - I -BA","COTTAGE INDUSTRIES AND DHOBIGHATS",4,1,1.0,315.0,2.25
MAHABOOBNAGAR,MAHABOOBNAGAR,MBNR-RURAL,"C AND O",DHARMAPUR,"COTTAGE INDUSTRIES AND DHOBIGHATS",4,3,3.0,149.0,4.26
MAHABOOBNAGAR,MAHABOOBNAGAR,MBNR-RURAL,"C AND O",DODLONIPALLY,"COTTAGE INDUSTRIES AND DHOBIGHATS",4,2,2.0,157.0,3.75
MAHABOOBNAGAR,MAHABOOBNAGAR,MBNR-RURAL,"C AND O",ERRAVALLY,"COTTAGE INDUSTRIES AND DHOBIGHATS",4,1,,0.0,0.18
MAHABOOBNAGAR,MAHABOOBNAGAR,MBNR-RURAL,"C AND O",FATHEPUR,"COTTAGE INDUSTRIES AND DHOBIGHATS",4,1,1.0,24.0,2.25
MAHABOOBNAGAR,MAHABOOBNAGAR,MBNR-RURAL,"C AND O",GAJULAPET,"COTTAGE INDUSTRIES AND DHOBIGHATS",4,1,1.0,37.0,1.5
MAHABOOBNAGAR,MAHABOOBNAGAR,MBNR-RURAL,"C AND O",KODURU,"COTTAGE INDUSTRIES AND DHOBIGHATS",4,1,,0.0,5.25
MAHABOOBNAGAR,MAHABOOBNAGAR,MBNR-TOWN,"TOWN -II","MOTHI NAGAR (MN-II) -RA","COTTAGE INDUSTRIES AND DHOBIGHATS",4,1,1.0,101.0,0.75
MAHABOOBNAGAR,MAHABOOBNAGAR,MBNR-TOWN,"TOWN -II","TOWN - II -KA","COTTAGE INDUSTRIES AND DHOBIGHATS",4,5,4.0,440.0,6.29
MAHABOOBNAGAR,MAHABOOBNAGAR,MBNR-TOWN,"TOWN -II","TOWN - II -SU","COTTAGE INDUSTRIES AND DHOBIGHATS",4,2,2.0,97.0,3.75
MAHABOOBNAGAR,MAHABOOBNAGAR,MBNR-RURAL,"C AND O",MACHANPALLY,"COTTAGE INDUSTRIES AND DHOBIGHATS",4,2,2.0,85.0,1.7
MAHABOOBNAGAR,MAHABOOBNAGAR,MBNR-RURAL,"C AND O","MANI KONDA","COTTAGE INDUSTRIES AND DHOBIGHATS",4,4,2.0,184.0,5.01
MAHABOOBNAGAR,MAHABOOBNAGAR,MBNR-RURAL,"C AND O",OBLAIPALLY,"COTTAGE INDUSTRIES AND DHOBIGHATS",4,1,1.0,82.0,3.0
MAHABOOBNAGAR,MAHABOOBNAGAR,MBNR-RURAL,"C AND O",PALAKONDA,"COTTAGE INDUSTRIES AND DHOBIGHATS",4,1,1.0,137.0,1.5
MAHABOOBNAGAR,MAHABOOBNAGAR,MBNR-RURAL,"C AND O",THIMMASANIPALLY,"COTTAGE INDUSTRIES AND DHOBIGHATS",4,2,1.0,9.0,2.46
MAHABOOBNAGAR,MAHABOOBNAGAR,MBNR-TOWN,"TOWN -III","DHANA LAXMI COLONY (TC-V) -KO","COTTAGE INDUSTRIES AND DHOBIGHATS",4,3,3.0,734.0,6.02
MAHABOOBNAGAR,MAHABOOBNAGAR,MBNR-RURAL,"C AND O",YEDIRA,"COTTAGE INDUSTRIES AND DHOBIGHATS",4,1,1.0,19.0,2.25
MAHABOOBNAGAR,MAHABOOBNAGAR,MBNR-RURAL,"C AND O",YENUGONDA,"COTTAGE INDUSTRIES AND DHOBIGHATS",4,9,8.0,658.0,15.66
MAHABOOBNAGAR,MAHABOOBNAGAR,MBNR-RURAL,GANDEED,"BALSUL GONDA","COTTAGE INDUSTRIES AND DHOBIGHATS",4,1,1.0,43.0,0.24
MAHABOOBNAGAR,MAHABOOBNAGAR,MBNR-TOWN,"TOWN -III","INDRUSTRIAL ESTATE (IE-IV)-RA","COTTAGE INDUSTRIES AND DHOBIGHATS",4,1,1.0,102.0,2.25
MAHABOOBNAGAR,MAHABOOBNAGAR,MBNR-TOWN,"TOWN -III","MANASA NURSING HOME -PK","COTTAGE INDUSTRIES AND DHOBIGHATS",4,2,2.0,146.0,3.0
MAHABOOBNAGAR,MAHABOOBNAGAR,MBNR-TOWN,"TOWN -III","NEW PREM NAGAR (NPN-II) -KO","COTTAGE INDUSTRIES AND DHOBIGHATS",4,1,1.0,68.0,1.01
MAHABOOBNAGAR,MAHABOOBNAGAR,MBNR-RURAL,GANDEED,GANDEED,"COTTAGE INDUSTRIES AND DHOBIGHATS",4,1,1.0,93.0,1.01
MAHABOOBNAGAR,MAHABOOBNAGAR,MBNR-RURAL,GANDEED,"JANAM PALLY","COTTAGE INDUSTRIES AND DHOBIGHATS",4,1,1.0,21.0,3.0
MAHABOOBNAGAR,MAHABOOBNAGAR,MBNR-RURAL,GANDEED,KAPILAPUR,"COTTAGE INDUSTRIES AND DHOBIGHATS",4,1,1.0,8.0,1.01
MAHABOOBNAGAR,MAHABOOBNAGAR,MBNR-RURAL,GANDEED,"KOM REDDY PALLY","COTTAGE INDUSTRIES AND DHOBIGHATS",4,1,,0.0,3.0
MAHABOOBNAGAR,MAHABOOBNAGAR,MBNR-TOWN,"TOWN -III","PVN COLONY (PC-I,III) -MO","COTTAGE INDUSTRIES AND DHOBIGHATS",4,1,1.0,11.0,1.5
MAHABOOBNAGAR,MAHABOOBNAGAR,MBNR-TOWN,"TOWN -III","RURALPOLICE STATION(BW-III)-MO","COTTAGE INDUSTRIES AND DHOBIGHATS",4,1,1.0,878.0,2.25
MAHABOOBNAGAR,MAHABOOBNAGAR,MBNR-TOWN,"TOWN -III","SHESHADRI NAGAR (SG-VII)-KO","COTTAGE INDUSTRIES AND DHOBIGHATS",4,2,2.0,305.0,5.25
MAHABOOBNAGAR,MAHABOOBNAGAR,MBNR-RURAL,GANDEED,PAGIDIYAL,"COTTAGE INDUSTRIES AND DHOBIGHATS",4,1,1.0,12.0,1.5
MAHABOOBNAGAR,MAHABOOBNAGAR,MBNR-RURAL,GANDEED,"RANGA REDDY PALLY","COTTAGE INDUSTRIES AND DHOBIGHATS",4,5,5.0,110.0,4.62
MAHABOOBNAGAR,MAHABOOBNAGAR,MBNR-RURAL,GANDEED,"SALKAR PET","COTTAGE INDUSTRIES AND DHOBIGHATS",4,1,1.0,54.0,0.18
MAHABOOBNAGAR,MAHABOOBNAGAR,MBNR-TOWN,"TOWN -III","TOWN - III","COTTAGE INDUSTRIES AND DHOBIGHATS",4,11,11.0,309.0,19.5
MAHABOOBNAGAR,MAHABOOBNAGAR,MBNR-TOWN,"TOWN -III","TOWN - III -BN","COTTAGE INDUSTRIES AND DHOBIGHATS",4,5,5.0,663.0,15.75
MAHABOOBNAGAR,MAHABOOBNAGAR,MBNR-TOWN,"TOWN -III","TOWN - III -NA","COTTAGE INDUSTRIES AND DHOBIGHATS",4,5,5.0,522.0,11.51
MAHABOOBNAGAR,MAHABOOBNAGAR,MBNR-TOWN,"TOWN -III",TOWN-III,"COTTAGE INDUSTRIES AND DHOBIGHATS",4,23,,0.0,48.75
MAHABOOBNAGAR,MAHABOOBNAGAR,MBNR-RURAL,GANDEED,VENNACHED,"COTTAGE INDUSTRIES AND DHOBIGHATS",4,1,1.0,110.0,2.25
MAHABOOBNAGAR,MAHABOOBNAGAR,MBNR-RURAL,HANWADA,HANWADA,"COTTAGE INDUSTRIES AND DHOBIGHATS",4,3,2.0,178.0,8.03
MAHABOOBNAGAR,MAHABOOBNAGAR,MBNR-RURAL,KOILKONDA,ABHANGAPATNAM,"COTTAGE INDUSTRIES AND DHOBIGHATS",4,1,1.0,14.0,1.5
MAHABOOBNAGAR,MAHABOOBNAGAR,MBNR-RURAL,KOILKONDA,ACHARYAPUR,"COTTAGE INDUSTRIES AND DHOBIGHATS",4,1,1.0,12.0,3.0
MAHABOOBNAGAR,JADCHERLA,JADCHERLA,MOOSAPET,MOOSAPET,"COTTAGE INDUSTRIES AND DHOBIGHATS",4,2,2.0,74.0,4.26
MAHABOOBNAGAR,JADCHERLA,JADCHERLA,MOOSAPET,VEMULA,"COTTAGE INDUSTRIES AND DHOBIGHATS",4,1,1.0,6.0,1.5
MAHABOOBNAGAR,JADCHERLA,RAJAPUR,NAWABPET,LINGAMPALLY,"COTTAGE INDUSTRIES AND DHOBIGHATS",4,1,1.0,45.0,0.75
MAHABOOBNAGAR,JADCHERLA,RAJAPUR,NAWABPET,LOKIREV,"COTTAGE INDUSTRIES AND DHOBIGHATS",4,2,2.0,304.0,4.5
MAHABOOBNAGAR,JADCHERLA,RAJAPUR,NAWABPET,NAWABPET,"COTTAGE INDUSTRIES AND DHOBIGHATS",4,6,5.0,94.0,12.75
MAHABOOBNAGAR,JADCHERLA,RAJAPUR,NAWABPET,POMAL,"COTTAGE INDUSTRIES AND DHOBIGHATS",4,3,3.0,86.0,5.51
MAHABOOBNAGAR,JADCHERLA,RAJAPUR,NAWABPET,SIDDOTTAM,"COTTAGE INDUSTRIES AND DHOBIGHATS",4,1,1.0,150.0,1.01
MAHABOOBNAGAR,JADCHERLA,RAJAPUR,NAWABPET,TEEGALAPALLY,"COTTAGE INDUSTRIES AND DHOBIGHATS",4,2,2.0,116.0,2.49
MAHABOOBNAGAR,JADCHERLA,RAJAPUR,NAWABPET,ZANGAMAIPALLY,"COTTAGE INDUSTRIES AND DHOBIGHATS",4,1,1.0,8.0,0.75
MAHABOOBNAGAR,JADCHERLA,RAJAPUR,RAJAPUR,KALLEPALLY,"COTTAGE INDUSTRIES AND DHOBIGHATS",4,1,1.0,0.0,0.75
MAHABOOBNAGAR,JADCHERLA,RAJAPUR,RAJAPUR,KHANAPOOR,"COTTAGE INDUSTRIES AND DHOBIGHATS",4,1,1.0,68.0,1.01
MAHABOOBNAGAR,JADCHERLA,RAJAPUR,RAJAPUR,KUCHERKAL,"COTTAGE INDUSTRIES AND DHOBIGHATS",4,2,2.0,46.0,4.26
MAHABOOBNAGAR,JADCHERLA,JADCHERLA,ADDAKAL,ADDAKAL,"COTTAGE INDUSTRIES AND DHOBIGHATS",4,2,2.0,128.0,2.51
MAHABOOBNAGAR,JADCHERLA,JADCHERLA,ADDAKAL,"K SHAKAPUR","COTTAGE INDUSTRIES AND DHOBIGHATS",4,1,,0.0,0.75
MAHABOOBNAGAR,JADCHERLA,JADCHERLA,ADDAKAL,KANDUR,"COTTAGE INDUSTRIES AND DHOBIGHATS",4,3,3.0,99.0,2.25
MAHABOOBNAGAR,JADCHERLA,JADCHERLA,ADDAKAL,KATARAM,"COTTAGE INDUSTRIES AND DHOBIGHATS",4,1,1.0,8.0,3.0
MAHABOOBNAGAR,JADCHERLA,JADCHERLA,ADDAKAL,PONNAKAL,"COTTAGE INDUSTRIES AND DHOBIGHATS",4,2,1.0,1.0,3.0
MAHABOOBNAGAR,JADCHERLA,JADCHERLA,ADDAKAL,RACHALA,"COTTAGE INDUSTRIES AND DHOBIGHATS",4,1,1.0,75.0,0.75
MAHABOOBNAGAR,JADCHERLA,JADCHERLA,BHOOTHPUR,AMISTAPOOR,"COTTAGE INDUSTRIES AND DHOBIGHATS",4,2,2.0,14.0,6.0
MAHABOOBNAGAR,JADCHERLA,JADCHERLA,BHOOTHPUR,BHOOTHPUR,"COTTAGE INDUSTRIES AND DHOBIGHATS",4,2,2.0,797.0,3.99
MAHABOOBNAGAR,JADCHERLA,JADCHERLA,BHOOTHPUR,KARVENA,"COTTAGE INDUSTRIES AND DHOBIGHATS",4,2,2.0,142.0,3.0
MAHABOOBNAGAR,JADCHERLA,JADCHERLA,BHOOTHPUR,"KOTHA MOLGARA","COTTAGE INDUSTRIES AND DHOBIGHATS",4,7,6.0,662.0,15.75
MAHABOOBNAGAR,JADCHERLA,JADCHERLA,BHOOTHPUR,SERIPALLY-HANSAPOOR,"COTTAGE INDUSTRIES AND DHOBIGHATS",4,1,1.0,40.0,1.5
MAHABOOBNAGAR,JADCHERLA,JADCHERLA,BHOOTHPUR,TATIKONDA,"COTTAGE INDUSTRIES AND DHOBIGHATS",4,1,,0.0,1.5
MAHABOOBNAGAR,JADCHERLA,JADCHERLA,JADCHERLA,BADEPALLY,"COTTAGE INDUSTRIES AND DHOBIGHATS",4,1,1.0,100.0,5.03
MAHABOOBNAGAR,JADCHERLA,JADCHERLA,JADCHERLA,BURUGUPALLY,"COTTAGE INDUSTRIES AND DHOBIGHATS",4,1,1.0,34.0,3.0
MAHABOOBNAGAR,JADCHERLA,JADCHERLA,JADCHERLA,KISTAMPALLY,"COTTAGE INDUSTRIES AND DHOBIGHATS",4,1,,0.0,2.25
MAHABOOBNAGAR,JADCHERLA,JADCHERLA,JADCHERLA,KODGAL,"COTTAGE INDUSTRIES AND DHOBIGHATS",4,1,1.0,7.0,1.5
MAHABOOBNAGAR,JADCHERLA,JADCHERLA,JADCHERLA,NASURULLABAD,"COTTAGE INDUSTRIES AND DHOBIGHATS",4,1,1.0,702.0,15.75
MAHABOOBNAGAR,JADCHERLA,JADCHERLA,JADCHERLA,NEKKONDA,"COTTAGE INDUSTRIES AND DHOBIGHATS",4,1,1.0,0.0,2.25
MAHABOOBNAGAR,JADCHERLA,JADCHERLA,JADCHERLA,"SIGNAL GADDA","COTTAGE INDUSTRIES AND DHOBIGHATS",4,2,2.0,273.0,6.0
MAHABOOBNAGAR,JADCHERLA,JADCHERLA,"JADCHERLA RURAL","BUREDDY PALLY","COTTAGE INDUSTRIES AND DHOBIGHATS",4,1,1.0,49.0,3.75
MAHABOOBNAGAR,JADCHERLA,JADCHERLA,"JADCHERLA RURAL",EARLAPALLY-J,"COTTAGE INDUSTRIES AND DHOBIGHATS",4,1,,0.0,2.25
MAHABOOBNAGAR,JADCHERLA,JADCHERLA,"JADCHERLA RURAL",GOLLAPALLY,"COTTAGE INDUSTRIES AND DHOBIGHATS",4,2,2.0,51.0,3.75
MAHABOOBNAGAR,JADCHERLA,RAJAPUR,BALANAGAR,GOUTHAPOOR,"COTTAGE INDUSTRIES AND DHOBIGHATS",4,1,1.0,12.0,2.01
MAHABOOBNAGAR,JADCHERLA,RAJAPUR,BALANAGAR,BALANAGAR,"COTTAGE INDUSTRIES AND DHOBIGHATS",4,5,5.0,220.0,15.08
MAHABOOBNAGAR,JADCHERLA,JADCHERLA,MIDZIL,BOINAPALLY,"COTTAGE INDUSTRIES AND DHOBIGHATS",4,2,2.0,170.0,4.5
MAHABOOBNAGAR,JADCHERLA,RAJAPUR,BALANAGAR,THIRUMALGIRI,"COTTAGE INDUSTRIES AND DHOBIGHATS",4,1,1.0,21.0,0.2
MAHABOOBNAGAR,JADCHERLA,JADCHERLA,MIDZIL,RANIPET,"COTTAGE INDUSTRIES AND DHOBIGHATS",4,1,1.0,218.0,3.75
MAHABOOBNAGAR,JADCHERLA,RAJAPUR,NAWABPET,"DAYAPANTULA PALLY","COTTAGE INDUSTRIES AND DHOBIGHATS",4,3,3.0,38.0,1.97
MAHABOOBNAGAR,JADCHERLA,RAJAPUR,NAWABPET,GURUKUNTA,"COTTAGE INDUSTRIES AND DHOBIGHATS",4,2,2.0,280.0,4.5
MAHABOOBNAGAR,JADCHERLA,RAJAPUR,NAWABPET,IPPATOOR,"COTTAGE INDUSTRIES AND DHOBIGHATS",4,1,1.0,31.0,0.75
MAHABOOBNAGAR,JADCHERLA,JADCHERLA,MIDZIL,VEMULA,"COTTAGE INDUSTRIES AND DHOBIGHATS",4,1,1.0,211.0,2.25
MAHABOOBNAGAR,JADCHERLA,JADCHERLA,MOOSAPET,JANAMPET,"COTTAGE INDUSTRIES AND DHOBIGHATS",4,1,1.0,40.0,2.01
MAHABOOBNAGAR,JADCHERLA,JADCHERLA,MOOSAPET,KOMMIREDDYPALLY,"COTTAGE INDUSTRIES AND DHOBIGHATS",4,1,1.0,54.0,2.25
MAHABOOBNAGAR,JADCHERLA,RAJAPUR,NAWABPET,"KAKARLAPAD GATE","COTTAGE INDUSTRIES AND DHOBIGHATS",4,1,1.0,18.0,2.01
MAHABOOBNAGAR,JADCHERLA,RAJAPUR,NAWABPET,KARKONDA,"COTTAGE INDUSTRIES AND DHOBIGHATS",4,3,3.0,36.0,5.25
MAHABOOBNAGAR,JADCHERLA,RAJAPUR,NAWABPET,KOLLUR,"COTTAGE INDUSTRIES AND DHOBIGHATS",4,2,2.0,72.0,2.25
MAHABOOBNAGAR,JADCHERLA,RAJAPUR,NAWABPET,KUCHUR,"COTTAGE INDUSTRIES AND DHOBIGHATS",4,1,1.0,92.0,1.5
MAHABOOBNAGAR,MAHABOOBNAGAR,DEVARAKADRA,KOUKUNTLA,DASARPALLY,"COTTAGE INDUSTRIES AND DHOBIGHATS",4,1,1.0,12.0,0.75
MAHABOOBNAGAR,MAHABOOBNAGAR,DEVARAKADRA,C.C.KUNTA,"FAREED POOR","COTTAGE INDUSTRIES AND DHOBIGHATS",4,1,1.0,7.0,2.25
MAHABOOBNAGAR,MAHABOOBNAGAR,DEVARAKADRA,C.C.KUNTA,UNDYAL,"COTTAGE INDUSTRIES AND DHOBIGHATS",4,1,1.0,94.0,2.25
MAHABOOBNAGAR,MAHABOOBNAGAR,DEVARAKADRA,DEVARKADRA,BOLLARAM,"COTTAGE INDUSTRIES AND DHOBIGHATS",4,1,1.0,42.0,1.5
MAHABOOBNAGAR,MAHABOOBNAGAR,DEVARAKADRA,DEVARKADRA,DEVARKADRA,"COTTAGE INDUSTRIES AND DHOBIGHATS",4,7,7.0,499.0,16.6
MAHABOOBNAGAR,MAHABOOBNAGAR,DEVARAKADRA,DEVARKADRA,DOKOOR,"COTTAGE INDUSTRIES AND DHOBIGHATS",4,1,1.0,79.0,2.25
MAHABOOBNAGAR,MAHABOOBNAGAR,DEVARAKADRA,DEVARKADRA,JEENGARALA,"COTTAGE INDUSTRIES AND DHOBIGHATS",4,1,1.0,22.0,1.01
MAHABOOBNAGAR,MAHABOOBNAGAR,DEVARAKADRA,DEVARKADRA,MINIGONIPALLY,"COTTAGE INDUSTRIES AND DHOBIGHATS",4,1,1.0,389.0,1.01
MEDAK,TOOPRAN,TOOPRAN,SHIVAMPET,SIVAMPET,"COTTAGE INDUSTRIES AND DHOBIGHATS",4,2,2.0,58.0,4.04
MEDAK,TOOPRAN,TOOPRAN,TOOPRAN,TOOPRAN,"COTTAGE INDUSTRIES AND DHOBIGHATS",4,2,,0.0,7.5
MEDAK,TOOPRAN,TOOPRAN,YELDURTHY,YELDHURTHY,"COTTAGE INDUSTRIES AND DHOBIGHATS",4,3,2.0,153.0,5.76
MEDAK,TOOPRAN,RAMAYAMPET,NARSINGHI,NARSINGI,"COTTAGE INDUSTRIES AND DHOBIGHATS",4,1,1.0,117.0,3.75
MEDAK,TOOPRAN,RAMAYAMPET,NARSINGHI,"NARSINGI TOWN","COTTAGE INDUSTRIES AND DHOBIGHATS",4,1,1.0,6.0,5.03
MEDAK,TOOPRAN,RAMAYAMPET,NIZAMPET,CHELMADA,"COTTAGE INDUSTRIES AND DHOBIGHATS",4,2,2.0,21.0,7.5
MEDAK,TOOPRAN,RAMAYAMPET,RAMAYAMPET,RAMAYAMPET,"COTTAGE INDUSTRIES AND DHOBIGHATS",4,2,,0.0,7.5
MEDAK,MEDAK,NARSAPOOR,NARASAPOOR,KHAZIPET,"COTTAGE INDUSTRIES AND DHOBIGHATS",4,1,1.0,1.0,1.5
MEDAK,MEDAK,NARSAPOOR,NARASAPOOR,"NARSAPUR TOWN-4 BANK BAZAR","COTTAGE INDUSTRIES AND DHOBIGHATS",4,1,1.0,0.0,2.25
MEDAK,MEDAK,PAPANNAPET,"PEDDA SHANKERAMPET","SHANKARAMPET TOWN-2","COTTAGE INDUSTRIES AND DHOBIGHATS",4,1,1.0,235.0,2.01
MEDAK,MEDAK,PAPANNAPET,"PEDDA SHANKERAMPET","SHANKARAMPET TOWN-3","COTTAGE INDUSTRIES AND DHOBIGHATS",4,2,,0.0,7.5
MEDCHAL,KUKATPALLY,KUKATPALLY,"ALLWYN COLONY","P J R COLONY","COTTAGE INDUSTRIES AND DHOBIGHATS",4,1,1.0,73.0,5.03
MEDCHAL,KUKATPALLY,KUKATPALLY,"ALLWYN COLONY","V. NAGAR","COTTAGE INDUSTRIES AND DHOBIGHATS",4,1,,0.0,3.75
MEDCHAL,JEEDIMETLA,JEEDIMETLA,JEEDIMETLA(IDA),"I D A","COTTAGE INDUSTRIES AND DHOBIGHATS",4,1,1.0,0.0,3.75
MEDCHAL,MEDCHAL,MEDCHAL,GUNDLAPOCHAMPALLY,"HIGH VALUE","COTTAGE INDUSTRIES AND DHOBIGHATS",4,3,,0.0,5.25
MEDCHAL,MEDCHAL,MEDCHAL,GUNDLAPOCHAMPALLY,KANDLAKOYA,"COTTAGE INDUSTRIES AND DHOBIGHATS",4,2,,0.0,4.5
MEDCHAL,KUKATPALLY,KUKATPALLY,"BHAGYA NAGAR","YELLAMMA BANDA","COTTAGE INDUSTRIES AND DHOBIGHATS",4,1,,0.0,0.46
MEDCHAL,KUKATPALLY,KUKATPALLY,KUKATPALLY,"NON CT (KKP)","COTTAGE INDUSTRIES AND DHOBIGHATS",4,1,1.0,122.0,0.75
MEDCHAL,MEDCHAL,QUTBULLAPUR,KOMPALLY,DOOLAPALLY,"COTTAGE INDUSTRIES AND DHOBIGHATS",4,2,2.0,1798.0,4.5
MEDCHAL,MEDCHAL,MEDCHAL,"MEDCHAL RURAL","BANDA MADHARAM AGL","COTTAGE INDUSTRIES AND DHOBIGHATS",4,1,,0.0,1.5
MEDCHAL,MEDCHAL,MEDCHAL,"MEDCHAL RURAL","BANDAMADARAM HV","COTTAGE INDUSTRIES AND DHOBIGHATS",4,41,1.0,0.0,116.25
MEDCHAL,MEDCHAL,MEDCHAL,"MEDCHAL RURAL","BASARGADI HV","COTTAGE INDUSTRIES AND DHOBIGHATS",4,1,,0.0,3.75
MEDCHAL,MEDCHAL,MEDCHAL,"MEDCHAL RURAL","DABEERPUR HV","COTTAGE INDUSTRIES AND DHOBIGHATS",4,1,,0.0,2.25
MEDCHAL,MEDCHAL,MEDCHAL,"MEDCHAL RURAL","GIRMAPOOR HV","COTTAGE INDUSTRIES AND DHOBIGHATS",4,1,,0.0,2.25
MEDCHAL,MEDCHAL,MEDCHAL,"MEDCHAL RURAL","GOWDAVALLI HV","COTTAGE INDUSTRIES AND DHOBIGHATS",4,12,7.0,3076.0,33.0
MEDCHAL,MEDCHAL,MEDCHAL,"MEDCHAL RURAL","RAILAPUR HV","COTTAGE INDUSTRIES AND DHOBIGHATS",4,13,1.0,0.0,32.25
MEDCHAL,MEDCHAL,MEDCHAL,"MEDCHAL RURAL","RAVALKOLE HV","COTTAGE INDUSTRIES AND DHOBIGHATS",4,4,1.0,22.0,10.5
MEDCHAL,MEDCHAL,MEDCHAL,"MEDCHAL RURAL","SREERANGAVARAM HV","COTTAGE INDUSTRIES AND DHOBIGHATS",4,16,2.0,848.0,42.0
MEDCHAL,MEDCHAL,MEDCHAL,"MEDCHAL TOWN","AKBARJ PET","COTTAGE INDUSTRIES AND DHOBIGHATS",4,1,,0.0,2.25
MEDCHAL,MEDCHAL,MEDCHAL,"MEDCHAL TOWN","HIGH VALUE","COTTAGE INDUSTRIES AND DHOBIGHATS",4,1,,0.0,3.75
MEDCHAL,MEDCHAL,MEDCHAL,"MEDCHAL TOWN","HIGH VALUE 0210","COTTAGE INDUSTRIES AND DHOBIGHATS",4,1,,0.0,2.25
MEDCHAL,MEDCHAL,MEDCHAL,"MEDCHAL TOWN","HIGH VALUE 0219","COTTAGE INDUSTRIES AND DHOBIGHATS",4,1,,0.0,2.25
MEDCHAL,MEDCHAL,MEDCHAL,"MEDCHAL TOWN","HIGH VALUE 0226","COTTAGE INDUSTRIES AND DHOBIGHATS",4,2,,0.0,6.0
MEDCHAL,JEEDIMETLA,"SHAPUR NAGAR","D P PALLY","D.P.PALLY HV(GRP M)","COTTAGE INDUSTRIES AND DHOBIGHATS",4,3,,0.0,8.25
MEDCHAL,JEEDIMETLA,"SHAPUR NAGAR","D P PALLY","DUNDIGAL HV(GRP M)","COTTAGE INDUSTRIES AND DHOBIGHATS",4,15,,0.0,43.5
MEDCHAL,MEDCHAL,MEDCHAL,"MEDCHAL TOWN","HIGH VALUE 0229","COTTAGE INDUSTRIES AND DHOBIGHATS",4,1,,0.0,3.75
MEDCHAL,MEDCHAL,MEDCHAL,"MEDCHAL TOWN","HIGH VALUE 0461","COTTAGE INDUSTRIES AND DHOBIGHATS",4,3,,0.0,6.75
MEDCHAL,JEEDIMETLA,"SHAPUR NAGAR","D P PALLY","GAGILAPUR HV(GRP M)","COTTAGE INDUSTRIES AND DHOBIGHATS",4,1,,0.0,3.75
MEDCHAL,MEDCHAL,SHAMEERPET,ALIABAD,ALIABAD,"COTTAGE INDUSTRIES AND DHOBIGHATS",4,35,6.0,3054.0,123.0
MEDCHAL,MEDCHAL,SHAMEERPET,ALIABAD,JAGANGUDA,"COTTAGE INDUSTRIES AND DHOBIGHATS",4,2,,0.0,6.0
MEDCHAL,MEDCHAL,SHAMEERPET,ALIABAD,KESHAWARAM,"COTTAGE INDUSTRIES AND DHOBIGHATS",4,4,,0.0,12.0
MEDCHAL,MEDCHAL,SHAMEERPET,ALIABAD,"LGM PET","COTTAGE INDUSTRIES AND DHOBIGHATS",4,1,1.0,433.0,2.25
MEDCHAL,MEDCHAL,SHAMEERPET,ALIABAD,MAJEEDPUR,"COTTAGE INDUSTRIES AND DHOBIGHATS",4,2,2.0,1421.0,10.5
MEDCHAL,MEDCHAL,SHAMEERPET,SHAMEERPET,BOMARASPET,"COTTAGE INDUSTRIES AND DHOBIGHATS",4,1,,0.0,3.75
MEDCHAL,MEDCHAL,SHAMEERPET,SHAMEERPET,PONNAL,"COTTAGE INDUSTRIES AND DHOBIGHATS",4,2,,0.0,7.5
MEDCHAL,MEDCHAL,SHAMEERPET,SHAMEERPET,"POTHAIPALLY S.L.","COTTAGE INDUSTRIES AND DHOBIGHATS",4,1,,0.0,3.75
MEDCHAL,MEDCHAL,SHAMEERPET,SHAMEERPET,SHAMEERPET,"COTTAGE INDUSTRIES AND DHOBIGHATS",4,2,,0.0,6.0
MEDCHAL,MEDCHAL,SHAMEERPET,SHAMEERPET,UDDAMARRY,"COTTAGE INDUSTRIES AND DHOBIGHATS",4,16,5.0,1005.0,40.5
MEDCHAL,MEDCHAL,SHAMEERPET,SHAMEERPET,UPPARAPALLY,"COTTAGE INDUSTRIES AND DHOBIGHATS",4,2,,0.0,6.0
MEDCHAL,KUKATPALLY,KUKATPALLY,"ALLWYN COLONY","ALLWYN COLONY HV","COTTAGE INDUSTRIES AND DHOBIGHATS",4,1,1.0,157.0,2.8
MEDCHAL,KUKATPALLY,MIYAPUR,MIYAPUR,MIYAPUR,"COTTAGE INDUSTRIES AND DHOBIGHATS",4,6,,0.0,13.5
NAGARKURNOOL,NAGARKURNOOL,NAGARKURNOOL,NAGARKURNOOL,MANTHATI,"COTTAGE INDUSTRIES AND DHOBIGHATS",4,1,1.0,26.0,1.5
NAGARKURNOOL,NAGARKURNOOL,NAGARKURNOOL,NAGARKURNOOL,NGKLT-01.ERRAGADDA,"COTTAGE INDUSTRIES AND DHOBIGHATS",4,1,1.0,132.0,0.2
NAGARKURNOOL,NAGARKURNOOL,NAGARKURNOOL,NAGARKURNOOL,"NGKLT-02.IOC BOULDING","COTTAGE INDUSTRIES AND DHOBIGHATS",4,4,4.0,396.0,8.43
NAGARKURNOOL,NAGARKURNOOL,NAGARKURNOOL,NAGARKURNOOL,NGKLT-03.PULLAREDDY,"COTTAGE INDUSTRIES AND DHOBIGHATS",4,2,2.0,69.0,2.85
NAGARKURNOOL,NAGARKURNOOL,KALWAKURTHY,CHARAKONDA,"CHARA KONDA","COTTAGE INDUSTRIES AND DHOBIGHATS",4,1,1.0,21.0,0.75
NAGARKURNOOL,NAGARKURNOOL,KALWAKURTHY,CHARAKONDA,GOKARAM,"COTTAGE INDUSTRIES AND DHOBIGHATS",4,4,4.0,257.0,3.0
NAGARKURNOOL,NAGARKURNOOL,NAGARKURNOOL,NAGARKURNOOL,"NGKLT-04.HOUSING BOARD COLONY","COTTAGE INDUSTRIES AND DHOBIGHATS",4,8,8.0,919.0,15.46
NAGARKURNOOL,NAGARKURNOOL,NAGARKURNOOL,NAGARKURNOOL,"NGKLT-05.AGRICULTURE MARKET YA","COTTAGE INDUSTRIES AND DHOBIGHATS",4,1,1.0,102.0,0.6
NAGARKURNOOL,NAGARKURNOOL,NAGARKURNOOL,NAGARKURNOOL,"NGKLT-06.RAVI THEATRE","COTTAGE INDUSTRIES AND DHOBIGHATS",4,3,3.0,205.0,9.92
NAGARKURNOOL,NAGARKURNOOL,NAGARKURNOOL,NAGARKURNOOL,"NGKLT-07.EDDAMMA GUDI","COTTAGE INDUSTRIES AND DHOBIGHATS",4,6,6.0,566.0,8.79
NAGARKURNOOL,NAGARKURNOOL,NAGARKURNOOL,NAGARKURNOOL,PEDDAMUDUNOOR,"COTTAGE INDUSTRIES AND DHOBIGHATS",4,7,7.0,737.0,21.0
NAGARKURNOOL,NAGARKURNOOL,NAGARKURNOOL,NAGARKURNOOL,PULJAL,"COTTAGE INDUSTRIES AND DHOBIGHATS",4,1,1.0,43.0,1.5
NAGARKURNOOL,NAGARKURNOOL,NAGARKURNOOL,NAGARKURNOOL,THUDUKURTHY,"COTTAGE INDUSTRIES AND DHOBIGHATS",4,2,2.0,175.0,1.73
NAGARKURNOOL,NAGARKURNOOL,KALWAKURTHY,KALWAKURTHY,KALWAKURTHY(HV),"COTTAGE INDUSTRIES AND DHOBIGHATS",4,5,3.0,295.0,12.75
NAGARKURNOOL,NAGARKURNOOL,KALWAKURTHY,KALWAKURTHY,KALWAKURTHY(LT),"COTTAGE INDUSTRIES AND DHOBIGHATS",4,4,4.0,440.0,3.75
NAGARKURNOOL,NAGARKURNOOL,NAGARKURNOOL,TADOOR,GUNTAKODOOR,"COTTAGE INDUSTRIES AND DHOBIGHATS",4,1,1.0,102.0,1.5
NAGARKURNOOL,NAGARKURNOOL,NAGARKURNOOL,TADOOR,"GUTTALA PALLY","COTTAGE INDUSTRIES AND DHOBIGHATS",4,1,1.0,107.0,0.75
NAGARKURNOOL,NAGARKURNOOL,NAGARKURNOOL,TADOOR,INDRAKAL,"COTTAGE INDUSTRIES AND DHOBIGHATS",4,1,1.0,6.0,1.2
NAGARKURNOOL,NAGARKURNOOL,NAGARKURNOOL,TADOOR,PAPAGAL,"COTTAGE INDUSTRIES AND DHOBIGHATS",4,1,1.0,13.0,1.5
NAGARKURNOOL,NAGARKURNOOL,NAGARKURNOOL,TADOOR,TADOOR,"COTTAGE INDUSTRIES AND DHOBIGHATS",4,3,3.0,110.0,5.76
NAGARKURNOOL,NAGARKURNOOL,KALWAKURTHY,KALWAKURTHY,PANJUGAL,"COTTAGE INDUSTRIES AND DHOBIGHATS",4,3,3.0,256.0,2.0
NAGARKURNOOL,NAGARKURNOOL,KALWAKURTHY,KALWAKURTHY,RAGHUPATHIPET,"COTTAGE INDUSTRIES AND DHOBIGHATS",4,3,,0.0,5.25
NAGARKURNOOL,NAGARKURNOOL,KALWAKURTHY,KALWAKURTHY,THIMMARAJPALLY,"COTTAGE INDUSTRIES AND DHOBIGHATS",4,1,1.0,151.0,3.75
NAGARKURNOOL,NAGARKURNOOL,KOLLAPUR,KODIAR,KODAIR,"COTTAGE INDUSTRIES AND DHOBIGHATS",4,3,3.0,127.0,3.9
NAGARKURNOOL,NAGARKURNOOL,KOLLAPUR,KODIAR,MACHUPALLY,"COTTAGE INDUSTRIES AND DHOBIGHATS",4,1,1.0,50.0,1.01
NAGARKURNOOL,NAGARKURNOOL,KOLLAPUR,KODIAR,MYLARAM,"COTTAGE INDUSTRIES AND DHOBIGHATS",4,2,2.0,67.0,3.0
NAGARKURNOOL,NAGARKURNOOL,KOLLAPUR,KODIAR,NARSAIPALLY,"COTTAGE INDUSTRIES AND DHOBIGHATS",4,2,2.0,231.0,2.25
NAGARKURNOOL,NAGARKURNOOL,KALWAKURTHY,KALWAKURTHY,THOTAPALLY,"COTTAGE INDUSTRIES AND DHOBIGHATS",4,1,1.0,25.0,1.5
NAGARKURNOOL,NAGARKURNOOL,KOLLAPUR,KODIAR,RAJAPOOR,"COTTAGE INDUSTRIES AND DHOBIGHATS",4,1,,0.0,3.75
NAGARKURNOOL,NAGARKURNOOL,KOLLAPUR,KODIAR,SINGAIPALLY,"COTTAGE INDUSTRIES AND DHOBIGHATS",4,1,1.0,18.0,1.5
NAGARKURNOOL,NAGARKURNOOL,KALWAKURTHY,URUKONDAPET,REVALLY,"COTTAGE INDUSTRIES AND DHOBIGHATS",4,2,1.0,542.0,4.5
NAGARKURNOOL,NAGARKURNOOL,KOLLAPUR,KOLLAPUR,CHENNAMPALLY,"COTTAGE INDUSTRIES AND DHOBIGHATS",4,1,1.0,4.0,0.24
NAGARKURNOOL,NAGARKURNOOL,KOLLAPUR,KOLLAPUR,CHINTALAPALLY,"COTTAGE INDUSTRIES AND DHOBIGHATS",4,1,1.0,38.0,1.01
NAGARKURNOOL,NAGARKURNOOL,KOLLAPUR,KOLLAPUR,"KOLLAPUR 2","COTTAGE INDUSTRIES AND DHOBIGHATS",4,1,1.0,58.0,1.5
NAGARKURNOOL,NAGARKURNOOL,KOLLAPUR,KOLLAPUR,"KOLLAPUR 3","COTTAGE INDUSTRIES AND DHOBIGHATS",4,1,1.0,232.0,1.5
NAGARKURNOOL,NAGARKURNOOL,NAGARKURNOOL,TADOOR,THUMMALASUGUR,"COTTAGE INDUSTRIES AND DHOBIGHATS",4,1,1.0,96.0,0.24
NAGARKURNOOL,NAGARKURNOOL,NAGARKURNOOL,TADOOR,"YADIREDDY PALLY","COTTAGE INDUSTRIES AND DHOBIGHATS",4,1,1.0,18.0,1.5
NAGARKURNOOL,NAGARKURNOOL,NAGARKURNOOL,TADOOR,"YENGAM PALLY","COTTAGE INDUSTRIES AND DHOBIGHATS",4,1,1.0,29.0,0.14
NAGARKURNOOL,NAGARKURNOOL,NAGARKURNOOL,TELKAPALLY,ANANTHASAGAR,"COTTAGE INDUSTRIES AND DHOBIGHATS",4,4,2.0,131.0,6.75
NAGARKURNOOL,NAGARKURNOOL,KALWAKURTHY,VANGOOR,GAZRA,"COTTAGE INDUSTRIES AND DHOBIGHATS",4,1,1.0,0.0,1.01
NAGARKURNOOL,NAGARKURNOOL,KALWAKURTHY,VANGOOR,MITTASADAGODU,"COTTAGE INDUSTRIES AND DHOBIGHATS",4,1,1.0,69.0,1.5
NAGARKURNOOL,NAGARKURNOOL,KOLLAPUR,KOLLAPUR,KUDIKILLA,"COTTAGE INDUSTRIES AND DHOBIGHATS",4,2,2.0,98.0,3.02
NAGARKURNOOL,NAGARKURNOOL,KOLLAPUR,KOLLAPUR,MOLACHINTHALAPALLY,"COTTAGE INDUSTRIES AND DHOBIGHATS",4,1,1.0,70.0,2.25
NAGARKURNOOL,NAGARKURNOOL,KOLLAPUR,KOLLAPUR,SINGOTAM,"COTTAGE INDUSTRIES AND DHOBIGHATS",4,2,2.0,136.0,3.75
NAGARKURNOOL,NAGARKURNOOL,NAGARKURNOOL,TELKAPALLY,GADDAMPALLY,"COTTAGE INDUSTRIES AND DHOBIGHATS",4,1,1.0,35.0,0.18
NAGARKURNOOL,NAGARKURNOOL,NAGARKURNOOL,TELKAPALLY,"GOUREDDY PALLY","COTTAGE INDUSTRIES AND DHOBIGHATS",4,3,2.0,98.0,2.25
NAGARKURNOOL,NAGARKURNOOL,KALWAKURTHY,VANGOOR,UMAPOOR,"COTTAGE INDUSTRIES AND DHOBIGHATS",4,1,1.0,32.0,2.01
NAGARKURNOOL,NAGARKURNOOL,KOLLAPUR,KOLLAPUR,YELLORE,"COTTAGE INDUSTRIES AND DHOBIGHATS",4,1,1.0,56.0,2.25
NAGARKURNOOL,NAGARKURNOOL,KOLLAPUR,P.K.PALLY,DADINENIPALLY,"COTTAGE INDUSTRIES AND DHOBIGHATS",4,2,2.0,59.0,3.0
NAGARKURNOOL,NAGARKURNOOL,NAGARKURNOOL,TELKAPALLY,"KAMAREDDY PALLY","COTTAGE INDUSTRIES AND DHOBIGHATS",4,2,1.0,30.0,0.99
NAGARKURNOOL,NAGARKURNOOL,NAGARKURNOOL,TELKAPALLY,KARWANGA,"COTTAGE INDUSTRIES AND DHOBIGHATS",4,2,2.0,74.0,0.93
NAGARKURNOOL,NAGARKURNOOL,NAGARKURNOOL,TELKAPALLY,LAKAVARAM,"COTTAGE INDUSTRIES AND DHOBIGHATS",4,1,1.0,84.0,2.25
NAGARKURNOOL,NAGARKURNOOL,NAGARKURNOOL,TELKAPALLY,PEDDAPALLY,"COTTAGE INDUSTRIES AND DHOBIGHATS",4,1,1.0,12.0,0.75
NAGARKURNOOL,NAGARKURNOOL,NAGARKURNOOL,TELKAPALLY,PEDDOOR,"COTTAGE INDUSTRIES AND DHOBIGHATS",4,1,1.0,62.0,0.75
NAGARKURNOOL,NAGARKURNOOL,NAGARKURNOOL,TELKAPALLY,RAKONDA,"COTTAGE INDUSTRIES AND DHOBIGHATS",4,3,3.0,102.0,1.97
NAGARKURNOOL,NAGARKURNOOL,KALWAKURTHY,VELDANDA,"BOLLAM PALLY","COTTAGE INDUSTRIES AND DHOBIGHATS",4,1,1.0,32.0,0.15
NAGARKURNOOL,NAGARKURNOOL,KOLLAPUR,P.K.PALLY,DEVELTHIRUMALAPUR,"COTTAGE INDUSTRIES AND DHOBIGHATS",4,1,1.0,85.0,1.5
NAGARKURNOOL,NAGARKURNOOL,KOLLAPUR,P.K.PALLY,KALWAKOLE,"COTTAGE INDUSTRIES AND DHOBIGHATS",4,2,2.0,72.0,2.01
NAGARKURNOOL,NAGARKURNOOL,KOLLAPUR,P.K.PALLY,MAREDMANDINNE,"COTTAGE INDUSTRIES AND DHOBIGHATS",4,1,1.0,158.0,0.75
NAGARKURNOOL,NAGARKURNOOL,KOLLAPUR,P.K.PALLY,MUSTIPALLY,"COTTAGE INDUSTRIES AND DHOBIGHATS",4,1,1.0,16.0,1.5
NAGARKURNOOL,NAGARKURNOOL,NAGARKURNOOL,TELKAPALLY,"RAMI REDDY PALLY","COTTAGE INDUSTRIES AND DHOBIGHATS",4,1,1.0,48.0,0.75
NAGARKURNOOL,NAGARKURNOOL,NAGARKURNOOL,TELKAPALLY,TELKAPALLY,"COTTAGE INDUSTRIES AND DHOBIGHATS",4,11,11.0,691.0,28.53
NAGARKURNOOL,NAGARKURNOOL,KALWAKURTHY,VELDANDA,CHERKOOR,"COTTAGE INDUSTRIES AND DHOBIGHATS",4,1,1.0,204.0,0.15
NAGARKURNOOL,NAGARKURNOOL,KALWAKURTHY,VELDANDA,KOTRA,"COTTAGE INDUSTRIES AND DHOBIGHATS",4,20,,0.0,45.0
NAGARKURNOOL,NAGARKURNOOL,KOLLAPUR,P.K.PALLY,PEDDAKARPAMULA,"COTTAGE INDUSTRIES AND DHOBIGHATS",4,3,3.0,143.0,4.2
NAGARKURNOOL,NAGARKURNOOL,KOLLAPUR,P.K.PALLY,PEDDAKOTHAPALLY,"COTTAGE INDUSTRIES AND DHOBIGHATS",4,2,2.0,61.0,1.68
NAGARKURNOOL,NAGARKURNOOL,KOLLAPUR,P.K.PALLY,SATHAPUR,"COTTAGE INDUSTRIES AND DHOBIGHATS",4,6,6.0,269.0,8.01
NAGARKURNOOL,NAGARKURNOOL,KOLLAPUR,P.K.PALLY,VAVILLABAVI,"COTTAGE INDUSTRIES AND DHOBIGHATS",4,2,,0.0,1.5
NAGARKURNOOL,NAGARKURNOOL,NAGARKURNOOL,THIMMAJIPET,GORITA,"COTTAGE INDUSTRIES AND DHOBIGHATS",4,1,1.0,45.0,2.25
NAGARKURNOOL,NAGARKURNOOL,KALWAKURTHY,VELDANDA,PEDDAPOOR,"COTTAGE INDUSTRIES AND DHOBIGHATS",4,1,1.0,87.0,0.24
NAGARKURNOOL,NAGARKURNOOL,KALWAKURTHY,VELDANDA,POTHEPALLY,"COTTAGE INDUSTRIES AND DHOBIGHATS",4,2,2.0,152.0,1.21
NAGARKURNOOL,NAGARKURNOOL,NAGARKURNOOL,BIJINAPALLY,BIJINAPALLY,"COTTAGE INDUSTRIES AND DHOBIGHATS",4,3,3.0,25.0,3.75
NAGARKURNOOL,NAGARKURNOOL,KALWAKURTHY,VELDANDA,VELDANDA(LT),"COTTAGE INDUSTRIES AND DHOBIGHATS",4,7,7.0,244.0,15.0
NAGARKURNOOL,NAGARKURNOOL,NAGARKURNOOL,BIJINAPALLY,ELGONDA,"COTTAGE INDUSTRIES AND DHOBIGHATS",4,1,1.0,22.0,1.5
NAGARKURNOOL,NAGARKURNOOL,NAGARKURNOOL,BIJINAPALLY,GANGARAM,"COTTAGE INDUSTRIES AND DHOBIGHATS",4,2,2.0,67.0,1.5
NAGARKURNOOL,NAGARKURNOOL,NAGARKURNOOL,BIJINAPALLY,GUDLANARVA,"COTTAGE INDUSTRIES AND DHOBIGHATS",4,2,2.0,71.0,6.18
NAGARKURNOOL,NAGARKURNOOL,NAGARKURNOOL,BIJINAPALLY,LATTUPALLY,"COTTAGE INDUSTRIES AND DHOBIGHATS",4,4,4.0,230.0,7.01
NAGARKURNOOL,NAGARKURNOOL,NAGARKURNOOL,BIJINAPALLY,LINGASANPALLY,"COTTAGE INDUSTRIES AND DHOBIGHATS",4,1,1.0,7.0,0.75
NAGARKURNOOL,NAGARKURNOOL,NAGARKURNOOL,BIJINAPALLY,MAHADEVPET,"COTTAGE INDUSTRIES AND DHOBIGHATS",4,1,1.0,168.0,1.5
NAGARKURNOOL,NAGARKURNOOL,NAGARKURNOOL,BIJINAPALLY,PALEM,"COTTAGE INDUSTRIES AND DHOBIGHATS",4,4,1.0,5.0,10.5
NAGARKURNOOL,NAGARKURNOOL,NAGARKURNOOL,BIJINAPALLY,WADDEMAN,"COTTAGE INDUSTRIES AND DHOBIGHATS",4,2,2.0,113.0,1.64
NAGARKURNOOL,NAGARKURNOOL,NAGARKURNOOL,NAGARKURNOOL,CHENDUBETLA,"COTTAGE INDUSTRIES AND DHOBIGHATS",4,1,1.0,15.0,3.75
NAGARKURNOOL,NAGARKURNOOL,NAGARKURNOOL,NAGARKURNOOL,"DESI ITKYAL","COTTAGE INDUSTRIES AND DHOBIGHATS",4,1,1.0,31.0,1.5
NAGARKURNOOL,NAGARKURNOOL,NAGARKURNOOL,NAGARKURNOOL,GAGGALAPALLY,"COTTAGE INDUSTRIES AND DHOBIGHATS",4,1,1.0,55.0,2.01
NAGARKURNOOL,NAGARKURNOOL,NAGARKURNOOL,NAGARKURNOOL,GUDIPALLY,"COTTAGE INDUSTRIES AND DHOBIGHATS",4,2,2.0,108.0,1.36
NAGARKURNOOL,NAGARKURNOOL,ACHAMPET,BALMOOR,BALMOOR,"COTTAGE INDUSTRIES AND DHOBIGHATS",4,1,1.0,137.0,1.5
NAGARKURNOOL,NAGARKURNOOL,ACHAMPET,ACHAMPET,"ACPT-BUS STAND","COTTAGE INDUSTRIES AND DHOBIGHATS",4,6,5.0,271.0,16.5
NAGARKURNOOL,NAGARKURNOOL,ACHAMPET,ACHAMPET,"ACPT-LAXMI TALKIES","COTTAGE INDUSTRIES AND DHOBIGHATS",4,12,12.0,1161.0,30.11
NAGARKURNOOL,NAGARKURNOOL,ACHAMPET,ACHAMPET,"ACPT-TEACHERS COLONY","COTTAGE INDUSTRIES AND DHOBIGHATS",4,10,10.0,1258.0,24.9
NAGARKURNOOL,NAGARKURNOOL,ACHAMPET,ACHAMPET,"ACPT-TV TOWER","COTTAGE INDUSTRIES AND DHOBIGHATS",4,11,7.0,351.0,31.5
NAGARKURNOOL,NAGARKURNOOL,ACHAMPET,BALMOOR,"CHENNARAM (PG)","COTTAGE INDUSTRIES AND DHOBIGHATS",4,1,1.0,32.0,1.01
NAGARKURNOOL,NAGARKURNOOL,ACHAMPET,BALMOOR,GODAL,"COTTAGE INDUSTRIES AND DHOBIGHATS",4,3,3.0,75.0,3.24
NAGARKURNOOL,NAGARKURNOOL,ACHAMPET,BALMOOR,KONDANAGULA,"COTTAGE INDUSTRIES AND DHOBIGHATS",4,1,1.0,7.0,2.25
NAGARKURNOOL,NAGARKURNOOL,ACHAMPET,ACHAMPET,BOMMANPALLY,"COTTAGE INDUSTRIES AND DHOBIGHATS",4,1,,0.0,1.5
NAGARKURNOOL,NAGARKURNOOL,ACHAMPET,BALMOOR,NARASAIPALLY,"COTTAGE INDUSTRIES AND DHOBIGHATS",4,1,1.0,42.0,1.01
NAGARKURNOOL,NAGARKURNOOL,ACHAMPET,LINGAL,AMBATPALLY,"COTTAGE INDUSTRIES AND DHOBIGHATS",4,1,,0.0,0.48
NAGARKURNOOL,NAGARKURNOOL,ACHAMPET,LINGAL,APPAIPALLY-SU-DIV.,"COTTAGE INDUSTRIES AND DHOBIGHATS",4,5,5.0,484.0,1.4
NAGARKURNOOL,NAGARKURNOOL,ACHAMPET,ACHAMPET,LINGOTAM,"COTTAGE INDUSTRIES AND DHOBIGHATS",4,2,2.0,162.0,3.0
NAGARKURNOOL,NAGARKURNOOL,ACHAMPET,LINGAL,AUSALIKUNTA,"COTTAGE INDUSTRIES AND DHOBIGHATS",4,1,1.0,19.0,2.01
NAGARKURNOOL,NAGARKURNOOL,ACHAMPET,LINGAL,"K C THANDA","COTTAGE INDUSTRIES AND DHOBIGHATS",4,1,1.0,52.0,1.5
NAGARKURNOOL,NAGARKURNOOL,ACHAMPET,LINGAL,KOMATIKUNTA,"COTTAGE INDUSTRIES AND DHOBIGHATS",4,1,1.0,8.0,1.5
NAGARKURNOOL,NAGARKURNOOL,ACHAMPET,LINGAL,LINGAL-SUB-DIV.,"COTTAGE INDUSTRIES AND DHOBIGHATS",4,4,4.0,297.0,13.13
NAGARKURNOOL,NAGARKURNOOL,ACHAMPET,ACHAMPET,POLKAPALLY,"COTTAGE INDUSTRIES AND DHOBIGHATS",4,2,2.0,71.0,3.0
NAGARKURNOOL,NAGARKURNOOL,ACHAMPET,ACHAMPET,RANGAPUR,"COTTAGE INDUSTRIES AND DHOBIGHATS",4,1,1.0,12.0,1.5
NAGARKURNOOL,NAGARKURNOOL,ACHAMPET,ACHAMPET,SINGAVARAM,"COTTAGE INDUSTRIES AND DHOBIGHATS",4,2,2.0,194.0,3.51
NAGARKURNOOL,NAGARKURNOOL,ACHAMPET,AMARABAD,"AMARABAD TOWN","COTTAGE INDUSTRIES AND DHOBIGHATS",4,4,4.0,74.0,6.0
NAGARKURNOOL,NAGARKURNOOL,ACHAMPET,LINGAL,MAQDOOMPUR,"COTTAGE INDUSTRIES AND DHOBIGHATS",4,1,1.0,15.0,1.5
NAGARKURNOOL,NAGARKURNOOL,ACHAMPET,LINGAL,"RAYAVARAM CAMP","COTTAGE INDUSTRIES AND DHOBIGHATS",4,1,1.0,0.0,2.01
NAGARKURNOOL,NAGARKURNOOL,ACHAMPET,LINGAL,SURAPUR,"COTTAGE INDUSTRIES AND DHOBIGHATS",4,1,1.0,29.0,1.5
NAGARKURNOOL,NAGARKURNOOL,ACHAMPET,UPPUNUTHALA,"GALTUKADI PALLY","COTTAGE INDUSTRIES AND DHOBIGHATS",4,1,1.0,12.0,0.75
NAGARKURNOOL,NAGARKURNOOL,ACHAMPET,UPPUNUTHALA,"KAMSANI PALLY","COTTAGE INDUSTRIES AND DHOBIGHATS",4,2,1.0,0.0,1.74
NAGARKURNOOL,NAGARKURNOOL,ACHAMPET,UPPUNUTHALA,KORITIKAL,"COTTAGE INDUSTRIES AND DHOBIGHATS",4,1,1.0,12.0,0.75
NAGARKURNOOL,NAGARKURNOOL,ACHAMPET,UPPUNUTHALA,PENMELLA,"COTTAGE INDUSTRIES AND DHOBIGHATS",4,1,1.0,34.0,1.5
NAGARKURNOOL,NAGARKURNOOL,ACHAMPET,UPPUNUTHALA,TADOOR,"COTTAGE INDUSTRIES AND DHOBIGHATS",4,4,2.0,153.0,6.0
NAGARKURNOOL,NAGARKURNOOL,ACHAMPET,UPPUNUTHALA,"UPPUNUNTHALA (ZK)","COTTAGE INDUSTRIES AND DHOBIGHATS",4,1,1.0,107.0,1.5
NAGARKURNOOL,NAGARKURNOOL,ACHAMPET,UPPUNUTHALA,VELTOOR,"COTTAGE INDUSTRIES AND DHOBIGHATS",4,7,5.0,158.0,2.97
NALGONDA,DEVARAKONDA,NAMPALLY,GURRAMPODU,"VADHIREDDY GUDEM","COTTAGE INDUSTRIES AND DHOBIGHATS",4,1,1.0,535.0,2.01
NALGONDA,DEVARAKONDA,NAMPALLY,MARRIGUDA,D.B.PALLY,"COTTAGE INDUSTRIES AND DHOBIGHATS",4,1,1.0,0.0,3.75
NALGONDA,DEVARAKONDA,NAMPALLY,MARRIGUDA,MARRIGUDA(HQ),"COTTAGE INDUSTRIES AND DHOBIGHATS",4,1,1.0,3.0,0.94
NALGONDA,DEVARAKONDA,NAMPALLY,MARRIGUDA,SARAMPET,"COTTAGE INDUSTRIES AND DHOBIGHATS",4,2,2.0,311.0,0.89
NALGONDA,DEVARAKONDA,NAMPALLY,MARRIGUDA,SHIVANNAGUDA,"COTTAGE INDUSTRIES AND DHOBIGHATS",4,1,1.0,18.0,3.0
NALGONDA,DEVARAKONDA,NAMPALLY,MARRIGUDA,TAMMADAPALLY,"COTTAGE INDUSTRIES AND DHOBIGHATS",4,1,1.0,66.0,0.75
NALGONDA,DEVARAKONDA,NAMPALLY,MARRIGUDA,TANDERPALLY,"COTTAGE INDUSTRIES AND DHOBIGHATS",4,1,1.0,25.0,0.75
NALGONDA,DEVARAKONDA,NAMPALLY,MARRIGUDA,TIRUGANDLAPALLY,"COTTAGE INDUSTRIES AND DHOBIGHATS",4,2,2.0,77.0,1.68
NALGONDA,DEVARAKONDA,NAMPALLY,MARRIGUDA,VATTIPALLY,"COTTAGE INDUSTRIES AND DHOBIGHATS",4,1,1.0,16.0,0.75
NALGONDA,DEVARAKONDA,NAMPALLY,MARRIGUDA,"YARAGANDLA PALLY","COTTAGE INDUSTRIES AND DHOBIGHATS",4,3,2.0,164.0,3.2
NALGONDA,DEVARAKONDA,NAMPALLY,NAMPALLY,DAMERA,"COTTAGE INDUSTRIES AND DHOBIGHATS",4,1,1.0,21.0,0.75
NALGONDA,DEVARAKONDA,NAMPALLY,NAMPALLY,DEVATHPALLY,"COTTAGE INDUSTRIES AND DHOBIGHATS",4,2,2.0,100.0,3.75
NALGONDA,MIRYALGUDA,HALIA,NIDAMANUR,VOOTKUR,"COTTAGE INDUSTRIES AND DHOBIGHATS",4,1,1.0,323.0,3.0
NALGONDA,DEVARAKONDA,NAMPALLY,NAMPALLY,HYDALAPUR,"COTTAGE INDUSTRIES AND DHOBIGHATS",4,2,2.0,56.0,3.75
NALGONDA,DEVARAKONDA,NAMPALLY,NAMPALLY,MALLAPARAJPALLY,"COTTAGE INDUSTRIES AND DHOBIGHATS",4,3,3.0,112.0,2.25
NALGONDA,DEVARAKONDA,NAMPALLY,NAMPALLY,MEDLAVAI,"COTTAGE INDUSTRIES AND DHOBIGHATS",4,1,1.0,30.0,2.25
NALGONDA,DEVARAKONDA,NAMPALLY,NAMPALLY,MUSTIPALLY,"COTTAGE INDUSTRIES AND DHOBIGHATS",4,1,1.0,81.0,1.5
NALGONDA,DEVARAKONDA,NAMPALLY,NAMPALLY,"NAMPALLY (HQ)","COTTAGE INDUSTRIES AND DHOBIGHATS",4,9,7.0,456.0,6.17
NALGONDA,NALGONDA,NAKREKAL,KATTANGUR,AITIPAMULA,"COTTAGE INDUSTRIES AND DHOBIGHATS",4,25,18.0,2683.0,75.0
NALGONDA,NALGONDA,NAKREKAL,KATTANGUR,AITIPAMULA_A,"COTTAGE INDUSTRIES AND DHOBIGHATS",4,1,1.0,27.0,3.02
NALGONDA,NALGONDA,NAKREKAL,KATTANGUR,BOLLAPALLY,"COTTAGE INDUSTRIES AND DHOBIGHATS",4,25,16.0,1559.0,66.75
NALGONDA,NALGONDA,NAKREKAL,KATTANGUR,"CH ANNARAM","COTTAGE INDUSTRIES AND DHOBIGHATS",4,1,,0.0,2.25
NALGONDA,NALGONDA,NAKREKAL,KATTANGUR,DUGNAVELLY,"COTTAGE INDUSTRIES AND DHOBIGHATS",4,15,4.0,312.0,47.25
NALGONDA,NALGONDA,NAKREKAL,KATTANGUR,DUGUNEVELLY,"COTTAGE INDUSTRIES AND DHOBIGHATS",4,1,1.0,26.0,0.2
NALGONDA,NALGONDA,NAKREKAL,KATTANGUR,EARASANIGUDA,"COTTAGE INDUSTRIES AND DHOBIGHATS",4,3,,0.0,3.0
NALGONDA,NALGONDA,NAKREKAL,KATTANGUR,EDULUR,"COTTAGE INDUSTRIES AND DHOBIGHATS",4,98,40.0,9306.0,339.0
NALGONDA,NALGONDA,NAKREKAL,KATTANGUR,ISMAILPALLY,"COTTAGE INDUSTRIES AND DHOBIGHATS",4,1,1.0,689.0,2.25
NALGONDA,DEVARAKONDA,NAMPALLY,CHINTHAPALLI,GODIKONDLA,"COTTAGE INDUSTRIES AND DHOBIGHATS",4,1,1.0,0.0,2.25
NALGONDA,DEVARAKONDA,NAMPALLY,NAMPALLY,NERALLAPALLY,"COTTAGE INDUSTRIES AND DHOBIGHATS",4,2,2.0,60.0,7.52
NALGONDA,DEVARAKONDA,NAMPALLY,NAMPALLY,PASNOOR,"COTTAGE INDUSTRIES AND DHOBIGHATS",4,2,2.0,158.0,0.85
NALGONDA,DEVARAKONDA,NAMPALLY,NAMPALLY,S.LINGOTAM,"COTTAGE INDUSTRIES AND DHOBIGHATS",4,1,,0.0,2.25
NALGONDA,NALGONDA,NAKREKAL,KATTANGUR,KALIMERA,"COTTAGE INDUSTRIES AND DHOBIGHATS",4,7,1.0,0.0,12.75
NALGONDA,NALGONDA,NAKREKAL,KATTANGUR,KATTANGUR,"COTTAGE INDUSTRIES AND DHOBIGHATS",4,46,43.0,5879.0,150.14
NALGONDA,NALGONDA,NAKREKAL,KATTANGUR,MALLARAM,"COTTAGE INDUSTRIES AND DHOBIGHATS",4,2,2.0,90.0,3.0
NALGONDA,NALGONDA,NAKREKAL,KATTANGUR,MUNUKUNTLA,"COTTAGE INDUSTRIES AND DHOBIGHATS",4,2,1.0,3.0,4.5
NALGONDA,MIRYALGUDA,HALIA,PEDAVURA,"LINGAM PALLY","COTTAGE INDUSTRIES AND DHOBIGHATS",4,1,1.0,1.0,3.75
NALGONDA,NALGONDA,MUNUGODU,CHANDUR,ANGADIPETA,"COTTAGE INDUSTRIES AND DHOBIGHATS",4,4,2.0,260.0,10.28
NALGONDA,NALGONDA,MUNUGODU,CHANDUR,CHANDUR,"COTTAGE INDUSTRIES AND DHOBIGHATS",4,29,26.0,2153.0,77.37
NALGONDA,NALGONDA,MUNUGODU,CHANDUR,IDIKUDA,"COTTAGE INDUSTRIES AND DHOBIGHATS",4,1,,0.0,3.0
NALGONDA,NALGONDA,MUNUGODU,CHANDUR,KASTALA,"COTTAGE INDUSTRIES AND DHOBIGHATS",4,4,,0.0,9.0
NALGONDA,NALGONDA,NAKREKAL,KATTANGUR,PAMANAGUNDLA,"COTTAGE INDUSTRIES AND DHOBIGHATS",4,1,1.0,98.0,2.01
NALGONDA,NALGONDA,NAKREKAL,KATTANGUR,PAMANGUNDLA,"COTTAGE INDUSTRIES AND DHOBIGHATS",4,2,1.0,156.0,2.63
NALGONDA,NALGONDA,NAKREKAL,KATTANGUR,PARADA,"COTTAGE INDUSTRIES AND DHOBIGHATS",4,22,1.0,28.0,49.5
NALGONDA,NALGONDA,NAKREKAL,KATTANGUR,PITTAMPALLY,"COTTAGE INDUSTRIES AND DHOBIGHATS",4,3,3.0,46.0,3.0
NALGONDA,NALGONDA,NAKREKAL,KETHAPALLI,BHEEMAVARAM,"COTTAGE INDUSTRIES AND DHOBIGHATS",4,8,7.0,305.0,10.19
NALGONDA,NALGONDA,NAKREKAL,KETHAPALLI,BOPPARAM,"COTTAGE INDUSTRIES AND DHOBIGHATS",4,2,2.0,67.0,4.5
NALGONDA,NALGONDA,NAKREKAL,KETHAPALLI,CHERUKUPALLY,"COTTAGE INDUSTRIES AND DHOBIGHATS",4,2,2.0,306.0,0.11
NALGONDA,NALGONDA,MUNUGODU,CHANDUR,NERMATA,"COTTAGE INDUSTRIES AND DHOBIGHATS",4,1,1.0,7.0,1.5
NALGONDA,NALGONDA,MUNUGODU,CHANDUR,PULLEMLA,"COTTAGE INDUSTRIES AND DHOBIGHATS",4,1,1.0,23.0,2.25
NALGONDA,NALGONDA,MUNUGODU,CHANDUR,SIRDEPALLY,"COTTAGE INDUSTRIES AND DHOBIGHATS",4,2,1.0,229.0,0.56
NALGONDA,NALGONDA,MUNUGODU,GATTUPPUAL,ANTHAMPET,"COTTAGE INDUSTRIES AND DHOBIGHATS",4,2,2.0,69.0,3.0
NALGONDA,NALGONDA,MUNUGODU,GATTUPPUAL,"BANK COLONY","COTTAGE INDUSTRIES AND DHOBIGHATS",4,1,1.0,123.0,3.75
NALGONDA,NALGONDA,MUNUGODU,GATTUPPUAL,GHATTUPPAL,"COTTAGE INDUSTRIES AND DHOBIGHATS",4,2,1.0,112.0,4.5
NALGONDA,NALGONDA,NAKREKAL,KETHAPALLI,GUDIWADA,"COTTAGE INDUSTRIES AND DHOBIGHATS",4,2,,0.0,3.75
NALGONDA,NALGONDA,NAKREKAL,KETHAPALLI,INUPAMULA,"COTTAGE INDUSTRIES AND DHOBIGHATS",4,5,5.0,172.0,12.85
NALGONDA,NALGONDA,NAKREKAL,KETHAPALLI,KATHEPALLY,"COTTAGE INDUSTRIES AND DHOBIGHATS",4,12,12.0,1190.0,30.21
NALGONDA,NALGONDA,NAKREKAL,KETHAPALLI,KORLAPADU,"COTTAGE INDUSTRIES AND DHOBIGHATS",4,2,2.0,0.0,5.25
NALGONDA,NALGONDA,NAKREKAL,KETHAPALLI,KOTHAPET,"COTTAGE INDUSTRIES AND DHOBIGHATS",4,1,1.0,15.0,1.5
NALGONDA,MIRYALGUDA,HALIA,"TIRUMALAGIRI SAGAR","DOKKALABAI THANDA","COTTAGE INDUSTRIES AND DHOBIGHATS",4,1,1.0,6.0,3.75
NALGONDA,NALGONDA,MUNUGODU,GATTUPPUAL,THERATPALLY,"COTTAGE INDUSTRIES AND DHOBIGHATS",4,3,,0.0,8.25
NALGONDA,NALGONDA,MUNUGODU,GATTUPPUAL,VELMAKANNE,"COTTAGE INDUSTRIES AND DHOBIGHATS",4,4,,0.0,5.55
NALGONDA,NALGONDA,MUNUGODU,MUNUGODU,CHEEKATIMAMIDI,"COTTAGE INDUSTRIES AND DHOBIGHATS",4,2,1.0,2.0,5.27
NALGONDA,NALGONDA,MUNUGODU,MUNUGODU,GUDAPUR,"COTTAGE INDUSTRIES AND DHOBIGHATS",4,2,2.0,52.0,3.75
NALGONDA,NALGONDA,MUNUGODU,MUNUGODU,JAMASTANPALLY,"COTTAGE INDUSTRIES AND DHOBIGHATS",4,2,1.0,83.0,0.75
NALGONDA,NALGONDA,NAKREKAL,KETHAPALLI,TUNGATURTY,"COTTAGE INDUSTRIES AND DHOBIGHATS",4,1,1.0,125.0,4.88
NALGONDA,NALGONDA,NAKREKAL,KETHAPALLI,UPPALAPAHAD,"COTTAGE INDUSTRIES AND DHOBIGHATS",4,3,1.0,58.0,3.75
NALGONDA,NALGONDA,NAKREKAL,NAKREKAL,"CHANDAMPALLY B","COTTAGE INDUSTRIES AND DHOBIGHATS",4,1,,0.0,1.13
NALGONDA,NALGONDA,NAKREKAL,NAKREKAL,CHANDUPATLA,"COTTAGE INDUSTRIES AND DHOBIGHATS",4,1,,0.0,2.25
NALGONDA,NALGONDA,NAKREKAL,NAKREKAL,KADAPARTHY,"COTTAGE INDUSTRIES AND DHOBIGHATS",4,5,1.0,131.0,17.55
NALGONDA,NALGONDA,NAKREKAL,NAKREKAL,MANGALAPALLY,"COTTAGE INDUSTRIES AND DHOBIGHATS",4,2,2.0,96.0,5.25
NALGONDA,NALGONDA,NAKREKAL,NAKREKAL,MARRUR,"COTTAGE INDUSTRIES AND DHOBIGHATS",4,12,,0.0,25.13
NALGONDA,NALGONDA,MUNUGODU,MUNUGODU,KISTAPUR,"COTTAGE INDUSTRIES AND DHOBIGHATS",4,5,5.0,348.0,11.33
NALGONDA,NALGONDA,MUNUGODU,MUNUGODU,KOMPALLY,"COTTAGE INDUSTRIES AND DHOBIGHATS",4,2,2.0,114.0,5.27
NALGONDA,NALGONDA,MUNUGODU,MUNUGODU,KORATICAL,"COTTAGE INDUSTRIES AND DHOBIGHATS",4,1,1.0,66.0,4.02
NALGONDA,NALGONDA,MUNUGODU,MUNUGODU,MUNUGODU,"COTTAGE INDUSTRIES AND DHOBIGHATS",4,13,12.0,528.0,41.25
NALGONDA,NALGONDA,MUNUGODU,MUNUGODU,PALIVELA,"COTTAGE INDUSTRIES AND DHOBIGHATS",4,5,5.0,181.0,14.63
NALGONDA,NALGONDA,MUNUGODU,MUNUGODU,PULIPALUPULA,"COTTAGE INDUSTRIES AND DHOBIGHATS",4,5,5.0,81.0,5.25
NALGONDA,NALGONDA,NAKREKAL,NAKREKAL,"NAKREKAL TOWN","COTTAGE INDUSTRIES AND DHOBIGHATS",4,4,,0.0,9.38
NALGONDA,NALGONDA,NAKREKAL,NAKREKAL,"NAKREKAL TOWN A","COTTAGE INDUSTRIES AND DHOBIGHATS",4,16,14.0,1178.0,45.79
NALGONDA,NALGONDA,NAKREKAL,NAKREKAL,"NAKREKAL TOWN B","COTTAGE INDUSTRIES AND DHOBIGHATS",4,64,60.0,9649.0,216.75
NALGONDA,NALGONDA,NAKREKAL,NAKREKAL,"NAKREKAL TOWN C","COTTAGE INDUSTRIES AND DHOBIGHATS",4,121,118.0,32542.0,420.46
NALGONDA,NALGONDA,NAKREKAL,NAKREKAL,"NAKREKAL TOWN D","COTTAGE INDUSTRIES AND DHOBIGHATS",4,56,55.0,10918.0,177.38
NALGONDA,NALGONDA,NAKREKAL,NAKREKAL,"NELLI BANDA","COTTAGE INDUSTRIES AND DHOBIGHATS",4,1,1.0,242.0,2.25
NALGONDA,NALGONDA,NAKREKAL,NAKREKAL,NOMULA,"COTTAGE INDUSTRIES AND DHOBIGHATS",4,6,3.0,214.0,10.88
NALGONDA,NALGONDA,MUNUGODU,MUNUGODU,UKONDI,"COTTAGE INDUSTRIES AND DHOBIGHATS",4,1,1.0,43.0,1.5
NALGONDA,NALGONDA,NAKREKAL,NAKREKAL,THATIKAL,"COTTAGE INDUSTRIES AND DHOBIGHATS",4,4,4.0,272.0,5.25
NALGONDA,NALGONDA,NAKREKAL,SHALIGOWRARAM,ADLOOR,"COTTAGE INDUSTRIES AND DHOBIGHATS",4,1,1.0,170.0,2.25
NALGONDA,NALGONDA,NAKREKAL,SHALIGOWRARAM,AKARAM,"COTTAGE INDUSTRIES AND DHOBIGHATS",4,3,,0.0,9.75
NALGONDA,NALGONDA,NAKREKAL,SHALIGOWRARAM,CHITTALOOR,"COTTAGE INDUSTRIES AND DHOBIGHATS",4,5,4.0,283.0,5.24
NALGONDA,NALGONDA,NAKREKAL,SHALIGOWRARAM,GURAJALA,"COTTAGE INDUSTRIES AND DHOBIGHATS",4,1,1.0,26.0,2.25
NALGONDA,NALGONDA,NAKREKAL,SHALIGOWRARAM,ITUKULAPADU,"COTTAGE INDUSTRIES AND DHOBIGHATS",4,4,2.0,50.0,11.25
NALGONDA,NALGONDA,NAKREKAL,SHALIGOWRARAM,MADARAM,"COTTAGE INDUSTRIES AND DHOBIGHATS",4,3,3.0,25.0,6.0
NALGONDA,NALGONDA,NAKREKAL,SHALIGOWRARAM,MANIMADDA,"COTTAGE INDUSTRIES AND DHOBIGHATS",4,1,1.0,18.0,2.25
NALGONDA,NALGONDA,NAKREKAL,SHALIGOWRARAM,"SHALI GOWRARAM","COTTAGE INDUSTRIES AND DHOBIGHATS",4,2,1.0,81.0,5.63
NALGONDA,NALGONDA,NAKREKAL,SHALIGOWRARAM,TIRUMALAIGUDEM,"COTTAGE INDUSTRIES AND DHOBIGHATS",4,1,1.0,92.0,2.25
NALGONDA,NALGONDA,NAKREKAL,SHALIGOWRARAM,VALLALA,"COTTAGE INDUSTRIES AND DHOBIGHATS",4,3,2.0,162.0,11.25
NALGONDA,DEVARAKONDA,NAMPALLY,GURRAMPODU,AREGUDEM,"COTTAGE INDUSTRIES AND DHOBIGHATS",4,1,1.0,54.0,2.25
NALGONDA,DEVARAKONDA,NAMPALLY,GURRAMPODU,CHEPUR,"COTTAGE INDUSTRIES AND DHOBIGHATS",4,1,1.0,114.0,2.25
NALGONDA,MIRYALGUDA,HALIA,HALIYA,MALGIREDDYGUDEM,"COTTAGE INDUSTRIES AND DHOBIGHATS",4,1,,0.0,3.75
NALGONDA,MIRYALGUDA,HALIA,HALIYA,SREENADHAPURAM,"COTTAGE INDUSTRIES AND DHOBIGHATS",4,1,1.0,0.0,1.5
NALGONDA,DEVARAKONDA,NAMPALLY,GURRAMPODU,KOPPOLE,"COTTAGE INDUSTRIES AND DHOBIGHATS",4,5,4.0,64.0,9.0
NALGONDA,DEVARAKONDA,NAMPALLY,GURRAMPODU,MULKALAPALLY,"COTTAGE INDUSTRIES AND DHOBIGHATS",4,1,1.0,33.0,1.5
NALGONDA,DEVARAKONDA,NAMPALLY,GURRAMPODU,NADIKUDA,"COTTAGE INDUSTRIES AND DHOBIGHATS",4,2,2.0,80.0,1.5
NALGONDA,MIRYALGUDA,HALIA,HALIYA,"VEERLAGADDA (T)","COTTAGE INDUSTRIES AND DHOBIGHATS",4,1,1.0,503.0,3.0
NALGONDA,MIRYALGUDA,HALIA,NIDAMANUR,"BANKAPUR CAMP","COTTAGE INDUSTRIES AND DHOBIGHATS",4,1,,0.0,2.25
NALGONDA,DEVARAKONDA,NAMPALLY,GURRAMPODU,"NAMPALLY  ROAD","COTTAGE INDUSTRIES AND DHOBIGHATS",4,2,2.0,168.0,6.51
NALGONDA,DEVARAKONDA,NAMPALLY,GURRAMPODU,PALWAI,"COTTAGE INDUSTRIES AND DHOBIGHATS",4,1,1.0,2607.0,3.0
NALGONDA,DEVARAKONDA,NAMPALLY,GURRAMPODU,PITTALAGUDA,"COTTAGE INDUSTRIES AND DHOBIGHATS",4,1,1.0,106.0,0.26
NALGONDA,DEVARAKONDA,NAMPALLY,GURRAMPODU,TANEDARPALLY,"COTTAGE INDUSTRIES AND DHOBIGHATS",4,1,1.0,0.0,2.25
NALGONDA,MIRYALGUDA,MIRYALGUDA,MIRYALAGUDA(RURAL),V.K.PALEM,"COTTAGE INDUSTRIES AND DHOBIGHATS",4,1,1.0,811.0,2.25
NALGONDA,MIRYALGUDA,MIRYALGUDA,MIRYALAGUDA(RURAL),VENKATADRIPALEM,"COTTAGE INDUSTRIES AND DHOBIGHATS",4,4,,0.0,10.5
NALGONDA,MIRYALGUDA,VEMULAPALLY,DAMARACHARLA,BOTHALAPALEM,"COTTAGE INDUSTRIES AND DHOBIGHATS",4,1,1.0,0.0,1.5
NALGONDA,MIRYALGUDA,VEMULAPALLY,DAMARACHARLA,DAMERACHERLA,"COTTAGE INDUSTRIES AND DHOBIGHATS",4,2,,0.0,1.88
NALGONDA,MIRYALGUDA,VEMULAPALLY,DAMARACHARLA,KALLEPALLY,"COTTAGE INDUSTRIES AND DHOBIGHATS",4,1,1.0,0.0,0.75
NALGONDA,MIRYALGUDA,VEMULAPALLY,DAMARACHARLA,KONDRAPOLE,"COTTAGE INDUSTRIES AND DHOBIGHATS",4,1,,0.0,0.38
NALGONDA,MIRYALGUDA,VEMULAPALLY,MADUGULAPALLY,AGAMOOTKUR,"COTTAGE INDUSTRIES AND DHOBIGHATS",4,3,3.0,725.0,4.5
NALGONDA,MIRYALGUDA,VEMULAPALLY,MADUGULAPALLY,DHARMAPURAM,"COTTAGE INDUSTRIES AND DHOBIGHATS",4,1,1.0,295.0,3.0
NALGONDA,MIRYALGUDA,VEMULAPALLY,MADUGULAPALLY,GURAAPAGUDEM,"COTTAGE INDUSTRIES AND DHOBIGHATS",4,1,1.0,912.0,1.5
NALGONDA,MIRYALGUDA,VEMULAPALLY,MADUGULAPALLY,"GURRAPPA GUDEM","COTTAGE INDUSTRIES AND DHOBIGHATS",4,1,1.0,0.0,4.02
NALGONDA,MIRYALGUDA,VEMULAPALLY,MADUGULAPALLY,INDUGULA,"COTTAGE INDUSTRIES AND DHOBIGHATS",4,1,1.0,99.0,3.0
NALGONDA,MIRYALGUDA,VEMULAPALLY,MADUGULAPALLY,MADGULAPALLY,"COTTAGE INDUSTRIES AND DHOBIGHATS",4,1,,0.0,0.75
NALGONDA,MIRYALGUDA,VEMULAPALLY,MADUGULAPALLY,MADUGULAPALLY,"COTTAGE INDUSTRIES AND DHOBIGHATS",4,1,1.0,269.0,2.01
NALGONDA,MIRYALGUDA,VEMULAPALLY,MADUGULAPALLY,PUSALAPAHAD,"COTTAGE INDUSTRIES AND DHOBIGHATS",4,1,1.0,6.0,2.25
NALGONDA,MIRYALGUDA,VEMULAPALLY,MADUGULAPALLY,THOPUCHARLA,"COTTAGE INDUSTRIES AND DHOBIGHATS",4,3,3.0,276.0,7.5
NALGONDA,MIRYALGUDA,VEMULAPALLY,TRIPURARAM,BABUSAIPET,"COTTAGE INDUSTRIES AND DHOBIGHATS",4,1,1.0,31.0,3.0
NALGONDA,MIRYALGUDA,MIRYALGUDA,"MIRYALAGUDA TOWN-I",EDULAGUDEM,"COTTAGE INDUSTRIES AND DHOBIGHATS",4,1,,0.0,0.75
