district,mandal,gp,female,male,transgender
MEDAK,ALLADURG,ALLADURG,1293,796,3
MEDAK,ALLADURG,APPAJIPALLY,570,437,2
MEDAK,ALLADURG,BHAHIRANDIBBA,368,248,2
MEDAK,ALLADURG,BIJILIPUR,536,335,
MEDAK,ALLADURG,CHEVELLA,449,304,
MEDAK,ALLADURG,CHILEVER,581,347,
MEDAK,ALLADURG,"GADI PEDDAPUR",1172,747,
MEDAK,ALLADURG,GORREKAL,632,429,2
MEDAK,ALLADURG,KAIDAMPALLY,335,256,
MEDAK,ALLADURG,KEROOR,373,234,1
MEDAK,ALLADURG,MAHAMMADAPUR,505,333,
MEDAK,ALLADURG,MARVELLY,633,408,
MEDAK,ALLADURG,MUPPARAM,466,286,1
MEDAK,ALLADURG,MUSLAPUR,975,594,3
MEDAK,ALLADURG,NAGULAPALLY,397,266,1
MEDAK,ALLADURG,PALVATLA,293,171,1
MEDAK,ALLADURG,POTHULABOGUDA,537,371,1
MEDAK,ALLADURG,RAMPUR,513,314,
MEDAK,ALLADURG,REDDIPALLY,283,191,
MEDAK,ALLADURG,VENKATRAOPET,252,154,
MEDAK,ALLADURG,WATPALLY,579,373,1
MEDAK,ANDOLE,AKSANPALLE,731,522,3
MEDAK,ANDOLE,ALMAIPET,509,314,
MEDAK,ANDOLE,ANANTHASAGAR,423,278,2
MEDAK,ANDOLE,ANDOLE,123,66,
MEDAK,ANDOLE,CHINTAKUNTA,308,205,1
MEDAK,ANDOLE,DAKOOR,1258,820,3
MEDAK,ANDOLE,JOGIPET,267,130,
MEDAK,ANDOLE,KAMANPALLE,752,507,1
MEDAK,ANDOLE,KICHANAPALLE,193,124,2
MEDAK,ANDOLE,KODEKAL,324,229,1
MEDAK,ANDOLE,MAMANPALLE,145,74,
MEDAK,ANDOLE,MASANPALLE,591,444,5
MEDAK,ANDOLE,NADLAPUR,315,207,
MEDAK,ANDOLE,NEERDIGUNTA,699,465,
MEDAK,ANDOLE,POSANIPET,391,218,
MEDAK,ANDOLE,POTHIREDDIPALLE,677,475,
MEDAK,ANDOLE,RAMSANPALLE,485,326,1
MEDAK,ANDOLE,ROLLAPAHAD,220,155,
MEDAK,ANDOLE,SAIBANPET,254,151,
MEDAK,ANDOLE,SANGUPET,283,160,1
MEDAK,ANDOLE,TADAMANOOR,528,402,1
MEDAK,ANDOLE,TALELMA,597,401,
MEDAK,ANDOLE,YERRARAM,365,231,1
MEDAK,CHEGUNTA,ANANTASAGAR,49,31,
MEDAK,CHEGUNTA,BONAL,459,304,3
MEDAK,CHEGUNTA,CHANDAIPET,480,260,4
MEDAK,CHEGUNTA,CHEGUNTA,243,106,1
MEDAK,CHEGUNTA,CHETLATHIMMAIPALLE,564,344,2
MEDAK,CHEGUNTA,CHINNASHIVN00R,35,20,
MEDAK,CHEGUNTA,CHITTOJIPALLE,89,61,
MEDAK,CHEGUNTA,GOLLAPALLE,464,338,1
MEDAK,CHEGUNTA,GOVINDAPUR,550,383,
MEDAK,CHEGUNTA,IBRAHIMPUR,635,422,3
MEDAK,CHEGUNTA,KARANALAPALLE,52,22,
MEDAK,CHEGUNTA,KASANPALLE,220,144,2
MEDAK,CHEGUNTA,KONDAPUR(BONAL),471,266,1
MEDAK,CHEGUNTA,MAKKARAJIPET,744,487,2
MEDAK,CHEGUNTA,NARSAMPALLE,478,353,
MEDAK,CHEGUNTA,NARSINGI,1809,996,6
MEDAK,CHEGUNTA,PEDDASHIVUNOOR,292,177,2
MEDAK,CHEGUNTA,POLAMPALLE,111,72,
MEDAK,CHEGUNTA,POTHAMPALLE,400,238,
MEDAK,CHEGUNTA,PULIMAMIDI,432,279,3
MEDAK,CHEGUNTA,RAMAPUR,475,301,1
MEDAK,CHEGUNTA,REDDIPALLE,37,22,
MEDAK,CHEGUNTA,RUKMAPUR,3,3,
MEDAK,CHEGUNTA,UPPARAPALLE,570,368,6
MEDAK,CHEGUNTA,UTLATHIMMAIAPLLE,20,5,
MEDAK,CHEGUNTA,VALLOR,26,23,
MEDAK,CHEGUNTA,WADIYARAM,43,19,
MEDAK,CHINNAKODUR,ALLIPUR,447,240,1
MEDAK,CHINNAKODUR,ANANTHASAGAR,389,220,1
MEDAK,CHINNAKODUR,CHALKALAPALLY,327,228,2
MEDAK,CHINNAKODUR,CHANDLAPUR,751,367,2
MEDAK,CHINNAKODUR,CHERLAANKIREDDIPALLE,351,223,2
MEDAK,CHINNAKODUR,CHINNAKODUR,1349,725,2
MEDAK,CHINNAKODUR,CHOWDARAM,460,301,1
MEDAK,CHINNAKODUR,GANGAPUR,421,232,6
MEDAK,CHINNAKODUR,GONEPALLE,543,265,1
MEDAK,CHINNAKODUR,GOPULAPUR,323,231,
MEDAK,CHINNAKODUR,GURRALAGONDI,608,361,1
MEDAK,CHINNAKODUR,IBRAHIMNAGAR,616,391,1
MEDAK,CHINNAKODUR,JAKKAPUR,746,471,2
MEDAK,CHINNAKODUR,KASTHURIPALLE,175,105,
MEDAK,CHINNAKODUR,KISHTAPUR,221,169,1
MEDAK,CHINNAKODUR,MACHAPUR,576,362,1
MEDAK,CHINNAKODUR,MAILARAM,469,293,2
MEDAK,CHINNAKODUR,MALYAL,404,232,1
MEDAK,CHINNAKODUR,MANDAPALLY,413,257,1
MEDAK,CHINNAKODUR,MATENDLA,327,241,
MEDAK,CHINNAKODUR,MEDIPALLE,361,229,1
MEDAK,CHINNAKODUR,PEDDAKODUR,522,255,3
MEDAK,CHINNAKODUR,RAMANCHA,708,366,
MEDAK,CHINNAKODUR,"RAMUNI PATLA",297,150,
MEDAK,CHINNAKODUR,SIKANDLAPUR,539,316,1
MEDAK,CHINNAKODUR,VITTALPUR,701,467,2
MEDAK,DOULTABAD,ANAGIPUR,632,412,2
MEDAK,DOULTABAD,"ANKIREDDY PALLY",237,175,
MEDAK,DOULTABAD,"AREPALLY (SB)",144,86,
MEDAK,DOULTABAD,"AREPALLY (SJ)",323,214,
MEDAK,DOULTABAD,BEGAMPET,421,257,2
MEDAK,DOULTABAD,"CHINNA MASANPALLY",186,106,2
MEDAK,DOULTABAD,Dommat,684,369,2
MEDAK,DOULTABAD,Doultabad,775,436,
MEDAK,DOULTABAD,gadugupally,352,187,1
MEDAK,DOULTABAD,Gajulpally,415,288,1
MEDAK,DOULTABAD,GOLLAPALLY,213,169,
MEDAK,DOULTABAD,INDUPRIYAL,715,508,
MEDAK,DOULTABAD,KOTTHAPALLY,575,339,1
MEDAK,DOULTABAD,"LINGA REDDY PALLY",301,218,1
MEDAK,DOULTABAD,Lingarajpally,160,100,
MEDAK,DOULTABAD,"M.D SHAPUR",334,229,
MEDAK,DOULTABAD,MACHANPALLY,416,266,2
MEDAK,DOULTABAD,MANTHUR,508,366,
MEDAK,DOULTABAD,MUBHARASPUR,712,426,
MEDAK,DOULTABAD,RAIPOL,814,553,2
MEDAK,DOULTABAD,"RAM SAGAR",719,441,1
MEDAK,DOULTABAD,RAMARAM,483,311,
MEDAK,DOULTABAD,S.BANDARAM,649,413,
MEDAK,DOULTABAD,SURAMPALLY,717,411,1
MEDAK,DOULTABAD,THIMMAKPALLY,380,245,
MEDAK,DOULTABAD,TIRUMALAPUR,679,412,2
MEDAK,DOULTABAD,WADDEPALLY,764,541,2
MEDAK,DOULTABAD,YELKAL,561,354,1
MEDAK,DUBBAK,AKARAM,550,329,1
MEDAK,DUBBAK,APPANAPALLE,370,200,
MEDAK,DUBBAK,AREPALLE,163,96,2
MEDAK,DUBBAK,BALWANTAPUR,490,368,1
MEDAK,DUBBAK,BOPPAPUR,184,121,
MEDAK,DUBBAK,CHEEKODE,958,584,1
MEDAK,DUBBAK,CHELLAPUR,451,294,1
MEDAK,DUBBAK,CHERVAPUR,88,67,
MEDAK,DUBBAK,CHINNANIZAMPET,272,150,1
MEDAK,DUBBAK,CHITTAPUR,464,186,3
MEDAK,DUBBAK,CHOWDARIPALLE,171,88,1
MEDAK,DUBBAK,DHARMAJIPET,345,181,1
MEDAK,DUBBAK,DUBBAK,396,239,6
MEDAK,DUBBAK,DUMPALAPALLE,170,106,
MEDAK,DUBBAK,ENAGURTY,497,260,1
MEDAK,DUBBAK,GAMBHEERPUR,524,284,5
MEDAK,DUBBAK,GOSANPALLE,277,181,
MEDAK,DUBBAK,HABSIPUR,500,243,
MEDAK,DUBBAK,HASANMEERAPUR,171,108,1
MEDAK,DUBBAK,KAMMARLAPALLE,320,199,
MEDAK,DUBBAK,LACCHAPET,198,86,
MEDAK,DUBBAK,MALLAIPALLE,30,12,
MEDAK,DUBBAK,PADMANABHUNIPALLE,322,191,2
MEDAK,DUBBAK,PEDDAGUNDAVELLI,985,497,4
MEDAK,DUBBAK,POTHARAM,282,146,2
MEDAK,DUBBAK,POTHAREDDYPET,1007,537,5
MEDAK,DUBBAK,RAGHOTTAMPALLE,317,173,
MEDAK,DUBBAK,RAJAKKAPET,574,333,3
MEDAK,DUBBAK,RAMAKKAPET,684,326,2
MEDAK,DUBBAK,RAMESWARPALLE,188,95,1
MEDAK,DUBBAK,SHILAJINAGAR,253,183,1
MEDAK,DUBBAK,THIMMAPUR,484,244,
MEDAK,GAJWEL,Ahmedipur,907,558,1
MEDAK,GAJWEL,AKARAM,455,283,1
MEDAK,GAJWEL,Anantharaopalli,236,165,
MEDAK,GAJWEL,Banglavenkatpur,435,299,3
MEDAK,GAJWEL,Bayyaram,421,238,2
MEDAK,GAJWEL,Bejgaum,539,325,
MEDAK,GAJWEL,Burugupalle,371,213,1
MEDAK,GAJWEL,Dacharam,291,174,
MEDAK,GAJWEL,Datharpalle,224,150,
MEDAK,GAJWEL,Dharmareddypally,415,254,1
MEDAK,GAJWEL,Dillalpur,421,257,
MEDAK,GAJWEL,GAJWEL,237,125,
MEDAK,GAJWEL,Giripally,337,194,1
MEDAK,GAJWEL,Jaligaon,519,278,2
MEDAK,GAJWEL,Kodakandla,567,331,
MEDAK,GAJWEL,Kolgur,504,328,2
MEDAK,GAJWEL,Komatibanda,373,285,1
MEDAK,GAJWEL,Kyasaram,12,9,
MEDAK,GAJWEL,Maqtamasanpalli,212,155,2
MEDAK,GAJWEL,MUTRAJPALLY,118,80,1
MEDAK,GAJWEL,Pidched,544,335,2
MEDAK,GAJWEL,PRAGNAPUR,299,193,2
MEDAK,GAJWEL,Rimmanguda,508,279,
MEDAK,GAJWEL,Seripally,224,117,
MEDAK,GAJWEL,Singatam,430,258,2
MEDAK,GAJWEL,Srigipipally,486,287,3
MEDAK,HATHNOORA,BORPATLA,609,375,2
MEDAK,HATHNOORA,CHANDAPUR,224,164,
MEDAK,HATHNOORA,CHEEKMADDUR,259,165,1
MEDAK,HATHNOORA,CHINTALCHERU,820,576,4
MEDAK,HATHNOORA,DOULTHABAD,1186,687,1
MEDAK,HATHNOORA,GOVINDRAJPALLY,255,185,
MEDAK,HATHNOORA,GUNDLMACHNOOR,403,253,
MEDAK,HATHNOORA,HATHNOORA,921,526,3
MEDAK,HATHNOORA,KASAL,766,392,
MEDAK,HATHNOORA,KONYAL,535,302,
MEDAK,HATHNOORA,LINGAPUR,369,223,5
MEDAK,HATHNOORA,NAGARAM,640,423,1
MEDAK,HATHNOORA,NAGULDEVPALLY,356,232,2
MEDAK,HATHNOORA,NASTIPUR,287,202,1
MEDAK,HATHNOORA,NAWABPET,360,258,
MEDAK,HATHNOORA,PALPANOOR,230,139,1
MEDAK,HATHNOORA,PANYAL,616,428,5
MEDAK,HATHNOORA,REDDIKHANAPUR,338,197,4
MEDAK,HATHNOORA,SADULLLANAGAR,343,214,
MEDAK,HATHNOORA,SIKNDLAPUR,700,469,1
MEDAK,HATHNOORA,SIRPURAM,859,540,6
MEDAK,HATHNOORA,TURKALKHANAPUR,488,299,5
MEDAK,HATHNOORA,YELLAMMAGUDA,494,338,1
MEDAK,JAGDEVPUR,Alirajpet,445,251,
MEDAK,JAGDEVPUR,Angadikistapur,241,147,1
MEDAK,JAGDEVPUR,Baswapur,510,313,4
MEDAK,JAGDEVPUR,Chatlapally,369,258,
MEDAK,JAGDEVPUR,Chebarthy,777,486,2
MEDAK,JAGDEVPUR,Chinnakistapur,534,309,1
MEDAK,JAGDEVPUR,Dharmaram,242,189,3
MEDAK,JAGDEVPUR,Doulapur,427,242,1
MEDAK,JAGDEVPUR,Erravally,413,278,
MEDAK,JAGDEVPUR,GOLLAPALLY,537,315,
MEDAK,JAGDEVPUR,Itikyal,718,460,2
MEDAK,JAGDEVPUR,Jagadevpur,1119,685,4
MEDAK,JAGDEVPUR,"Lingareddy pally",345,241,2
MEDAK,JAGDEVPUR,Munigadapa,715,429,2
MEDAK,JAGDEVPUR,Peerlapally,506,325,1
MEDAK,JAGDEVPUR,Rayavaram,468,304,
MEDAK,JAGDEVPUR,Sivarvenkatapur,320,227,2
MEDAK,JAGDEVPUR,Teegul,1158,714,1
MEDAK,JAGDEVPUR,"Teegul Narsapur",594,379,1
MEDAK,JAGDEVPUR,THIMMAPUR,505,354,1
MEDAK,JAGDEVPUR,Vardharajpur,392,324,4
MEDAK,JAGDEVPUR,Venkatapur(BG),644,469,1
MEDAK,JAGDEVPUR,Watttipally,525,337,
MEDAK,JHARASANGAM,BARDIPUR,389,248,1
MEDAK,JHARASANGAM,BIDEKANNA,418,309,1
MEDAK,JHARASANGAM,BOPANPALLE,164,105,1
MEDAK,JHARASANGAM,BOREGAON,148,114,
MEDAK,JHARASANGAM,CHILEMAMIDI,364,251,
MEDAK,JHARASANGAM,CHILEPALLE,383,322,2
MEDAK,JHARASANGAM,CHILKEPALLE,303,181,2
MEDAK,JHARASANGAM,DEVARAMPALLE,308,222,
MEDAK,JHARASANGAM,EDULAPALLE,431,309,1
MEDAK,JHARASANGAM,GINIYARPALLE,295,215,
MEDAK,JHARASANGAM,GUNTAMARPALLE,219,157,
MEDAK,JHARASANGAM,JEERLAPALLE,327,213,
MEDAK,JHARASANGAM,JHARASANGAM,540,280,2
MEDAK,JHARASANGAM,JUNEGAON,222,136,1
MEDAK,JHARASANGAM,KAKKERWADA,271,198,
MEDAK,JHARASANGAM,KAMALPALLE,152,85,1
MEDAK,JHARASANGAM,KOLLUR,384,242,3
MEDAK,JHARASANGAM,KRISHNAPUR,319,219,3
MEDAK,JHARASANGAM,KUPPANAGAR,615,449,
MEDAK,JHARASANGAM,MACHNOOR,450,309,1
MEDAK,JHARASANGAM,MEDPALLY,280,193,1
MEDAK,JHARASANGAM,NARSAPUR,181,126,2
MEDAK,JHARASANGAM,POTPALLY,480,311,
MEDAK,JHARASANGAM,SIDDAPUR,146,108,2
MEDAK,JHARASANGAM,TUMMANPALLE,463,314,
MEDAK,JHARASANGAM,VANAMPALLE,263,179,
MEDAK,JHARASANGAM,YEDAKULAPALLY,370,265,1
MEDAK,JHARASANGAM,YELGOI,737,525,
MEDAK,JINNARAM,AMDOOR,293,178,
MEDAK,JINNARAM,ANANTHARAM,191,139,
MEDAK,JINNARAM,ANNARAM,995,648,4
MEDAK,JINNARAM,BOLLARAM,4636,3191,25
MEDAK,JINNARAM,BONTHAPALLE,961,567,7
MEDAK,JINNARAM,Dacharam,180,69,2
MEDAK,JINNARAM,DOMADUGU,613,379,
MEDAK,JINNARAM,GADDAPOTHARAM,576,393,1
MEDAK,JINNARAM,GUMMADIDALA,1338,818,2
MEDAK,JINNARAM,JINNARAM,818,515,2
MEDAK,JINNARAM,KANUKUNTA,1087,682,3
MEDAK,JINNARAM,KHAJIPALLE,339,225,
MEDAK,JINNARAM,KODAKANCHI,399,249,1
MEDAK,JINNARAM,KOTHAPALLE,348,231,4
MEDAK,JINNARAM,MADHARAM,593,330,
MEDAK,JINNARAM,MAMBAPUR,187,77,
MEDAK,JINNARAM,MANGAMPET,153,98,
MEDAK,JINNARAM,NALLAVALLE,484,298,1
MEDAK,JINNARAM,NALTHUR,267,201,
MEDAK,JINNARAM,OOTLA,380,252,
MEDAK,JINNARAM,SHIVANAGAR,280,172,
MEDAK,JINNARAM,SOLAKPALLE,599,381,2
MEDAK,JINNARAM,VAILAL,412,213,1
MEDAK,KALHER,ANTHERGAON,620,502,3
MEDAK,KALHER,BACHEPALLE,969,666,4
MEDAK,KALHER,BIBIPET,1048,687,2
MEDAK,KALHER,KADPAL,1035,720,2
MEDAK,KALHER,KALHER,1059,680,3
MEDAK,KALHER,KRISHNAPOOR,1107,743,5
MEDAK,KALHER,MARDI,1034,714,7
MEDAK,KALHER,MASANPALLE,892,596,5
MEDAK,KALHER,MUBARAKPOOR,543,425,1
MEDAK,KALHER,MUNIGEPALLY,359,245,1
MEDAK,KALHER,NAGDHAR,1066,765,
MEDAK,KALHER,POCHAPOOR,470,344,1
MEDAK,KALHER,RAMREDDIPET,679,491,2
MEDAK,KALHER,RAPARTHY,830,577,7
MEDAK,KALHER,SIRGAPOOR,1631,1186,4
MEDAK,KALHER,SULTHANABAD,934,639,1
MEDAK,KANGTI,BHEEMRA,513,418,4
MEDAK,KANGTI,BORGI,672,539,2
MEDAK,KANGTI,CHAPTA[K],1057,780,2
MEDAK,KANGTI,CHOWKANPALLE,579,468,1
MEDAK,KANGTI,DAMARGIDDA(P.M),623,455,
MEDAK,KANGTI,DEGULAWADI,676,484,1
MEDAK,KANGTI,ENKEMORI,724,643,2
MEDAK,KANGTI,GAJULPAHAD,519,463,1
MEDAK,KANGTI,GARDEGAON,360,289,1
MEDAK,KANGTI,"JAMGI B",523,431,2
MEDAK,KANGTI,"JAMGI K",656,452,3
MEDAK,KANGTI,KANGTI,1061,679,1
MEDAK,KANGTI,"NAGOOR [B]",594,490,2
MEDAK,KANGTI,"NAGOOR [K]",397,301,1
MEDAK,KANGTI,POTPALLY,872,736,1
MEDAK,KANGTI,RASOLE,318,224,1
MEDAK,KANGTI,SANGAM,485,347,2
MEDAK,KANGTI,SIDHANGARGA,482,409,1
MEDAK,KANGTI,TADKAL,1112,763,4
MEDAK,KANGTI,TURKWADGAON,932,723,2
MEDAK,KANGTI,WANGDHAL,555,465,1
MEDAK,KANGTI,WASAR,1026,848,1
MEDAK,KOHIR,BADAMPET,331,211,
MEDAK,KOHIR,BILALPOOR,805,514,7
MEDAK,KOHIR,CHINTHALGHAT,521,324,5
MEDAK,KOHIR,DIGWAL,779,502,3
MEDAK,KOHIR,"GODGAR PALLYPATTI",716,496,4
MEDAK,KOHIR,GURJUWADA,398,241,3
MEDAK,KOHIR,KAVELLI,444,286,2
MEDAK,KOHIR,KHANAPUR,620,424,2
MEDAK,KOHIR,KOHIR,2087,1441,13
MEDAK,KOHIR,MACHREDDIPALLE,409,227,
MEDAK,KOHIR,MADRI,448,318,
MEDAK,KOHIR,MANIYARPALLY,645,473,3
MEDAK,KOHIR,NAGIREDDYPALLY,475,359,1
MEDAK,KOHIR,PAIDIGUMMAL,690,491,1
MEDAK,KOHIR,PARSAPALLY,320,240,3
MEDAK,KOHIR,PICHARAGAD,732,489,3
MEDAK,KOHIR,POTHIREDDYPALLY,271,181,1
MEDAK,KOHIR,RAJNELLI,223,123,1
MEDAK,KOHIR,SAJJAPUR,264,183,
MEDAK,KOHIR,VENKATAPUR,418,265,2
MEDAK,KONDAPAK,ANKIREDDIPALLY,713,438,
MEDAK,KONDAPAK,BANDARAM,570,337,
MEDAK,KONDAPAK,DUDDEDA,1140,637,1
MEDAK,KONDAPAK,Erravally,438,294,1
MEDAK,KONDAPAK,KHAMMAMPALLY,404,247,1
MEDAK,KONDAPAK,KONAIPALLY,158,111,
MEDAK,KONDAPAK,KONDAPAK,1362,776,4
MEDAK,KONDAPAK,KUKNURPALLY,1286,805,4
MEDAK,KONDAPAK,LAKUDARAM,481,295,1
MEDAK,KONDAPAK,MANGOLE,495,323,
MEDAK,KONDAPAK,MARPADGA,1111,653,3
MEDAK,KONDAPAK,MATHAPALLY,238,145,
MEDAK,KONDAPAK,MEDINIPUR,342,245,
MEDAK,KONDAPAK,SIRSINGANDLA,1108,697,6
MEDAK,KONDAPAK,THIMMAREDDIPALLY,427,240,
MEDAK,KONDAPAK,THIPPARAM,490,339,6
MEDAK,KONDAPAK,VELIKATTA,570,361,
MEDAK,KONDAPAK,ZAPTHINACHARAM,309,198,1
MEDAK,KONDAPUR,ALIABAD,127,111,
MEDAK,KONDAPUR,ANANTHASAGAR,751,449,3
MEDAK,KONDAPUR,CHIKONAPUR,413,295,1
MEDAK,KONDAPUR,DOBBAKUNTA,218,152,1
MEDAK,KONDAPUR,GANGARAM,479,310,
MEDAK,KONDAPUR,GARAKURTHY,204,152,1
MEDAK,KONDAPUR,GIRMAPUR,141,79,
MEDAK,KONDAPUR,GOLLAPALLE,459,245,3
MEDAK,KONDAPUR,"GOPLARAM [KURD]",142,84,
MEDAK,KONDAPUR,GUNTHAPALLY,307,157,1
MEDAK,KONDAPUR,HARIDASPUR,281,191,1
MEDAK,KONDAPUR,KONDAPUR,702,489,3
MEDAK,KONDAPUR,MACHEPALLE,299,222,2
MEDAK,KONDAPUR,MALKAPUR,946,575,3
MEDAK,KONDAPUR,MALLEPALLY,410,268,3
MEDAK,KONDAPUR,MANSANIPALLE,262,164,
MEDAK,KONDAPUR,MAREPALLE,634,358,3
MEDAK,KONDAPUR,MOHAMMADAPUR,253,171,1
MEDAK,KONDAPUR,MUNIDEVUNIPALLE,356,295,
MEDAK,KONDAPUR,SAIDAPUR,348,190,4
MEDAK,KONDAPUR,TERPOLE,640,417,3
MEDAK,KONDAPUR,TOGURPALLY,726,427,1
MEDAK,KOWDIPALLE,AJJAMARRI,374,258,2
MEDAK,KOWDIPALLE,BANDAPOTHGUL,259,149,1
MEDAK,KOWDIPALLE,BUJARAMPET,1044,704,2
MEDAK,KOWDIPALLE,CHANDUR,636,335,
MEDAK,KOWDIPALLE,CHILIPCHED,579,318,1
MEDAK,KOWDIPALLE,CHITKUL,839,428,1
MEDAK,KOWDIPALLE,DEVULAPALLY,364,232,
MEDAK,KOWDIPALLE,DHARMASAGAR,119,75,1
MEDAK,KOWDIPALLE,FAIZABAD,533,335,2
MEDAK,KOWDIPALLE,GANGARAM,313,208,
MEDAK,KOWDIPALLE,GOUTHAPUR,571,361,1
MEDAK,KOWDIPALLE,JAGGAMPET,324,201,
MEDAK,KOWDIPALLE,KANCHANPALLY,477,304,3
MEDAK,KOWDIPALLE,KOTTAL,462,306,
MEDAK,KOWDIPALLE,KOWDIPALLY,813,459,5
MEDAK,KOWDIPALLE,KUKATPALLY,449,309,
MEDAK,KOWDIPALLE,MOHAMMEDNAGAR,905,582,2
MEDAK,KOWDIPALLE,MUTRAJPALLY,356,188,
MEDAK,KOWDIPALLE,RAILAPUR,371,223,
MEDAK,KOWDIPALLE,RAJIPET,587,375,1
MEDAK,KOWDIPALLE,RAMDASGUDA,198,124,
MEDAK,KOWDIPALLE,SADASHIVPALLY,330,215,1
MEDAK,KOWDIPALLE,SALABATPUR,1000,654,1
MEDAK,KOWDIPALLE,SOMAKKAPET,767,504,
MEDAK,KOWDIPALLE,THIMMAPUR,654,408,
MEDAK,KOWDIPALLE,THUNKI,690,438,
MEDAK,KOWDIPALLE,VENKATRAOPET,385,270,2
MEDAK,KOWDIPALLE,YELMAKANNA,410,240,4
MEDAK,KULCHARAM,AMSANPALLY,646,365,
MEDAK,KULCHARAM,CHINNAGHANPUR,764,423,2
MEDAK,KULCHARAM,"ETIGADDA MOHMDAPUR",264,161,
MEDAK,KULCHARAM,KISTAPUR,444,192,1
MEDAK,KULCHARAM,KONAPUR,314,231,1
MEDAK,KULCHARAM,KONGODE,479,309,
MEDAK,KULCHARAM,KULCHARAM,961,554,4
MEDAK,KULCHARAM,PAITHARA,686,442,1
MEDAK,KULCHARAM,POTHAMSHETTYPALLY,1034,629,5
MEDAK,KULCHARAM,POTHIREDDIPALLY,305,180,
MEDAK,KULCHARAM,RAMPUR,304,129,
MEDAK,KULCHARAM,RANGAMPET,884,491,1
MEDAK,KULCHARAM,SANGAIPET,617,325,
MEDAK,KULCHARAM,VARIGUNTHAM,858,544,1
MEDAK,KULCHARAM,YENIGANDLA,680,402,6
MEDAK,MANOOR,ATHIMAIL,377,216,1
MEDAK,MANOOR,AUDATHPUR,632,499,3
MEDAK,MANOOR,BADALGAON,281,225,
MEDAK,MANOOR,BELLAPUR,486,335,1
MEDAK,MANOOR,BORANCHA,646,502,2
MEDAK,MANOOR,DANVAR,343,211,4
MEDAK,MANOOR,DAVVUR,397,328,
MEDAK,MANOOR,DUDHAGONDA,322,222,
MEDAK,MANOOR,ENAKPALLY,742,610,1
MEDAK,MANOOR,ERRAKIPALLE,998,827,1
MEDAK,MANOOR,GONDAGAON,291,224,
MEDAK,MANOOR,GUDUR,424,326,
MEDAK,MANOOR,KARSGUTTI,912,693,2
MEDAK,MANOOR,KHARAMUNGI,573,438,2
MEDAK,MANOOR,MAIKODE,475,335,
MEDAK,MANOOR,MANOOR,513,364,1
MEDAK,MANOOR,MAVINELLI,674,548,2
MEDAK,MANOOR,MORGI,637,474,1
MEDAK,MANOOR,"NADIGADDA HUKRANA",348,272,1
MEDAK,MANOOR,NAGALGIDDA,576,411,3
MEDAK,MANOOR,PULKURTHY,487,337,1
MEDAK,MANOOR,RAIPALLE,368,210,
MEDAK,MANOOR,"SHARI DAMARGIDDA",807,621,2
MEDAK,MANOOR,SHELGERA,384,316,1
MEDAK,MANOOR,THIMMAPUR,388,282,1
MEDAK,MANOOR,THORNAL,316,240,3
MEDAK,MANOOR,TUMUR,723,570,2
MEDAK,MANOOR,VALLOOR,603,540,2
MEDAK,MANOOR,YELGOI,438,322,
MEDAK,MANOOR,YESGI,291,239,1
MEDAK,MEDAK,AURANGABAD,518,312,1
MEDAK,MEDAK,AUSULPALLY,663,426,1
MEDAK,MEDAK,B.THIMMAIPALLY,374,216,1
MEDAK,MEDAK,"BOGADA BHOOPATHIPUR",397,219,2
MEDAK,MEDAK,BURUGUPALLY,1221,705,3
MEDAK,MEDAK,BYATHOLE,228,142,
MEDAK,MEDAK,CHITYAL,923,579,2
MEDAK,MEDAK,FAREEDPUR,298,127,
MEDAK,MEDAK,GANGAPUR,415,297,2
MEDAK,MEDAK,HAVELIGHANPUR,794,520,7
MEDAK,MEDAK,JAKKANNAPET,592,343,3
MEDAK,MEDAK,KHAZIPALLY,453,283,3
MEDAK,MEDAK,KOTHAPALLY,447,274,1
MEDAK,MEDAK,KUCHANPALLY,672,330,1
MEDAK,MEDAK,LINGASANPALLE,282,153,3
MEDAK,MEDAK,MACHAVARAM,395,231,
MEDAK,MEDAK,MADULWAI,417,223,2
MEDAK,MEDAK,"MAKTA BHOOPATHIPUR",548,271,2
MEDAK,MEDAK,MAMBOJIPALLY,341,181,1
MEDAK,MEDAK,MAQDUMPUR,219,149,
MEDAK,MEDAK,MUTHAIPALLY,165,70,1
MEDAK,MEDAK,NAGAPUR,415,224,
MEDAK,MEDAK,PATHUR,525,346,1
MEDAK,MEDAK,PERUR,312,153,
MEDAK,MEDAK,RAJPALLY,1097,632,9
MEDAK,MEDAK,RAJPET,679,384,2
MEDAK,MEDAK,RAYANPALLY,406,273,
MEDAK,MEDAK,RYALAMADUGU,274,128,
MEDAK,MEDAK,SARDHANA,716,368,3
MEDAK,MEDAK,SHAMNAPUR,592,376,
MEDAK,MEDAK,SHIVAIPALLY,278,168,
MEDAK,MEDAK,THIMMANAGAR,356,241,
MEDAK,MEDAK,THOGITA,597,365,2
MEDAK,MEDAK,VENKATAPUR,545,346,2
MEDAK,MEDAK,WADI,389,219,
MEDAK,MIRDODDI,AKBARPET,251,120,
MEDAK,MIRDODDI,ALWAL,721,396,2
MEDAK,MIRDODDI,ANDEY,563,360,4
MEDAK,MIRDODDI,BHOOMPALLE,864,464,2
MEDAK,MIRDODDI,CHEPYAL,1178,695,4
MEDAK,MIRDODDI,Dharmaram,336,177,
MEDAK,MIRDODDI,JANGAPALLE,483,272,
MEDAK,MIRDODDI,KASULABAD,465,226,
MEDAK,MIRDODDI,KHAZIPUR,629,349,2
MEDAK,MIRDODDI,KONDAPUR,396,206,
MEDAK,MIRDODDI,LAXMINAGAR,236,159,
MEDAK,MIRDODDI,MALLUPALLE,506,293,2
MEDAK,MIRDODDI,MIRDODDI,1300,782,3
MEDAK,MIRDODDI,MOTHEY,661,336,1
