year,season,districtname,mandalname,crop,normalareasown,actualareasown
2017-2018,Rabi,Sangareddy,Sangareddy,Paddy,167,120
2017-2018,Rabi,Sangareddy,Kandi,Paddy,331,220
2017-2018,Rabi,Sangareddy,Kondapur,Paddy,162,152
2017-2018,Rabi,Sangareddy,Sadasivpet,Paddy,0,165
2017-2018,Rabi,Sangareddy,Patancheru,Paddy,383,387
2017-2018,Rabi,Sangareddy,Ameenpur,Paddy,0,48
2017-2018,Rabi,Sangareddy,Velimela,Paddy,0,90
2017-2018,Rabi,Sangareddy,Jinnaram,Paddy,305,1123
2017-2018,Rabi,Sangareddy,Gummadidala,Paddy,671,312
2017-2018,Rabi,Sangareddy,Zaheerabad,Paddy,0,0
2017-2018,Rabi,Sangareddy,Mogudampally,Paddy,0,0
2017-2018,Rabi,Sangareddy,Nyalkal,Paddy,0,0
2017-2018,Rabi,Sangareddy,Jharasangam,Paddy,0,0
2017-2018,Rabi,Sangareddy,Kohir,Paddy,0,0
2017-2018,Rabi,Sangareddy,Narayankhed,Paddy,0,518
2017-2018,Rabi,Sangareddy,Kalher,Paddy,0,857
2017-2018,Rabi,Sangareddy,Sirgapur,Paddy,0,18
2017-2018,Rabi,Sangareddy,Kangti,Paddy,0,31
2017-2018,Rabi,Sangareddy,Manoor,Paddy,0,0
2017-2018,Rabi,Sangareddy,Nagalgidda,Paddy,0,0
2017-2018,Rabi,Sangareddy,Andole,Paddy,349,625
2017-2018,Rabi,Sangareddy,Pulkal,Paddy,0,1230
2017-2018,Rabi,Sangareddy,Hathnoora,Paddy,0,2043.6
2017-2018,Rabi,Sangareddy,Munipally,Paddy,11,0
2017-2018,Rabi,Sangareddy,Raikode,Paddy,0,0
2017-2018,Rabi,Sangareddy,Vatpally,Paddy,0,0
2017-2018,Rabi,Sangareddy,Sangareddy,Wheat,2,1
2017-2018,Rabi,Sangareddy,Kandi,Wheat,3,5
2017-2018,Rabi,Sangareddy,Kondapur,Wheat,0,10
2017-2018,Rabi,Sangareddy,Sadasivpet,Wheat,0,21
2017-2018,Rabi,Sangareddy,Patancheru,Wheat,10,2
2017-2018,Rabi,Sangareddy,Ameenpur,Wheat,,
2017-2018,Rabi,Sangareddy,Velimela,Wheat,,12
2017-2018,Rabi,Sangareddy,Jinnaram,Wheat,0,0
2017-2018,Rabi,Sangareddy,Gummadidala,Wheat,0,0
2017-2018,Rabi,Sangareddy,Zaheerabad,Wheat,78,0
2017-2018,Rabi,Sangareddy,Mogudampally,Wheat,68,0
2017-2018,Rabi,Sangareddy,Nyalkal,Wheat,0,0
2017-2018,Rabi,Sangareddy,Jharasangam,Wheat,112,5
2017-2018,Rabi,Sangareddy,Kohir,Wheat,345,52.5
2017-2018,Rabi,Sangareddy,Narayankhed,Wheat,0,10
2017-2018,Rabi,Sangareddy,Kalher,Wheat,0,17
2017-2018,Rabi,Sangareddy,Sirgapur,Wheat,0,10
2017-2018,Rabi,Sangareddy,Kangti,Wheat,0,12
2017-2018,Rabi,Sangareddy,Manoor,Wheat,0,25
2017-2018,Rabi,Sangareddy,Nagalgidda,Wheat,0,12
2017-2018,Rabi,Sangareddy,Andole,Wheat,46,6
2017-2018,Rabi,Sangareddy,Pulkal,Wheat,0,1
2017-2018,Rabi,Sangareddy,Hathnoora,Wheat,0,0
2017-2018,Rabi,Sangareddy,Munipally,Wheat,0,0
2017-2018,Rabi,Sangareddy,Raikode,Wheat,0,0
2017-2018,Rabi,Sangareddy,Vatpally,Wheat,0,0
2017-2018,Rabi,Sangareddy,Sangareddy,Jowar,52,9
2017-2018,Rabi,Sangareddy,Kandi,Jowar,105,12
2017-2018,Rabi,Sangareddy,Kondapur,Jowar,0,12
2017-2018,Rabi,Sangareddy,Sadasivpet,Jowar,0,22
2017-2018,Rabi,Sangareddy,Patancheru,Jowar,48,26
2017-2018,Rabi,Sangareddy,Ameenpur,Jowar,,
2017-2018,Rabi,Sangareddy,Velimela,Jowar,,4
2017-2018,Rabi,Sangareddy,Jinnaram,Jowar,2,12
2017-2018,Rabi,Sangareddy,Gummadidala,Jowar,55,8
2017-2018,Rabi,Sangareddy,Zaheerabad,Jowar,634,132.9
2017-2018,Rabi,Sangareddy,Mogudampally,Jowar,366,185
2017-2018,Rabi,Sangareddy,Nyalkal,Jowar,0,340
2017-2018,Rabi,Sangareddy,Jharasangam,Jowar,322,30
2017-2018,Rabi,Sangareddy,Kohir,Jowar,675,185
2017-2018,Rabi,Sangareddy,Narayankhed,Jowar,0,451
2017-2018,Rabi,Sangareddy,Kalher,Jowar,0,288
2017-2018,Rabi,Sangareddy,Sirgapur,Jowar,0,321
2017-2018,Rabi,Sangareddy,Kangti,Jowar,0,97
2017-2018,Rabi,Sangareddy,Manoor,Jowar,0,136
2017-2018,Rabi,Sangareddy,Nagalgidda,Jowar,0,206
2017-2018,Rabi,Sangareddy,Andole,Jowar,253,150
2017-2018,Rabi,Sangareddy,Pulkal,Jowar,203,3
2017-2018,Rabi,Sangareddy,Hathnoora,Jowar,0,23.6
2017-2018,Rabi,Sangareddy,Munipally,Jowar,130,96
2017-2018,Rabi,Sangareddy,Raikode,Jowar,1071,296
2017-2018,Rabi,Sangareddy,Vatpally,Jowar,250,30
2017-2018,Rabi,Sangareddy,Sangareddy,Bajra,0,0
2017-2018,Rabi,Sangareddy,Kandi,Bajra,0,0
2017-2018,Rabi,Sangareddy,Kondapur,Bajra,0,0
2017-2018,Rabi,Sangareddy,Sadasivpet,Bajra,0,0
2017-2018,Rabi,Sangareddy,Patancheru,Bajra,0,0
2017-2018,Rabi,Sangareddy,Ameenpur,Bajra,,
2017-2018,Rabi,Sangareddy,Velimela,Bajra,,
2017-2018,Rabi,Sangareddy,Jinnaram,Bajra,0,0
2017-2018,Rabi,Sangareddy,Gummadidala,Bajra,0,0
2017-2018,Rabi,Sangareddy,Zaheerabad,Bajra,0,0
2017-2018,Rabi,Sangareddy,Mogudampally,Bajra,0,0
2017-2018,Rabi,Sangareddy,Nyalkal,Bajra,0,0
2017-2018,Rabi,Sangareddy,Jharasangam,Bajra,0,0
2017-2018,Rabi,Sangareddy,Kohir,Bajra,0,0
2017-2018,Rabi,Sangareddy,Narayankhed,Bajra,0,0
2017-2018,Rabi,Sangareddy,Kalher,Bajra,0,0
2017-2018,Rabi,Sangareddy,Sirgapur,Bajra,0,0
2017-2018,Rabi,Sangareddy,Kangti,Bajra,0,0
2017-2018,Rabi,Sangareddy,Manoor,Bajra,0,0
2017-2018,Rabi,Sangareddy,Nagalgidda,Bajra,0,0
2017-2018,Rabi,Sangareddy,Andole,Bajra,0,0
2017-2018,Rabi,Sangareddy,Pulkal,Bajra,0,0
2017-2018,Rabi,Sangareddy,Hathnoora,Bajra,0,0
2017-2018,Rabi,Sangareddy,Munipally,Bajra,0,0
2017-2018,Rabi,Sangareddy,Raikode,Bajra,0,0
2017-2018,Rabi,Sangareddy,Vatpally,Bajra,0,0
2017-2018,Rabi,Sangareddy,Sangareddy,Maize,3,20
2017-2018,Rabi,Sangareddy,Kandi,Maize,39,15
2017-2018,Rabi,Sangareddy,Kondapur,Maize,0,12
2017-2018,Rabi,Sangareddy,Sadasivpet,Maize,0,9
2017-2018,Rabi,Sangareddy,Patancheru,Maize,93,67
2017-2018,Rabi,Sangareddy,Ameenpur,Maize,,
2017-2018,Rabi,Sangareddy,Velimela,Maize,,
2017-2018,Rabi,Sangareddy,Jinnaram,Maize,5,0
2017-2018,Rabi,Sangareddy,Gummadidala,Maize,155,56
2017-2018,Rabi,Sangareddy,Zaheerabad,Maize,41,0
2017-2018,Rabi,Sangareddy,Mogudampally,Maize,16,9
2017-2018,Rabi,Sangareddy,Nyalkal,Maize,0,0
2017-2018,Rabi,Sangareddy,Jharasangam,Maize,20,16
2017-2018,Rabi,Sangareddy,Kohir,Maize,285,36.5
2017-2018,Rabi,Sangareddy,Narayankhed,Maize,0,438
2017-2018,Rabi,Sangareddy,Kalher,Maize,0,556
2017-2018,Rabi,Sangareddy,Sirgapur,Maize,0,182
2017-2018,Rabi,Sangareddy,Kangti,Maize,0,152
2017-2018,Rabi,Sangareddy,Manoor,Maize,0,0
2017-2018,Rabi,Sangareddy,Nagalgidda,Maize,0,0
2017-2018,Rabi,Sangareddy,Andole,Maize,104,37
2017-2018,Rabi,Sangareddy,Pulkal,Maize,0,7
2017-2018,Rabi,Sangareddy,Hathnoora,Maize,0,94.8
2017-2018,Rabi,Sangareddy,Munipally,Maize,0,0
2017-2018,Rabi,Sangareddy,Raikode,Maize,0,0
2017-2018,Rabi,Sangareddy,Vatpally,Maize,35,5
2017-2018,Rabi,Sangareddy,Sangareddy,Ragi,0,0
2017-2018,Rabi,Sangareddy,Kandi,Ragi,0,0
2017-2018,Rabi,Sangareddy,Kondapur,Ragi,0,0
2017-2018,Rabi,Sangareddy,Sadasivpet,Ragi,0,0
2017-2018,Rabi,Sangareddy,Patancheru,Ragi,0,0
2017-2018,Rabi,Sangareddy,Ameenpur,Ragi,,
2017-2018,Rabi,Sangareddy,Velimela,Ragi,,
2017-2018,Rabi,Sangareddy,Jinnaram,Ragi,0,0
2017-2018,Rabi,Sangareddy,Gummadidala,Ragi,0,0
2017-2018,Rabi,Sangareddy,Zaheerabad,Ragi,0,0
2017-2018,Rabi,Sangareddy,Mogudampally,Ragi,0,0
2017-2018,Rabi,Sangareddy,Nyalkal,Ragi,0,0
2017-2018,Rabi,Sangareddy,Jharasangam,Ragi,0,0
2017-2018,Rabi,Sangareddy,Kohir,Ragi,0,0
2017-2018,Rabi,Sangareddy,Narayankhed,Ragi,0,0
2017-2018,Rabi,Sangareddy,Kalher,Ragi,0,0
2017-2018,Rabi,Sangareddy,Sirgapur,Ragi,0,0
2017-2018,Rabi,Sangareddy,Kangti,Ragi,0,0
2017-2018,Rabi,Sangareddy,Manoor,Ragi,0,0
2017-2018,Rabi,Sangareddy,Nagalgidda,Ragi,0,0
2017-2018,Rabi,Sangareddy,Andole,Ragi,0,0
2017-2018,Rabi,Sangareddy,Pulkal,Ragi,0,0
2017-2018,Rabi,Sangareddy,Hathnoora,Ragi,0,0
2017-2018,Rabi,Sangareddy,Munipally,Ragi,0,0
2017-2018,Rabi,Sangareddy,Raikode,Ragi,0,0
2017-2018,Rabi,Sangareddy,Vatpally,Ragi,0,0
2017-2018,Rabi,Sangareddy,Sangareddy,"Horse Gram",0,0
2017-2018,Rabi,Sangareddy,Kandi,"Horse Gram",0,0
2017-2018,Rabi,Sangareddy,Kondapur,"Horse Gram",0,0
2017-2018,Rabi,Sangareddy,Sadasivpet,"Horse Gram",0,0
2017-2018,Rabi,Sangareddy,Patancheru,"Horse Gram",7,3
2017-2018,Rabi,Sangareddy,Ameenpur,"Horse Gram",,
2017-2018,Rabi,Sangareddy,Velimela,"Horse Gram",,
2017-2018,Rabi,Sangareddy,Jinnaram,"Horse Gram",0,0
2017-2018,Rabi,Sangareddy,Gummadidala,"Horse Gram",0,0
2017-2018,Rabi,Sangareddy,Zaheerabad,"Horse Gram",0,0
2017-2018,Rabi,Sangareddy,Mogudampally,"Horse Gram",0,0
2017-2018,Rabi,Sangareddy,Nyalkal,"Horse Gram",0,0
2017-2018,Rabi,Sangareddy,Jharasangam,"Horse Gram",0,0
2017-2018,Rabi,Sangareddy,Kohir,"Horse Gram",0,0
2017-2018,Rabi,Sangareddy,Narayankhed,"Horse Gram",0,0
2017-2018,Rabi,Sangareddy,Kalher,"Horse Gram",0,0
2017-2018,Rabi,Sangareddy,Sirgapur,"Horse Gram",0,0
2017-2018,Rabi,Sangareddy,Kangti,"Horse Gram",0,0
2017-2018,Rabi,Sangareddy,Manoor,"Horse Gram",0,0
2017-2018,Rabi,Sangareddy,Nagalgidda,"Horse Gram",0,0
2017-2018,Rabi,Sangareddy,Andole,"Horse Gram",0,0
2017-2018,Rabi,Sangareddy,Pulkal,"Horse Gram",0,0
2017-2018,Rabi,Sangareddy,Hathnoora,"Horse Gram",0,0
2017-2018,Rabi,Sangareddy,Munipally,"Horse Gram",0,0
2017-2018,Rabi,Sangareddy,Raikode,"Horse Gram",0,0
2017-2018,Rabi,Sangareddy,Vatpally,"Horse Gram",5,3
2017-2018,Rabi,Sangareddy,Sangareddy,"Green Gram",0,0
2017-2018,Rabi,Sangareddy,Kandi,"Green Gram",0,0
2017-2018,Rabi,Sangareddy,Kondapur,"Green Gram",0,0
2017-2018,Rabi,Sangareddy,Sadasivpet,"Green Gram",0,0
2017-2018,Rabi,Sangareddy,Patancheru,"Green Gram",0,0
2017-2018,Rabi,Sangareddy,Ameenpur,"Green Gram",,
2017-2018,Rabi,Sangareddy,Velimela,"Green Gram",,
2017-2018,Rabi,Sangareddy,Jinnaram,"Green Gram",0,0
2017-2018,Rabi,Sangareddy,Gummadidala,"Green Gram",41,2
2017-2018,Rabi,Sangareddy,Zaheerabad,"Green Gram",0,0
2017-2018,Rabi,Sangareddy,Mogudampally,"Green Gram",0,0
2017-2018,Rabi,Sangareddy,Nyalkal,"Green Gram",0,0
2017-2018,Rabi,Sangareddy,Jharasangam,"Green Gram",0,0
2017-2018,Rabi,Sangareddy,Kohir,"Green Gram",0,0
2017-2018,Rabi,Sangareddy,Narayankhed,"Green Gram",0,0
2017-2018,Rabi,Sangareddy,Kalher,"Green Gram",0,0
2017-2018,Rabi,Sangareddy,Sirgapur,"Green Gram",0,0
2017-2018,Rabi,Sangareddy,Kangti,"Green Gram",0,0
2017-2018,Rabi,Sangareddy,Manoor,"Green Gram",0,0
2017-2018,Rabi,Sangareddy,Nagalgidda,"Green Gram",0,0
2017-2018,Rabi,Sangareddy,Andole,"Green Gram",0,0
2017-2018,Rabi,Sangareddy,Pulkal,"Green Gram",0,0
2017-2018,Rabi,Sangareddy,Hathnoora,"Green Gram",0,0
2017-2018,Rabi,Sangareddy,Munipally,"Green Gram",0,0
2017-2018,Rabi,Sangareddy,Raikode,"Green Gram",0,0
2017-2018,Rabi,Sangareddy,Vatpally,"Green Gram",0,0
2017-2018,Rabi,Sangareddy,Sangareddy,"Black Gram",0,0
2017-2018,Rabi,Sangareddy,Kandi,"Black Gram",0,0
2017-2018,Rabi,Sangareddy,Kondapur,"Black Gram",0,0
2017-2018,Rabi,Sangareddy,Sadasivpet,"Black Gram",0,0
2017-2018,Rabi,Sangareddy,Patancheru,"Black Gram",0,0
2017-2018,Rabi,Sangareddy,Ameenpur,"Black Gram",,
2017-2018,Rabi,Sangareddy,Velimela,"Black Gram",,
2017-2018,Rabi,Sangareddy,Jinnaram,"Black Gram",0,0
2017-2018,Rabi,Sangareddy,Gummadidala,"Black Gram",52,2
2017-2018,Rabi,Sangareddy,Zaheerabad,"Black Gram",0,0
2017-2018,Rabi,Sangareddy,Mogudampally,"Black Gram",0,0
2017-2018,Rabi,Sangareddy,Nyalkal,"Black Gram",0,0
2017-2018,Rabi,Sangareddy,Jharasangam,"Black Gram",0,0
2017-2018,Rabi,Sangareddy,Kohir,"Black Gram",0,0
2017-2018,Rabi,Sangareddy,Narayankhed,"Black Gram",0,0
2017-2018,Rabi,Sangareddy,Kalher,"Black Gram",0,0
2017-2018,Rabi,Sangareddy,Sirgapur,"Black Gram",0,0
2017-2018,Rabi,Sangareddy,Kangti,"Black Gram",0,0
2017-2018,Rabi,Sangareddy,Manoor,"Black Gram",0,0
2017-2018,Rabi,Sangareddy,Nagalgidda,"Black Gram",0,0
2017-2018,Rabi,Sangareddy,Andole,"Black Gram",0,0
2017-2018,Rabi,Sangareddy,Pulkal,"Black Gram",0,0
2017-2018,Rabi,Sangareddy,Hathnoora,"Black Gram",0,0
2017-2018,Rabi,Sangareddy,Munipally,"Black Gram",0,0
2017-2018,Rabi,Sangareddy,Raikode,"Black Gram",0,0
2017-2018,Rabi,Sangareddy,Vatpally,"Black Gram",0,0
2017-2018,Rabi,Sangareddy,Sangareddy,"Red Gram",0,0
2017-2018,Rabi,Sangareddy,Kandi,"Red Gram",0,0
2017-2018,Rabi,Sangareddy,Kondapur,"Red Gram",0,0
2017-2018,Rabi,Sangareddy,Sadasivpet,"Red Gram",0,0
2017-2018,Rabi,Sangareddy,Patancheru,"Red Gram",0,0
2017-2018,Rabi,Sangareddy,Ameenpur,"Red Gram",,
2017-2018,Rabi,Sangareddy,Velimela,"Red Gram",,
2017-2018,Rabi,Sangareddy,Jinnaram,"Red Gram",0,0
2017-2018,Rabi,Sangareddy,Gummadidala,"Red Gram",0,0
2017-2018,Rabi,Sangareddy,Zaheerabad,"Red Gram",0,0
2017-2018,Rabi,Sangareddy,Mogudampally,"Red Gram",0,0
2017-2018,Rabi,Sangareddy,Nyalkal,"Red Gram",0,0
2017-2018,Rabi,Sangareddy,Jharasangam,"Red Gram",0,0
2017-2018,Rabi,Sangareddy,Kohir,"Red Gram",0,0
2017-2018,Rabi,Sangareddy,Narayankhed,"Red Gram",0,0
2017-2018,Rabi,Sangareddy,Kalher,"Red Gram",0,0
2017-2018,Rabi,Sangareddy,Sirgapur,"Red Gram",0,0
2017-2018,Rabi,Sangareddy,Kangti,"Red Gram",0,0
2017-2018,Rabi,Sangareddy,Manoor,"Red Gram",0,0
2017-2018,Rabi,Sangareddy,Nagalgidda,"Red Gram",0,0
2017-2018,Rabi,Sangareddy,Andole,"Red Gram",0,0
2017-2018,Rabi,Sangareddy,Pulkal,"Red Gram",0,0
2017-2018,Rabi,Sangareddy,Hathnoora,"Red Gram",0,0
2017-2018,Rabi,Sangareddy,Munipally,"Red Gram",0,0
2017-2018,Rabi,Sangareddy,Raikode,"Red Gram",0,0
2017-2018,Rabi,Sangareddy,Vatpally,"Red Gram",0,0
2017-2018,Rabi,Sangareddy,Sangareddy,"Cow Gram",0,0
2017-2018,Rabi,Sangareddy,Kandi,"Cow Gram",0,0
2017-2018,Rabi,Sangareddy,Kondapur,"Cow Gram",0,0
2017-2018,Rabi,Sangareddy,Sadasivpet,"Cow Gram",0,0
2017-2018,Rabi,Sangareddy,Patancheru,"Cow Gram",0,0
2017-2018,Rabi,Sangareddy,Ameenpur,"Cow Gram",,
2017-2018,Rabi,Sangareddy,Velimela,"Cow Gram",,
2017-2018,Rabi,Sangareddy,Jinnaram,"Cow Gram",0,0
2017-2018,Rabi,Sangareddy,Gummadidala,"Cow Gram",0,0
2017-2018,Rabi,Sangareddy,Zaheerabad,"Cow Gram",0,0
2017-2018,Rabi,Sangareddy,Mogudampally,"Cow Gram",0,0
2017-2018,Rabi,Sangareddy,Nyalkal,"Cow Gram",0,0
2017-2018,Rabi,Sangareddy,Jharasangam,"Cow Gram",0,0
2017-2018,Rabi,Sangareddy,Kohir,"Cow Gram",0,0
2017-2018,Rabi,Sangareddy,Narayankhed,"Cow Gram",0,0
2017-2018,Rabi,Sangareddy,Kalher,"Cow Gram",0,0
2017-2018,Rabi,Sangareddy,Sirgapur,"Cow Gram",0,0
2017-2018,Rabi,Sangareddy,Kangti,"Cow Gram",0,0
2017-2018,Rabi,Sangareddy,Manoor,"Cow Gram",0,0
2017-2018,Rabi,Sangareddy,Nagalgidda,"Cow Gram",0,0
2017-2018,Rabi,Sangareddy,Andole,"Cow Gram",0,0
2017-2018,Rabi,Sangareddy,Pulkal,"Cow Gram",0,0
2017-2018,Rabi,Sangareddy,Hathnoora,"Cow Gram",0,0
2017-2018,Rabi,Sangareddy,Munipally,"Cow Gram",0,0
2017-2018,Rabi,Sangareddy,Raikode,"Cow Gram",0,0
2017-2018,Rabi,Sangareddy,Vatpally,"Cow Gram",0,0
2017-2018,Rabi,Sangareddy,Sangareddy,"Bengal Gram",61,108
2017-2018,Rabi,Sangareddy,Kandi,"Bengal Gram",128,113
2017-2018,Rabi,Sangareddy,Kondapur,"Bengal Gram",0,112
2017-2018,Rabi,Sangareddy,Sadasivpet,"Bengal Gram",0,88
2017-2018,Rabi,Sangareddy,Patancheru,"Bengal Gram",194,210
2017-2018,Rabi,Sangareddy,Ameenpur,"Bengal Gram",,
2017-2018,Rabi,Sangareddy,Velimela,"Bengal Gram",,93
2017-2018,Rabi,Sangareddy,Jinnaram,"Bengal Gram",0,10
2017-2018,Rabi,Sangareddy,Gummadidala,"Bengal Gram",482,356
2017-2018,Rabi,Sangareddy,Zaheerabad,"Bengal Gram",739,574.2
2017-2018,Rabi,Sangareddy,Mogudampally,"Bengal Gram",637,619
2017-2018,Rabi,Sangareddy,Nyalkal,"Bengal Gram",0,1160
2017-2018,Rabi,Sangareddy,Jharasangam,"Bengal Gram",1479,662
2017-2018,Rabi,Sangareddy,Kohir,"Bengal Gram",2460,1922.5
2017-2018,Rabi,Sangareddy,Narayankhed,"Bengal Gram",0,432
2017-2018,Rabi,Sangareddy,Kalher,"Bengal Gram",0,22
2017-2018,Rabi,Sangareddy,Sirgapur,"Bengal Gram",0,106
2017-2018,Rabi,Sangareddy,Kangti,"Bengal Gram",0,279
2017-2018,Rabi,Sangareddy,Manoor,"Bengal Gram",0,761
2017-2018,Rabi,Sangareddy,Nagalgidda,"Bengal Gram",0,662
2017-2018,Rabi,Sangareddy,Andole,"Bengal Gram",219,57
2017-2018,Rabi,Sangareddy,Pulkal,"Bengal Gram",0,18
2017-2018,Rabi,Sangareddy,Hathnoora,"Bengal Gram",0,128
2017-2018,Rabi,Sangareddy,Munipally,"Bengal Gram",760,450
2017-2018,Rabi,Sangareddy,Raikode,"Bengal Gram",3415,1051
2017-2018,Rabi,Sangareddy,Vatpally,"Bengal Gram",411,39
2017-2018,Rabi,Sangareddy,Sangareddy,"Other pulses",0,0
2017-2018,Rabi,Sangareddy,Kandi,"Other pulses",0,0
2017-2018,Rabi,Sangareddy,Kondapur,"Other pulses",0,0
2017-2018,Rabi,Sangareddy,Sadasivpet,"Other pulses",0,0
2017-2018,Rabi,Sangareddy,Patancheru,"Other pulses",0,0
2017-2018,Rabi,Sangareddy,Ameenpur,"Other pulses",,
2017-2018,Rabi,Sangareddy,Velimela,"Other pulses",,
2017-2018,Rabi,Sangareddy,Jinnaram,"Other pulses",,
2017-2018,Rabi,Sangareddy,Gummadidala,"Other pulses",0,
2017-2018,Rabi,Sangareddy,Zaheerabad,"Other pulses",0,0
2017-2018,Rabi,Sangareddy,Mogudampally,"Other pulses",0,0
2017-2018,Rabi,Sangareddy,Nyalkal,"Other pulses",0,0
2017-2018,Rabi,Sangareddy,Jharasangam,"Other pulses",1,1
2017-2018,Rabi,Sangareddy,Kohir,"Other pulses",15,15
2017-2018,Rabi,Sangareddy,Narayankhed,"Other pulses",0,0
2017-2018,Rabi,Sangareddy,Kalher,"Other pulses",0,0
2017-2018,Rabi,Sangareddy,Sirgapur,"Other pulses",0,0
2017-2018,Rabi,Sangareddy,Kangti,"Other pulses",0,0
2017-2018,Rabi,Sangareddy,Manoor,"Other pulses",0,15
2017-2018,Rabi,Sangareddy,Nagalgidda,"Other pulses",0,0
2017-2018,Rabi,Sangareddy,Andole,"Other pulses",0,0
2017-2018,Rabi,Sangareddy,Pulkal,"Other pulses",0,0
2017-2018,Rabi,Sangareddy,Hathnoora,"Other pulses",0,0
2017-2018,Rabi,Sangareddy,Munipally,"Other pulses",0,0
2017-2018,Rabi,Sangareddy,Raikode,"Other pulses",0,0
2017-2018,Rabi,Sangareddy,Vatpally,"Other pulses",0,0
2017-2018,Rabi,Sangareddy,Sangareddy,Chillies,0,0
2017-2018,Rabi,Sangareddy,Kandi,Chillies,0,0
2017-2018,Rabi,Sangareddy,Kondapur,Chillies,0,0
2017-2018,Rabi,Sangareddy,Sadasivpet,Chillies,0,0
2017-2018,Rabi,Sangareddy,Patancheru,Chillies,0,0
2017-2018,Rabi,Sangareddy,Ameenpur,Chillies,,
2017-2018,Rabi,Sangareddy,Velimela,Chillies,,
2017-2018,Rabi,Sangareddy,Jinnaram,Chillies,,
2017-2018,Rabi,Sangareddy,Gummadidala,Chillies,,9
2017-2018,Rabi,Sangareddy,Zaheerabad,Chillies,16,0
2017-2018,Rabi,Sangareddy,Mogudampally,Chillies,2,1
2017-2018,Rabi,Sangareddy,Nyalkal,Chillies,0,0
2017-2018,Rabi,Sangareddy,Jharasangam,Chillies,15,1
2017-2018,Rabi,Sangareddy,Kohir,Chillies,0,0
2017-2018,Rabi,Sangareddy,Narayankhed,Chillies,0,0
2017-2018,Rabi,Sangareddy,Kalher,Chillies,0,7
2017-2018,Rabi,Sangareddy,Sirgapur,Chillies,0,0
2017-2018,Rabi,Sangareddy,Kangti,Chillies,0,0
2017-2018,Rabi,Sangareddy,Manoor,Chillies,0,0
2017-2018,Rabi,Sangareddy,Nagalgidda,Chillies,0,1
2017-2018,Rabi,Sangareddy,Andole,Chillies,0,0
2017-2018,Rabi,Sangareddy,Pulkal,Chillies,0,0
2017-2018,Rabi,Sangareddy,Hathnoora,Chillies,0,0
2017-2018,Rabi,Sangareddy,Munipally,Chillies,0,0
2017-2018,Rabi,Sangareddy,Raikode,Chillies,0,0
2017-2018,Rabi,Sangareddy,Vatpally,Chillies,0,0
2017-2018,Rabi,Sangareddy,Sangareddy,Potato,0,0
2017-2018,Rabi,Sangareddy,Kandi,Potato,0,0
2017-2018,Rabi,Sangareddy,Kondapur,Potato,0,2
2017-2018,Rabi,Sangareddy,Sadasivpet,Potato,0,0
2017-2018,Rabi,Sangareddy,Patancheru,Potato,0,0
2017-2018,Rabi,Sangareddy,Ameenpur,Potato,,
2017-2018,Rabi,Sangareddy,Velimela,Potato,,
2017-2018,Rabi,Sangareddy,Jinnaram,Potato,,
2017-2018,Rabi,Sangareddy,Gummadidala,Potato,,
2017-2018,Rabi,Sangareddy,Zaheerabad,Potato,278,84.9
2017-2018,Rabi,Sangareddy,Mogudampally,Potato,121,95
2017-2018,Rabi,Sangareddy,Nyalkal,Potato,0,0
2017-2018,Rabi,Sangareddy,Jharasangam,Potato,32,43
2017-2018,Rabi,Sangareddy,Kohir,Potato,2010,1025
2017-2018,Rabi,Sangareddy,Narayankhed,Potato,0,0
2017-2018,Rabi,Sangareddy,Kalher,Potato,0,0
2017-2018,Rabi,Sangareddy,Sirgapur,Potato,0,0
2017-2018,Rabi,Sangareddy,Kangti,Potato,0,0
2017-2018,Rabi,Sangareddy,Manoor,Potato,0,0
2017-2018,Rabi,Sangareddy,Nagalgidda,Potato,0,3
2017-2018,Rabi,Sangareddy,Andole,Potato,0,0
2017-2018,Rabi,Sangareddy,Pulkal,Potato,0,0
2017-2018,Rabi,Sangareddy,Hathnoora,Potato,0,0
2017-2018,Rabi,Sangareddy,Munipally,Potato,0,0
2017-2018,Rabi,Sangareddy,Raikode,Potato,0,0
2017-2018,Rabi,Sangareddy,Vatpally,Potato,0,0
2017-2018,Rabi,Sangareddy,Sangareddy,Coriander,0,0
2017-2018,Rabi,Sangareddy,Kandi,Coriander,0,0
2017-2018,Rabi,Sangareddy,Kondapur,Coriander,0,0
2017-2018,Rabi,Sangareddy,Sadasivpet,Coriander,0,0
2017-2018,Rabi,Sangareddy,Patancheru,Coriander,0,0
2017-2018,Rabi,Sangareddy,Ameenpur,Coriander,,
2017-2018,Rabi,Sangareddy,Velimela,Coriander,,
2017-2018,Rabi,Sangareddy,Jinnaram,Coriander,,
2017-2018,Rabi,Sangareddy,Gummadidala,Coriander,,
2017-2018,Rabi,Sangareddy,Zaheerabad,Coriander,23,0
2017-2018,Rabi,Sangareddy,Mogudampally,Coriander,0,0
2017-2018,Rabi,Sangareddy,Nyalkal,Coriander,0,0
2017-2018,Rabi,Sangareddy,Jharasangam,Coriander,12,2
2017-2018,Rabi,Sangareddy,Kohir,Coriander,0,0
2017-2018,Rabi,Sangareddy,Narayankhed,Coriander,0,0
2017-2018,Rabi,Sangareddy,Kalher,Coriander,0,0
2017-2018,Rabi,Sangareddy,Sirgapur,Coriander,0,0
2017-2018,Rabi,Sangareddy,Kangti,Coriander,0,0
2017-2018,Rabi,Sangareddy,Manoor,Coriander,0,0
2017-2018,Rabi,Sangareddy,Nagalgidda,Coriander,0,0
2017-2018,Rabi,Sangareddy,Andole,Coriander,0,0
2017-2018,Rabi,Sangareddy,Pulkal,Coriander,0,0
2017-2018,Rabi,Sangareddy,Hathnoora,Coriander,0,0
2017-2018,Rabi,Sangareddy,Munipally,Coriander,0,0
2017-2018,Rabi,Sangareddy,Raikode,Coriander,0,1
2017-2018,Rabi,Sangareddy,Vatpally,Coriander,0,0
2017-2018,Rabi,Sangareddy,Sangareddy,Onion,0,0
2017-2018,Rabi,Sangareddy,Kandi,Onion,0,0
2017-2018,Rabi,Sangareddy,Kondapur,Onion,0,237
2017-2018,Rabi,Sangareddy,Sadasivpet,Onion,0,26
2017-2018,Rabi,Sangareddy,Patancheru,Onion,0,0
2017-2018,Rabi,Sangareddy,Ameenpur,Onion,,
2017-2018,Rabi,Sangareddy,Velimela,Onion,,
2017-2018,Rabi,Sangareddy,Jinnaram,Onion,,
2017-2018,Rabi,Sangareddy,Gummadidala,Onion,,
2017-2018,Rabi,Sangareddy,Zaheerabad,Onion,31,0
2017-2018,Rabi,Sangareddy,Mogudampally,Onion,9,7
2017-2018,Rabi,Sangareddy,Nyalkal,Onion,0,0
2017-2018,Rabi,Sangareddy,Jharasangam,Onion,6,2
2017-2018,Rabi,Sangareddy,Kohir,Onion,640,30
2017-2018,Rabi,Sangareddy,Narayankhed,Onion,0,0
2017-2018,Rabi,Sangareddy,Kalher,Onion,0,9
2017-2018,Rabi,Sangareddy,Sirgapur,Onion,0,24
2017-2018,Rabi,Sangareddy,Kangti,Onion,0,0
2017-2018,Rabi,Sangareddy,Manoor,Onion,0,243
2017-2018,Rabi,Sangareddy,Nagalgidda,Onion,0,52
2017-2018,Rabi,Sangareddy,Andole,Onion,0,0
2017-2018,Rabi,Sangareddy,Pulkal,Onion,0,12
2017-2018,Rabi,Sangareddy,Hathnoora,Onion,0,0
2017-2018,Rabi,Sangareddy,Munipally,Onion,0,0
2017-2018,Rabi,Sangareddy,Raikode,Onion,0,0
2017-2018,Rabi,Sangareddy,Vatpally,Onion,0,0
2017-2018,Rabi,Sangareddy,Sangareddy,"Other food crops",0,0
2017-2018,Rabi,Sangareddy,Kandi,"Other food crops",0,0
2017-2018,Rabi,Sangareddy,Kondapur,"Other food crops",0,0
2017-2018,Rabi,Sangareddy,Sadasivpet,"Other food crops",0,0
2017-2018,Rabi,Sangareddy,Patancheru,"Other food crops",0,0
2017-2018,Rabi,Sangareddy,Ameenpur,"Other food crops",,
2017-2018,Rabi,Sangareddy,Velimela,"Other food crops",,
2017-2018,Rabi,Sangareddy,Jinnaram,"Other food crops",,
2017-2018,Rabi,Sangareddy,Gummadidala,"Other food crops",165,55
2017-2018,Rabi,Sangareddy,Zaheerabad,"Other food crops",1340,0
2017-2018,Rabi,Sangareddy,Mogudampally,"Other food crops",130,72
2017-2018,Rabi,Sangareddy,Nyalkal,"Other food crops",0,0
2017-2018,Rabi,Sangareddy,Jharasangam,"Other food crops",1135,48
2017-2018,Rabi,Sangareddy,Kohir,"Other food crops",0,0
2017-2018,Rabi,Sangareddy,Narayankhed,"Other food crops",0,0
2017-2018,Rabi,Sangareddy,Kalher,"Other food crops",0,0
2017-2018,Rabi,Sangareddy,Sirgapur,"Other food crops",0,0
2017-2018,Rabi,Sangareddy,Kangti,"Other food crops",0,0
2017-2018,Rabi,Sangareddy,Manoor,"Other food crops",0,0
2017-2018,Rabi,Sangareddy,Nagalgidda,"Other food crops",0,0
2017-2018,Rabi,Sangareddy,Andole,"Other food crops",0,0
2017-2018,Rabi,Sangareddy,Pulkal,"Other food crops",0,0
2017-2018,Rabi,Sangareddy,Hathnoora,"Other food crops",0,0
2017-2018,Rabi,Sangareddy,Munipally,"Other food crops",0,0
2017-2018,Rabi,Sangareddy,Raikode,"Other food crops",0,0
2017-2018,Rabi,Sangareddy,Vatpally,"Other food crops",0,0
2017-2018,Rabi,Sangareddy,Sangareddy,Groundnut,0,0
2017-2018,Rabi,Sangareddy,Kandi,Groundnut,0,0
2017-2018,Rabi,Sangareddy,Kondapur,Groundnut,0,1
2017-2018,Rabi,Sangareddy,Sadasivpet,Groundnut,0,0
2017-2018,Rabi,Sangareddy,Patancheru,Groundnut,0,0
2017-2018,Rabi,Sangareddy,Ameenpur,Groundnut,,
2017-2018,Rabi,Sangareddy,Velimela,Groundnut,,
2017-2018,Rabi,Sangareddy,Jinnaram,Groundnut,,
2017-2018,Rabi,Sangareddy,Gummadidala,Groundnut,,
2017-2018,Rabi,Sangareddy,Zaheerabad,Groundnut,1,0
2017-2018,Rabi,Sangareddy,Mogudampally,Groundnut,0,0
2017-2018,Rabi,Sangareddy,Nyalkal,Groundnut,0,0
2017-2018,Rabi,Sangareddy,Jharasangam,Groundnut,0,0
2017-2018,Rabi,Sangareddy,Kohir,Groundnut,0,0
2017-2018,Rabi,Sangareddy,Narayankhed,Groundnut,0,0
2017-2018,Rabi,Sangareddy,Kalher,Groundnut,15,16
2017-2018,Rabi,Sangareddy,Sirgapur,Groundnut,0,18
2017-2018,Rabi,Sangareddy,Kangti,Groundnut,0,33
2017-2018,Rabi,Sangareddy,Manoor,Groundnut,0,0
2017-2018,Rabi,Sangareddy,Nagalgidda,Groundnut,0,0
2017-2018,Rabi,Sangareddy,Andole,Groundnut,64,23
2017-2018,Rabi,Sangareddy,Pulkal,Groundnut,0,0
2017-2018,Rabi,Sangareddy,Hathnoora,Groundnut,0,27.2
2017-2018,Rabi,Sangareddy,Munipally,Groundnut,0,0
2017-2018,Rabi,Sangareddy,Raikode,Groundnut,0,0
2017-2018,Rabi,Sangareddy,Vatpally,Groundnut,0,0
2017-2018,Rabi,Sangareddy,Sangareddy,Sesamum,0,0
2017-2018,Rabi,Sangareddy,Kandi,Sesamum,0,0
2017-2018,Rabi,Sangareddy,Kondapur,Sesamum,0,0
2017-2018,Rabi,Sangareddy,Sadasivpet,Sesamum,0,0
2017-2018,Rabi,Sangareddy,Patancheru,Sesamum,0,0
2017-2018,Rabi,Sangareddy,Ameenpur,Sesamum,,
