year,month,division,section,collection,demand,noofcans,category
2021,12,1,BAHADURPURA,1820186.19,985675.5,68,C
2021,12,1,BAHADURPURA,102184.0,1043.3,4528,D
2021,12,1,BAHADURPURA,0.0,0.0,2,DM
2021,12,1,BAHADURPURA,9769.0,227.0,1303,DS
2021,12,1,BAHADURPURA,0.0,0.0,4,FS
2021,12,1,BAHADURPURA,5979882.0,1698234.0,1,I1
2021,12,1,BAHADURPURA,12602.0,0.0,7,M0
2021,12,1,BAHADURPURA,12018.0,0.0,2,M1
2021,12,1,BAHADURPURA,329660.0,374038.33,7,O
2021,12,1,"CHANUDLAL BHARADARI",117730.8,203014.0,195,C
2021,12,1,"CHANUDLAL BHARADARI",254672.0,-16430.35,7529,D
2021,12,1,"CHANUDLAL BHARADARI",0.0,0.0,6,DM
2021,12,1,"CHANUDLAL BHARADARI",7463.0,227.0,797,DS
2021,12,1,"CHANUDLAL BHARADARI",0.0,0.0,1,FS
2021,12,1,"CHANUDLAL BHARADARI",10313.42,12194.5,6,I
2021,12,1,"CHANUDLAL BHARADARI",0.0,75750.0,1,I1
2021,12,1,"CHANUDLAL BHARADARI",23730.0,1525.0,19,M0
2021,12,1,"CHANUDLAL BHARADARI",0.0,0.0,3,M4
2021,12,1,"CHANUDLAL BHARADARI",0.0,0.0,1,RC
2021,12,1,"DARUL SHIFA",283905.0,639694.0,495,C
2021,12,1,"DARUL SHIFA",145399.5,-19786.25,5504,D
2021,12,1,"DARUL SHIFA",0.0,0.0,1,DM
2021,12,1,"DARUL SHIFA",5500.0,0.0,101,DS
2021,12,1,"DARUL SHIFA",0.0,0.0,1,FS
2021,12,1,"DARUL SHIFA",20975.0,33178.5,52,M0
2021,12,1,"DARUL SHIFA",0.0,1569.0,15,M1
2021,12,1,"DARUL SHIFA",48360.0,47344.0,3,M3
2021,12,1,"DARUL SHIFA",0.0,72.5,7,M4
2021,12,1,"DARUL SHIFA",0.0,0.0,38,PS
2021,12,1,"DARUL SHIFA",0.0,0.0,47,RC
2021,12,1,"DHOOD BOWLI",94929.17,141786.5,163,C
2021,12,1,"DHOOD BOWLI",75549.32,-352074.45,5539,D
2021,12,1,"DHOOD BOWLI",520.0,0.0,4,DM
2021,12,1,"DHOOD BOWLI",1000.0,155.5,354,DS
2021,12,1,"DHOOD BOWLI",5000.0,0.0,16,M0
2021,12,1,"DHOOD BOWLI",25700.0,0.0,6,M1
2021,12,1,"DHOOD BOWLI",0.0,0.0,1,M2
2021,12,1,"DHOOD BOWLI",0.0,0.0,4,N
2021,12,1,"DHOOD BOWLI",0.0,0.0,1,O
2021,12,1,"HASSAN NAGAR",1969.0,2953.5,6,C
2021,12,1,"HASSAN NAGAR",20432.0,2610.0,3271,D
2021,12,1,"HASSAN NAGAR",0.0,0.0,4,DM
2021,12,1,"HASSAN NAGAR",15811.0,0.0,1180,DS
2021,12,1,"HASSAN NAGAR",0.0,0.0,3,M0
2021,12,1,"HASSAN NAGAR",0.0,0.0,1,O
2021,12,1,"HIMAYAT SAGAR",0.0,0.0,1,C
2021,12,1,"KISHAN BAGH",44676.0,87847.0,78,C
2021,12,1,"KISHAN BAGH",57767.0,2724.5,3726,D
2021,12,1,"KISHAN BAGH",0.0,0.0,3,DM
2021,12,1,"KISHAN BAGH",1229.0,0.0,1218,DS
2021,12,1,"KISHAN BAGH",0.0,1074.0,3,I
2021,12,1,"KISHAN BAGH",1500.0,1045.0,16,M0
2021,12,1,"KISHAN BAGH",0.0,0.0,5,M1
2021,12,1,"KISHAN BAGH",0.0,984.5,1,M3
2021,12,1,"KISHAN BAGH",0.0,0.0,3,M4
2021,12,1,M.R.G.FILTERS,28601.0,48720.5,76,C
2021,12,1,M.R.G.FILTERS,181961.0,5143.5,5922,D
2021,12,1,M.R.G.FILTERS,0.0,0.0,3,DM
2021,12,1,M.R.G.FILTERS,9913.0,283.75,1293,DS
2021,12,1,M.R.G.FILTERS,0.0,7125.0,13,M0
2021,12,1,MISRIGUNJ,75543.0,121417.5,195,C
2021,12,1,MISRIGUNJ,110413.0,12456.1,3883,D
2021,12,1,MISRIGUNJ,0.0,0.0,1,DM
2021,12,1,MISRIGUNJ,200.0,0.0,260,DS
2021,12,1,MISRIGUNJ,0.0,0.0,7,M0
2021,12,1,MISRIGUNJ,0.0,0.0,1,M1
2021,12,1,MOGHULPURA,82745.16,346020.5,146,C
2021,12,1,MOGHULPURA,0.0,0.0,2,CH
2021,12,1,MOGHULPURA,131135.0,12099.9,5778,D
2021,12,1,MOGHULPURA,0.0,0.0,318,DS
2021,12,1,MOGHULPURA,0.0,0.0,1,FS
2021,12,1,MOGHULPURA,0.0,126150.0,1,IW
2021,12,1,MOGHULPURA,7640.0,0.0,10,M0
2021,12,1,MOGHULPURA,0.0,0.0,1,M1
2021,12,1,MOGHULPURA,0.0,0.0,2,M3
2021,12,1,PATHERGATTI,1111339.0,1227619.5,324,C
2021,12,1,PATHERGATTI,65540.0,21933.35,4210,D
2021,12,1,PATHERGATTI,0.0,0.0,1,DM
2021,12,1,PATHERGATTI,0.0,0.0,97,DS
2021,12,1,PATHERGATTI,0.0,1276710.0,1,I1
2021,12,1,PATHERGATTI,0.0,407.5,31,M0
2021,12,1,PATHERGATTI,0.0,2187.5,14,M1
2021,12,1,PATHERGATTI,281609.15,332291.0,96,M3
2021,12,1,PATHERGATTI,0.0,0.0,1,M4
2021,12,1,PATHERGATTI,0.0,0.0,1,N
2021,12,1,PATHERGATTI,0.0,0.0,2,RC
2021,12,1,VATTEPALLY,11894.0,17123.5,16,C
2021,12,1,VATTEPALLY,21677.18,-3971.6,2518,D
2021,12,1,VATTEPALLY,0.0,0.0,4,DM
2021,12,1,VATTEPALLY,42070.0,170.25,1533,DS
2021,12,1,VATTEPALLY,154477.8,151350.0,1,I1
2021,12,1,VATTEPALLY,0.0,0.0,2,M0
2021,12,1,VATTEPALLY,0.0,0.0,1,M4
2021,12,1,VATTEPALLY,0.0,0.0,1,O
2021,12,2,ASMANGARH,287637.63,410643.5,245,C
2021,12,2,ASMANGARH,57978.0,59034.65,4724,D
2021,12,2,ASMANGARH,1983.0,170.25,377,DS
2021,12,2,ASMANGARH,0.0,0.0,2,FS
2021,12,2,ASMANGARH,291750.0,291750.0,1,I1
2021,12,2,ASMANGARH,40180.0,13958.5,69,M0
2021,12,2,ASMANGARH,1500.0,6181.4,132,M1
2021,12,2,ASMANGARH,0.0,0.0,9,M2
2021,12,2,ASMANGARH,18558.0,21818.0,6,M3
2021,12,2,ASMANGARH,0.0,0.0,8,M4
2021,12,2,ASMANGARH,0.0,0.0,1,N
2021,12,2,ASMANGARH,0.0,970.0,1,RC
2021,12,2,AZAMPURA,223035.0,277219.0,212,C
2021,12,2,AZAMPURA,65648.0,4263.0,3892,D
2021,12,2,AZAMPURA,0.0,0.0,2,DM
2021,12,2,AZAMPURA,520.0,56.75,698,DS
2021,12,2,AZAMPURA,0.0,0.0,1,FS
2021,12,2,AZAMPURA,24000.0,-27630.0,59,M0
2021,12,2,AZAMPURA,24100.0,0.0,16,M1
2021,12,2,AZAMPURA,3332.0,8614.0,10,N
2021,12,2,AZAMPURA,0.0,0.0,25,PS
2021,12,2,AZAMPURA,0.0,242.5,5,RC
2021,12,2,CHANCHALGUDA,55339.0,609818.5,136,C
2021,12,2,CHANCHALGUDA,0.0,0.0,1,CH
2021,12,2,CHANCHALGUDA,123821.0,6173.8,4945,D
2021,12,2,CHANCHALGUDA,0.0,0.0,2,DM
2021,12,2,CHANCHALGUDA,519.0,0.0,315,DS
2021,12,2,CHANCHALGUDA,0.0,0.0,30,M0
2021,12,2,CHANCHALGUDA,10000.0,0.0,20,M1
2021,12,2,CHANCHALGUDA,0.0,0.0,1,M2
2021,12,2,CHANCHALGUDA,0.0,280.0,1,M3
2021,12,2,CHANCHALGUDA,0.0,0.0,8,N
2021,12,2,MADANNAPET,94984.0,132186.0,174,C
2021,12,2,MADANNAPET,56709.0,5138.7,5228,D
2021,12,2,MADANNAPET,0.0,0.0,472,DS
2021,12,2,MADANNAPET,0.0,0.0,1,FS
2021,12,2,MADANNAPET,0.0,0.0,10,M0
2021,12,2,MADANNAPET,0.0,0.0,4,M1
2021,12,2,MADANNAPET,0.0,0.0,1,M4
2021,12,2,MADANNAPET,0.0,0.0,1,N
2021,12,2,MALAKPET,404434.0,400286.5,429,C
2021,12,2,MALAKPET,77154.39,16153.9,4136,D
2021,12,2,MALAKPET,0.0,0.0,2,DM
2021,12,2,MALAKPET,0.0,0.0,483,DS
2021,12,2,MALAKPET,319066.35,309894.0,1,I1
2021,12,2,MALAKPET,5000.0,2501.5,30,M0
2021,12,2,MALAKPET,3996.0,0.0,58,M1
2021,12,2,MALAKPET,0.0,0.0,1,M2
2021,12,2,MALAKPET,3800.0,3795.0,2,M3
2021,12,2,MALAKPET,0.0,2347.0,5,N
2021,12,2,MOOSARAMBAGH,1018299.0,1085985.0,910,C
2021,12,2,MOOSARAMBAGH,98748.51,10320.5,5952,D
2021,12,2,MOOSARAMBAGH,300.0,0.0,465,DS
2021,12,2,MOOSARAMBAGH,51360.0,5360.25,160,M0
2021,12,2,MOOSARAMBAGH,2590.0,-127525.0,274,M1
2021,12,2,MOOSARAMBAGH,0.0,0.0,5,M2
2021,12,2,MOOSARAMBAGH,70271.0,217429.5,41,M3
2021,12,2,MOOSARAMBAGH,16092.0,3990.0,20,N
2021,12,2,SAIDABAD,368375.37,275884.5,243,C
2021,12,2,SAIDABAD,0.0,970.0,1,CH
2021,12,2,SAIDABAD,113049.6,-4596.6,4982,D
2021,12,2,SAIDABAD,0.0,0.0,1,DM
2021,12,2,SAIDABAD,1000.0,0.0,410,DS
2021,12,2,SAIDABAD,48434.0,-72521.2,92,M0
2021,12,2,SAIDABAD,4805.0,2082.5,133,M1
2021,12,2,SAIDABAD,0.0,0.0,5,M2
2021,12,2,SAIDABAD,12000.0,10803.0,2,M3
2021,12,2,SAIDABAD,0.0,0.0,15,M4
2021,12,2,SAIDABAD,0.0,2556.0,5,N
2021,12,2,SAIDABAD,0.0,0.0,1,O
2021,12,2,SAIDABAD,0.0,0.0,1,RC
2021,12,2,SANTOSHNAGAR,373799.96,435086.5,179,C
2021,12,2,SANTOSHNAGAR,127198.28,13527.1,5350,D
2021,12,2,SANTOSHNAGAR,0.0,121.9,459,DS
2021,12,2,SANTOSHNAGAR,0.0,0.0,1,I
2021,12,2,SANTOSHNAGAR,0.0,28169.9,76,M0
2021,12,2,SANTOSHNAGAR,13500.0,0.0,14,M1
2021,12,2,SANTOSHNAGAR,0.0,0.0,1,M3
2021,12,2,SANTOSHNAGAR,0.0,0.0,2,M4
2021,12,2,SANTOSHNAGAR,0.0,2745.0,8,N
2021,12,2,"VINAY NAGAR (DIV 2 (a))",556552.14,347126.3,214,C
2021,12,2,"VINAY NAGAR (DIV 2 (a))",15794.0,4482.3,2847,D
2021,12,2,"VINAY NAGAR (DIV 2 (a))",0.0,0.0,3,DM
2021,12,2,"VINAY NAGAR (DIV 2 (a))",607.0,0.0,2219,DS
2021,12,2,"VINAY NAGAR (DIV 2 (a))",0.0,1025.0,87,M0
2021,12,2,"VINAY NAGAR (DIV 2 (a))",4287.0,7966.5,143,M1
2021,12,2,"VINAY NAGAR (DIV 2 (a))",0.0,0.0,6,M2
2021,12,2,"VINAY NAGAR (DIV 2 (a))",2811.0,13477.5,4,M3
2021,12,2,"VINAY NAGAR (DIV 2 (a))",0.0,0.0,1,M4
2021,12,2,"VINAY NAGAR (DIV 2 (a))",8130.0,20437.0,17,N
2021,12,2,"VINAY NAGAR (DIV 2 (a))",0.0,970.0,1,RC
2021,12,2,YAKATPURA,123531.0,96751.0,128,C
2021,12,2,YAKATPURA,114530.54,4055.0,6442,D
2021,12,2,YAKATPURA,0.0,0.0,2,DM
2021,12,2,YAKATPURA,1750.0,0.0,483,DS
2021,12,2,YAKATPURA,0.0,0.0,1,M0
2021,12,2,YAKATPURA,0.0,4053.9,1,M1
2021,12,3,"AHMED NAGAR",5640.0,21350.5,15,C
2021,12,3,"AHMED NAGAR",344.0,149.2,734,D
2021,12,3,"AHMED NAGAR",5260.0,460.25,2148,DS
2021,12,3,"AHMED NAGAR",0.0,0.0,1,M0
2021,12,3,"AHMED NAGAR",0.0,0.0,5,M1
2021,12,3,"AHMED NAGAR",0.0,0.0,1,M4
2021,12,3,"AHMED NAGAR",0.0,250.0,1,N
2021,12,3,"AHMED NAGAR",0.0,0.0,1,PS
2021,12,3,"ASIF NAGAR",111693.0,173695.5,153,C
2021,12,3,"ASIF NAGAR",96017.3,16813.2,3058,D
2021,12,3,"ASIF NAGAR",500.0,2265.45,2049,DS
2021,12,3,"ASIF NAGAR",22800.0,7355.75,108,M0
2021,12,3,"ASIF NAGAR",34995.0,0.0,30,M1
2021,12,3,"ASIF NAGAR",0.0,0.0,1,M2
2021,12,3,"ASIF NAGAR",1004.0,984.5,1,N
2021,12,3,"ASIF NAGAR",0.0,0.0,5,PS
2021,12,3,"CHINTAL BASTHI",523825.0,1474522.0,252,C
2021,12,3,"CHINTAL BASTHI",97300.0,30715.8,3043,D
2021,12,3,"CHINTAL BASTHI",166.0,987.8,1592,DS
2021,12,3,"CHINTAL BASTHI",0.0,0.0,2,FS
2021,12,3,"CHINTAL BASTHI",1056.0,22712.75,93,M0
2021,12,3,"CHINTAL BASTHI",9166.0,3178.95,131,M1
2021,12,3,"CHINTAL BASTHI",0.0,0.0,7,M2
2021,12,3,"CHINTAL BASTHI",60073.0,97214.0,6,M3
2021,12,3,"CHINTAL BASTHI",0.0,0.0,2,M4
2021,12,3,"CHINTAL BASTHI",13920.0,32231.0,47,N
2021,12,3,"CHINTAL BASTHI",0.0,0.0,1,PS
2021,12,3,"CHINTAL BASTHI",0.0,0.0,2,RC
2021,12,3,GOLCONDA,59780.0,193569.0,81,C
2021,12,3,GOLCONDA,50724.0,9013.1,2483,D
2021,12,3,GOLCONDA,4344.0,3699.4,3301,DS
2021,12,3,GOLCONDA,0.0,0.0,1,I
2021,12,3,GOLCONDA,0.0,710.0,6,M0
2021,12,3,GOLCONDA,0.0,0.0,2,M1
2021,12,3,GOLCONDA,0.0,0.0,1,N
2021,12,3,GOLCONDA,0.0,0.0,3,PS
2021,12,3,GOLCONDA,0.0,0.0,1,RC
2021,12,3,GOLCONDA,7613892.0,7262687.2,6,X
2021,12,3,HAKEEMPET,59488.5,102777.0,102,C
2021,12,3,HAKEEMPET,41706.0,13793.55,2281,D
2021,12,3,HAKEEMPET,3800.0,861.7,1987,DS
2021,12,3,HAKEEMPET,0.0,3024.0,77,M0
2021,12,3,HAKEEMPET,5500.0,390.0,20,M1
2021,12,3,HAKEEMPET,0.0,0.0,1,M2
2021,12,3,HAKEEMPET,0.0,984.5,2,M3
2021,12,3,HAKEEMPET,1023.0,1969.0,2,N
2021,12,3,HAKEEMPET,0.0,0.0,1,O
2021,12,3,HAKEEMPET,0.0,0.0,4,PS
2021,12,3,HAKEEMPET,0.0,0.0,1,RC
2021,12,3,"KAKATIYA NAGAR",219458.4,316984.0,230,C
2021,12,3,"KAKATIYA NAGAR",0.0,0.0,1,CH
2021,12,3,"KAKATIYA NAGAR",32210.0,27341.0,3289,D
2021,12,3,"KAKATIYA NAGAR",0.0,0.0,1,DM
2021,12,3,"KAKATIYA NAGAR",9230.0,283.75,202,DS
2021,12,3,"KAKATIYA NAGAR",36270.0,2230.3,188,M0
2021,12,3,"KAKATIYA NAGAR",3422.0,0.0,74,M1
2021,12,3,"KAKATIYA NAGAR",0.0,0.0,4,M2
2021,12,3,"KAKATIYA NAGAR",0.0,0.0,1,M4
2021,12,3,"KAKATIYA NAGAR",0.0,0.0,1,N
2021,12,3,"KAKATIYA NAGAR",0.0,0.0,1,PS
2021,12,3,"KAKATIYA NAGAR",0.0,0.0,5,RC
2021,12,3,KARWAN,127302.0,179868.5,112,C
2021,12,3,KARWAN,43573.0,7584.1,3900,D
2021,12,3,KARWAN,1632.94,2314.05,2572,DS
2021,12,3,KARWAN,0.0,2332.5,57,M0
2021,12,3,KARWAN,1993.0,0.0,34,M1
2021,12,3,KARWAN,0.0,0.0,1,M2
2021,12,3,KARWAN,0.0,86200.5,2,M3
2021,12,3,KARWAN,0.0,0.0,1,M4
2021,12,3,KARWAN,0.0,2063.5,2,N
2021,12,3,KARWAN,0.0,0.0,3,PS
2021,12,3,KARWAN,0.0,0.0,1,RC
2021,12,3,"LANGER HOUSE",78811.0,191560.0,228,C
2021,12,3,"LANGER HOUSE",124678.0,15272.3,5824,D
2021,12,3,"LANGER HOUSE",0.0,0.0,1,DM
2021,12,3,"LANGER HOUSE",5096.0,1841.1,1410,DS
2021,12,3,"LANGER HOUSE",0.0,16402.5,2,I
2021,12,3,"LANGER HOUSE",9885.0,7850.0,142,M0
2021,12,3,"LANGER HOUSE",0.0,0.0,24,M1
2021,12,3,"LANGER HOUSE",0.0,0.0,1,M2
2021,12,3,"LANGER HOUSE",890.0,3645.5,3,M3
2021,12,3,"LANGER HOUSE",0.0,0.0,3,M4
2021,12,3,"LANGER HOUSE",0.0,890.0,1,N
2021,12,3,"LANGER HOUSE",0.0,0.0,1,O
2021,12,3,"LANGER HOUSE",0.0,0.0,2,PS
2021,12,3,"LANGER HOUSE",0.0,0.0,2,RC
2021,12,3,MEHIDIPATNAM,354286.56,548746.0,437,C
2021,12,3,MEHIDIPATNAM,170518.0,16674.25,4164,D
2021,12,3,MEHIDIPATNAM,0.0,0.0,3,DM
2021,12,3,MEHIDIPATNAM,500.0,1071.9,1400,DS
2021,12,3,MEHIDIPATNAM,56009.0,13699.7,273,M0
2021,12,3,MEHIDIPATNAM,2720.0,3241.7,242,M1
2021,12,3,MEHIDIPATNAM,30000.0,0.0,9,M2
2021,12,3,MEHIDIPATNAM,18591.0,30781.5,18,M3
2021,12,3,MEHIDIPATNAM,1720.0,0.0,4,M4
2021,12,3,MEHIDIPATNAM,6143.0,13873.5,18,N
2021,12,3,MEHIDIPATNAM,18000.0,0.0,1,O
2021,12,3,MEHIDIPATNAM,0.0,0.0,5,PS
2021,12,3,MEHIDIPATNAM,0.0,0.0,1,RC
2021,12,3,"OLD MALLEPALLY",50136.0,118322.0,139,C
2021,12,3,"OLD MALLEPALLY",20656.0,4039.6,1471,D
2021,12,3,"OLD MALLEPALLY",0.0,0.0,6,DM
2021,12,3,"OLD MALLEPALLY",2649.0,3875.0,2110,DS
2021,12,3,"OLD MALLEPALLY",12500.0,3519.5,42,M0
2021,12,3,"OLD MALLEPALLY",2350.0,1108.0,34,M1
2021,12,3,"OLD MALLEPALLY",0.0,0.0,1,M2
2021,12,3,"OLD MALLEPALLY",0.0,72.5,12,M4
2021,12,3,"OLD MALLEPALLY",0.0,2243.5,7,N
2021,12,3,"OLD MALLEPALLY",0.0,0.0,6,PS
2021,12,3,"OLD MALLEPALLY",0.0,0.0,3,RC
2021,12,3,SHAIKPET,407260.71,548559.0,359,C
2021,12,3,SHAIKPET,0.0,0.0,1,CH
2021,12,3,SHAIKPET,241002.59,37061.8,6860,D
2021,12,3,SHAIKPET,0.0,1067.7,193,DS
2021,12,3,SHAIKPET,0.0,0.0,1,FS
2021,12,3,SHAIKPET,0.0,0.0,1,I1
2021,12,3,SHAIKPET,119862.0,25947.5,605,M0
2021,12,3,SHAIKPET,84519.0,54897.0,220,M1
2021,12,3,SHAIKPET,0.0,564.0,9,M2
2021,12,3,SHAIKPET,33507.72,75008.0,15,M3
2021,12,3,SHAIKPET,0.0,0.0,3,M4
2021,12,3,SHAIKPET,5364.0,22363.0,17,N
2021,12,3,SHAIKPET,0.0,0.0,10,O
2021,12,3,SHAIKPET,0.0,0.0,5,PS
2021,12,3,SHAIKPET,0.0,0.0,2,RC
2021,12,3,"TAPPA CHABUTRA",220187.0,115962.5,125,C
2021,12,3,"TAPPA CHABUTRA",25861.0,4044.1,1431,D
2021,12,3,"TAPPA CHABUTRA",0.0,0.0,1,DM
2021,12,3,"TAPPA CHABUTRA",5481.0,2881.55,3518,DS
2021,12,3,"TAPPA CHABUTRA",0.0,0.0,6,M0
2021,12,3,"TAPPA CHABUTRA",0.0,0.0,2,M1
2021,12,3,"TAPPA CHABUTRA",0.0,0.0,1,PS
2021,12,3,"TOLI CHOWK",61736.18,163262.5,116,C
2021,12,3,"TOLI CHOWK",101906.91,15577.9,3851,D
2021,12,3,"TOLI CHOWK",0.0,0.0,1,DM
2021,12,3,"TOLI CHOWK",0.0,56.75,734,DS
2021,12,3,"TOLI CHOWK",1060914.0,313429.8,2,I1
2021,12,3,"TOLI CHOWK",22756.0,15491.25,228,M0
2021,12,3,"TOLI CHOWK",7000.0,8674.5,75,M1
2021,12,3,"TOLI CHOWK",0.0,0.0,6,M2
2021,12,3,"TOLI CHOWK",23340.0,7966.5,3,M3
2021,12,3,"TOLI CHOWK",0.0,0.0,2,M4
2021,12,3,"TOLI CHOWK",0.0,984.5,1,N
2021,12,3,"TOLI CHOWK",0.0,0.0,8,PS
2021,12,3,"TOLI CHOWK",0.0,0.0,4,RC
2021,12,3,"VIJAYNAGAR COLONY",427496.5,952474.5,507,C
2021,12,3,"VIJAYNAGAR COLONY",95452.0,31988.8,3908,D
2021,12,3,"VIJAYNAGAR COLONY",0.0,2114.3,1223,DS
2021,12,3,"VIJAYNAGAR COLONY",40690.0,11000.25,242,M0
2021,12,3,"VIJAYNAGAR COLONY",5000.0,12444.15,252,M1
2021,12,3,"VIJAYNAGAR COLONY",0.0,0.0,11,M2
2021,12,3,"VIJAYNAGAR COLONY",320958.0,328740.5,13,M3
2021,12,3,"VIJAYNAGAR COLONY",0.0,0.0,2,M4
2021,12,3,"VIJAYNAGAR COLONY",935.0,10796.5,32,N
2021,12,3,"VIJAYNAGAR COLONY",0.0,0.0,3,PS
2021,12,4,ALLABANDA,64175.0,61871.0,87,C
2021,12,4,ALLABANDA,25185.0,9228.9,3072,D
2021,12,4,ALLABANDA,0.0,0.0,1,DM
2021,12,4,ALLABANDA,8547.0,3291.5,4581,DS
2021,12,4,ALLABANDA,0.0,1630.0,10,M0
2021,12,4,ALLABANDA,0.0,0.0,33,PS
2021,12,4,ALLABANDA,0.0,0.0,21,RC
2021,12,4,GODE-KI-KABAR,192554.0,335011.5,375,C
2021,12,4,GODE-KI-KABAR,82676.0,30410.65,6582,D
2021,12,4,GODE-KI-KABAR,0.0,0.0,4,DM
2021,12,4,GODE-KI-KABAR,0.0,113.5,630,DS
2021,12,4,GODE-KI-KABAR,0.0,0.0,1,FS
2021,12,4,GODE-KI-KABAR,0.0,13448.0,29,I
2021,12,4,GODE-KI-KABAR,16550.0,6514.25,116,M0
2021,12,4,GODE-KI-KABAR,0.0,0.0,17,M1
2021,12,4,GODE-KI-KABAR,0.0,0.0,5,M2
2021,12,4,GODE-KI-KABAR,0.0,13636.5,2,M3
2021,12,4,GODE-KI-KABAR,2733.0,3420.0,2,N
2021,12,4,GODE-KI-KABAR,0.0,0.0,1,O
2021,12,4,GODE-KI-KABAR,0.0,0.0,70,PS
2021,12,4,GODE-KI-KABAR,0.0,0.0,28,RC
2021,12,4,GOWLIGUDA,702703.59,5378042.0,1164,C
2021,12,4,GOWLIGUDA,0.0,0.0,2,CH
2021,12,4,GOWLIGUDA,12296.0,20442.0,3080,D
2021,12,4,GOWLIGUDA,0.0,0.0,4,DM
2021,12,4,GOWLIGUDA,0.0,689.4,325,DS
2021,12,4,GOWLIGUDA,0.0,0.0,1,FS
2021,12,4,GOWLIGUDA,8575.0,4009.7,79,M0
2021,12,4,GOWLIGUDA,17556.0,0.0,21,M1
2021,12,4,GOWLIGUDA,6850.0,0.0,16,M2
2021,12,4,GOWLIGUDA,33836.0,61164.5,24,M3
2021,12,4,GOWLIGUDA,0.0,0.0,1,M4
2021,12,4,GOWLIGUDA,0.0,984.5,7,N
2021,12,4,GOWLIGUDA,0.0,0.0,42,PS
2021,12,4,GOWLIGUDA,0.0,0.0,25,RC
2021,12,4,GUNFOUNDRY,1254700.2,1216871.5,769,C
2021,12,4,GUNFOUNDRY,22850.0,20162.35,1989,D
2021,12,4,GUNFOUNDRY,0.0,0.0,1,DM
2021,12,4,GUNFOUNDRY,0.0,313.15,609,DS
2021,12,4,GUNFOUNDRY,35825.0,1755.0,122,M0
2021,12,4,GUNFOUNDRY,995484.0,244689.4,86,M1
2021,12,4,GUNFOUNDRY,0.0,0.0,15,M2
2021,12,4,GUNFOUNDRY,896842.0,1735698.0,125,M3
2021,12,4,GUNFOUNDRY,0.0,0.0,2,M4
2021,12,4,GUNFOUNDRY,3030.0,16852.5,27,N
2021,12,4,GUNFOUNDRY,0.0,0.0,19,PS
2021,12,4,GUNFOUNDRY,0.0,3637.5,16,RC
2021,12,4,"HINDI NAGAR",482008.71,847846.0,832,C
2021,12,4,"HINDI NAGAR",85269.78,18261.8,4776,D
2021,12,4,"HINDI NAGAR",0.0,1277.85,1268,DS
2021,12,4,"HINDI NAGAR",16126.0,30758.5,70,I
2021,12,4,"HINDI NAGAR",3500.0,3103.0,55,M0
2021,12,4,"HINDI NAGAR",0.0,10353.9,37,M1
2021,12,4,"HINDI NAGAR",0.0,0.0,7,M2
2021,12,4,"HINDI NAGAR",490087.0,827924.5,48,M3
2021,12,4,"HINDI NAGAR",0.0,0.0,75,PS
2021,12,4,"HINDI NAGAR",0.0,0.0,38,RC
2021,12,4,"RED HILLS HIGH LEVEL",4712085.3,3261196.0,688,C
2021,12,4,"RED HILLS HIGH LEVEL",30876.0,29316.85,2805,D
2021,12,4,"RED HILLS HIGH LEVEL",0.0,0.0,2,DM
2021,12,4,"RED HILLS HIGH LEVEL",500.0,5781.85,2225,DS
2021,12,4,"RED HILLS HIGH LEVEL",0.0,0.0,1,FS
2021,12,4,"RED HILLS HIGH LEVEL",310867.0,1876422.0,2,I1
2021,12,4,"RED HILLS HIGH LEVEL",3500.0,2448.75,80,M0
2021,12,4,"RED HILLS HIGH LEVEL",5000.0,2945.5,162,M1
2021,12,4,"RED HILLS HIGH LEVEL",0.0,0.0,3,M2
2021,12,4,"RED HILLS HIGH LEVEL",1015151.0,445714.0,41,M3
2021,12,4,"RED HILLS HIGH LEVEL",0.0,241.0,10,N
2021,12,4,"RED HILLS HIGH LEVEL",0.0,0.0,43,PS
2021,12,4,"RED HILLS HIGH LEVEL",0.0,0.0,4,RC
2021,12,4,"RED HILLS LOW LEVEL",7174083.0,4747927.5,410,C
2021,12,4,"RED HILLS LOW LEVEL",40786.41,50827.3,4821,D
2021,12,4,"RED HILLS LOW LEVEL",0.0,0.0,4,DM
2021,12,4,"RED HILLS LOW LEVEL",0.0,56.75,396,DS
2021,12,4,"RED HILLS LOW LEVEL",13408.0,4019.15,145,M0
2021,12,4,"RED HILLS LOW LEVEL",0.0,1533.0,39,M1
2021,12,4,"RED HILLS LOW LEVEL",0.0,0.0,1,M2
2021,12,4,"RED HILLS LOW LEVEL",255499.0,23578.5,4,M3
2021,12,4,"RED HILLS LOW LEVEL",0.0,0.0,1,N
2021,12,4,"RED HILLS LOW LEVEL",0.0,0.0,43,PS
2021,12,4,"RED HILLS LOW LEVEL",0.0,0.0,6,RC
2021,12,4,"SULTAN BAZAR",1290487.69,1920738.0,1076,C
2021,12,4,"SULTAN BAZAR",63096.18,81199.3,4247,D
2021,12,4,"SULTAN BAZAR",0.0,0.0,72,DS
2021,12,4,"SULTAN BAZAR",0.0,0.0,3,FS
2021,12,4,"SULTAN BAZAR",2929.95,18666.5,41,I
2021,12,4,"SULTAN BAZAR",5100.0,2118.25,60,M0
2021,12,4,"SULTAN BAZAR",0.0,4121.05,80,M1
2021,12,4,"SULTAN BAZAR",2000.0,1128.0,15,M2
2021,12,4,"SULTAN BAZAR",748657.28,803472.0,79,M3
2021,12,4,"SULTAN BAZAR",0.0,0.0,3,N
2021,12,4,"SULTAN BAZAR",0.0,0.0,1,O
2021,12,4,"SULTAN BAZAR",0.0,0.0,69,PS
2021,12,4,"SULTAN BAZAR",0.0,0.0,38,RC
2021,12,4,ZIAGUDA,34744.0,44929.5,57,C
2021,12,4,ZIAGUDA,28322.0,8500.9,3627,D
2021,12,4,ZIAGUDA,1466.0,2894.25,2204,DS
2021,12,4,ZIAGUDA,0.0,0.0,1,FS
2021,12,4,ZIAGUDA,0.0,0.0,10,I
2021,12,4,ZIAGUDA,0.0,0.0,10,PS
2021,12,4,ZIAGUDA,0.0,0.0,24,RC
2021,12,5,"ADIKMET DMA-1",728538.0,748816.0,200,C
2021,12,5,"ADIKMET DMA-1",30977.0,19394.65,2271,D
2021,12,5,"ADIKMET DMA-1",0.0,0.0,2,DM
2021,12,5,"ADIKMET DMA-1",0.0,60.95,111,DS
2021,12,5,"ADIKMET DMA-1",0.0,0.0,88,M0
2021,12,5,"ADIKMET DMA-1",3460.0,0.0,215,M1
2021,12,5,"ADIKMET DMA-1",0.0,0.0,5,M2
2021,12,5,"ADIKMET DMA-1",33481.0,22766.0,7,M3
2021,12,5,"ADIKMET DMA-1",0.0,0.0,28,M4
2021,12,5,"ADIKMET DMA-1",0.0,0.0,2,N
2021,12,5,"ADIKMET DMA-1",0.0,0.0,1,PS
2021,12,5,"ADIKMET DMA-2",95785.0,166381.6,189,C
2021,12,5,"ADIKMET DMA-2",83571.0,7714.3,2865,D
2021,12,5,"ADIKMET DMA-2",587.0,454.0,576,DS
2021,12,5,"ADIKMET DMA-2",0.0,0.0,29,M0
2021,12,5,"ADIKMET DMA-2",0.0,749.5,71,M1
2021,12,5,"ADIKMET DMA-2",0.0,0.0,3,M2
2021,12,5,"ADIKMET DMA-2",0.0,7401.0,2,M3
2021,12,5,"ADIKMET DMA-2",0.0,0.0,5,M4
2021,12,5,"ADIKMET DMA-2",0.0,0.0,45,N
2021,12,5,"ADIKMET DMA-2",0.0,0.0,32,PS
2021,12,5,"ADIKMET DMA-2",0.0,0.0,1,RC
2021,12,5,AZAMABAD,388188.0,655587.0,596,C
2021,12,5,AZAMABAD,256696.0,59899.25,8397,D
2021,12,5,AZAMABAD,8567.0,794.5,1510,DS
2021,12,5,AZAMABAD,81003.84,86397.55,46,I
2021,12,5,AZAMABAD,73824.0,73050.0,2,I1
2021,12,5,AZAMABAD,0.0,3254.25,87,M0
2021,12,5,AZAMABAD,9086.0,1837.8,201,M1
2021,12,5,AZAMABAD,0.0,0.0,9,M2
2021,12,5,AZAMABAD,984.0,14871.0,4,M3
2021,12,5,AZAMABAD,0.0,72.5,1,M4
2021,12,5,AZAMABAD,3695.0,5564.5,36,N
2021,12,5,AZAMABAD,0.0,0.0,2,O
2021,12,5,AZAMABAD,0.0,0.0,95,PS
2021,12,5,AZAMABAD,0.0,0.0,42,RC
2021,12,5,"BAGH LINGAMPALLY",345451.8,458941.5,452,C
2021,12,5,"BAGH LINGAMPALLY",160558.8,18785.0,4262,D
2021,12,5,"BAGH LINGAMPALLY",0.0,1756.3,1159,DS
2021,12,5,"BAGH LINGAMPALLY",7601.0,12127.5,9,I
2021,12,5,"BAGH LINGAMPALLY",14275.0,4523.7,58,M0
2021,12,5,"BAGH LINGAMPALLY",5056.0,0.0,86,M1
2021,12,5,"BAGH LINGAMPALLY",0.0,0.0,15,M2
2021,12,5,"BAGH LINGAMPALLY",38076.0,27945.5,10,M3
2021,12,5,"BAGH LINGAMPALLY",0.0,0.0,4,M4
2021,12,5,"BAGH LINGAMPALLY",4684.0,6266.0,11,N
2021,12,5,"BAGH LINGAMPALLY",0.0,0.0,1,O
2021,12,5,"BAGH LINGAMPALLY",0.0,0.0,32,PS
2021,12,5,"BAGH LINGAMPALLY",0.0,0.0,8,RC
2021,12,5,BARKATPURA,882021.0,1288807.5,868,C
2021,12,5,BARKATPURA,116586.67,64293.6,4550,D
2021,12,5,BARKATPURA,630.0,0.0,467,DS
2021,12,5,BARKATPURA,0.0,1200.5,1,I
