district,mandal,date,rain_mm,min_humidity,max_humidity
Adilabad,"Adilabad Rural",01-Dec-21,0.0,45.5,92.3
Adilabad,"Adilabad Rural",02-Dec-21,0.0,37.0,96.2
Adilabad,"Adilabad Rural",03-Dec-21,0.0,52.1,97.7
Adilabad,"Adilabad Rural",04-Dec-21,0.0,40.4,98.7
Adilabad,"Adilabad Rural",05-Dec-21,0.0,46.4,98.5
Adilabad,"Adilabad Rural",06-Dec-21,0.0,50.5,98.7
Adilabad,"Adilabad Rural",07-Dec-21,0.0,50.5,98.7
Adilabad,"Adilabad Rural",08-Dec-21,0.0,55.6,99.3
Adilabad,"Adilabad Rural",09-Dec-21,0.0,49.9,95.6
Adilabad,"Adilabad Rural",10-Dec-21,0.0,45.9,98.0
Adilabad,"Adilabad Rural",11-Dec-21,0.0,50.5,95.9
Adilabad,"Adilabad Rural",12-Dec-21,0.0,47.0,97.0
Adilabad,"Adilabad Rural",13-Dec-21,0.0,44.9,92.6
Adilabad,"Adilabad Rural",14-Dec-21,0.0,43.8,95.4
Adilabad,"Adilabad Rural",15-Dec-21,0.0,45.5,97.0
Adilabad,"Adilabad Rural",16-Dec-21,0.0,42.6,93.7
Adilabad,"Adilabad Rural",17-Dec-21,0.0,30.1,89.3
Adilabad,"Adilabad Rural",18-Dec-21,0.0,42.4,94.9
Adilabad,"Adilabad Rural",19-Dec-21,0.0,34.7,97.7
Adilabad,"Adilabad Rural",20-Dec-21,0.0,50.7,94.7
Adilabad,"Adilabad Rural",21-Dec-21,0.0,35.5,85.2
Adilabad,"Adilabad Rural",22-Dec-21,0.0,27.4,84.7
Adilabad,"Adilabad Rural",23-Dec-21,0.0,27.6,85.4
Adilabad,"Adilabad Rural",24-Dec-21,0.0,32.0,82.3
Adilabad,"Adilabad Rural",25-Dec-21,0.0,36.7,89.0
Adilabad,"Adilabad Rural",26-Dec-21,0.0,44.3,96.4
Adilabad,"Adilabad Rural",27-Dec-21,0.0,49.1,98.7
Adilabad,"Adilabad Rural",28-Dec-21,0.0,52.6,90.2
Adilabad,"Adilabad Rural",29-Dec-21,0.0,54.1,96.7
Adilabad,"Adilabad Rural",30-Dec-21,9.8,63.0,97.2
Adilabad,"Adilabad Rural",31-Dec-21,0.0,77.6,95.9
Adilabad,"Adilabad Urban",01-Dec-21,0.0,38.6,98.2
Adilabad,"Adilabad Urban",02-Dec-21,0.0,29.7,98.6
Adilabad,"Adilabad Urban",03-Dec-21,0.0,36.3,97.5
Adilabad,"Adilabad Urban",04-Dec-21,0.0,33.0,98.3
Adilabad,"Adilabad Urban",05-Dec-21,0.0,31.7,98.5
Adilabad,"Adilabad Urban",06-Dec-21,0.0,31.9,98.6
Adilabad,"Adilabad Urban",07-Dec-21,0.0,33.9,98.4
Adilabad,"Adilabad Urban",08-Dec-21,0.0,35.2,98.5
Adilabad,"Adilabad Urban",09-Dec-21,0.0,33.9,94.0
Adilabad,"Adilabad Urban",10-Dec-21,0.0,30.6,98.3
Adilabad,"Adilabad Urban",11-Dec-21,0.0,31.7,98.6
Adilabad,"Adilabad Urban",12-Dec-21,0.0,31.0,98.5
Adilabad,"Adilabad Urban",13-Dec-21,0.0,35.1,98.6
Adilabad,"Adilabad Urban",14-Dec-21,0.0,27.7,98.5
Adilabad,"Adilabad Urban",15-Dec-21,0.0,30.4,98.5
Adilabad,"Adilabad Urban",16-Dec-21,0.0,31.4,98.6
Adilabad,"Adilabad Urban",17-Dec-21,0.0,27.1,98.2
Adilabad,"Adilabad Urban",18-Dec-21,0.0,27.7,98.5
Adilabad,"Adilabad Urban",19-Dec-21,0.0,30.4,98.7
Adilabad,"Adilabad Urban",20-Dec-21,0.0,32.7,98.6
Adilabad,"Adilabad Urban",21-Dec-21,0.0,22.3,97.7
Adilabad,"Adilabad Urban",22-Dec-21,0.0,17.2,96.9
Adilabad,"Adilabad Urban",23-Dec-21,0.0,18.7,97.9
Adilabad,"Adilabad Urban",24-Dec-21,0.0,21.3,98.0
Adilabad,"Adilabad Urban",25-Dec-21,0.0,24.0,93.1
Adilabad,"Adilabad Urban",26-Dec-21,0.0,28.6,98.4
Adilabad,"Adilabad Urban",27-Dec-21,0.0,35.5,98.6
Adilabad,"Adilabad Urban",28-Dec-21,0.0,39.7,97.8
Adilabad,"Adilabad Urban",29-Dec-21,5.0,36.3,99.2
Adilabad,"Adilabad Urban",30-Dec-21,8.9,61.8,99.0
Adilabad,"Adilabad Urban",31-Dec-21,0.0,59.4,98.5
Adilabad,Bazarhathnoor,01-Dec-21,0.0,48.1,85.3
Adilabad,Bazarhathnoor,02-Dec-21,0.0,49.3,89.4
Adilabad,Bazarhathnoor,03-Dec-21,0.0,59.9,88.0
Adilabad,Bazarhathnoor,04-Dec-21,0.0,57.9,88.7
Adilabad,Bazarhathnoor,05-Dec-21,0.0,49.8,89.4
Adilabad,Bazarhathnoor,06-Dec-21,0.0,49.8,91.7
Adilabad,Bazarhathnoor,07-Dec-21,0.0,49.7,88.7
Adilabad,Bazarhathnoor,08-Dec-21,0.0,53.4,85.2
Adilabad,Bazarhathnoor,09-Dec-21,0.0,55.4,82.9
Adilabad,Bazarhathnoor,10-Dec-21,0.0,41.8,89.6
Adilabad,Bazarhathnoor,11-Dec-21,0.0,44.2,92.8
Adilabad,Bazarhathnoor,12-Dec-21,0.0,43.1,90.7
Adilabad,Bazarhathnoor,13-Dec-21,0.0,48.1,87.8
Adilabad,Bazarhathnoor,14-Dec-21,0.0,45.3,89.6
Adilabad,Bazarhathnoor,15-Dec-21,0.0,47.0,91.5
Adilabad,Bazarhathnoor,16-Dec-21,0.0,48.9,90.5
Adilabad,Bazarhathnoor,17-Dec-21,0.0,42.0,91.0
Adilabad,Bazarhathnoor,18-Dec-21,0.0,43.1,92.0
Adilabad,Bazarhathnoor,19-Dec-21,0.0,48.9,89.4
Adilabad,Bazarhathnoor,20-Dec-21,0.0,52.0,88.2
Adilabad,Bazarhathnoor,21-Dec-21,0.0,39.9,87.3
Adilabad,Bazarhathnoor,22-Dec-21,0.0,27.9,87.5
Adilabad,Bazarhathnoor,23-Dec-21,0.0,30.1,86.9
Adilabad,Bazarhathnoor,24-Dec-21,0.0,33.8,88.7
Adilabad,Bazarhathnoor,25-Dec-21,0.0,38.6,91.7
Adilabad,Bazarhathnoor,26-Dec-21,0.0,44.8,92.8
Adilabad,Bazarhathnoor,27-Dec-21,0.0,50.4,95.0
Adilabad,Bazarhathnoor,28-Dec-21,0.0,62.3,97.0
Adilabad,Bazarhathnoor,29-Dec-21,0.0,57.4,97.3
Adilabad,Bazarhathnoor,30-Dec-21,0.0,64.8,89.4
Adilabad,Bazarhathnoor,31-Dec-21,0.0,75.2,93.5
Adilabad,Bela,01-Dec-21,0.0,32.8,97.7
Adilabad,Bela,02-Dec-21,0.0,35.1,100.0
Adilabad,Bela,03-Dec-21,0.0,46.9,100.0
Adilabad,Bela,04-Dec-21,0.0,40.5,100.0
Adilabad,Bela,05-Dec-21,0.0,36.7,100.0
Adilabad,Bela,06-Dec-21,0.0,35.4,100.0
Adilabad,Bela,07-Dec-21,0.0,39.8,100.0
Adilabad,Bela,08-Dec-21,0.0,43.1,100.0
Adilabad,Bela,09-Dec-21,0.0,31.1,98.6
Adilabad,Bela,10-Dec-21,0.0,37.3,100.0
Adilabad,Bela,11-Dec-21,0.0,36.2,100.0
Adilabad,Bela,12-Dec-21,0.0,36.2,100.0
Adilabad,Bela,13-Dec-21,0.0,31.5,100.0
Adilabad,Bela,14-Dec-21,0.0,32.1,100.0
Adilabad,Bela,15-Dec-21,0.0,34.6,100.0
Adilabad,Bela,16-Dec-21,0.0,28.9,98.9
Adilabad,Bela,17-Dec-21,0.0,29.5,97.9
Adilabad,Bela,18-Dec-21,0.0,28.9,100.0
Adilabad,Bela,19-Dec-21,0.0,36.7,100.0
Adilabad,Bela,20-Dec-21,0.0,35.1,96.1
Adilabad,Bela,21-Dec-21,0.0,18.2,96.5
Adilabad,Bela,22-Dec-21,0.0,11.0,94.9
Adilabad,Bela,23-Dec-21,0.0,13.5,92.9
Adilabad,Bela,24-Dec-21,0.0,20.8,96.5
Adilabad,Bela,25-Dec-21,0.0,21.4,92.0
Adilabad,Bela,26-Dec-21,0.0,32.8,100.0
Adilabad,Bela,27-Dec-21,0.0,41.6,100.0
Adilabad,Bela,28-Dec-21,0.0,50.3,100.0
Adilabad,Bela,29-Dec-21,4.5,39.8,100.0
Adilabad,Bela,30-Dec-21,5.8,64.6,100.0
Adilabad,Bela,31-Dec-21,0.0,74.7,100.0
Adilabad,Bheempoor,01-Dec-21,0.0,46.4,98.5
Adilabad,Bheempoor,02-Dec-21,0.0,44.4,99.8
Adilabad,Bheempoor,03-Dec-21,0.0,57.6,98.6
Adilabad,Bheempoor,04-Dec-21,0.0,49.8,98.1
Adilabad,Bheempoor,05-Dec-21,0.0,44.8,99.5
Adilabad,Bheempoor,06-Dec-21,0.0,46.4,99.5
Adilabad,Bheempoor,07-Dec-21,0.0,49.1,99.4
Adilabad,Bheempoor,08-Dec-21,0.0,53.6,100.0
Adilabad,Bheempoor,09-Dec-21,0.0,49.5,95.8
Adilabad,Bheempoor,10-Dec-21,0.0,50.0,99.4
Adilabad,Bheempoor,11-Dec-21,0.0,52.2,100.0
Adilabad,Bheempoor,12-Dec-21,0.0,51.4,99.4
Adilabad,Bheempoor,13-Dec-21,0.0,43.8,99.4
Adilabad,Bheempoor,14-Dec-21,0.0,44.4,99.4
Adilabad,Bheempoor,15-Dec-21,0.0,47.0,99.4
Adilabad,Bheempoor,16-Dec-21,0.0,48.6,99.6
Adilabad,Bheempoor,17-Dec-21,0.0,43.7,99.5
Adilabad,Bheempoor,18-Dec-21,0.0,42.1,98.8
Adilabad,Bheempoor,19-Dec-21,0.0,46.0,99.0
Adilabad,Bheempoor,20-Dec-21,0.0,46.9,99.6
Adilabad,Bheempoor,21-Dec-21,0.0,31.5,97.8
Adilabad,Bheempoor,22-Dec-21,0.0,27.3,97.4
Adilabad,Bheempoor,23-Dec-21,0.0,28.7,97.0
Adilabad,Bheempoor,24-Dec-21,0.0,33.3,97.1
Adilabad,Bheempoor,25-Dec-21,0.0,39.1,98.1
Adilabad,Bheempoor,26-Dec-21,0.0,41.2,98.8
Adilabad,Bheempoor,27-Dec-21,0.0,44.9,99.1
Adilabad,Bheempoor,28-Dec-21,0.0,61.0,100.0
Adilabad,Bheempoor,29-Dec-21,13.0,50.9,100.0
Adilabad,Bheempoor,30-Dec-21,0.0,81.2,100.0
Adilabad,Bheempoor,31-Dec-21,0.0,71.6,100.0
Adilabad,Boath,01-Dec-21,0.0,43.9,91.5
Adilabad,Boath,02-Dec-21,0.0,42.4,91.9
Adilabad,Boath,03-Dec-21,0.0,55.8,95.1
Adilabad,Boath,04-Dec-21,0.0,53.8,91.9
Adilabad,Boath,05-Dec-21,0.0,40.5,91.0
Adilabad,Boath,06-Dec-21,0.0,41.6,94.8
Adilabad,Boath,07-Dec-21,0.0,45.0,93.5
Adilabad,Boath,08-Dec-21,0.0,47.8,94.3
Adilabad,Boath,09-Dec-21,0.0,45.2,89.1
Adilabad,Boath,10-Dec-21,0.0,41.4,94.3
Adilabad,Boath,11-Dec-21,0.0,43.3,93.4
Adilabad,Boath,12-Dec-21,0.0,41.6,92.4
Adilabad,Boath,13-Dec-21,0.0,41.7,90.4
Adilabad,Boath,14-Dec-21,0.0,40.4,90.9
Adilabad,Boath,15-Dec-21,0.0,44.3,91.9
Adilabad,Boath,16-Dec-21,0.0,41.9,93.2
Adilabad,Boath,17-Dec-21,0.0,35.8,92.2
Adilabad,Boath,18-Dec-21,0.0,39.6,92.2
Adilabad,Boath,19-Dec-21,0.0,42.4,88.6
Adilabad,Boath,20-Dec-21,0.0,44.4,92.4
Adilabad,Boath,21-Dec-21,0.0,36.8,85.7
Adilabad,Boath,22-Dec-21,0.0,24.9,85.0
Adilabad,Boath,23-Dec-21,0.0,24.1,86.8
Adilabad,Boath,24-Dec-21,0.0,29.2,89.7
Adilabad,Boath,25-Dec-21,0.0,34.3,91.9
Adilabad,Boath,26-Dec-21,0.0,41.7,92.9
Adilabad,Boath,27-Dec-21,0.0,50.8,94.6
Adilabad,Boath,28-Dec-21,0.0,56.0,97.3
Adilabad,Boath,29-Dec-21,0.0,53.4,95.0
Adilabad,Boath,30-Dec-21,21.0,56.1,96.2
Adilabad,Boath,31-Dec-21,0.0,70.0,95.8
Adilabad,Gadiguda,01-Dec-21,0.0,35.4,93.5
Adilabad,Gadiguda,02-Dec-21,0.0,38.5,98.4
Adilabad,Gadiguda,03-Dec-21,0.0,45.2,98.7
Adilabad,Gadiguda,04-Dec-21,0.0,45.2,98.2
Adilabad,Gadiguda,05-Dec-21,0.0,37.7,98.2
Adilabad,Gadiguda,06-Dec-21,0.0,41.7,99.6
Adilabad,Gadiguda,07-Dec-21,0.0,39.2,96.8
Adilabad,Gadiguda,08-Dec-21,0.0,44.0,98.7
Adilabad,Gadiguda,09-Dec-21,0.0,43.5,98.1
Adilabad,Gadiguda,10-Dec-21,0.0,40.0,98.2
Adilabad,Gadiguda,11-Dec-21,0.0,41.2,99.7
Adilabad,Gadiguda,12-Dec-21,0.0,39.4,97.9
Adilabad,Gadiguda,13-Dec-21,0.0,37.9,96.6
Adilabad,Gadiguda,14-Dec-21,0.0,37.4,97.9
Adilabad,Gadiguda,15-Dec-21,0.0,36.8,97.9
Adilabad,Gadiguda,16-Dec-21,0.0,34.5,98.0
Adilabad,Gadiguda,17-Dec-21,0.0,33.9,97.6
Adilabad,Gadiguda,18-Dec-21,0.0,35.4,98.0
Adilabad,Gadiguda,19-Dec-21,0.0,40.3,98.4
Adilabad,Gadiguda,20-Dec-21,0.0,42.7,93.9
Adilabad,Gadiguda,21-Dec-21,0.0,23.6,91.0
Adilabad,Gadiguda,22-Dec-21,0.0,18.2,89.0
Adilabad,Gadiguda,23-Dec-21,0.0,21.8,90.2
Adilabad,Gadiguda,24-Dec-21,0.0,25.2,93.9
Adilabad,Gadiguda,25-Dec-21,0.0,29.6,96.5
Adilabad,Gadiguda,26-Dec-21,0.0,38.2,98.7
Adilabad,Gadiguda,27-Dec-21,0.0,48.7,99.7
Adilabad,Gadiguda,28-Dec-21,0.0,45.8,100.0
Adilabad,Gadiguda,29-Dec-21,0.0,46.9,99.6
Adilabad,Gadiguda,30-Dec-21,32.5,54.7,100.0
Adilabad,Gadiguda,31-Dec-21,0.0,80.8,98.2
Adilabad,Gudihathnur,01-Dec-21,0.0,46.6,75.1
Adilabad,Gudihathnur,02-Dec-21,0.0,45.4,77.9
Adilabad,Gudihathnur,03-Dec-21,0.0,62.4,92.8
Adilabad,Gudihathnur,04-Dec-21,0.0,55.3,81.9
Adilabad,Gudihathnur,05-Dec-21,0.0,47.2,78.3
Adilabad,Gudihathnur,06-Dec-21,0.0,49.9,80.2
Adilabad,Gudihathnur,07-Dec-21,0.0,47.6,80.3
Adilabad,Gudihathnur,08-Dec-21,0.0,53.2,80.3
Adilabad,Gudihathnur,09-Dec-21,0.0,45.8,74.8
Adilabad,Gudihathnur,10-Dec-21,0.0,41.8,81.2
Adilabad,Gudihathnur,11-Dec-21,0.0,47.0,82.7
Adilabad,Gudihathnur,12-Dec-21,0.0,45.3,78.8
Adilabad,Gudihathnur,13-Dec-21,0.0,61.4,87.6
Adilabad,Gudihathnur,14-Dec-21,0.0,42.0,81.5
Adilabad,Gudihathnur,15-Dec-21,0.0,43.7,83.4
Adilabad,Gudihathnur,16-Dec-21,0.0,42.6,80.5
Adilabad,Gudihathnur,17-Dec-21,0.0,42.0,81.0
Adilabad,Gudihathnur,18-Dec-21,0.0,39.7,82.0
Adilabad,Gudihathnur,19-Dec-21,0.0,45.4,79.7
Adilabad,Gudihathnur,20-Dec-21,0.0,48.9,83.2
Adilabad,Gudihathnur,21-Dec-21,0.0,34.7,74.3
Adilabad,Gudihathnur,22-Dec-21,0.0,23.3,74.8
Adilabad,Gudihathnur,23-Dec-21,0.0,24.5,78.9
Adilabad,Gudihathnur,24-Dec-21,0.0,30.7,78.1
Adilabad,Gudihathnur,25-Dec-21,0.0,32.4,90.8
Adilabad,Gudihathnur,26-Dec-21,0.0,43.5,82.9
Adilabad,Gudihathnur,27-Dec-21,0.0,53.2,94.9
Adilabad,Gudihathnur,28-Dec-21,0.0,54.7,94.9
Adilabad,Gudihathnur,29-Dec-21,0.0,60.4,90.6
Adilabad,Gudihathnur,30-Dec-21,5.9,66.5,94.9
Adilabad,Gudihathnur,31-Dec-21,0.0,74.3,93.6
Adilabad,Ichoda,01-Dec-21,0.0,43.0,71.9
Adilabad,Ichoda,02-Dec-21,0.0,46.6,85.2
Adilabad,Ichoda,03-Dec-21,0.0,61.0,87.5
Adilabad,Ichoda,04-Dec-21,0.0,58.9,84.0
Adilabad,Ichoda,05-Dec-21,0.0,48.8,85.5
Adilabad,Ichoda,06-Dec-21,0.0,50.1,87.8
Adilabad,Ichoda,07-Dec-21,0.0,49.6,85.9
Adilabad,Ichoda,08-Dec-21,0.0,54.4,83.0
Adilabad,Ichoda,09-Dec-21,0.0,52.1,78.9
Adilabad,Ichoda,10-Dec-21,0.0,44.6,86.3
Adilabad,Ichoda,11-Dec-21,0.0,48.4,89.5
Adilabad,Ichoda,12-Dec-21,0.0,43.5,82.5
Adilabad,Ichoda,13-Dec-21,0.0,45.2,84.3
Adilabad,Ichoda,14-Dec-21,0.0,43.7,86.3
Adilabad,Ichoda,15-Dec-21,0.0,46.2,88.1
Adilabad,Ichoda,16-Dec-21,0.0,45.6,86.8
Adilabad,Ichoda,17-Dec-21,0.0,42.5,86.3
Adilabad,Ichoda,18-Dec-21,0.0,41.2,80.7
Adilabad,Ichoda,19-Dec-21,0.0,43.5,83.4
Adilabad,Ichoda,20-Dec-21,0.0,45.4,86.4
Adilabad,Ichoda,21-Dec-21,0.0,34.9,82.0
Adilabad,Ichoda,22-Dec-21,0.0,25.3,82.2
Adilabad,Ichoda,23-Dec-21,0.0,28.2,83.8
Adilabad,Ichoda,24-Dec-21,0.0,29.9,70.1
Adilabad,Ichoda,25-Dec-21,0.0,35.0,89.7
Adilabad,Ichoda,26-Dec-21,0.0,38.3,87.9
Adilabad,Ichoda,27-Dec-21,0.0,47.8,100.0
Adilabad,Ichoda,28-Dec-21,0.0,61.3,100.0
Adilabad,Ichoda,29-Dec-21,0.0,52.4,94.7
Adilabad,Ichoda,30-Dec-21,0.0,60.9,97.1
Adilabad,Ichoda,31-Dec-21,0.0,76.1,100.0
Adilabad,Inderavelly,01-Dec-21,0.0,46.3,83.3
Adilabad,Inderavelly,02-Dec-21,0.0,45.3,87.5
Adilabad,Inderavelly,03-Dec-21,0.0,57.1,92.1
Adilabad,Inderavelly,04-Dec-21,0.0,56.2,87.3
Adilabad,Inderavelly,05-Dec-21,0.0,32.5,88.4
Adilabad,Inderavelly,06-Dec-21,0.0,49.9,96.7
Adilabad,Inderavelly,07-Dec-21,0.0,50.3,87.9
Adilabad,Inderavelly,08-Dec-21,0.0,55.1,89.3
Adilabad,Inderavelly,09-Dec-21,0.0,50.2,83.5
Adilabad,Inderavelly,10-Dec-21,0.0,44.9,89.6
Adilabad,Inderavelly,11-Dec-21,0.0,50.5,89.5
Adilabad,Inderavelly,12-Dec-21,0.0,46.8,87.4
Adilabad,Inderavelly,13-Dec-21,0.0,44.1,86.1
Adilabad,Inderavelly,14-Dec-21,0.0,43.2,88.0
Adilabad,Inderavelly,15-Dec-21,0.0,45.3,88.4
Adilabad,Inderavelly,16-Dec-21,0.0,43.7,87.8
Adilabad,Inderavelly,17-Dec-21,0.0,42.1,84.2
Adilabad,Inderavelly,18-Dec-21,0.0,42.0,88.6
Adilabad,Inderavelly,19-Dec-21,0.0,45.9,86.4
Adilabad,Inderavelly,20-Dec-21,0.0,50.7,88.4
Adilabad,Inderavelly,21-Dec-21,0.0,37.4,81.0
Adilabad,Inderavelly,22-Dec-21,0.0,26.3,81.2
Adilabad,Inderavelly,23-Dec-21,0.0,27.1,82.6
Adilabad,Inderavelly,24-Dec-21,0.0,32.6,81.4
Adilabad,Inderavelly,25-Dec-21,0.0,36.7,89.9
Adilabad,Inderavelly,26-Dec-21,0.0,45.0,89.5
Adilabad,Inderavelly,27-Dec-21,0.0,53.6,95.7
Adilabad,Inderavelly,28-Dec-21,0.0,59.7,91.8
Adilabad,Inderavelly,29-Dec-21,0.0,60.0,92.9
Adilabad,Inderavelly,30-Dec-21,7.5,70.8,94.3
Adilabad,Inderavelly,31-Dec-21,0.0,76.7,94.5
Adilabad,Jainad,01-Dec-21,0.0,35.2,100.0
Adilabad,Jainad,02-Dec-21,0.0,35.5,100.0
Adilabad,Jainad,03-Dec-21,0.0,47.5,100.0
Adilabad,Jainad,04-Dec-21,0.0,40.7,100.0
Adilabad,Jainad,05-Dec-21,0.0,36.3,100.0
Adilabad,Jainad,06-Dec-21,0.0,39.7,100.0
Adilabad,Jainad,07-Dec-21,0.0,41.9,100.0
Adilabad,Jainad,08-Dec-21,0.0,44.0,100.0
Adilabad,Jainad,09-Dec-21,0.0,39.8,91.0
Adilabad,Jainad,10-Dec-21,0.0,38.1,100.0
Adilabad,Jainad,11-Dec-21,0.0,38.6,100.0
Adilabad,Jainad,12-Dec-21,0.0,37.7,100.0
Adilabad,Jainad,13-Dec-21,0.0,34.4,100.0
Adilabad,Jainad,14-Dec-21,0.0,35.8,100.0
Adilabad,Jainad,15-Dec-21,0.0,38.3,100.0
Adilabad,Jainad,16-Dec-21,0.0,35.9,100.0
Adilabad,Jainad,17-Dec-21,0.0,32.8,100.0
Adilabad,Jainad,18-Dec-21,0.0,34.4,100.0
Adilabad,Jainad,19-Dec-21,0.0,38.8,100.0
Adilabad,Jainad,20-Dec-21,0.0,40.1,100.0
Adilabad,Jainad,21-Dec-21,0.0,25.2,100.0
Adilabad,Jainad,22-Dec-21,0.0,21.0,89.4
Adilabad,Jainad,23-Dec-21,0.0,24.2,100.0
Adilabad,Jainad,24-Dec-21,0.0,25.4,100.0
Adilabad,Jainad,25-Dec-21,0.0,29.2,87.4
Adilabad,Jainad,26-Dec-21,0.0,36.8,97.1
Adilabad,Jainad,27-Dec-21,0.0,42.5,100.0
Adilabad,Jainad,28-Dec-21,0.0,45.6,100.0
Adilabad,Jainad,29-Dec-21,5.4,47.7,83.7
Adilabad,Jainad,30-Dec-21,0.0,62.9,91.9
Adilabad,Jainad,31-Dec-21,0.0,63.7,100.0
Adilabad,Mavala,01-Dec-21,0.0,29.7,75.5
Adilabad,Mavala,02-Dec-21,0.0,31.2,77.1
Adilabad,Mavala,03-Dec-21,0.0,40.1,74.6
Adilabad,Mavala,04-Dec-21,0.0,35.2,76.7
Adilabad,Mavala,05-Dec-21,0.0,31.2,76.7
Adilabad,Mavala,06-Dec-21,0.0,35.2,81.2
Adilabad,Mavala,07-Dec-21,0.0,35.5,80.1
Adilabad,Mavala,08-Dec-21,0.0,37.7,81.4
Adilabad,Mavala,09-Dec-21,0.0,35.2,71.4
Adilabad,Mavala,10-Dec-21,0.0,29.4,80.3
Adilabad,Mavala,11-Dec-21,0.0,32.4,80.7
Adilabad,Mavala,12-Dec-21,0.0,33.0,81.4
Adilabad,Mavala,13-Dec-21,0.0,29.4,75.1
Adilabad,Mavala,14-Dec-21,0.0,28.8,77.3
Adilabad,Mavala,15-Dec-21,0.0,32.7,76.5
Adilabad,Mavala,16-Dec-21,0.0,29.4,79.1
Adilabad,Mavala,17-Dec-21,0.0,25.9,76.9
Adilabad,Mavala,18-Dec-21,0.0,26.4,76.1
Adilabad,Mavala,19-Dec-21,0.0,28.8,79.7
Adilabad,Mavala,20-Dec-21,0.0,36.8,87.8
Adilabad,Mavala,21-Dec-21,0.0,21.2,86.7
Adilabad,Mavala,22-Dec-21,0.0,15.0,75.8
Adilabad,Mavala,23-Dec-21,0.0,16.4,76.4
Adilabad,Mavala,24-Dec-21,0.0,21.1,78.9
Adilabad,Mavala,25-Dec-21,0.0,24.9,69.2
Adilabad,Mavala,26-Dec-21,0.0,30.6,88.4
Adilabad,Mavala,27-Dec-21,0.0,39.2,91.2
Adilabad,Mavala,28-Dec-21,0.0,41.7,83.6
Adilabad,Mavala,29-Dec-21,0.0,43.2,85.0
Adilabad,Mavala,30-Dec-21,2.0,57.7,80.1
Adilabad,Mavala,31-Dec-21,0.0,59.9,83.4
Adilabad,Narnoor,01-Dec-21,0.0,39.3,89.8
Adilabad,Narnoor,02-Dec-21,0.0,41.7,76.6
Adilabad,Narnoor,03-Dec-21,0.0,49.4,84.3
Adilabad,Narnoor,04-Dec-21,0.0,49.8,76.0
Adilabad,Narnoor,05-Dec-21,0.0,39.3,74.6
Adilabad,Narnoor,06-Dec-21,0.0,41.8,80.3
Adilabad,Narnoor,07-Dec-21,0.0,38.7,78.6
Adilabad,Narnoor,08-Dec-21,0.0,47.2,81.1
Adilabad,Narnoor,09-Dec-21,0.0,47.3,78.1
Adilabad,Narnoor,10-Dec-21,0.0,42.2,78.2
Adilabad,Narnoor,11-Dec-21,0.0,45.3,80.4
Adilabad,Narnoor,12-Dec-21,0.0,43.3,74.9
Adilabad,Narnoor,13-Dec-21,0.0,40.9,85.6
Adilabad,Narnoor,14-Dec-21,0.0,38.6,69.8
Adilabad,Narnoor,15-Dec-21,0.0,43.0,74.2
Adilabad,Narnoor,16-Dec-21,0.0,38.1,73.1
Adilabad,Narnoor,17-Dec-21,0.0,38.2,69.3
Adilabad,Narnoor,18-Dec-21,0.0,37.4,74.7
Adilabad,Narnoor,19-Dec-21,0.0,41.6,78.8
Adilabad,Narnoor,20-Dec-21,0.0,39.7,70.7
Adilabad,Narnoor,21-Dec-21,0.0,30.9,84.6
Adilabad,Narnoor,22-Dec-21,0.0,20.3,80.9
Adilabad,Narnoor,23-Dec-21,0.0,26.2,83.9
Adilabad,Narnoor,24-Dec-21,0.0,28.7,71.8
Adilabad,Narnoor,25-Dec-21,0.0,34.4,81.9
Adilabad,Narnoor,26-Dec-21,0.0,39.1,85.1
Adilabad,Narnoor,27-Dec-21,0.0,47.4,86.1
Adilabad,Narnoor,28-Dec-21,0.0,49.5,86.6
Adilabad,Narnoor,29-Dec-21,0.0,50.3,85.6
Adilabad,Narnoor,30-Dec-21,5.5,58.0,86.2
Adilabad,Narnoor,31-Dec-21,0.0,73.5,87.3
Adilabad,Neradigonda,01-Dec-21,0.0,41.5,90.7
Adilabad,Neradigonda,02-Dec-21,0.0,39.7,88.9
Adilabad,Neradigonda,03-Dec-21,0.0,53.7,92.7
Adilabad,Neradigonda,04-Dec-21,0.0,52.9,86.4
Adilabad,Neradigonda,05-Dec-21,0.0,40.0,85.5
Adilabad,Neradigonda,06-Dec-21,0.0,42.4,88.6
Adilabad,Neradigonda,07-Dec-21,0.0,41.3,90.6
Adilabad,Neradigonda,08-Dec-21,0.0,48.9,90.6
Adilabad,Neradigonda,09-Dec-21,0.0,42.8,81.6
Adilabad,Neradigonda,10-Dec-21,0.0,40.9,85.9
Adilabad,Neradigonda,11-Dec-21,0.0,49.6,94.3
Adilabad,Neradigonda,12-Dec-21,0.0,42.7,91.2
Adilabad,Neradigonda,13-Dec-21,0.0,38.6,88.3
Adilabad,Neradigonda,14-Dec-21,0.0,39.3,90.7
Adilabad,Neradigonda,15-Dec-21,0.0,42.5,81.9
Adilabad,Neradigonda,16-Dec-21,0.0,41.2,92.5
Adilabad,Neradigonda,17-Dec-21,0.0,36.7,92.2
Adilabad,Neradigonda,18-Dec-21,0.0,39.3,92.4
Adilabad,Neradigonda,19-Dec-21,0.0,42.1,92.2
Adilabad,Neradigonda,20-Dec-21,0.0,41.5,92.0
Adilabad,Neradigonda,21-Dec-21,0.0,37.2,79.6
Adilabad,Neradigonda,22-Dec-21,0.0,24.3,79.1
Adilabad,Neradigonda,23-Dec-21,0.0,23.1,81.2
Adilabad,Neradigonda,24-Dec-21,0.0,29.7,89.3
Adilabad,Neradigonda,25-Dec-21,0.0,32.7,91.0
Adilabad,Neradigonda,26-Dec-21,0.0,36.7,90.3
Adilabad,Neradigonda,27-Dec-21,0.0,43.8,91.3
Adilabad,Neradigonda,28-Dec-21,0.0,58.2,93.6
Adilabad,Neradigonda,29-Dec-21,0.0,49.0,93.5
Adilabad,Neradigonda,30-Dec-21,3.1,50.5,93.1
Adilabad,Neradigonda,31-Dec-21,0.0,71.9,94.0
Adilabad,Sirikonda,01-Dec-21,0.0,46.3,87.2
Adilabad,Sirikonda,02-Dec-21,0.0,43.2,88.3
Adilabad,Sirikonda,03-Dec-21,0.0,59.8,90.6
Adilabad,Sirikonda,04-Dec-21,0.0,60.1,90.1
Adilabad,Sirikonda,05-Dec-21,0.0,49.5,89.2
Adilabad,Sirikonda,06-Dec-21,0.0,48.2,91.8
Adilabad,Sirikonda,07-Dec-21,0.0,49.3,89.3
Adilabad,Sirikonda,08-Dec-21,0.0,56.3,88.6
Adilabad,Sirikonda,09-Dec-21,0.0,54.1,87.6
Adilabad,Sirikonda,10-Dec-21,0.0,46.4,89.7
Adilabad,Sirikonda,11-Dec-21,0.0,53.2,91.4
Adilabad,Sirikonda,12-Dec-21,0.0,47.4,90.0
Adilabad,Sirikonda,13-Dec-21,0.0,43.3,87.5
Adilabad,Sirikonda,14-Dec-21,0.0,43.3,88.6
Adilabad,Sirikonda,15-Dec-21,0.0,46.2,89.6
Adilabad,Sirikonda,16-Dec-21,0.0,42.7,89.7
Adilabad,Sirikonda,17-Dec-21,0.0,42.3,89.7
Adilabad,Sirikonda,18-Dec-21,0.0,42.3,90.1
Adilabad,Sirikonda,19-Dec-21,0.0,46.4,88.1
Adilabad,Sirikonda,20-Dec-21,0.0,51.2,89.6
Adilabad,Sirikonda,21-Dec-21,0.0,38.4,86.3
Adilabad,Sirikonda,22-Dec-21,0.0,27.4,84.2
Adilabad,Sirikonda,23-Dec-21,0.0,26.8,85.5
Adilabad,Sirikonda,24-Dec-21,0.0,34.2,86.6
Adilabad,Sirikonda,25-Dec-21,0.0,40.3,89.8
Adilabad,Sirikonda,26-Dec-21,0.0,46.7,90.0
Adilabad,Sirikonda,27-Dec-21,0.0,58.4,93.4
Adilabad,Sirikonda,28-Dec-21,0.0,63.1,95.0
Adilabad,Sirikonda,29-Dec-21,0.0,61.9,94.2
Adilabad,Sirikonda,30-Dec-21,0.0,67.0,92.0
Adilabad,Sirikonda,31-Dec-21,0.0,78.2,94.5
Adilabad,Talamadugu,01-Dec-21,0.0,44.8,87.8
Adilabad,Talamadugu,02-Dec-21,0.0,45.3,88.9
Adilabad,Talamadugu,03-Dec-21,0.0,53.5,88.3
Adilabad,Talamadugu,04-Dec-21,0.0,47.8,87.8
Adilabad,Talamadugu,05-Dec-21,0.0,46.6,89.2
Adilabad,Talamadugu,06-Dec-21,0.0,48.5,90.8
Adilabad,Talamadugu,07-Dec-21,0.0,43.5,92.5
Adilabad,Talamadugu,08-Dec-21,0.0,46.4,93.9
Adilabad,Talamadugu,09-Dec-21,0.0,45.4,100.0
Adilabad,Talamadugu,10-Dec-21,0.0,40.7,92.2
Adilabad,Talamadugu,11-Dec-21,0.0,42.5,92.8
Adilabad,Talamadugu,12-Dec-21,0.0,42.0,100.0
Adilabad,Talamadugu,13-Dec-21,0.0,39.3,100.0
Adilabad,Talamadugu,14-Dec-21,0.0,38.6,91.7
Adilabad,Talamadugu,15-Dec-21,0.0,42.1,92.2
Adilabad,Talamadugu,16-Dec-21,0.0,40.8,92.0
Adilabad,Talamadugu,17-Dec-21,0.0,36.3,90.6
Adilabad,Talamadugu,18-Dec-21,0.0,37.0,91.1
Adilabad,Talamadugu,19-Dec-21,0.0,41.7,92.3
Adilabad,Talamadugu,20-Dec-21,0.0,45.8,93.0
Adilabad,Talamadugu,21-Dec-21,0.0,32.3,100.0
Adilabad,Talamadugu,22-Dec-21,0.0,28.3,100.0
Adilabad,Talamadugu,23-Dec-21,0.0,30.0,100.0
Adilabad,Talamadugu,24-Dec-21,0.0,31.0,100.0
Adilabad,Talamadugu,25-Dec-21,0.0,32.6,100.0
Adilabad,Talamadugu,26-Dec-21,0.0,36.5,91.2
Adilabad,Talamadugu,27-Dec-21,0.0,48.3,91.9
Adilabad,Talamadugu,28-Dec-21,0.0,50.1,91.3
Adilabad,Talamadugu,29-Dec-21,0.0,50.3,93.7
Adilabad,Talamadugu,30-Dec-21,1.7,71.0,94.3
Adilabad,Talamadugu,31-Dec-21,0.0,72.9,93.1
Adilabad,Tamsi,01-Dec-21,0.0,45.7,87.9
Adilabad,Tamsi,02-Dec-21,0.0,45.5,89.7
Adilabad,Tamsi,03-Dec-21,0.0,55.3,90.1
Adilabad,Tamsi,04-Dec-21,0.0,47.3,86.7
