district,mandal,date,min_temp_c,max_temp_c
Adilabad,"Adilabad Rural",01-Sep-21,24.6,30.8
Adilabad,"Adilabad Rural",02-Sep-21,27.2,33.3
Adilabad,"Adilabad Rural",03-Sep-21,25.5,32.8
Adilabad,"Adilabad Rural",04-Sep-21,24.4,33.5
Adilabad,"Adilabad Rural",05-Sep-21,24.1,33.1
Adilabad,"Adilabad Rural",06-Sep-21,25.9,33.3
Adilabad,"Adilabad Rural",07-Sep-21,23.8,32.7
Adilabad,"Adilabad Rural",08-Sep-21,24.4,30.8
Adilabad,"Adilabad Rural",09-Sep-21,24.6,32.8
Adilabad,"Adilabad Rural",10-Sep-21,25.7,33.8
Adilabad,"Adilabad Rural",11-Sep-21,23.9,34.3
Adilabad,"Adilabad Rural",12-Sep-21,25.2,33.3
Adilabad,"Adilabad Rural",13-Sep-21,24.6,34.8
Adilabad,"Adilabad Rural",14-Sep-21,25.3,34.9
Adilabad,"Adilabad Rural",15-Sep-21,25.4,32.0
Adilabad,"Adilabad Rural",16-Sep-21,24.1,32.6
Adilabad,"Adilabad Rural",17-Sep-21,24.6,33.4
Adilabad,"Adilabad Rural",18-Sep-21,25.7,30.9
Adilabad,"Adilabad Rural",19-Sep-21,24.5,34.5
Adilabad,"Adilabad Rural",20-Sep-21,25.1,33.9
Adilabad,"Adilabad Rural",21-Sep-21,23.4,30.3
Adilabad,"Adilabad Rural",22-Sep-21,24.7,29.8
Adilabad,"Adilabad Rural",23-Sep-21,22.7,32.2
Adilabad,"Adilabad Rural",24-Sep-21,24.6,33.0
Adilabad,"Adilabad Rural",25-Sep-21,24.8,35.4
Adilabad,"Adilabad Rural",26-Sep-21,24.9,31.4
Adilabad,"Adilabad Rural",27-Sep-21,24.4,33.9
Adilabad,"Adilabad Rural",28-Sep-21,22.9,31.7
Adilabad,"Adilabad Rural",29-Sep-21,24.3,29.8
Adilabad,"Adilabad Rural",30-Sep-21,23.1,34.2
Adilabad,"Adilabad Urban",01-Sep-21,24.0,31.0
Adilabad,"Adilabad Urban",02-Sep-21,24.5,32.3
Adilabad,"Adilabad Urban",03-Sep-21,24.6,32.1
Adilabad,"Adilabad Urban",04-Sep-21,22.2,32.6
Adilabad,"Adilabad Urban",05-Sep-21,23.7,32.6
Adilabad,"Adilabad Urban",06-Sep-21,24.4,32.9
Adilabad,"Adilabad Urban",07-Sep-21,23.2,32.2
Adilabad,"Adilabad Urban",08-Sep-21,23.2,29.3
Adilabad,"Adilabad Urban",09-Sep-21,24.4,31.8
Adilabad,"Adilabad Urban",10-Sep-21,23.7,32.9
Adilabad,"Adilabad Urban",11-Sep-21,23.7,33.0
Adilabad,"Adilabad Urban",12-Sep-21,23.9,32.8
Adilabad,"Adilabad Urban",13-Sep-21,24.6,33.0
Adilabad,"Adilabad Urban",14-Sep-21,24.8,33.4
Adilabad,"Adilabad Urban",15-Sep-21,25.5,32.4
Adilabad,"Adilabad Urban",16-Sep-21,24.3,33.1
Adilabad,"Adilabad Urban",17-Sep-21,24.5,34.2
Adilabad,"Adilabad Urban",18-Sep-21,24.5,29.9
Adilabad,"Adilabad Urban",19-Sep-21,23.7,32.9
Adilabad,"Adilabad Urban",20-Sep-21,25.1,33.2
Adilabad,"Adilabad Urban",21-Sep-21,23.8,30.0
Adilabad,"Adilabad Urban",22-Sep-21,23.7,29.8
Adilabad,"Adilabad Urban",23-Sep-21,23.3,32.4
Adilabad,"Adilabad Urban",24-Sep-21,23.9,32.0
Adilabad,"Adilabad Urban",25-Sep-21,23.8,33.5
Adilabad,"Adilabad Urban",26-Sep-21,24.5,34.1
Adilabad,"Adilabad Urban",27-Sep-21,23.6,32.9
Adilabad,"Adilabad Urban",28-Sep-21,22.9,30.7
Adilabad,"Adilabad Urban",29-Sep-21,22.9,29.2
Adilabad,"Adilabad Urban",30-Sep-21,23.1,33.8
Adilabad,Bazarhathnoor,01-Sep-21,23.3,31.0
Adilabad,Bazarhathnoor,02-Sep-21,24.0,32.1
Adilabad,Bazarhathnoor,03-Sep-21,23.7,31.4
Adilabad,Bazarhathnoor,04-Sep-21,22.2,31.3
Adilabad,Bazarhathnoor,05-Sep-21,22.6,31.4
Adilabad,Bazarhathnoor,06-Sep-21,23.3,30.1
Adilabad,Bazarhathnoor,07-Sep-21,22.5,28.6
Adilabad,Bazarhathnoor,08-Sep-21,22.6,28.1
Adilabad,Bazarhathnoor,09-Sep-21,22.6,30.3
Adilabad,Bazarhathnoor,10-Sep-21,23.0,29.9
Adilabad,Bazarhathnoor,11-Sep-21,23.2,31.2
Adilabad,Bazarhathnoor,12-Sep-21,23.5,31.1
Adilabad,Bazarhathnoor,13-Sep-21,23.3,31.3
Adilabad,Bazarhathnoor,14-Sep-21,23.4,31.7
Adilabad,Bazarhathnoor,15-Sep-21,23.5,29.3
Adilabad,Bazarhathnoor,16-Sep-21,23.5,31.9
Adilabad,Bazarhathnoor,17-Sep-21,23.5,32.2
Adilabad,Bazarhathnoor,18-Sep-21,23.0,29.3
Adilabad,Bazarhathnoor,19-Sep-21,22.1,31.5
Adilabad,Bazarhathnoor,20-Sep-21,23.7,32.4
Adilabad,Bazarhathnoor,21-Sep-21,21.9,29.7
Adilabad,Bazarhathnoor,22-Sep-21,22.7,25.8
Adilabad,Bazarhathnoor,23-Sep-21,22.0,30.7
Adilabad,Bazarhathnoor,24-Sep-21,22.9,29.3
Adilabad,Bazarhathnoor,25-Sep-21,22.6,31.0
Adilabad,Bazarhathnoor,26-Sep-21,23.7,31.5
Adilabad,Bazarhathnoor,27-Sep-21,21.9,30.8
Adilabad,Bazarhathnoor,28-Sep-21,22.9,28.2
Adilabad,Bazarhathnoor,29-Sep-21,21.8,25.9
Adilabad,Bazarhathnoor,30-Sep-21,22.0,31.6
Adilabad,Bela,01-Sep-21,24.5,31.3
Adilabad,Bela,02-Sep-21,24.2,32.3
Adilabad,Bela,03-Sep-21,24.0,32.8
Adilabad,Bela,04-Sep-21,22.7,33.5
Adilabad,Bela,05-Sep-21,24.6,33.4
Adilabad,Bela,06-Sep-21,25.0,33.5
Adilabad,Bela,07-Sep-21,23.6,32.3
Adilabad,Bela,08-Sep-21,23.9,29.5
Adilabad,Bela,09-Sep-21,24.7,32.4
Adilabad,Bela,10-Sep-21,24.8,33.0
Adilabad,Bela,11-Sep-21,23.2,32.7
Adilabad,Bela,12-Sep-21,24.3,32.1
Adilabad,Bela,13-Sep-21,24.8,34.7
Adilabad,Bela,14-Sep-21,25.0,34.3
Adilabad,Bela,15-Sep-21,25.5,30.4
Adilabad,Bela,16-Sep-21,24.7,32.5
Adilabad,Bela,17-Sep-21,24.8,32.9
Adilabad,Bela,18-Sep-21,24.8,30.9
Adilabad,Bela,19-Sep-21,23.7,33.7
Adilabad,Bela,20-Sep-21,25.0,33.8
Adilabad,Bela,21-Sep-21,22.4,29.4
Adilabad,Bela,22-Sep-21,22.6,28.8
Adilabad,Bela,23-Sep-21,23.7,31.1
Adilabad,Bela,24-Sep-21,24.2,32.5
Adilabad,Bela,25-Sep-21,24.0,34.7
Adilabad,Bela,26-Sep-21,24.4,32.9
Adilabad,Bela,27-Sep-21,24.6,33.1
Adilabad,Bela,28-Sep-21,22.9,30.6
Adilabad,Bela,29-Sep-21,23.5,30.1
Adilabad,Bela,30-Sep-21,23.4,34.7
Adilabad,Bheempoor,01-Sep-21,24.7,30.4
Adilabad,Bheempoor,02-Sep-21,24.5,31.2
Adilabad,Bheempoor,03-Sep-21,24.6,32.2
Adilabad,Bheempoor,04-Sep-21,23.3,31.5
Adilabad,Bheempoor,05-Sep-21,24.0,31.6
Adilabad,Bheempoor,06-Sep-21,24.6,32.0
Adilabad,Bheempoor,07-Sep-21,23.9,32.1
Adilabad,Bheempoor,08-Sep-21,23.7,29.9
Adilabad,Bheempoor,09-Sep-21,25.4,31.2
Adilabad,Bheempoor,10-Sep-21,24.4,32.1
Adilabad,Bheempoor,11-Sep-21,23.7,32.6
Adilabad,Bheempoor,12-Sep-21,23.6,31.3
Adilabad,Bheempoor,13-Sep-21,24.4,32.9
Adilabad,Bheempoor,14-Sep-21,24.7,32.9
Adilabad,Bheempoor,15-Sep-21,25.6,30.3
Adilabad,Bheempoor,16-Sep-21,24.3,31.4
Adilabad,Bheempoor,17-Sep-21,24.8,32.6
Adilabad,Bheempoor,18-Sep-21,24.0,30.4
Adilabad,Bheempoor,19-Sep-21,23.6,32.7
Adilabad,Bheempoor,20-Sep-21,25.0,32.6
Adilabad,Bheempoor,21-Sep-21,24.2,29.2
Adilabad,Bheempoor,22-Sep-21,23.4,29.6
Adilabad,Bheempoor,23-Sep-21,23.7,32.5
Adilabad,Bheempoor,24-Sep-21,24.2,30.8
Adilabad,Bheempoor,25-Sep-21,23.8,33.0
Adilabad,Bheempoor,26-Sep-21,24.4,32.7
Adilabad,Bheempoor,27-Sep-21,25.3,32.2
Adilabad,Bheempoor,28-Sep-21,22.9,30.2
Adilabad,Bheempoor,29-Sep-21,22.7,27.3
Adilabad,Bheempoor,30-Sep-21,23.0,32.5
Adilabad,Boath,01-Sep-21,23.2,31.0
Adilabad,Boath,02-Sep-21,23.3,33.0
Adilabad,Boath,03-Sep-21,23.1,32.5
Adilabad,Boath,04-Sep-21,21.9,32.7
Adilabad,Boath,05-Sep-21,22.2,32.5
Adilabad,Boath,06-Sep-21,23.3,30.4
Adilabad,Boath,07-Sep-21,22.3,30.1
Adilabad,Boath,08-Sep-21,22.0,28.6
Adilabad,Boath,09-Sep-21,22.2,32.9
Adilabad,Boath,10-Sep-21,22.6,31.0
Adilabad,Boath,11-Sep-21,22.9,31.9
Adilabad,Boath,12-Sep-21,23.0,31.7
Adilabad,Boath,13-Sep-21,23.1,32.7
Adilabad,Boath,14-Sep-21,23.4,32.5
Adilabad,Boath,15-Sep-21,23.3,30.0
Adilabad,Boath,16-Sep-21,23.0,31.1
Adilabad,Boath,17-Sep-21,23.0,31.8
Adilabad,Boath,18-Sep-21,22.9,29.1
Adilabad,Boath,19-Sep-21,21.8,32.6
Adilabad,Boath,20-Sep-21,23.1,32.7
Adilabad,Boath,21-Sep-21,21.4,30.9
Adilabad,Boath,22-Sep-21,22.7,27.6
Adilabad,Boath,23-Sep-21,22.2,30.3
Adilabad,Boath,24-Sep-21,22.6,30.2
Adilabad,Boath,25-Sep-21,22.4,32.8
Adilabad,Boath,26-Sep-21,23.5,30.3
Adilabad,Boath,27-Sep-21,21.8,31.2
Adilabad,Boath,28-Sep-21,22.8,29.0
Adilabad,Boath,29-Sep-21,21.4,27.4
Adilabad,Boath,30-Sep-21,21.0,32.9
Adilabad,Gadiguda,01-Sep-21,23.4,30.7
Adilabad,Gadiguda,02-Sep-21,24.2,31.0
Adilabad,Gadiguda,03-Sep-21,22.7,31.4
Adilabad,Gadiguda,04-Sep-21,23.0,32.0
Adilabad,Gadiguda,05-Sep-21,23.3,31.2
Adilabad,Gadiguda,06-Sep-21,24.6,31.2
Adilabad,Gadiguda,07-Sep-21,23.1,30.7
Adilabad,Gadiguda,08-Sep-21,23.5,28.0
Adilabad,Gadiguda,09-Sep-21,23.8,29.6
Adilabad,Gadiguda,10-Sep-21,24.2,30.9
Adilabad,Gadiguda,11-Sep-21,23.1,29.9
Adilabad,Gadiguda,12-Sep-21,23.9,30.4
Adilabad,Gadiguda,13-Sep-21,24.0,31.1
Adilabad,Gadiguda,14-Sep-21,24.4,31.7
Adilabad,Gadiguda,15-Sep-21,24.4,28.6
Adilabad,Gadiguda,16-Sep-21,24.0,29.9
Adilabad,Gadiguda,17-Sep-21,23.4,30.3
Adilabad,Gadiguda,18-Sep-21,23.6,28.4
Adilabad,Gadiguda,19-Sep-21,22.4,31.2
Adilabad,Gadiguda,20-Sep-21,23.3,31.1
Adilabad,Gadiguda,21-Sep-21,22.6,27.4
Adilabad,Gadiguda,22-Sep-21,22.8,26.7
Adilabad,Gadiguda,23-Sep-21,23.4,30.0
Adilabad,Gadiguda,24-Sep-21,23.8,31.1
Adilabad,Gadiguda,25-Sep-21,22.5,31.7
Adilabad,Gadiguda,26-Sep-21,23.6,29.9
Adilabad,Gadiguda,27-Sep-21,23.3,31.6
Adilabad,Gadiguda,28-Sep-21,22.9,28.1
Adilabad,Gadiguda,29-Sep-21,22.9,28.3
Adilabad,Gadiguda,30-Sep-21,23.6,32.0
Adilabad,Gudihathnur,01-Sep-21,24.0,30.7
Adilabad,Gudihathnur,02-Sep-21,24.6,31.7
Adilabad,Gudihathnur,03-Sep-21,24.4,32.5
Adilabad,Gudihathnur,04-Sep-21,22.6,32.2
Adilabad,Gudihathnur,05-Sep-21,23.5,32.7
Adilabad,Gudihathnur,06-Sep-21,24.1,30.7
Adilabad,Gudihathnur,07-Sep-21,22.3,30.5
Adilabad,Gudihathnur,08-Sep-21,22.2,28.6
Adilabad,Gudihathnur,09-Sep-21,23.2,31.8
Adilabad,Gudihathnur,10-Sep-21,23.5,31.7
Adilabad,Gudihathnur,11-Sep-21,22.8,31.5
Adilabad,Gudihathnur,12-Sep-21,23.6,31.7
Adilabad,Gudihathnur,13-Sep-21,23.1,32.7
Adilabad,Gudihathnur,14-Sep-21,24.2,32.4
Adilabad,Gudihathnur,15-Sep-21,23.9,29.2
Adilabad,Gudihathnur,16-Sep-21,23.4,31.2
Adilabad,Gudihathnur,17-Sep-21,24.1,31.2
Adilabad,Gudihathnur,18-Sep-21,23.7,28.9
Adilabad,Gudihathnur,19-Sep-21,22.7,32.7
Adilabad,Gudihathnur,20-Sep-21,23.4,32.0
Adilabad,Gudihathnur,21-Sep-21,22.2,29.4
Adilabad,Gudihathnur,22-Sep-21,22.9,26.8
Adilabad,Gudihathnur,23-Sep-21,22.0,32.0
Adilabad,Gudihathnur,24-Sep-21,22.7,31.2
Adilabad,Gudihathnur,25-Sep-21,22.8,32.7
Adilabad,Gudihathnur,26-Sep-21,23.7,31.5
Adilabad,Gudihathnur,27-Sep-21,22.5,31.8
Adilabad,Gudihathnur,28-Sep-21,22.6,30.0
Adilabad,Gudihathnur,29-Sep-21,22.5,27.2
Adilabad,Gudihathnur,30-Sep-21,22.3,32.8
Adilabad,Ichoda,01-Sep-21,23.2,29.7
Adilabad,Ichoda,02-Sep-21,24.3,31.7
Adilabad,Ichoda,03-Sep-21,24.1,30.1
Adilabad,Ichoda,04-Sep-21,23.3,29.4
Adilabad,Ichoda,05-Sep-21,22.8,31.9
Adilabad,Ichoda,06-Sep-21,23.6,30.0
Adilabad,Ichoda,07-Sep-21,22.5,28.9
Adilabad,Ichoda,08-Sep-21,22.5,28.9
Adilabad,Ichoda,09-Sep-21,22.5,29.7
Adilabad,Ichoda,10-Sep-21,23.1,29.2
Adilabad,Ichoda,11-Sep-21,23.5,31.7
Adilabad,Ichoda,12-Sep-21,23.9,31.4
Adilabad,Ichoda,13-Sep-21,23.4,32.1
Adilabad,Ichoda,14-Sep-21,23.3,31.4
Adilabad,Ichoda,15-Sep-21,23.4,29.3
Adilabad,Ichoda,16-Sep-21,23.7,30.1
Adilabad,Ichoda,17-Sep-21,24.1,31.7
Adilabad,Ichoda,18-Sep-21,23.7,28.6
Adilabad,Ichoda,19-Sep-21,22.5,31.5
Adilabad,Ichoda,20-Sep-21,23.4,30.9
Adilabad,Ichoda,21-Sep-21,21.7,29.9
Adilabad,Ichoda,22-Sep-21,22.8,25.6
Adilabad,Ichoda,23-Sep-21,22.3,29.5
Adilabad,Ichoda,24-Sep-21,22.9,30.1
Adilabad,Ichoda,25-Sep-21,22.8,30.8
Adilabad,Ichoda,26-Sep-21,23.3,30.7
Adilabad,Ichoda,27-Sep-21,22.6,30.7
Adilabad,Ichoda,28-Sep-21,22.6,28.8
Adilabad,Ichoda,29-Sep-21,22.1,25.7
Adilabad,Ichoda,30-Sep-21,22.6,31.7
Adilabad,Inderavelly,01-Sep-21,23.6,30.3
Adilabad,Inderavelly,02-Sep-21,24.6,31.3
Adilabad,Inderavelly,03-Sep-21,24.4,31.8
Adilabad,Inderavelly,04-Sep-21,23.3,32.3
Adilabad,Inderavelly,05-Sep-21,23.6,32.5
Adilabad,Inderavelly,06-Sep-21,24.5,30.9
Adilabad,Inderavelly,07-Sep-21,22.9,30.7
Adilabad,Inderavelly,08-Sep-21,22.8,27.5
Adilabad,Inderavelly,09-Sep-21,23.4,30.8
Adilabad,Inderavelly,10-Sep-21,23.7,31.7
Adilabad,Inderavelly,11-Sep-21,23.5,31.7
Adilabad,Inderavelly,12-Sep-21,23.9,31.4
Adilabad,Inderavelly,13-Sep-21,23.4,32.1
Adilabad,Inderavelly,14-Sep-21,24.3,32.2
Adilabad,Inderavelly,15-Sep-21,24.2,30.0
Adilabad,Inderavelly,16-Sep-21,23.8,31.6
Adilabad,Inderavelly,17-Sep-21,24.5,32.5
Adilabad,Inderavelly,18-Sep-21,24.0,28.6
Adilabad,Inderavelly,19-Sep-21,23.4,32.0
Adilabad,Inderavelly,20-Sep-21,23.9,31.1
Adilabad,Inderavelly,21-Sep-21,22.3,29.0
Adilabad,Inderavelly,22-Sep-21,23.1,26.8
Adilabad,Inderavelly,23-Sep-21,22.7,31.6
Adilabad,Inderavelly,24-Sep-21,23.3,30.8
Adilabad,Inderavelly,25-Sep-21,23.3,32.8
Adilabad,Inderavelly,26-Sep-21,23.7,30.4
Adilabad,Inderavelly,27-Sep-21,22.8,31.6
Adilabad,Inderavelly,28-Sep-21,22.8,29.4
Adilabad,Inderavelly,29-Sep-21,22.7,27.9
Adilabad,Inderavelly,30-Sep-21,22.6,32.4
Adilabad,Jainad,01-Sep-21,24.8,31.4
Adilabad,Jainad,02-Sep-21,25.3,34.0
Adilabad,Jainad,03-Sep-21,25.0,32.4
Adilabad,Jainad,04-Sep-21,23.0,32.6
Adilabad,Jainad,05-Sep-21,24.8,34.2
Adilabad,Jainad,06-Sep-21,25.2,33.1
Adilabad,Jainad,07-Sep-21,23.8,32.9
Adilabad,Jainad,08-Sep-21,24.0,30.8
Adilabad,Jainad,09-Sep-21,25.2,33.7
Adilabad,Jainad,10-Sep-21,24.9,33.9
Adilabad,Jainad,11-Sep-21,24.0,34.0
Adilabad,Jainad,12-Sep-21,24.9,33.9
Adilabad,Jainad,13-Sep-21,25.4,33.0
Adilabad,Jainad,14-Sep-21,25.5,33.4
Adilabad,Jainad,15-Sep-21,26.0,32.0
Adilabad,Jainad,16-Sep-21,25.0,33.6
Adilabad,Jainad,17-Sep-21,25.2,34.3
Adilabad,Jainad,18-Sep-21,25.1,31.6
Adilabad,Jainad,19-Sep-21,24.3,34.1
Adilabad,Jainad,20-Sep-21,25.6,33.2
Adilabad,Jainad,21-Sep-21,23.8,31.4
Adilabad,Jainad,22-Sep-21,23.7,29.3
Adilabad,Jainad,23-Sep-21,24.0,32.4
Adilabad,Jainad,24-Sep-21,24.4,31.8
Adilabad,Jainad,25-Sep-21,24.3,34.6
Adilabad,Jainad,26-Sep-21,24.9,34.1
Adilabad,Jainad,27-Sep-21,24.8,33.5
Adilabad,Jainad,28-Sep-21,22.9,31.4
Adilabad,Jainad,29-Sep-21,23.8,29.9
Adilabad,Jainad,30-Sep-21,23.7,34.5
Adilabad,Mavala,01-Sep-21,24.8,29.0
Adilabad,Mavala,02-Sep-21,25.5,31.9
Adilabad,Mavala,03-Sep-21,25.5,31.6
Adilabad,Mavala,04-Sep-21,22.5,31.7
Adilabad,Mavala,05-Sep-21,24.6,31.3
Adilabad,Mavala,06-Sep-21,25.2,31.3
Adilabad,Mavala,07-Sep-21,24.0,30.0
Adilabad,Mavala,08-Sep-21,23.8,29.1
Adilabad,Mavala,09-Sep-21,25.4,31.4
Adilabad,Mavala,10-Sep-21,25.1,31.6
Adilabad,Mavala,11-Sep-21,23.8,31.7
Adilabad,Mavala,12-Sep-21,25.4,32.1
Adilabad,Mavala,13-Sep-21,25.6,32.8
Adilabad,Mavala,14-Sep-21,26.0,32.9
Adilabad,Mavala,15-Sep-21,26.5,30.9
Adilabad,Mavala,16-Sep-21,24.3,34.1
Adilabad,Mavala,17-Sep-21,24.7,32.0
Adilabad,Mavala,18-Sep-21,25.1,28.9
Adilabad,Mavala,19-Sep-21,24.2,32.4
Adilabad,Mavala,20-Sep-21,25.4,32.6
Adilabad,Mavala,21-Sep-21,24.1,29.2
Adilabad,Mavala,22-Sep-21,24.4,27.5
Adilabad,Mavala,23-Sep-21,23.6,30.7
Adilabad,Mavala,24-Sep-21,25.9,32.1
Adilabad,Mavala,25-Sep-21,25.1,33.9
Adilabad,Mavala,26-Sep-21,26.4,32.6
Adilabad,Mavala,27-Sep-21,25.9,33.0
Adilabad,Mavala,28-Sep-21,22.9,30.9
Adilabad,Mavala,29-Sep-21,23.5,28.9
Adilabad,Mavala,30-Sep-21,23.5,32.1
Adilabad,Narnoor,01-Sep-21,23.6,29.1
Adilabad,Narnoor,02-Sep-21,24.2,30.5
Adilabad,Narnoor,03-Sep-21,22.7,31.9
Adilabad,Narnoor,04-Sep-21,22.4,30.1
Adilabad,Narnoor,05-Sep-21,23.4,30.3
Adilabad,Narnoor,06-Sep-21,24.3,29.6
Adilabad,Narnoor,07-Sep-21,23.1,29.3
Adilabad,Narnoor,08-Sep-21,22.9,28.6
Adilabad,Narnoor,09-Sep-21,23.0,28.7
Adilabad,Narnoor,10-Sep-21,23.7,29.7
Adilabad,Narnoor,11-Sep-21,23.5,30.7
Adilabad,Narnoor,12-Sep-21,23.4,30.2
Adilabad,Narnoor,13-Sep-21,23.1,29.5
Adilabad,Narnoor,14-Sep-21,23.8,31.3
Adilabad,Narnoor,15-Sep-21,23.8,27.9
Adilabad,Narnoor,16-Sep-21,23.5,29.6
Adilabad,Narnoor,17-Sep-21,24.2,29.5
Adilabad,Narnoor,18-Sep-21,23.5,28.3
Adilabad,Narnoor,19-Sep-21,23.4,30.4
Adilabad,Narnoor,20-Sep-21,23.9,29.9
Adilabad,Narnoor,21-Sep-21,22.8,27.2
Adilabad,Narnoor,22-Sep-21,23.0,26.7
Adilabad,Narnoor,23-Sep-21,23.0,29.2
Adilabad,Narnoor,24-Sep-21,23.4,31.5
Adilabad,Narnoor,25-Sep-21,23.3,31.3
Adilabad,Narnoor,26-Sep-21,23.7,29.5
Adilabad,Narnoor,27-Sep-21,23.4,30.1
Adilabad,Narnoor,28-Sep-21,22.9,27.7
Adilabad,Narnoor,29-Sep-21,22.4,27.3
Adilabad,Narnoor,30-Sep-21,23.7,31.2
Adilabad,Neradigonda,01-Sep-21,23.6,30.6
Adilabad,Neradigonda,02-Sep-21,23.9,31.5
Adilabad,Neradigonda,03-Sep-21,23.6,31.2
Adilabad,Neradigonda,04-Sep-21,22.2,32.4
Adilabad,Neradigonda,05-Sep-21,22.6,31.3
Adilabad,Neradigonda,06-Sep-21,23.4,30.1
Adilabad,Neradigonda,07-Sep-21,22.5,30.1
Adilabad,Neradigonda,08-Sep-21,22.6,28.3
Adilabad,Neradigonda,09-Sep-21,22.6,31.3
Adilabad,Neradigonda,10-Sep-21,23.0,30.3
Adilabad,Neradigonda,11-Sep-21,23.2,31.2
Adilabad,Neradigonda,12-Sep-21,23.5,31.1
Adilabad,Neradigonda,13-Sep-21,23.3,31.3
Adilabad,Neradigonda,14-Sep-21,23.8,32.5
Adilabad,Neradigonda,15-Sep-21,23.6,29.9
Adilabad,Neradigonda,16-Sep-21,23.4,30.4
Adilabad,Neradigonda,17-Sep-21,23.5,31.4
Adilabad,Neradigonda,18-Sep-21,23.6,29.2
Adilabad,Neradigonda,19-Sep-21,22.5,31.8
Adilabad,Neradigonda,20-Sep-21,23.6,30.6
Adilabad,Neradigonda,21-Sep-21,21.7,29.7
Adilabad,Neradigonda,22-Sep-21,22.9,26.3
Adilabad,Neradigonda,23-Sep-21,22.4,29.8
Adilabad,Neradigonda,24-Sep-21,23.3,29.4
Adilabad,Neradigonda,25-Sep-21,23.0,32.0
Adilabad,Neradigonda,26-Sep-21,23.8,30.0
Adilabad,Neradigonda,27-Sep-21,22.7,30.7
Adilabad,Neradigonda,28-Sep-21,22.9,28.3
Adilabad,Neradigonda,29-Sep-21,21.9,26.4
Adilabad,Neradigonda,30-Sep-21,21.8,31.4
Adilabad,Sirikonda,01-Sep-21,23.2,30.1
Adilabad,Sirikonda,02-Sep-21,24.6,31.3
Adilabad,Sirikonda,03-Sep-21,24.4,31.2
Adilabad,Sirikonda,04-Sep-21,23.0,32.4
Adilabad,Sirikonda,05-Sep-21,23.6,32.5
Adilabad,Sirikonda,06-Sep-21,24.5,30.9
Adilabad,Sirikonda,07-Sep-21,23.1,30.8
Adilabad,Sirikonda,08-Sep-21,23.4,28.4
Adilabad,Sirikonda,09-Sep-21,23.7,30.0
Adilabad,Sirikonda,10-Sep-21,24.0,31.6
Adilabad,Sirikonda,11-Sep-21,24.2,31.9
Adilabad,Sirikonda,12-Sep-21,24.1,31.7
Adilabad,Sirikonda,13-Sep-21,23.7,32.1
Adilabad,Sirikonda,14-Sep-21,24.4,31.9
Adilabad,Sirikonda,15-Sep-21,24.5,29.8
Adilabad,Sirikonda,16-Sep-21,23.9,31.9
Adilabad,Sirikonda,17-Sep-21,24.8,31.8
Adilabad,Sirikonda,18-Sep-21,24.0,29.2
Adilabad,Sirikonda,19-Sep-21,24.0,31.9
Adilabad,Sirikonda,20-Sep-21,24.3,30.9
Adilabad,Sirikonda,21-Sep-21,22.5,28.6
Adilabad,Sirikonda,22-Sep-21,23.4,27.3
Adilabad,Sirikonda,23-Sep-21,23.2,31.1
Adilabad,Sirikonda,24-Sep-21,23.7,30.9
Adilabad,Sirikonda,25-Sep-21,23.6,33.0
Adilabad,Sirikonda,26-Sep-21,23.6,30.0
Adilabad,Sirikonda,27-Sep-21,23.1,31.7
Adilabad,Sirikonda,28-Sep-21,22.9,28.9
Adilabad,Sirikonda,29-Sep-21,22.9,26.7
Adilabad,Sirikonda,30-Sep-21,22.9,30.8
Adilabad,Talamadugu,01-Sep-21,24.2,29.9
Adilabad,Talamadugu,02-Sep-21,24.3,32.2
Adilabad,Talamadugu,03-Sep-21,24.2,31.1
Adilabad,Talamadugu,04-Sep-21,21.8,32.3
Adilabad,Talamadugu,05-Sep-21,23.4,31.8
Adilabad,Talamadugu,06-Sep-21,24.3,32.0
Adilabad,Talamadugu,07-Sep-21,23.2,30.5
Adilabad,Talamadugu,08-Sep-21,23.4,28.9
Adilabad,Talamadugu,09-Sep-21,24.5,31.6
Adilabad,Talamadugu,10-Sep-21,24.1,31.5
Adilabad,Talamadugu,11-Sep-21,23.6,32.0
Adilabad,Talamadugu,12-Sep-21,24.4,32.3
Adilabad,Talamadugu,13-Sep-21,24.4,32.6
Adilabad,Talamadugu,14-Sep-21,24.7,32.4
Adilabad,Talamadugu,15-Sep-21,25.5,31.0
Adilabad,Talamadugu,16-Sep-21,24.2,31.7
Adilabad,Talamadugu,17-Sep-21,24.6,32.5
Adilabad,Talamadugu,18-Sep-21,24.1,29.0
Adilabad,Talamadugu,19-Sep-21,23.2,32.6
Adilabad,Talamadugu,20-Sep-21,25.0,32.7
Adilabad,Talamadugu,21-Sep-21,23.3,30.4
Adilabad,Talamadugu,22-Sep-21,23.7,28.0
Adilabad,Talamadugu,23-Sep-21,22.6,31.8
Adilabad,Talamadugu,24-Sep-21,23.9,30.7
Adilabad,Talamadugu,25-Sep-21,23.5,33.0
Adilabad,Talamadugu,26-Sep-21,24.5,31.8
Adilabad,Talamadugu,27-Sep-21,23.7,31.8
Adilabad,Talamadugu,28-Sep-21,22.9,29.4
Adilabad,Talamadugu,29-Sep-21,22.4,27.4
Adilabad,Talamadugu,30-Sep-21,23.1,32.1
Adilabad,Tamsi,01-Sep-21,24.1,28.9
Adilabad,Tamsi,02-Sep-21,24.2,32.8
Adilabad,Tamsi,03-Sep-21,24.8,32.5
Adilabad,Tamsi,04-Sep-21,22.0,32.5
Adilabad,Tamsi,05-Sep-21,23.6,29.3
Adilabad,Tamsi,06-Sep-21,24.1,32.5
Adilabad,Tamsi,07-Sep-21,23.2,29.9
Adilabad,Tamsi,08-Sep-21,23.1,28.0
Adilabad,Tamsi,09-Sep-21,24.5,32.5
Adilabad,Tamsi,10-Sep-21,24.3,31.9
Adilabad,Tamsi,11-Sep-21,23.7,32.5
Adilabad,Tamsi,12-Sep-21,24.5,30.6
Adilabad,Tamsi,13-Sep-21,24.6,32.7
Adilabad,Tamsi,14-Sep-21,24.8,32.3
Adilabad,Tamsi,15-Sep-21,25.4,29.9
Adilabad,Tamsi,16-Sep-21,24.5,31.9
Adilabad,Tamsi,17-Sep-21,24.8,32.2
Adilabad,Tamsi,18-Sep-21,24.4,29.6
Adilabad,Tamsi,19-Sep-21,23.4,32.4
Adilabad,Tamsi,20-Sep-21,24.7,32.2
