district,mandal,date,min_temp_c,max_temp_c
Adilabad,"Adilabad Rural",01-Aug-21,25.0,31.9
Adilabad,"Adilabad Rural",02-Aug-21,24.4,31.5
Adilabad,"Adilabad Rural",03-Aug-21,23.5,32.4
Adilabad,"Adilabad Rural",04-Aug-21,24.0,31.2
Adilabad,"Adilabad Rural",05-Aug-21,24.0,33.6
Adilabad,"Adilabad Rural",06-Aug-21,24.7,31.2
Adilabad,"Adilabad Rural",07-Aug-21,23.6,31.0
Adilabad,"Adilabad Rural",08-Aug-21,25.9,33.3
Adilabad,"Adilabad Rural",09-Aug-21,26.3,33.9
Adilabad,"Adilabad Rural",10-Aug-21,28.2,34.9
Adilabad,"Adilabad Rural",11-Aug-21,27.7,34.9
Adilabad,"Adilabad Rural",12-Aug-21,26.9,34.8
Adilabad,"Adilabad Rural",13-Aug-21,25.0,34.8
Adilabad,"Adilabad Rural",14-Aug-21,25.0,34.5
Adilabad,"Adilabad Rural",15-Aug-21,24.6,34.3
Adilabad,"Adilabad Rural",16-Aug-21,24.8,35.1
Adilabad,"Adilabad Rural",17-Aug-21,24.1,32.3
Adilabad,"Adilabad Rural",18-Aug-21,24.2,29.8
Adilabad,"Adilabad Rural",19-Aug-21,23.5,30.0
Adilabad,"Adilabad Rural",20-Aug-21,24.0,28.5
Adilabad,"Adilabad Rural",21-Aug-21,24.4,31.0
Adilabad,"Adilabad Rural",22-Aug-21,24.9,33.4
Adilabad,"Adilabad Rural",23-Aug-21,25.1,34.7
Adilabad,"Adilabad Rural",24-Aug-21,24.5,35.0
Adilabad,"Adilabad Rural",25-Aug-21,25.2,34.8
Adilabad,"Adilabad Rural",26-Aug-21,25.1,34.8
Adilabad,"Adilabad Rural",27-Aug-21,24.1,34.0
Adilabad,"Adilabad Rural",28-Aug-21,26.4,34.4
Adilabad,"Adilabad Rural",29-Aug-21,26.5,33.1
Adilabad,"Adilabad Rural",30-Aug-21,27.0,31.3
Adilabad,"Adilabad Rural",31-Aug-21,26.7,32.9
Adilabad,"Adilabad Urban",01-Aug-21,25.2,30.3
Adilabad,"Adilabad Urban",02-Aug-21,24.7,30.1
Adilabad,"Adilabad Urban",03-Aug-21,24.1,31.4
Adilabad,"Adilabad Urban",04-Aug-21,25.3,31.7
Adilabad,"Adilabad Urban",05-Aug-21,25.3,32.3
Adilabad,"Adilabad Urban",06-Aug-21,25.3,32.3
Adilabad,"Adilabad Urban",07-Aug-21,24.0,32.3
Adilabad,"Adilabad Urban",08-Aug-21,25.2,33.7
Adilabad,"Adilabad Urban",09-Aug-21,24.5,33.7
Adilabad,"Adilabad Urban",10-Aug-21,26.0,35.5
Adilabad,"Adilabad Urban",11-Aug-21,25.2,33.2
Adilabad,"Adilabad Urban",12-Aug-21,24.4,34.0
Adilabad,"Adilabad Urban",13-Aug-21,25.5,33.2
Adilabad,"Adilabad Urban",14-Aug-21,23.9,33.0
Adilabad,"Adilabad Urban",15-Aug-21,24.9,34.2
Adilabad,"Adilabad Urban",16-Aug-21,24.6,33.8
Adilabad,"Adilabad Urban",17-Aug-21,23.9,32.3
Adilabad,"Adilabad Urban",18-Aug-21,24.2,29.4
Adilabad,"Adilabad Urban",19-Aug-21,24.1,30.7
Adilabad,"Adilabad Urban",20-Aug-21,23.9,30.0
Adilabad,"Adilabad Urban",21-Aug-21,23.2,30.8
Adilabad,"Adilabad Urban",22-Aug-21,24.0,32.5
Adilabad,"Adilabad Urban",23-Aug-21,24.6,33.3
Adilabad,"Adilabad Urban",24-Aug-21,23.6,33.4
Adilabad,"Adilabad Urban",25-Aug-21,24.0,33.9
Adilabad,"Adilabad Urban",26-Aug-21,23.9,33.9
Adilabad,"Adilabad Urban",27-Aug-21,23.7,33.4
Adilabad,"Adilabad Urban",28-Aug-21,24.4,33.2
Adilabad,"Adilabad Urban",29-Aug-21,24.2,33.3
Adilabad,"Adilabad Urban",30-Aug-21,24.9,31.5
Adilabad,"Adilabad Urban",31-Aug-21,24.3,32.7
Adilabad,Bazarhathnoor,01-Aug-21,23.9,30.0
Adilabad,Bazarhathnoor,02-Aug-21,22.9,29.0
Adilabad,Bazarhathnoor,03-Aug-21,23.5,29.8
Adilabad,Bazarhathnoor,04-Aug-21,23.1,29.9
Adilabad,Bazarhathnoor,05-Aug-21,24.4,31.3
Adilabad,Bazarhathnoor,06-Aug-21,23.9,29.2
Adilabad,Bazarhathnoor,07-Aug-21,23.6,28.8
Adilabad,Bazarhathnoor,08-Aug-21,24.4,32.3
Adilabad,Bazarhathnoor,09-Aug-21,22.8,31.4
Adilabad,Bazarhathnoor,10-Aug-21,25.2,33.0
Adilabad,Bazarhathnoor,11-Aug-21,24.5,32.5
Adilabad,Bazarhathnoor,12-Aug-21,23.6,31.3
Adilabad,Bazarhathnoor,13-Aug-21,24.6,31.3
Adilabad,Bazarhathnoor,14-Aug-21,24.2,32.5
Adilabad,Bazarhathnoor,15-Aug-21,23.8,31.9
Adilabad,Bazarhathnoor,16-Aug-21,23.2,32.8
Adilabad,Bazarhathnoor,17-Aug-21,22.6,29.4
Adilabad,Bazarhathnoor,18-Aug-21,22.8,26.9
Adilabad,Bazarhathnoor,19-Aug-21,22.9,26.3
Adilabad,Bazarhathnoor,20-Aug-21,22.9,26.6
Adilabad,Bazarhathnoor,21-Aug-21,22.3,26.6
Adilabad,Bazarhathnoor,22-Aug-21,23.6,29.8
Adilabad,Bazarhathnoor,23-Aug-21,23.2,31.1
Adilabad,Bazarhathnoor,24-Aug-21,22.7,31.7
Adilabad,Bazarhathnoor,25-Aug-21,22.7,32.2
Adilabad,Bazarhathnoor,26-Aug-21,22.8,32.1
Adilabad,Bazarhathnoor,27-Aug-21,22.3,30.8
Adilabad,Bazarhathnoor,28-Aug-21,23.3,31.4
Adilabad,Bazarhathnoor,29-Aug-21,23.5,29.8
Adilabad,Bazarhathnoor,30-Aug-21,24.0,27.6
Adilabad,Bazarhathnoor,31-Aug-21,23.8,29.1
Adilabad,Bela,01-Aug-21,25.4,32.1
Adilabad,Bela,02-Aug-21,24.7,31.6
Adilabad,Bela,03-Aug-21,23.9,31.9
Adilabad,Bela,04-Aug-21,25.3,32.3
Adilabad,Bela,05-Aug-21,25.2,33.0
Adilabad,Bela,06-Aug-21,25.9,31.7
Adilabad,Bela,07-Aug-21,24.2,31.3
Adilabad,Bela,08-Aug-21,25.8,33.8
Adilabad,Bela,09-Aug-21,24.8,34.2
Adilabad,Bela,10-Aug-21,26.1,34.2
Adilabad,Bela,11-Aug-21,25.4,33.9
Adilabad,Bela,12-Aug-21,25.0,33.2
Adilabad,Bela,13-Aug-21,25.2,34.4
Adilabad,Bela,14-Aug-21,25.1,33.4
Adilabad,Bela,15-Aug-21,24.9,34.5
Adilabad,Bela,16-Aug-21,25.0,35.5
Adilabad,Bela,17-Aug-21,24.0,32.5
Adilabad,Bela,18-Aug-21,24.4,28.8
Adilabad,Bela,19-Aug-21,24.3,29.6
Adilabad,Bela,20-Aug-21,24.5,28.9
Adilabad,Bela,21-Aug-21,23.9,29.9
Adilabad,Bela,22-Aug-21,24.6,32.7
Adilabad,Bela,23-Aug-21,24.8,33.5
Adilabad,Bela,24-Aug-21,24.1,33.8
Adilabad,Bela,25-Aug-21,23.7,33.9
Adilabad,Bela,26-Aug-21,24.1,33.9
Adilabad,Bela,27-Aug-21,24.4,34.3
Adilabad,Bela,28-Aug-21,24.8,34.2
Adilabad,Bela,29-Aug-21,23.7,33.9
Adilabad,Bela,30-Aug-21,25.1,31.0
Adilabad,Bela,31-Aug-21,24.6,32.6
Adilabad,Bheempoor,01-Aug-21,25.3,31.3
Adilabad,Bheempoor,02-Aug-21,25.2,30.8
Adilabad,Bheempoor,03-Aug-21,23.9,31.3
Adilabad,Bheempoor,04-Aug-21,25.3,32.5
Adilabad,Bheempoor,05-Aug-21,24.9,32.8
Adilabad,Bheempoor,06-Aug-21,24.8,31.4
Adilabad,Bheempoor,07-Aug-21,24.5,31.6
Adilabad,Bheempoor,08-Aug-21,24.9,33.0
Adilabad,Bheempoor,09-Aug-21,24.6,32.9
Adilabad,Bheempoor,10-Aug-21,26.0,33.1
Adilabad,Bheempoor,11-Aug-21,25.6,33.9
Adilabad,Bheempoor,12-Aug-21,24.4,32.8
Adilabad,Bheempoor,13-Aug-21,26.3,33.2
Adilabad,Bheempoor,14-Aug-21,25.2,32.9
Adilabad,Bheempoor,15-Aug-21,25.1,33.0
Adilabad,Bheempoor,16-Aug-21,25.4,34.2
Adilabad,Bheempoor,17-Aug-21,23.6,32.1
Adilabad,Bheempoor,18-Aug-21,24.0,27.8
Adilabad,Bheempoor,19-Aug-21,24.6,29.7
Adilabad,Bheempoor,20-Aug-21,24.3,28.6
Adilabad,Bheempoor,21-Aug-21,23.5,28.5
Adilabad,Bheempoor,22-Aug-21,24.0,31.0
Adilabad,Bheempoor,23-Aug-21,24.4,32.4
Adilabad,Bheempoor,24-Aug-21,23.7,32.6
Adilabad,Bheempoor,25-Aug-21,24.0,32.7
Adilabad,Bheempoor,26-Aug-21,24.0,33.2
Adilabad,Bheempoor,27-Aug-21,23.7,32.9
Adilabad,Bheempoor,28-Aug-21,24.5,32.9
Adilabad,Bheempoor,29-Aug-21,24.4,32.5
Adilabad,Bheempoor,30-Aug-21,25.0,30.1
Adilabad,Bheempoor,31-Aug-21,24.8,30.4
Adilabad,Boath,01-Aug-21,23.3,30.1
Adilabad,Boath,02-Aug-21,22.7,29.8
Adilabad,Boath,03-Aug-21,23.4,30.7
Adilabad,Boath,04-Aug-21,22.7,30.6
Adilabad,Boath,05-Aug-21,23.7,31.8
Adilabad,Boath,06-Aug-21,23.1,30.0
Adilabad,Boath,07-Aug-21,23.3,32.3
Adilabad,Boath,08-Aug-21,24.1,32.5
Adilabad,Boath,09-Aug-21,22.6,31.7
Adilabad,Boath,10-Aug-21,24.5,33.1
Adilabad,Boath,11-Aug-21,24.2,32.3
Adilabad,Boath,12-Aug-21,22.9,32.3
Adilabad,Boath,13-Aug-21,23.7,32.9
Adilabad,Boath,14-Aug-21,23.3,32.7
Adilabad,Boath,15-Aug-21,23.3,32.4
Adilabad,Boath,16-Aug-21,23.2,33.0
Adilabad,Boath,17-Aug-21,22.6,30.4
Adilabad,Boath,18-Aug-21,22.9,27.9
Adilabad,Boath,19-Aug-21,22.9,27.6
Adilabad,Boath,20-Aug-21,22.6,29.1
Adilabad,Boath,21-Aug-21,21.6,27.5
Adilabad,Boath,22-Aug-21,23.2,30.3
Adilabad,Boath,23-Aug-21,22.8,32.0
Adilabad,Boath,24-Aug-21,22.0,32.4
Adilabad,Boath,25-Aug-21,22.0,32.8
Adilabad,Boath,26-Aug-21,22.5,32.8
Adilabad,Boath,27-Aug-21,21.9,31.6
Adilabad,Boath,28-Aug-21,23.2,33.0
Adilabad,Boath,29-Aug-21,23.3,31.6
Adilabad,Boath,30-Aug-21,23.8,29.6
Adilabad,Boath,31-Aug-21,23.5,29.2
Adilabad,Gadiguda,01-Aug-21,25.4,31.0
Adilabad,Gadiguda,02-Aug-21,23.9,30.3
Adilabad,Gadiguda,03-Aug-21,23.1,29.8
Adilabad,Gadiguda,04-Aug-21,23.2,29.7
Adilabad,Gadiguda,05-Aug-21,23.8,30.9
Adilabad,Gadiguda,06-Aug-21,23.6,28.9
Adilabad,Gadiguda,07-Aug-21,23.3,28.3
Adilabad,Gadiguda,08-Aug-21,24.6,31.8
Adilabad,Gadiguda,09-Aug-21,23.6,32.2
Adilabad,Gadiguda,10-Aug-21,23.5,32.1
Adilabad,Gadiguda,11-Aug-21,23.9,31.2
Adilabad,Gadiguda,12-Aug-21,23.9,31.2
Adilabad,Gadiguda,13-Aug-21,24.6,32.0
Adilabad,Gadiguda,14-Aug-21,23.9,31.4
Adilabad,Gadiguda,15-Aug-21,23.7,31.5
Adilabad,Gadiguda,16-Aug-21,23.4,32.7
Adilabad,Gadiguda,17-Aug-21,22.9,29.3
Adilabad,Gadiguda,18-Aug-21,23.5,26.4
Adilabad,Gadiguda,19-Aug-21,23.4,27.6
Adilabad,Gadiguda,20-Aug-21,23.6,26.3
Adilabad,Gadiguda,21-Aug-21,22.9,28.0
Adilabad,Gadiguda,22-Aug-21,23.6,30.5
Adilabad,Gadiguda,23-Aug-21,23.3,30.9
Adilabad,Gadiguda,24-Aug-21,22.7,32.8
Adilabad,Gadiguda,25-Aug-21,23.7,32.3
Adilabad,Gadiguda,26-Aug-21,23.5,31.6
Adilabad,Gadiguda,27-Aug-21,24.2,31.1
Adilabad,Gadiguda,28-Aug-21,23.6,31.5
Adilabad,Gadiguda,29-Aug-21,22.0,31.5
Adilabad,Gadiguda,30-Aug-21,23.7,29.2
Adilabad,Gadiguda,31-Aug-21,23.9,30.3
Adilabad,Gudihathnur,01-Aug-21,23.9,30.7
Adilabad,Gudihathnur,02-Aug-21,23.0,30.5
Adilabad,Gudihathnur,03-Aug-21,24.0,29.7
Adilabad,Gudihathnur,04-Aug-21,23.8,32.4
Adilabad,Gudihathnur,05-Aug-21,25.1,31.6
Adilabad,Gudihathnur,06-Aug-21,24.8,32.3
Adilabad,Gudihathnur,07-Aug-21,24.2,31.1
Adilabad,Gudihathnur,08-Aug-21,25.2,32.2
Adilabad,Gudihathnur,09-Aug-21,24.8,32.9
Adilabad,Gudihathnur,10-Aug-21,26.3,33.8
Adilabad,Gudihathnur,11-Aug-21,25.7,32.7
Adilabad,Gudihathnur,12-Aug-21,24.8,33.8
Adilabad,Gudihathnur,13-Aug-21,25.5,34.0
Adilabad,Gudihathnur,14-Aug-21,25.3,32.8
Adilabad,Gudihathnur,15-Aug-21,24.7,34.3
Adilabad,Gudihathnur,16-Aug-21,24.0,34.6
Adilabad,Gudihathnur,17-Aug-21,23.4,32.3
Adilabad,Gudihathnur,18-Aug-21,23.7,28.1
Adilabad,Gudihathnur,19-Aug-21,23.4,28.2
Adilabad,Gudihathnur,20-Aug-21,23.6,27.9
Adilabad,Gudihathnur,21-Aug-21,23.0,29.7
Adilabad,Gudihathnur,22-Aug-21,23.9,30.4
Adilabad,Gudihathnur,23-Aug-21,24.2,34.0
Adilabad,Gudihathnur,24-Aug-21,23.7,34.4
Adilabad,Gudihathnur,25-Aug-21,23.7,32.6
Adilabad,Gudihathnur,26-Aug-21,23.6,33.0
Adilabad,Gudihathnur,27-Aug-21,23.8,32.7
Adilabad,Gudihathnur,28-Aug-21,24.0,34.0
Adilabad,Gudihathnur,29-Aug-21,24.1,32.2
Adilabad,Gudihathnur,30-Aug-21,24.5,29.6
Adilabad,Gudihathnur,31-Aug-21,24.0,30.3
Adilabad,Ichoda,01-Aug-21,23.3,28.6
Adilabad,Ichoda,02-Aug-21,22.3,28.3
Adilabad,Ichoda,03-Aug-21,23.9,29.6
Adilabad,Ichoda,04-Aug-21,23.5,31.0
Adilabad,Ichoda,05-Aug-21,24.5,30.2
Adilabad,Ichoda,06-Aug-21,24.6,30.6
Adilabad,Ichoda,07-Aug-21,23.6,30.0
Adilabad,Ichoda,08-Aug-21,24.7,31.6
Adilabad,Ichoda,09-Aug-21,23.7,31.7
Adilabad,Ichoda,10-Aug-21,25.9,34.2
Adilabad,Ichoda,11-Aug-21,24.9,32.6
Adilabad,Ichoda,12-Aug-21,24.2,31.9
Adilabad,Ichoda,13-Aug-21,25.2,32.8
Adilabad,Ichoda,14-Aug-21,25.1,32.3
Adilabad,Ichoda,15-Aug-21,25.1,32.7
Adilabad,Ichoda,16-Aug-21,23.4,33.6
Adilabad,Ichoda,17-Aug-21,22.8,30.8
Adilabad,Ichoda,18-Aug-21,23.2,26.7
Adilabad,Ichoda,19-Aug-21,23.0,27.4
Adilabad,Ichoda,20-Aug-21,22.8,26.5
Adilabad,Ichoda,21-Aug-21,22.3,25.9
Adilabad,Ichoda,22-Aug-21,23.4,28.9
Adilabad,Ichoda,23-Aug-21,23.8,33.1
Adilabad,Ichoda,24-Aug-21,23.5,31.6
Adilabad,Ichoda,25-Aug-21,23.8,33.1
Adilabad,Ichoda,26-Aug-21,23.0,32.8
Adilabad,Ichoda,27-Aug-21,23.4,30.8
Adilabad,Ichoda,28-Aug-21,23.6,31.9
Adilabad,Ichoda,29-Aug-21,23.7,30.3
Adilabad,Ichoda,30-Aug-21,24.0,29.0
Adilabad,Ichoda,31-Aug-21,23.5,29.1
Adilabad,Inderavelly,01-Aug-21,24.6,30.0
Adilabad,Inderavelly,02-Aug-21,23.6,30.1
Adilabad,Inderavelly,03-Aug-21,23.8,29.7
Adilabad,Inderavelly,04-Aug-21,23.9,31.5
Adilabad,Inderavelly,05-Aug-21,24.7,32.5
Adilabad,Inderavelly,06-Aug-21,25.2,31.0
Adilabad,Inderavelly,07-Aug-21,24.3,31.5
Adilabad,Inderavelly,08-Aug-21,26.0,32.8
Adilabad,Inderavelly,09-Aug-21,24.5,32.1
Adilabad,Inderavelly,10-Aug-21,26.5,35.3
Adilabad,Inderavelly,11-Aug-21,25.2,32.8
Adilabad,Inderavelly,12-Aug-21,24.5,32.6
Adilabad,Inderavelly,13-Aug-21,25.7,33.7
Adilabad,Inderavelly,14-Aug-21,26.1,32.6
Adilabad,Inderavelly,15-Aug-21,25.1,33.0
Adilabad,Inderavelly,16-Aug-21,24.2,33.6
Adilabad,Inderavelly,17-Aug-21,23.7,31.5
Adilabad,Inderavelly,18-Aug-21,24.1,27.4
Adilabad,Inderavelly,19-Aug-21,23.5,28.2
Adilabad,Inderavelly,20-Aug-21,23.7,27.4
Adilabad,Inderavelly,21-Aug-21,23.5,28.5
Adilabad,Inderavelly,22-Aug-21,24.0,30.5
Adilabad,Inderavelly,23-Aug-21,24.7,33.1
Adilabad,Inderavelly,24-Aug-21,23.5,32.7
Adilabad,Inderavelly,25-Aug-21,23.8,33.1
Adilabad,Inderavelly,26-Aug-21,23.6,32.9
Adilabad,Inderavelly,27-Aug-21,24.2,32.1
Adilabad,Inderavelly,28-Aug-21,24.1,33.3
Adilabad,Inderavelly,29-Aug-21,23.7,32.2
Adilabad,Inderavelly,30-Aug-21,24.7,29.6
Adilabad,Inderavelly,31-Aug-21,23.9,29.7
Adilabad,Jainad,01-Aug-21,26.0,32.4
Adilabad,Jainad,02-Aug-21,25.0,31.8
Adilabad,Jainad,03-Aug-21,24.7,32.7
Adilabad,Jainad,04-Aug-21,25.4,33.0
Adilabad,Jainad,05-Aug-21,25.4,33.9
Adilabad,Jainad,06-Aug-21,26.3,32.5
Adilabad,Jainad,07-Aug-21,25.1,32.7
Adilabad,Jainad,08-Aug-21,26.1,35.3
Adilabad,Jainad,09-Aug-21,25.1,34.8
Adilabad,Jainad,10-Aug-21,26.7,36.1
Adilabad,Jainad,11-Aug-21,25.9,33.9
Adilabad,Jainad,12-Aug-21,25.3,34.7
Adilabad,Jainad,13-Aug-21,26.6,33.3
Adilabad,Jainad,14-Aug-21,24.9,34.5
Adilabad,Jainad,15-Aug-21,25.4,33.7
Adilabad,Jainad,16-Aug-21,25.4,35.8
Adilabad,Jainad,17-Aug-21,24.4,33.1
Adilabad,Jainad,18-Aug-21,24.7,29.2
Adilabad,Jainad,19-Aug-21,24.8,30.3
Adilabad,Jainad,20-Aug-21,24.8,30.3
Adilabad,Jainad,21-Aug-21,24.2,30.8
Adilabad,Jainad,22-Aug-21,25.0,32.5
Adilabad,Jainad,23-Aug-21,25.3,33.3
Adilabad,Jainad,24-Aug-21,24.3,33.4
Adilabad,Jainad,25-Aug-21,24.7,33.9
Adilabad,Jainad,26-Aug-21,24.9,33.9
Adilabad,Jainad,27-Aug-21,24.5,33.7
Adilabad,Jainad,28-Aug-21,25.0,35.3
Adilabad,Jainad,29-Aug-21,24.7,33.3
Adilabad,Jainad,30-Aug-21,25.6,31.0
Adilabad,Jainad,31-Aug-21,25.1,32.7
Adilabad,Mavala,01-Aug-21,25.4,29.3
Adilabad,Mavala,02-Aug-21,25.1,30.3
Adilabad,Mavala,03-Aug-21,24.4,32.1
Adilabad,Mavala,04-Aug-21,25.0,30.7
Adilabad,Mavala,05-Aug-21,25.2,31.9
Adilabad,Mavala,06-Aug-21,25.5,30.9
Adilabad,Mavala,07-Aug-21,24.3,31.0
Adilabad,Mavala,08-Aug-21,25.3,33.7
Adilabad,Mavala,09-Aug-21,25.1,33.7
Adilabad,Mavala,10-Aug-21,26.7,33.4
Adilabad,Mavala,11-Aug-21,26.1,32.4
Adilabad,Mavala,12-Aug-21,25.1,32.8
Adilabad,Mavala,13-Aug-21,26.8,32.1
Adilabad,Mavala,14-Aug-21,25.6,33.0
Adilabad,Mavala,15-Aug-21,25.5,32.3
Adilabad,Mavala,16-Aug-21,25.0,32.5
Adilabad,Mavala,17-Aug-21,24.0,31.6
Adilabad,Mavala,18-Aug-21,24.2,27.7
Adilabad,Mavala,19-Aug-21,24.2,28.0
Adilabad,Mavala,20-Aug-21,25.0,30.3
Adilabad,Mavala,21-Aug-21,25.0,29.1
Adilabad,Mavala,22-Aug-21,25.4,30.9
Adilabad,Mavala,23-Aug-21,25.6,32.4
Adilabad,Mavala,24-Aug-21,24.5,32.4
Adilabad,Mavala,25-Aug-21,24.6,32.0
Adilabad,Mavala,26-Aug-21,24.5,32.4
Adilabad,Mavala,27-Aug-21,24.0,32.5
Adilabad,Mavala,28-Aug-21,25.2,32.6
Adilabad,Mavala,29-Aug-21,24.7,32.8
Adilabad,Mavala,30-Aug-21,25.5,29.3
Adilabad,Mavala,31-Aug-21,24.8,30.9
Adilabad,Narnoor,01-Aug-21,23.4,29.3
Adilabad,Narnoor,02-Aug-21,23.2,28.9
Adilabad,Narnoor,03-Aug-21,23.3,29.3
Adilabad,Narnoor,04-Aug-21,23.3,30.0
Adilabad,Narnoor,05-Aug-21,24.2,31.0
Adilabad,Narnoor,06-Aug-21,24.4,29.6
Adilabad,Narnoor,07-Aug-21,23.8,28.3
Adilabad,Narnoor,08-Aug-21,25.1,30.3
Adilabad,Narnoor,09-Aug-21,24.8,32.0
Adilabad,Narnoor,10-Aug-21,24.2,32.5
Adilabad,Narnoor,11-Aug-21,24.8,30.6
Adilabad,Narnoor,12-Aug-21,25.0,30.9
Adilabad,Narnoor,13-Aug-21,25.2,31.5
Adilabad,Narnoor,14-Aug-21,24.8,31.4
Adilabad,Narnoor,15-Aug-21,24.3,30.7
Adilabad,Narnoor,16-Aug-21,23.7,31.8
Adilabad,Narnoor,17-Aug-21,23.1,29.3
Adilabad,Narnoor,18-Aug-21,23.8,26.7
Adilabad,Narnoor,19-Aug-21,23.5,27.4
Adilabad,Narnoor,20-Aug-21,23.4,26.4
Adilabad,Narnoor,21-Aug-21,23.2,26.0
Adilabad,Narnoor,22-Aug-21,23.6,29.9
Adilabad,Narnoor,23-Aug-21,24.0,30.1
Adilabad,Narnoor,24-Aug-21,24.0,31.6
Adilabad,Narnoor,25-Aug-21,23.7,31.3
Adilabad,Narnoor,26-Aug-21,23.0,31.0
Adilabad,Narnoor,27-Aug-21,23.9,29.6
Adilabad,Narnoor,28-Aug-21,23.4,31.7
Adilabad,Narnoor,29-Aug-21,22.7,30.2
Adilabad,Narnoor,30-Aug-21,23.9,28.7
Adilabad,Narnoor,31-Aug-21,24.0,30.0
Adilabad,Neradigonda,01-Aug-21,23.6,29.9
Adilabad,Neradigonda,02-Aug-21,23.1,29.2
Adilabad,Neradigonda,03-Aug-21,23.7,29.8
Adilabad,Neradigonda,04-Aug-21,23.3,30.3
Adilabad,Neradigonda,05-Aug-21,24.2,32.8
Adilabad,Neradigonda,06-Aug-21,23.7,29.9
Adilabad,Neradigonda,07-Aug-21,23.7,30.2
Adilabad,Neradigonda,08-Aug-21,24.5,33.0
Adilabad,Neradigonda,09-Aug-21,23.1,32.3
Adilabad,Neradigonda,10-Aug-21,25.3,32.7
Adilabad,Neradigonda,11-Aug-21,24.4,32.7
Adilabad,Neradigonda,12-Aug-21,23.6,32.3
Adilabad,Neradigonda,13-Aug-21,24.2,32.2
Adilabad,Neradigonda,14-Aug-21,23.9,32.5
Adilabad,Neradigonda,15-Aug-21,23.7,32.3
Adilabad,Neradigonda,16-Aug-21,23.5,32.8
Adilabad,Neradigonda,17-Aug-21,22.8,29.2
Adilabad,Neradigonda,18-Aug-21,23.2,27.0
Adilabad,Neradigonda,19-Aug-21,23.1,27.1
Adilabad,Neradigonda,20-Aug-21,23.1,27.6
Adilabad,Neradigonda,21-Aug-21,22.8,26.8
Adilabad,Neradigonda,22-Aug-21,23.7,30.6
Adilabad,Neradigonda,23-Aug-21,23.2,31.4
Adilabad,Neradigonda,24-Aug-21,22.7,32.9
Adilabad,Neradigonda,25-Aug-21,23.1,31.7
Adilabad,Neradigonda,26-Aug-21,22.7,31.3
Adilabad,Neradigonda,27-Aug-21,22.3,31.6
Adilabad,Neradigonda,28-Aug-21,23.7,32.3
Adilabad,Neradigonda,29-Aug-21,23.2,31.1
Adilabad,Neradigonda,30-Aug-21,24.3,28.8
Adilabad,Neradigonda,31-Aug-21,23.8,28.2
Adilabad,Sirikonda,01-Aug-21,24.3,29.8
Adilabad,Sirikonda,02-Aug-21,23.6,30.1
Adilabad,Sirikonda,03-Aug-21,24.0,29.7
Adilabad,Sirikonda,04-Aug-21,23.4,32.1
Adilabad,Sirikonda,05-Aug-21,24.6,32.6
Adilabad,Sirikonda,06-Aug-21,25.2,30.5
Adilabad,Sirikonda,07-Aug-21,24.7,32.1
Adilabad,Sirikonda,08-Aug-21,26.0,32.8
Adilabad,Sirikonda,09-Aug-21,24.5,32.1
Adilabad,Sirikonda,10-Aug-21,26.5,34.1
Adilabad,Sirikonda,11-Aug-21,25.2,32.7
Adilabad,Sirikonda,12-Aug-21,24.5,31.8
Adilabad,Sirikonda,13-Aug-21,25.7,33.3
Adilabad,Sirikonda,14-Aug-21,25.1,32.6
Adilabad,Sirikonda,15-Aug-21,25.1,32.4
Adilabad,Sirikonda,16-Aug-21,24.2,32.6
Adilabad,Sirikonda,17-Aug-21,23.6,30.6
Adilabad,Sirikonda,18-Aug-21,24.1,27.0
Adilabad,Sirikonda,19-Aug-21,23.5,28.3
Adilabad,Sirikonda,20-Aug-21,23.6,27.4
Adilabad,Sirikonda,21-Aug-21,23.4,27.6
Adilabad,Sirikonda,22-Aug-21,24.0,30.7
Adilabad,Sirikonda,23-Aug-21,24.7,32.1
Adilabad,Sirikonda,24-Aug-21,23.5,32.3
Adilabad,Sirikonda,25-Aug-21,23.8,33.1
Adilabad,Sirikonda,26-Aug-21,23.6,32.9
Adilabad,Sirikonda,27-Aug-21,24.0,32.1
Adilabad,Sirikonda,28-Aug-21,24.1,32.8
Adilabad,Sirikonda,29-Aug-21,23.7,31.1
Adilabad,Sirikonda,30-Aug-21,24.3,29.6
Adilabad,Sirikonda,31-Aug-21,23.9,29.1
Adilabad,Talamadugu,01-Aug-21,24.7,29.8
Adilabad,Talamadugu,02-Aug-21,24.3,30.4
Adilabad,Talamadugu,03-Aug-21,23.9,30.5
Adilabad,Talamadugu,04-Aug-21,24.7,30.8
Adilabad,Talamadugu,05-Aug-21,25.1,32.7
Adilabad,Talamadugu,06-Aug-21,24.4,31.9
Adilabad,Talamadugu,07-Aug-21,23.9,31.2
Adilabad,Talamadugu,08-Aug-21,25.0,32.8
Adilabad,Talamadugu,09-Aug-21,24.8,32.8
Adilabad,Talamadugu,10-Aug-21,26.1,34.2
Adilabad,Talamadugu,11-Aug-21,25.2,32.6
Adilabad,Talamadugu,12-Aug-21,24.8,32.8
Adilabad,Talamadugu,13-Aug-21,25.4,32.7
Adilabad,Talamadugu,14-Aug-21,24.5,32.9
Adilabad,Talamadugu,15-Aug-21,24.4,32.1
Adilabad,Talamadugu,16-Aug-21,24.2,32.8
Adilabad,Talamadugu,17-Aug-21,23.4,30.7
Adilabad,Talamadugu,18-Aug-21,23.8,27.6
Adilabad,Talamadugu,19-Aug-21,23.8,28.9
Adilabad,Talamadugu,20-Aug-21,23.7,27.7
Adilabad,Talamadugu,21-Aug-21,23.3,29.4
Adilabad,Talamadugu,22-Aug-21,24.3,31.0
Adilabad,Talamadugu,23-Aug-21,24.0,32.7
Adilabad,Talamadugu,24-Aug-21,23.7,32.8
Adilabad,Talamadugu,25-Aug-21,23.6,32.7
Adilabad,Talamadugu,26-Aug-21,23.6,33.3
Adilabad,Talamadugu,27-Aug-21,23.3,32.9
Adilabad,Talamadugu,28-Aug-21,24.1,32.7
Adilabad,Talamadugu,29-Aug-21,24.4,32.4
Adilabad,Talamadugu,30-Aug-21,24.7,30.4
Adilabad,Talamadugu,31-Aug-21,24.4,31.3
Adilabad,Tamsi,01-Aug-21,24.5,29.9
Adilabad,Tamsi,02-Aug-21,24.2,30.9
Adilabad,Tamsi,03-Aug-21,23.8,31.4
Adilabad,Tamsi,04-Aug-21,24.3,31.2
