district,mandal,date,min_temp_c,max_temp_c
Adilabad,"Adilabad Rural",01-Jul-21,24.7,35.4
Adilabad,"Adilabad Rural",02-Jul-21,25.7,35.2
Adilabad,"Adilabad Rural",03-Jul-21,26.3,33.5
Adilabad,"Adilabad Rural",04-Jul-21,26.3,36.7
Adilabad,"Adilabad Rural",05-Jul-21,28.0,36.4
Adilabad,"Adilabad Rural",06-Jul-21,27.1,34.6
Adilabad,"Adilabad Rural",07-Jul-21,26.8,35.0
Adilabad,"Adilabad Rural",08-Jul-21,23.9,36.3
Adilabad,"Adilabad Rural",09-Jul-21,24.6,28.1
Adilabad,"Adilabad Rural",10-Jul-21,25.0,30.5
Adilabad,"Adilabad Rural",11-Jul-21,24.1,33.4
Adilabad,"Adilabad Rural",12-Jul-21,23.9,32.8
Adilabad,"Adilabad Rural",13-Jul-21,25.0,33.4
Adilabad,"Adilabad Rural",14-Jul-21,24.9,32.0
Adilabad,"Adilabad Rural",15-Jul-21,24.6,30.7
Adilabad,"Adilabad Rural",16-Jul-21,26.0,31.8
Adilabad,"Adilabad Rural",17-Jul-21,25.9,32.6
Adilabad,"Adilabad Rural",18-Jul-21,26.8,32.8
Adilabad,"Adilabad Rural",19-Jul-21,24.4,34.9
Adilabad,"Adilabad Rural",20-Jul-21,24.9,34.1
Adilabad,"Adilabad Rural",21-Jul-21,23.5,31.8
Adilabad,"Adilabad Rural",22-Jul-21,23.3,26.4
Adilabad,"Adilabad Rural",23-Jul-21,23.9,26.5
Adilabad,"Adilabad Rural",24-Jul-21,23.6,27.7
Adilabad,"Adilabad Rural",25-Jul-21,24.2,33.6
Adilabad,"Adilabad Rural",26-Jul-21,24.2,34.4
Adilabad,"Adilabad Rural",27-Jul-21,26.0,32.7
Adilabad,"Adilabad Rural",28-Jul-21,25.3,32.4
Adilabad,"Adilabad Rural",29-Jul-21,25.7,34.1
Adilabad,"Adilabad Rural",30-Jul-21,25.1,29.5
Adilabad,"Adilabad Rural",31-Jul-21,26.1,30.9
Adilabad,"Adilabad Urban",01-Jul-21,25.6,35.3
Adilabad,"Adilabad Urban",02-Jul-21,23.0,32.8
Adilabad,"Adilabad Urban",03-Jul-21,26.7,32.7
Adilabad,"Adilabad Urban",04-Jul-21,25.3,34.3
Adilabad,"Adilabad Urban",05-Jul-21,27.0,36.3
Adilabad,"Adilabad Urban",06-Jul-21,27.0,35.7
Adilabad,"Adilabad Urban",07-Jul-21,25.3,35.0
Adilabad,"Adilabad Urban",08-Jul-21,23.0,36.9
Adilabad,"Adilabad Urban",09-Jul-21,23.2,27.1
Adilabad,"Adilabad Urban",10-Jul-21,24.9,29.2
Adilabad,"Adilabad Urban",11-Jul-21,24.3,32.8
Adilabad,"Adilabad Urban",12-Jul-21,24.7,33.0
Adilabad,"Adilabad Urban",13-Jul-21,24.6,32.6
Adilabad,"Adilabad Urban",14-Jul-21,25.2,31.2
Adilabad,"Adilabad Urban",15-Jul-21,25.4,30.3
Adilabad,"Adilabad Urban",16-Jul-21,25.1,32.3
Adilabad,"Adilabad Urban",17-Jul-21,25.7,32.0
Adilabad,"Adilabad Urban",18-Jul-21,26.2,32.4
Adilabad,"Adilabad Urban",19-Jul-21,24.5,33.0
Adilabad,"Adilabad Urban",20-Jul-21,25.6,33.4
Adilabad,"Adilabad Urban",21-Jul-21,23.8,31.9
Adilabad,"Adilabad Urban",22-Jul-21,24.3,27.1
Adilabad,"Adilabad Urban",23-Jul-21,24.4,26.8
Adilabad,"Adilabad Urban",24-Jul-21,23.6,26.2
Adilabad,"Adilabad Urban",25-Jul-21,23.6,32.1
Adilabad,"Adilabad Urban",26-Jul-21,24.1,32.9
Adilabad,"Adilabad Urban",27-Jul-21,25.6,33.0
Adilabad,"Adilabad Urban",28-Jul-21,25.6,32.7
Adilabad,"Adilabad Urban",29-Jul-21,25.4,32.4
Adilabad,"Adilabad Urban",30-Jul-21,25.7,29.5
Adilabad,"Adilabad Urban",31-Jul-21,25.2,30.7
Adilabad,Bazarhathnoor,01-Jul-21,24.5,34.2
Adilabad,Bazarhathnoor,02-Jul-21,22.9,32.2
Adilabad,Bazarhathnoor,03-Jul-21,25.1,30.1
Adilabad,Bazarhathnoor,04-Jul-21,24.0,32.8
Adilabad,Bazarhathnoor,05-Jul-21,25.4,33.9
Adilabad,Bazarhathnoor,06-Jul-21,25.6,33.6
Adilabad,Bazarhathnoor,07-Jul-21,25.1,33.7
Adilabad,Bazarhathnoor,08-Jul-21,22.2,35.2
Adilabad,Bazarhathnoor,09-Jul-21,21.6,26.2
Adilabad,Bazarhathnoor,10-Jul-21,24.3,26.9
Adilabad,Bazarhathnoor,11-Jul-21,23.5,32.7
Adilabad,Bazarhathnoor,12-Jul-21,23.2,32.1
Adilabad,Bazarhathnoor,13-Jul-21,23.5,32.4
Adilabad,Bazarhathnoor,14-Jul-21,22.9,29.6
Adilabad,Bazarhathnoor,15-Jul-21,23.2,25.7
Adilabad,Bazarhathnoor,16-Jul-21,24.2,30.4
Adilabad,Bazarhathnoor,17-Jul-21,24.0,30.6
Adilabad,Bazarhathnoor,18-Jul-21,24.6,32.7
Adilabad,Bazarhathnoor,19-Jul-21,22.9,32.4
Adilabad,Bazarhathnoor,20-Jul-21,24.2,32.5
Adilabad,Bazarhathnoor,21-Jul-21,22.8,30.7
Adilabad,Bazarhathnoor,22-Jul-21,22.8,24.4
Adilabad,Bazarhathnoor,23-Jul-21,23.4,24.8
Adilabad,Bazarhathnoor,24-Jul-21,22.6,25.5
Adilabad,Bazarhathnoor,25-Jul-21,24.2,30.3
Adilabad,Bazarhathnoor,26-Jul-21,23.3,30.6
Adilabad,Bazarhathnoor,27-Jul-21,24.2,31.7
Adilabad,Bazarhathnoor,28-Jul-21,24.2,30.9
Adilabad,Bazarhathnoor,29-Jul-21,24.4,30.8
Adilabad,Bazarhathnoor,30-Jul-21,24.3,27.4
Adilabad,Bazarhathnoor,31-Jul-21,24.3,27.2
Adilabad,Bela,01-Jul-21,25.8,37.0
Adilabad,Bela,02-Jul-21,24.1,34.6
Adilabad,Bela,03-Jul-21,27.3,34.1
Adilabad,Bela,04-Jul-21,25.9,36.7
Adilabad,Bela,05-Jul-21,27.7,37.5
Adilabad,Bela,06-Jul-21,27.3,37.3
Adilabad,Bela,07-Jul-21,24.0,35.8
Adilabad,Bela,08-Jul-21,24.9,37.2
Adilabad,Bela,09-Jul-21,23.5,29.2
Adilabad,Bela,10-Jul-21,25.7,30.8
Adilabad,Bela,11-Jul-21,24.1,34.5
Adilabad,Bela,12-Jul-21,25.3,34.2
Adilabad,Bela,13-Jul-21,25.7,33.1
Adilabad,Bela,14-Jul-21,25.4,32.7
Adilabad,Bela,15-Jul-21,25.5,29.5
Adilabad,Bela,16-Jul-21,25.5,32.6
Adilabad,Bela,17-Jul-21,25.5,33.0
Adilabad,Bela,18-Jul-21,26.5,33.2
Adilabad,Bela,19-Jul-21,24.5,35.5
Adilabad,Bela,20-Jul-21,26.0,34.6
Adilabad,Bela,21-Jul-21,24.1,32.7
Adilabad,Bela,22-Jul-21,24.4,28.3
Adilabad,Bela,23-Jul-21,23.2,28.9
Adilabad,Bela,24-Jul-21,23.1,28.3
Adilabad,Bela,25-Jul-21,23.8,33.3
Adilabad,Bela,26-Jul-21,24.8,34.1
Adilabad,Bela,27-Jul-21,25.0,34.3
Adilabad,Bela,28-Jul-21,25.3,34.2
Adilabad,Bela,29-Jul-21,24.8,34.0
Adilabad,Bela,30-Jul-21,25.7,31.3
Adilabad,Bela,31-Jul-21,25.3,30.5
Adilabad,Bheempoor,01-Jul-21,26.1,35.4
Adilabad,Bheempoor,02-Jul-21,23.3,33.9
Adilabad,Bheempoor,03-Jul-21,27.3,32.2
Adilabad,Bheempoor,04-Jul-21,26.1,35.4
Adilabad,Bheempoor,05-Jul-21,27.0,36.7
Adilabad,Bheempoor,06-Jul-21,27.0,36.0
Adilabad,Bheempoor,07-Jul-21,25.7,33.9
Adilabad,Bheempoor,08-Jul-21,24.0,36.5
Adilabad,Bheempoor,09-Jul-21,23.5,26.9
Adilabad,Bheempoor,10-Jul-21,25.3,29.5
Adilabad,Bheempoor,11-Jul-21,22.9,32.5
Adilabad,Bheempoor,12-Jul-21,25.3,33.3
Adilabad,Bheempoor,13-Jul-21,25.3,32.5
Adilabad,Bheempoor,14-Jul-21,25.1,30.7
Adilabad,Bheempoor,15-Jul-21,25.7,29.7
Adilabad,Bheempoor,16-Jul-21,25.9,31.7
Adilabad,Bheempoor,17-Jul-21,25.0,32.4
Adilabad,Bheempoor,18-Jul-21,26.1,32.9
Adilabad,Bheempoor,19-Jul-21,25.0,33.3
Adilabad,Bheempoor,20-Jul-21,25.4,33.0
Adilabad,Bheempoor,21-Jul-21,24.5,29.9
Adilabad,Bheempoor,22-Jul-21,24.7,27.0
Adilabad,Bheempoor,23-Jul-21,24.8,28.0
Adilabad,Bheempoor,24-Jul-21,23.7,26.6
Adilabad,Bheempoor,25-Jul-21,24.5,30.8
Adilabad,Bheempoor,26-Jul-21,24.6,32.4
Adilabad,Bheempoor,27-Jul-21,25.5,32.6
Adilabad,Bheempoor,28-Jul-21,25.5,32.6
Adilabad,Bheempoor,29-Jul-21,24.8,32.2
Adilabad,Bheempoor,30-Jul-21,25.8,28.9
Adilabad,Bheempoor,31-Jul-21,25.2,30.7
Adilabad,Boath,01-Jul-21,23.4,34.2
Adilabad,Boath,02-Jul-21,23.1,32.7
Adilabad,Boath,03-Jul-21,25.0,30.9
Adilabad,Boath,04-Jul-21,24.4,33.5
Adilabad,Boath,05-Jul-21,24.8,34.5
Adilabad,Boath,06-Jul-21,25.1,33.5
Adilabad,Boath,07-Jul-21,24.1,33.7
Adilabad,Boath,08-Jul-21,22.1,35.5
Adilabad,Boath,09-Jul-21,21.7,26.5
Adilabad,Boath,10-Jul-21,24.4,27.9
Adilabad,Boath,11-Jul-21,23.6,33.5
Adilabad,Boath,12-Jul-21,22.5,32.3
Adilabad,Boath,13-Jul-21,23.3,33.6
Adilabad,Boath,14-Jul-21,22.9,30.4
Adilabad,Boath,15-Jul-21,23.1,28.3
Adilabad,Boath,16-Jul-21,24.1,30.4
Adilabad,Boath,17-Jul-21,23.4,31.5
Adilabad,Boath,18-Jul-21,24.4,32.9
Adilabad,Boath,19-Jul-21,22.6,33.9
Adilabad,Boath,20-Jul-21,24.2,32.7
Adilabad,Boath,21-Jul-21,22.6,31.0
Adilabad,Boath,22-Jul-21,22.9,24.7
Adilabad,Boath,23-Jul-21,23.3,25.3
Adilabad,Boath,24-Jul-21,22.3,27.2
Adilabad,Boath,25-Jul-21,23.3,31.6
Adilabad,Boath,26-Jul-21,22.9,31.3
Adilabad,Boath,27-Jul-21,23.5,31.7
Adilabad,Boath,28-Jul-21,23.6,31.9
Adilabad,Boath,29-Jul-21,24.0,31.1
Adilabad,Boath,30-Jul-21,23.6,29.2
Adilabad,Boath,31-Jul-21,22.9,27.7
Adilabad,Gadiguda,01-Jul-21,25.8,34.4
Adilabad,Gadiguda,02-Jul-21,24.1,33.7
Adilabad,Gadiguda,03-Jul-21,27.3,32.1
Adilabad,Gadiguda,04-Jul-21,26.7,35.9
Adilabad,Gadiguda,05-Jul-21,27.9,36.3
Adilabad,Gadiguda,06-Jul-21,27.5,35.3
Adilabad,Gadiguda,07-Jul-21,24.0,34.4
Adilabad,Gadiguda,08-Jul-21,24.9,36.5
Adilabad,Gadiguda,09-Jul-21,23.5,27.9
Adilabad,Gadiguda,10-Jul-21,25.7,29.8
Adilabad,Gadiguda,11-Jul-21,24.1,34.6
Adilabad,Gadiguda,12-Jul-21,25.3,32.7
Adilabad,Gadiguda,13-Jul-21,25.7,32.3
Adilabad,Gadiguda,14-Jul-21,25.0,30.4
Adilabad,Gadiguda,15-Jul-21,24.8,29.5
Adilabad,Gadiguda,16-Jul-21,25.5,31.3
Adilabad,Gadiguda,17-Jul-21,25.5,32.3
Adilabad,Gadiguda,18-Jul-21,26.5,32.5
Adilabad,Gadiguda,19-Jul-21,24.5,33.8
Adilabad,Gadiguda,20-Jul-21,25.6,33.4
Adilabad,Gadiguda,21-Jul-21,24.2,31.1
Adilabad,Gadiguda,22-Jul-21,24.4,27.2
Adilabad,Gadiguda,23-Jul-21,23.2,27.2
Adilabad,Gadiguda,24-Jul-21,23.3,27.8
Adilabad,Gadiguda,25-Jul-21,23.8,31.6
Adilabad,Gadiguda,26-Jul-21,24.8,32.7
Adilabad,Gadiguda,27-Jul-21,25.0,33.0
Adilabad,Gadiguda,28-Jul-21,25.3,32.5
Adilabad,Gadiguda,29-Jul-21,24.8,32.5
Adilabad,Gadiguda,30-Jul-21,25.7,29.9
Adilabad,Gadiguda,31-Jul-21,25.3,29.2
Adilabad,Gudihathnur,01-Jul-21,23.8,35.0
Adilabad,Gudihathnur,02-Jul-21,23.4,32.9
Adilabad,Gudihathnur,03-Jul-21,24.4,32.5
Adilabad,Gudihathnur,04-Jul-21,24.8,33.9
Adilabad,Gudihathnur,05-Jul-21,25.5,34.3
Adilabad,Gudihathnur,06-Jul-21,26.0,35.4
Adilabad,Gudihathnur,07-Jul-21,25.8,36.5
Adilabad,Gudihathnur,08-Jul-21,23.9,35.9
Adilabad,Gudihathnur,09-Jul-21,23.2,27.2
Adilabad,Gudihathnur,10-Jul-21,24.9,27.6
Adilabad,Gudihathnur,11-Jul-21,23.5,34.5
Adilabad,Gudihathnur,12-Jul-21,24.0,32.8
Adilabad,Gudihathnur,13-Jul-21,24.1,32.5
Adilabad,Gudihathnur,14-Jul-21,23.5,29.9
Adilabad,Gudihathnur,15-Jul-21,24.7,29.7
Adilabad,Gudihathnur,16-Jul-21,25.0,32.6
Adilabad,Gudihathnur,17-Jul-21,25.0,32.3
Adilabad,Gudihathnur,18-Jul-21,26.1,31.8
Adilabad,Gudihathnur,19-Jul-21,23.9,34.4
Adilabad,Gudihathnur,20-Jul-21,25.0,34.2
Adilabad,Gudihathnur,21-Jul-21,23.2,32.6
Adilabad,Gudihathnur,22-Jul-21,23.2,25.7
Adilabad,Gudihathnur,23-Jul-21,23.8,27.1
Adilabad,Gudihathnur,24-Jul-21,22.6,27.4
Adilabad,Gudihathnur,25-Jul-21,23.8,32.2
Adilabad,Gudihathnur,26-Jul-21,23.4,32.3
Adilabad,Gudihathnur,27-Jul-21,24.1,32.9
Adilabad,Gudihathnur,28-Jul-21,25.0,32.1
Adilabad,Gudihathnur,29-Jul-21,24.8,32.7
Adilabad,Gudihathnur,30-Jul-21,24.0,27.9
Adilabad,Gudihathnur,31-Jul-21,24.0,30.2
Adilabad,Ichoda,01-Jul-21,24.3,35.0
Adilabad,Ichoda,02-Jul-21,23.4,31.7
Adilabad,Ichoda,03-Jul-21,24.4,29.7
Adilabad,Ichoda,04-Jul-21,24.5,33.2
Adilabad,Ichoda,05-Jul-21,25.8,33.8
Adilabad,Ichoda,06-Jul-21,25.9,34.4
Adilabad,Ichoda,07-Jul-21,25.5,33.9
Adilabad,Ichoda,08-Jul-21,23.3,35.9
Adilabad,Ichoda,09-Jul-21,23.0,25.9
Adilabad,Ichoda,10-Jul-21,24.4,27.3
Adilabad,Ichoda,11-Jul-21,23.3,32.6
Adilabad,Ichoda,12-Jul-21,23.5,31.6
Adilabad,Ichoda,13-Jul-21,23.6,32.6
Adilabad,Ichoda,14-Jul-21,23.5,28.6
Adilabad,Ichoda,15-Jul-21,23.9,26.4
Adilabad,Ichoda,16-Jul-21,24.7,30.7
Adilabad,Ichoda,17-Jul-21,24.5,30.8
Adilabad,Ichoda,18-Jul-21,25.1,31.5
Adilabad,Ichoda,19-Jul-21,23.5,32.0
Adilabad,Ichoda,20-Jul-21,24.3,32.3
Adilabad,Ichoda,21-Jul-21,22.9,29.7
Adilabad,Ichoda,22-Jul-21,22.9,24.1
Adilabad,Ichoda,23-Jul-21,23.7,24.8
Adilabad,Ichoda,24-Jul-21,22.1,25.6
Adilabad,Ichoda,25-Jul-21,23.3,30.0
Adilabad,Ichoda,26-Jul-21,23.2,31.5
Adilabad,Ichoda,27-Jul-21,23.5,32.1
Adilabad,Ichoda,28-Jul-21,24.7,31.0
Adilabad,Ichoda,29-Jul-21,24.1,29.3
Adilabad,Ichoda,30-Jul-21,23.4,27.0
Adilabad,Ichoda,31-Jul-21,23.5,27.3
Adilabad,Inderavelly,01-Jul-21,24.3,35.2
Adilabad,Inderavelly,02-Jul-21,23.5,32.6
Adilabad,Inderavelly,03-Jul-21,24.8,32.1
Adilabad,Inderavelly,04-Jul-21,25.7,33.4
Adilabad,Inderavelly,05-Jul-21,26.8,35.6
Adilabad,Inderavelly,06-Jul-21,26.5,34.8
Adilabad,Inderavelly,07-Jul-21,26.5,34.3
Adilabad,Inderavelly,08-Jul-21,23.8,36.3
Adilabad,Inderavelly,09-Jul-21,23.2,26.5
Adilabad,Inderavelly,10-Jul-21,24.8,28.0
Adilabad,Inderavelly,11-Jul-21,23.5,33.1
Adilabad,Inderavelly,12-Jul-21,24.1,32.4
Adilabad,Inderavelly,13-Jul-21,24.6,33.3
Adilabad,Inderavelly,14-Jul-21,24.5,29.9
Adilabad,Inderavelly,15-Jul-21,24.7,28.4
Adilabad,Inderavelly,16-Jul-21,25.0,32.6
Adilabad,Inderavelly,17-Jul-21,25.4,31.8
Adilabad,Inderavelly,18-Jul-21,26.4,31.9
Adilabad,Inderavelly,19-Jul-21,24.3,34.1
Adilabad,Inderavelly,20-Jul-21,25.5,33.4
Adilabad,Inderavelly,21-Jul-21,23.4,31.7
Adilabad,Inderavelly,22-Jul-21,23.3,24.7
Adilabad,Inderavelly,23-Jul-21,23.9,27.1
Adilabad,Inderavelly,24-Jul-21,23.1,27.2
Adilabad,Inderavelly,25-Jul-21,24.2,31.4
Adilabad,Inderavelly,26-Jul-21,24.2,32.3
Adilabad,Inderavelly,27-Jul-21,24.8,32.7
Adilabad,Inderavelly,28-Jul-21,25.0,32.5
Adilabad,Inderavelly,29-Jul-21,25.3,31.8
Adilabad,Inderavelly,30-Jul-21,24.4,28.6
Adilabad,Inderavelly,31-Jul-21,24.4,28.9
Adilabad,Jainad,01-Jul-21,26.3,36.1
Adilabad,Jainad,02-Jul-21,24.2,35.5
Adilabad,Jainad,03-Jul-21,26.9,33.9
Adilabad,Jainad,04-Jul-21,26.3,37.0
Adilabad,Jainad,05-Jul-21,27.2,36.5
Adilabad,Jainad,06-Jul-21,27.4,36.0
Adilabad,Jainad,07-Jul-21,26.4,36.1
Adilabad,Jainad,08-Jul-21,23.0,36.7
Adilabad,Jainad,09-Jul-21,23.2,29.2
Adilabad,Jainad,10-Jul-21,26.2,30.7
Adilabad,Jainad,11-Jul-21,25.0,35.2
Adilabad,Jainad,12-Jul-21,24.9,34.3
Adilabad,Jainad,13-Jul-21,25.8,33.9
Adilabad,Jainad,14-Jul-21,25.2,31.6
Adilabad,Jainad,15-Jul-21,26.1,30.3
Adilabad,Jainad,16-Jul-21,26.0,32.0
Adilabad,Jainad,17-Jul-21,26.4,33.5
Adilabad,Jainad,18-Jul-21,27.2,34.0
Adilabad,Jainad,19-Jul-21,25.3,35.2
Adilabad,Jainad,20-Jul-21,26.5,34.9
Adilabad,Jainad,21-Jul-21,23.8,33.0
Adilabad,Jainad,22-Jul-21,25.1,28.4
Adilabad,Jainad,23-Jul-21,24.7,28.9
Adilabad,Jainad,24-Jul-21,24.8,28.6
Adilabad,Jainad,25-Jul-21,24.7,33.6
Adilabad,Jainad,26-Jul-21,25.2,34.3
Adilabad,Jainad,27-Jul-21,26.4,35.1
Adilabad,Jainad,28-Jul-21,26.2,34.4
Adilabad,Jainad,29-Jul-21,26.0,33.7
Adilabad,Jainad,30-Jul-21,26.0,30.9
Adilabad,Jainad,31-Jul-21,25.9,31.3
Adilabad,Mavala,01-Jul-21,25.6,34.5
Adilabad,Mavala,02-Jul-21,23.0,32.3
Adilabad,Mavala,03-Jul-21,26.4,31.4
Adilabad,Mavala,04-Jul-21,25.7,33.4
Adilabad,Mavala,05-Jul-21,27.2,35.4
Adilabad,Mavala,06-Jul-21,26.9,34.8
Adilabad,Mavala,07-Jul-21,25.5,34.1
Adilabad,Mavala,08-Jul-21,23.0,35.5
Adilabad,Mavala,09-Jul-21,23.2,26.8
Adilabad,Mavala,10-Jul-21,24.9,28.9
Adilabad,Mavala,11-Jul-21,24.3,32.2
Adilabad,Mavala,12-Jul-21,24.7,32.1
Adilabad,Mavala,13-Jul-21,25.2,31.9
Adilabad,Mavala,14-Jul-21,25.4,31.1
Adilabad,Mavala,15-Jul-21,25.4,29.2
Adilabad,Mavala,16-Jul-21,25.8,29.9
Adilabad,Mavala,17-Jul-21,25.8,31.8
Adilabad,Mavala,18-Jul-21,26.9,32.2
Adilabad,Mavala,19-Jul-21,24.5,33.0
Adilabad,Mavala,20-Jul-21,25.6,33.4
Adilabad,Mavala,21-Jul-21,23.8,31.9
Adilabad,Mavala,22-Jul-21,24.3,28.2
Adilabad,Mavala,23-Jul-21,24.5,28.1
Adilabad,Mavala,24-Jul-21,23.6,26.2
Adilabad,Mavala,25-Jul-21,24.0,32.2
Adilabad,Mavala,26-Jul-21,24.4,32.9
Adilabad,Mavala,27-Jul-21,25.9,33.0
Adilabad,Mavala,28-Jul-21,25.6,32.8
Adilabad,Mavala,29-Jul-21,25.4,33.0
Adilabad,Mavala,30-Jul-21,25.7,30.6
Adilabad,Mavala,31-Jul-21,25.5,29.4
Adilabad,Narnoor,01-Jul-21,24.0,35.1
Adilabad,Narnoor,02-Jul-21,22.8,32.4
Adilabad,Narnoor,03-Jul-21,24.8,30.8
Adilabad,Narnoor,04-Jul-21,24.8,34.2
Adilabad,Narnoor,05-Jul-21,26.0,35.2
Adilabad,Narnoor,06-Jul-21,25.6,33.5
Adilabad,Narnoor,07-Jul-21,24.6,33.8
Adilabad,Narnoor,08-Jul-21,22.1,33.8
Adilabad,Narnoor,09-Jul-21,23.5,26.6
Adilabad,Narnoor,10-Jul-21,24.7,29.2
Adilabad,Narnoor,11-Jul-21,23.4,35.1
Adilabad,Narnoor,12-Jul-21,23.3,32.3
Adilabad,Narnoor,13-Jul-21,24.5,32.3
Adilabad,Narnoor,14-Jul-21,23.6,29.4
Adilabad,Narnoor,15-Jul-21,24.8,27.8
Adilabad,Narnoor,16-Jul-21,24.6,30.2
Adilabad,Narnoor,17-Jul-21,25.2,31.5
Adilabad,Narnoor,18-Jul-21,25.9,32.6
Adilabad,Narnoor,19-Jul-21,24.3,33.7
Adilabad,Narnoor,20-Jul-21,25.3,32.3
Adilabad,Narnoor,21-Jul-21,23.1,31.1
Adilabad,Narnoor,22-Jul-21,23.1,25.8
Adilabad,Narnoor,23-Jul-21,23.3,25.9
Adilabad,Narnoor,24-Jul-21,22.4,27.0
Adilabad,Narnoor,25-Jul-21,23.5,32.2
Adilabad,Narnoor,26-Jul-21,23.8,31.5
Adilabad,Narnoor,27-Jul-21,24.9,31.9
Adilabad,Narnoor,28-Jul-21,23.7,31.4
Adilabad,Narnoor,29-Jul-21,24.3,30.2
Adilabad,Narnoor,30-Jul-21,23.6,27.6
Adilabad,Narnoor,31-Jul-21,23.7,26.9
Adilabad,Neradigonda,01-Jul-21,24.7,34.0
Adilabad,Neradigonda,02-Jul-21,24.0,32.7
Adilabad,Neradigonda,03-Jul-21,25.6,30.9
Adilabad,Neradigonda,04-Jul-21,24.7,33.3
Adilabad,Neradigonda,05-Jul-21,25.4,34.3
Adilabad,Neradigonda,06-Jul-21,25.5,33.4
Adilabad,Neradigonda,07-Jul-21,25.0,34.1
Adilabad,Neradigonda,08-Jul-21,22.4,34.7
Adilabad,Neradigonda,09-Jul-21,22.1,26.1
Adilabad,Neradigonda,10-Jul-21,24.6,27.9
Adilabad,Neradigonda,11-Jul-21,23.1,33.1
Adilabad,Neradigonda,12-Jul-21,23.0,31.9
Adilabad,Neradigonda,13-Jul-21,23.5,33.0
Adilabad,Neradigonda,14-Jul-21,23.1,28.9
Adilabad,Neradigonda,15-Jul-21,23.5,27.0
Adilabad,Neradigonda,16-Jul-21,24.4,29.4
Adilabad,Neradigonda,17-Jul-21,23.9,30.9
Adilabad,Neradigonda,18-Jul-21,24.8,32.2
Adilabad,Neradigonda,19-Jul-21,23.5,32.2
Adilabad,Neradigonda,20-Jul-21,24.5,32.8
Adilabad,Neradigonda,21-Jul-21,22.7,30.8
Adilabad,Neradigonda,22-Jul-21,22.7,24.3
Adilabad,Neradigonda,23-Jul-21,23.1,25.3
Adilabad,Neradigonda,24-Jul-21,22.4,27.2
Adilabad,Neradigonda,25-Jul-21,23.8,30.9
Adilabad,Neradigonda,26-Jul-21,23.3,30.8
Adilabad,Neradigonda,27-Jul-21,23.9,31.3
Adilabad,Neradigonda,28-Jul-21,23.9,31.5
Adilabad,Neradigonda,29-Jul-21,24.4,30.4
Adilabad,Neradigonda,30-Jul-21,23.9,28.3
Adilabad,Neradigonda,31-Jul-21,23.5,27.2
Adilabad,Sirikonda,01-Jul-21,24.7,35.4
Adilabad,Sirikonda,02-Jul-21,23.5,32.5
Adilabad,Sirikonda,03-Jul-21,25.2,31.9
Adilabad,Sirikonda,04-Jul-21,25.1,33.2
Adilabad,Sirikonda,05-Jul-21,26.3,35.2
Adilabad,Sirikonda,06-Jul-21,26.0,34.6
Adilabad,Sirikonda,07-Jul-21,25.6,32.5
Adilabad,Sirikonda,08-Jul-21,22.7,35.9
Adilabad,Sirikonda,09-Jul-21,22.9,25.9
Adilabad,Sirikonda,10-Jul-21,24.8,28.0
Adilabad,Sirikonda,11-Jul-21,23.5,32.8
Adilabad,Sirikonda,12-Jul-21,24.1,32.1
Adilabad,Sirikonda,13-Jul-21,24.6,32.6
Adilabad,Sirikonda,14-Jul-21,23.5,29.0
Adilabad,Sirikonda,15-Jul-21,24.7,27.5
Adilabad,Sirikonda,16-Jul-21,25.0,32.6
Adilabad,Sirikonda,17-Jul-21,25.4,31.1
Adilabad,Sirikonda,18-Jul-21,26.1,32.1
Adilabad,Sirikonda,19-Jul-21,24.3,33.2
Adilabad,Sirikonda,20-Jul-21,25.5,32.8
Adilabad,Sirikonda,21-Jul-21,23.4,30.9
Adilabad,Sirikonda,22-Jul-21,23.3,24.7
Adilabad,Sirikonda,23-Jul-21,23.9,25.9
Adilabad,Sirikonda,24-Jul-21,23.1,26.2
Adilabad,Sirikonda,25-Jul-21,24.2,31.4
Adilabad,Sirikonda,26-Jul-21,23.4,32.2
Adilabad,Sirikonda,27-Jul-21,24.8,32.7
Adilabad,Sirikonda,28-Jul-21,25.0,32.5
Adilabad,Sirikonda,29-Jul-21,25.3,31.2
Adilabad,Sirikonda,30-Jul-21,24.4,28.6
Adilabad,Sirikonda,31-Jul-21,24.4,28.0
Adilabad,Talamadugu,01-Jul-21,25.7,35.2
Adilabad,Talamadugu,02-Jul-21,23.2,32.7
Adilabad,Talamadugu,03-Jul-21,26.5,32.0
Adilabad,Talamadugu,04-Jul-21,25.9,34.4
Adilabad,Talamadugu,05-Jul-21,27.0,36.2
Adilabad,Talamadugu,06-Jul-21,27.1,35.0
Adilabad,Talamadugu,07-Jul-21,26.4,33.8
Adilabad,Talamadugu,08-Jul-21,23.0,35.7
Adilabad,Talamadugu,09-Jul-21,22.7,26.1
Adilabad,Talamadugu,10-Jul-21,23.7,28.2
Adilabad,Talamadugu,11-Jul-21,24.6,33.2
Adilabad,Talamadugu,12-Jul-21,24.2,32.5
Adilabad,Talamadugu,13-Jul-21,24.9,32.5
Adilabad,Talamadugu,14-Jul-21,25.2,31.4
Adilabad,Talamadugu,15-Jul-21,25.0,29.9
Adilabad,Talamadugu,16-Jul-21,25.6,29.8
Adilabad,Talamadugu,17-Jul-21,25.5,32.0
Adilabad,Talamadugu,18-Jul-21,26.2,32.4
Adilabad,Talamadugu,19-Jul-21,24.3,34.1
Adilabad,Talamadugu,20-Jul-21,25.1,33.3
Adilabad,Talamadugu,21-Jul-21,24.1,31.4
Adilabad,Talamadugu,22-Jul-21,24.1,26.5
Adilabad,Talamadugu,23-Jul-21,24.6,26.9
Adilabad,Talamadugu,24-Jul-21,23.6,27.0
Adilabad,Talamadugu,25-Jul-21,23.9,31.7
Adilabad,Talamadugu,26-Jul-21,23.6,32.5
Adilabad,Talamadugu,27-Jul-21,25.5,32.5
Adilabad,Talamadugu,28-Jul-21,25.1,32.6
Adilabad,Talamadugu,29-Jul-21,26.0,32.4
Adilabad,Talamadugu,30-Jul-21,25.1,29.1
Adilabad,Talamadugu,31-Jul-21,25.0,29.5
Adilabad,Tamsi,01-Jul-21,24.8,36.2
Adilabad,Tamsi,02-Jul-21,22.8,33.4
Adilabad,Tamsi,03-Jul-21,26.1,32.8
Adilabad,Tamsi,04-Jul-21,25.9,35.4
