datadate,districtname,mandalname,villagename,pwregcnt,pwtrkcnt,delcnt,anc1cnt,anc2cnt,anc3cnt,anc4cnt,chimzcnt,highriskcnt,govtdelcnt,pvtdelcnt,kitscnt
"July     -2024",Adilabad,"Adilabad Rural",Addagutta,0,0,0,0,0,0,1,2,0,0,0,0
"July     -2024",Adilabad,"Adilabad Rural",Allikori,2,0,2,2,2,2,1,2,4,0,0,0
"July     -2024",Adilabad,"Adilabad Rural",Ankapoor,1,0,1,1,1,1,2,2,2,0,0,0
"July     -2024",Adilabad,"Adilabad Rural",Ankoli,1,0,3,2,3,5,4,10,4,0,0,0
"July     -2024",Adilabad,"Adilabad Rural",Anukunta,0,0,0,0,2,1,0,10,0,0,0,0
"July     -2024",Adilabad,"Adilabad Rural","Arli (Buzurg)",0,0,2,1,5,3,1,5,0,0,0,0
"July     -2024",Adilabad,"Adilabad Rural",Asodabhurki,0,0,1,0,0,0,1,1,0,1,0,0
"July     -2024",Adilabad,"Adilabad Rural",Bangariguda,3,0,11,7,7,5,2,22,2,0,1,0
"July     -2024",Adilabad,"Adilabad Rural",Belluri,0,0,2,1,0,0,0,2,1,0,0,0
"July     -2024",Adilabad,"Adilabad Rural",Bheemseri,0,0,6,4,3,3,3,10,0,1,2,0
"July     -2024",Adilabad,"Adilabad Rural",Boppapur,1,0,1,1,1,0,0,3,0,0,0,0
"July     -2024",Adilabad,"Adilabad Rural",Borenur,1,0,1,1,0,0,1,5,1,0,1,0
"July     -2024",Adilabad,"Adilabad Rural",Burki,0,0,0,0,1,0,0,0,0,0,0,0
"July     -2024",Adilabad,"Adilabad Rural",Chanda,4,0,6,5,2,7,5,13,2,1,1,0
"July     -2024",Adilabad,"Adilabad Rural",Chichadhari,0,0,1,0,0,1,2,5,2,1,0,0
"July     -2024",Adilabad,"Adilabad Rural",Chilatiguda,0,0,0,0,0,1,0,1,1,0,0,0
"July     -2024",Adilabad,"Adilabad Rural",Chithaguda,0,0,0,0,0,0,0,2,0,0,0,0
"July     -2024",Adilabad,"Adilabad Rural",Chityalbori,0,0,1,0,0,1,1,5,0,1,0,0
"July     -2024",Adilabad,"Adilabad Rural",Darloddi,0,0,1,0,0,0,0,4,0,1,0,0
"July     -2024",Adilabad,"Adilabad Rural",Darloddi,0,0,0,0,0,0,0,1,0,0,0,0
"July     -2024",Adilabad,"Adilabad Rural",Dimma,0,0,0,0,0,2,1,2,0,0,0,0
"July     -2024",Adilabad,"Adilabad Rural","Hanumannagar Kojjacolony",1,0,1,1,1,2,0,1,0,0,0,0
"July     -2024",Adilabad,"Adilabad Rural",Hathigutta,3,0,3,2,6,1,0,7,3,0,0,0
"July     -2024",Adilabad,"Adilabad Rural",Jamdapur,1,0,4,2,2,3,0,4,0,0,0,0
"July     -2024",Adilabad,"Adilabad Rural",Jamuldhari,0,0,0,0,0,0,0,1,0,0,0,0
"July     -2024",Adilabad,"Adilabad Rural",Kachkanti,3,0,3,2,1,1,1,5,2,0,0,0
"July     -2024",Adilabad,"Adilabad Rural",Khanapoor,1,0,1,1,2,1,3,10,2,1,0,0
"July     -2024",Adilabad,"Adilabad Rural",Khandala,0,0,3,0,0,3,0,10,0,3,0,0
"July     -2024",Adilabad,"Adilabad Rural",Kolamguda,0,0,0,0,0,0,0,1,0,0,0,0
"July     -2024",Adilabad,"Adilabad Rural",Kothaguda,0,0,0,0,0,0,0,5,0,0,0,0
"July     -2024",Adilabad,"Adilabad Rural","Kottur (Nevegaon)",0,0,0,0,0,0,0,1,0,0,0,0
"July     -2024",Adilabad,"Adilabad Rural",Kumbhajheri,0,0,0,0,0,1,1,0,0,0,0,0
"July     -2024",Adilabad,"Adilabad Rural",Landasangvi,1,0,3,2,4,1,2,7,1,0,1,0
"July     -2024",Adilabad,"Adilabad Rural",Linguguda,0,0,2,1,1,1,0,6,0,2,0,0
"July     -2024",Adilabad,"Adilabad Rural",Lohara,0,0,0,0,1,1,0,6,0,0,0,0
"July     -2024",Adilabad,"Adilabad Rural",Lokari,4,0,4,4,5,1,2,5,0,0,0,0
"July     -2024",Adilabad,"Adilabad Rural",Mamdiguda,1,0,3,1,0,1,1,6,0,3,0,0
"July     -2024",Adilabad,"Adilabad Rural",Mamidikori,0,0,5,2,3,0,0,1,1,0,0,0
"July     -2024",Adilabad,"Adilabad Rural",Maregaon,0,0,1,0,0,0,0,2,0,1,0,0
"July     -2024",Adilabad,"Adilabad Rural",Mathadiguda,0,0,1,0,0,0,0,3,0,1,0,0
"July     -2024",Adilabad,"Adilabad Rural",Molalgutta,0,0,1,0,0,0,0,1,0,0,1,0
"July     -2024",Adilabad,"Adilabad Rural",N/A,0,0,0,0,0,0,1,0,0,0,0,0
"July     -2024",Adilabad,"Adilabad Rural",N/A,0,0,0,0,0,0,0,1,0,0,0,0
"July     -2024",Adilabad,"Adilabad Rural","New H.B.Colony-1",0,0,3,0,0,4,2,9,1,2,1,0
"July     -2024",Adilabad,"Adilabad Rural","New H.B.Colony-2",0,0,3,0,4,1,1,6,0,1,2,0
"July     -2024",Adilabad,"Adilabad Rural",Nishanghat,1,0,1,1,1,0,0,0,1,0,0,0
"July     -2024",Adilabad,"Adilabad Rural",Pippaldhari,1,0,1,1,2,0,0,4,0,0,0,0
"July     -2024",Adilabad,"Adilabad Rural",Pochara,0,0,0,0,1,3,2,5,1,0,0,0
"July     -2024",Adilabad,"Adilabad Rural",Potaguda,0,0,0,0,0,0,0,1,0,0,0,0
"July     -2024",Adilabad,"Adilabad Rural",Pottamloddi,0,0,0,0,0,0,0,2,0,0,0,0
"July     -2024",Adilabad,"Adilabad Rural",Punaguda,0,0,0,0,0,0,0,1,0,0,0,0
"July     -2024",Adilabad,"Adilabad Rural",Rajuguda,2,0,2,2,1,0,1,0,1,0,0,0
"July     -2024",Adilabad,"Adilabad Rural",Ramai,1,0,3,2,7,1,0,2,3,0,0,0
"July     -2024",Adilabad,"Adilabad Rural",Ramnagar,3,0,8,4,5,14,7,20,4,2,1,0
"July     -2024",Adilabad,"Adilabad Rural","Rampoor (Royati)",0,0,0,0,1,1,0,4,0,0,0,0
"July     -2024",Adilabad,"Adilabad Rural","Rampoor (Royati)",0,0,2,0,1,1,1,3,0,0,2,0
"July     -2024",Adilabad,"Adilabad Rural",Ramuluguda,0,0,0,0,1,0,0,1,0,0,0,0
"July     -2024",Adilabad,"Adilabad Rural",Salaiguda,0,0,0,0,1,3,0,1,0,0,0,0
"July     -2024",Adilabad,"Adilabad Rural",Salpalguda,0,0,0,0,0,1,0,2,0,0,0,0
"July     -2024",Adilabad,"Adilabad Rural",Shivghat,1,0,1,1,0,0,0,1,0,0,0,0
"July     -2024",Adilabad,"Adilabad Rural",Sirikonda,0,0,0,0,0,0,1,3,1,0,0,0
"July     -2024",Adilabad,"Adilabad Rural",Soceityguda,0,0,1,0,1,0,0,2,0,1,0,0
"July     -2024",Adilabad,"Adilabad Rural","Teachers Colony",2,0,4,2,4,5,4,24,2,2,1,0
"July     -2024",Adilabad,"Adilabad Rural",Tippa,0,0,0,0,1,3,0,2,0,0,0,0
"July     -2024",Adilabad,"Adilabad Rural",Tontoli,4,0,4,4,3,4,2,10,5,0,1,0
"July     -2024",Adilabad,"Adilabad Rural",Wanwat,0,0,0,0,1,1,0,2,0,0,0,0
"July     -2024",Adilabad,"Adilabad Rural",Yapalguda,1,0,1,1,3,2,2,12,1,0,1,0
"July     -2024",Adilabad,"Adilabad Rural",Yeshwanthguda,0,0,1,0,0,0,0,1,0,0,1,0
"July     -2024",Adilabad,"Adilabad Urban",Abdullachowk,1,0,2,1,3,3,2,10,0,2,0,0
"July     -2024",Adilabad,"Adilabad Urban",Ambedkarnagar,2,0,4,3,5,5,6,24,5,1,2,0
"July     -2024",Adilabad,"Adilabad Urban","Badka Mahila",3,0,5,5,7,6,3,19,4,0,0,0
"July     -2024",Adilabad,"Adilabad Urban",Bhagyanagar,0,0,3,0,0,4,5,23,0,3,0,0
"July     -2024",Adilabad,"Adilabad Urban",Bokkalguda,2,0,3,3,6,10,4,13,5,0,2,0
"July     -2024",Adilabad,"Adilabad Urban","Chilkuri Laxmi Nagar  2",1,0,9,5,9,1,4,10,2,1,1,0
"July     -2024",Adilabad,"Adilabad Urban","Chilkuri Laxmi Nagar 1",1,0,3,3,6,5,5,20,2,2,1,0
"July     -2024",Adilabad,"Adilabad Urban",Chincharwada,0,0,1,0,0,2,4,8,0,1,0,0
"July     -2024",Adilabad,"Adilabad Urban","Collage Colony",1,0,5,2,3,3,2,7,1,0,0,0
"July     -2024",Adilabad,"Adilabad Urban",Dhangarmaila,3,0,5,5,4,5,4,8,5,1,0,0
"July     -2024",Adilabad,"Adilabad Urban","Dwaraka Nagar",2,0,4,2,6,3,1,4,1,1,0,0
"July     -2024",Adilabad,"Adilabad Urban",Filterbed,0,0,2,1,2,3,2,2,1,0,0,0
"July     -2024",Adilabad,"Adilabad Urban",GDC,1,0,1,1,1,0,0,3,0,0,1,0
"July     -2024",Adilabad,"Adilabad Urban","Gadiyal Ghar",0,0,4,2,0,1,3,6,2,2,0,0
"July     -2024",Adilabad,"Adilabad Urban","Gandhi Nagar",2,0,4,4,7,4,4,14,0,0,0,0
"July     -2024",Adilabad,"Adilabad Urban","Girls High School",3,0,5,4,3,2,5,21,1,2,0,0
"July     -2024",Adilabad,"Adilabad Urban",Hamaliwada,0,0,2,1,7,4,2,7,0,0,0,0
"July     -2024",Adilabad,"Adilabad Urban",Indrammacolony,3,0,9,5,6,6,0,15,4,1,0,0
"July     -2024",Adilabad,"Adilabad Urban",Indrangar,0,0,3,2,7,4,10,15,5,1,0,0
"July     -2024",Adilabad,"Adilabad Urban",Jaijavannagar,1,0,3,2,2,6,3,7,2,0,0,0
"July     -2024",Adilabad,"Adilabad Urban","KV nagar",1,0,9,4,5,3,3,17,5,2,3,0
"July     -2024",Adilabad,"Adilabad Urban",Khanapur,3,0,11,6,11,4,5,4,4,0,1,0
"July     -2024",Adilabad,"Adilabad Urban",Khanapur,1,0,9,5,8,2,5,8,3,1,0,0
"July     -2024",Adilabad,"Adilabad Urban",Kolipura,3,0,9,7,5,5,8,14,3,4,0,0
"July     -2024",Adilabad,"Adilabad Urban",Kranthinagar,2,0,11,9,5,18,5,26,5,2,0,0
"July     -2024",Adilabad,"Adilabad Urban",Kumarpet,3,0,3,3,4,1,1,4,3,0,0,0
"July     -2024",Adilabad,"Adilabad Urban","Kursheed Nagar",3,0,5,4,16,2,3,26,2,3,0,1
"July     -2024",Adilabad,"Adilabad Urban","LBS Nagar",0,0,0,0,0,0,0,1,0,0,0,0
"July     -2024",Adilabad,"Adilabad Urban","Mahalaxmiwada 1 A",1,0,3,2,4,1,5,8,1,0,0,0
"July     -2024",Adilabad,"Adilabad Urban","Mahalaxmiwada 1 B",3,0,6,3,3,6,3,7,4,0,0,0
"July     -2024",Adilabad,"Adilabad Urban","Mahalaxmiwada 1 C",1,0,6,3,5,0,2,9,3,0,0,0
"July     -2024",Adilabad,"Adilabad Urban","Mahalaxmiwada 2 A",2,0,4,3,2,3,0,10,2,0,0,0
"July     -2024",Adilabad,"Adilabad Urban","Mahalaxmiwada 2 B",0,0,0,0,0,0,4,4,0,0,0,0
"July     -2024",Adilabad,"Adilabad Urban","Mahalaxmiwada 2 C",0,0,0,0,0,0,0,1,0,0,0,0
"July     -2024",Adilabad,"Adilabad Urban",Mochigally,0,0,2,1,5,0,0,4,1,0,0,0
"July     -2024",Adilabad,"Adilabad Urban",N/A,2,0,4,3,2,4,6,7,2,1,0,0
"July     -2024",Adilabad,"Adilabad Urban","NST Road",2,0,4,3,6,1,0,11,2,0,0,0
"July     -2024",Adilabad,"Adilabad Urban","Old Housingboard",1,0,3,1,2,0,1,7,0,0,0,0
"July     -2024",Adilabad,"Adilabad Urban","P.H Colony",0,0,0,0,1,1,1,7,0,0,0,0
"July     -2024",Adilabad,"Adilabad Urban","Panjesha Mahila",2,0,8,4,3,1,3,17,2,0,1,0
"July     -2024",Adilabad,"Adilabad Urban","Penganga Oil Mill",0,0,6,3,2,1,0,6,2,0,0,0
"July     -2024",Adilabad,"Adilabad Urban","Randhivya Nagar",2,0,6,4,9,5,4,27,3,4,0,0
"July     -2024",Adilabad,"Adilabad Urban",Ranisatiji,0,0,1,0,0,1,1,2,0,0,1,0
"July     -2024",Adilabad,"Adilabad Urban","Ranjan wada",1,0,4,4,1,0,2,7,2,0,1,0
"July     -2024",Adilabad,"Adilabad Urban","Ravindar Nagar - 17",2,0,2,2,5,3,4,16,4,0,0,0
"July     -2024",Adilabad,"Adilabad Urban","Ricksha Colony",3,0,5,4,5,4,0,21,2,1,0,0
"July     -2024",Adilabad,"Adilabad Urban","Sanjay Nagar",3,0,5,5,7,7,4,26,2,2,0,0
"July     -2024",Adilabad,"Adilabad Urban","Sanjay Nagar",1,0,4,1,4,4,3,7,2,0,0,0
"July     -2024",Adilabad,"Adilabad Urban","Shama School Area",3,0,5,4,10,2,3,15,3,0,0,0
"July     -2024",Adilabad,"Adilabad Urban","Shanthi Nagar (Thota)",2,0,2,1,4,2,6,16,2,0,0,0
"July     -2024",Adilabad,"Adilabad Urban","Shanthi Nagar - 16",0,0,0,0,0,0,0,2,0,0,0,0
"July     -2024",Adilabad,"Adilabad Urban","Shanthi Nagar - 18",3,0,3,2,1,4,3,14,1,0,1,0
"July     -2024",Adilabad,"Adilabad Urban","Shanthi Nagar 15",3,0,5,4,4,2,5,12,2,2,0,0
"July     -2024",Adilabad,"Adilabad Urban","Shanthi Nagar 15",0,0,2,1,2,4,4,7,2,0,0,0
"July     -2024",Adilabad,"Adilabad Urban","Sonar colony",2,0,2,2,4,1,1,0,2,0,0,0
"July     -2024",Adilabad,"Adilabad Urban","Sri Ram Colony",0,0,0,0,2,0,1,6,0,0,0,0
"July     -2024",Adilabad,"Adilabad Urban","Sundhraiah Nagar",1,0,11,6,7,7,9,36,5,3,0,0
"July     -2024",Adilabad,"Adilabad Urban",Sweeparcolony,1,0,5,3,2,3,0,12,2,3,0,0
"July     -2024",Adilabad,"Adilabad Urban",Thatiguda,5,0,7,4,13,18,13,21,9,1,0,0
"July     -2024",Adilabad,"Adilabad Urban",Thilaknagar,1,0,3,2,2,0,1,3,1,0,0,0
"July     -2024",Adilabad,"Adilabad Urban",Thirpelly,2,0,4,4,6,4,5,27,4,2,0,0
"July     -2024",Adilabad,"Adilabad Urban","Valmikinagar kunta",1,0,3,2,2,0,1,8,1,0,0,0
"July     -2024",Adilabad,"Adilabad Urban",Varalaxminagar,1,0,1,1,4,1,3,2,1,0,0,0
"July     -2024",Adilabad,"Adilabad Urban","Veternary Hospital Area",1,0,1,1,5,1,2,10,2,1,0,0
"July     -2024",Adilabad,"Adilabad Urban",Vidyanagar,6,0,8,10,21,10,7,9,7,2,1,0
"July     -2024",Adilabad,"Adilabad Urban","Waddar Colony",1,0,4,2,2,3,4,13,1,0,0,0
"July     -2024",Adilabad,Bazarhatnoor,ANDUGUDA,0,0,0,0,0,1,1,7,0,0,0,0
"July     -2024",Adilabad,Bazarhatnoor,Ananthapur,0,0,1,0,0,0,1,4,0,1,0,0
"July     -2024",Adilabad,Bazarhatnoor,BHEEMNAIKTHANDA,0,0,2,1,1,0,0,0,1,0,0,0
"July     -2024",Adilabad,Bazarhatnoor,"BHUTAI T",4,0,6,5,4,5,3,12,0,2,0,1
"July     -2024",Adilabad,Bazarhatnoor,BURKAPALLY,2,0,2,2,1,0,2,3,0,0,0,0
"July     -2024",Adilabad,Bazarhatnoor,Balanpur,0,0,0,0,0,1,0,1,0,0,0,0
"July     -2024",Adilabad,Bazarhatnoor,Bazarhatnur,2,0,9,7,12,8,5,14,3,0,0,0
"July     -2024",Adilabad,Bazarhatnoor,Bhosra,1,0,6,2,2,1,0,3,0,0,0,0
"July     -2024",Adilabad,Bazarhatnoor,"Bhutai (Buzurg)",1,0,3,2,4,3,2,9,0,0,1,0
"July     -2024",Adilabad,Bazarhatnoor,"Bhutai (Khurd)",0,0,0,0,0,1,0,2,0,0,0,0
"July     -2024",Adilabad,Bazarhatnoor,CHINMAITHANDA,0,0,0,0,0,0,0,1,0,0,0,0
"July     -2024",Adilabad,Bazarhatnoor,CHINNAHATNUR,0,0,2,1,0,0,0,1,1,0,0,0
"July     -2024",Adilabad,Bazarhatnoor,"Chintal Sangvi",1,0,1,1,1,0,1,0,1,0,0,0
"July     -2024",Adilabad,Bazarhatnoor,DEDRA,0,0,1,0,0,0,1,1,0,1,0,0
"July     -2024",Adilabad,Bazarhatnoor,Dehgaon,1,0,2,1,2,0,2,3,0,2,0,0
"July     -2024",Adilabad,Bazarhatnoor,Dhabadi,0,0,0,0,1,0,0,0,0,0,0,0
"July     -2024",Adilabad,Bazarhatnoor,Dharampuri,0,0,0,0,0,2,0,2,0,0,0,0
"July     -2024",Adilabad,Bazarhatnoor,Dignoor,1,0,1,1,2,0,1,5,0,0,0,0
"July     -2024",Adilabad,Bazarhatnoor,GANGAPOOR,0,0,0,0,0,0,0,2,0,0,0,0
"July     -2024",Adilabad,Bazarhatnoor,GULABTHANDA,0,0,0,0,0,1,1,3,0,0,0,0
"July     -2024",Adilabad,Bazarhatnoor,Gangapur,0,0,0,0,0,0,1,3,1,0,0,0
"July     -2024",Adilabad,Bazarhatnoor,Girjai,0,0,0,0,0,1,0,1,0,0,0,0
"July     -2024",Adilabad,Bazarhatnoor,Girnur,2,0,2,2,3,2,0,5,0,1,0,0
"July     -2024",Adilabad,Bazarhatnoor,Gokonda,0,0,3,1,2,2,1,6,2,0,0,0
"July     -2024",Adilabad,Bazarhatnoor,Harkai,1,0,1,1,1,0,0,3,0,0,0,0
"July     -2024",Adilabad,Bazarhatnoor,INDRANAGAR,0,0,0,0,0,0,0,1,0,0,0,0
"July     -2024",Adilabad,Bazarhatnoor,JALLUGUDA,0,0,0,0,0,0,2,0,1,0,0,0
"July     -2024",Adilabad,Bazarhatnoor,Jatarla,2,0,2,2,2,0,1,1,0,0,0,0
"July     -2024",Adilabad,Bazarhatnoor,KOLAMGUDAA,0,0,0,0,0,0,0,1,0,0,0,0
"July     -2024",Adilabad,Bazarhatnoor,KOTHAGOODA,0,0,0,1,1,0,1,2,0,0,0,0
"July     -2024",Adilabad,Bazarhatnoor,KOTHAPALLE,0,0,0,0,0,0,0,3,0,0,0,0
"July     -2024",Adilabad,Bazarhatnoor,Kandli,1,0,3,2,0,1,0,1,1,1,0,0
"July     -2024",Adilabad,Bazarhatnoor,Kinnerpalle,0,0,2,1,0,2,3,3,2,0,0,0
"July     -2024",Adilabad,Bazarhatnoor,Kolhari,0,0,2,1,3,2,0,1,1,0,0,0
"July     -2024",Adilabad,Bazarhatnoor,"L THANDA",1,0,1,1,0,0,0,1,0,0,0,0
"July     -2024",Adilabad,Bazarhatnoor,MADAGUDA,0,0,2,1,2,0,0,1,0,0,0,0
"July     -2024",Adilabad,Bazarhatnoor,Manjaramtanda,0,0,2,1,2,1,2,5,1,0,0,0
"July     -2024",Adilabad,Bazarhatnoor,"Mankapur (P)",1,0,2,1,2,2,2,5,0,2,0,0
"July     -2024",Adilabad,Bazarhatnoor,Mohada,1,0,1,1,1,0,0,2,0,0,0,0
"July     -2024",Adilabad,Bazarhatnoor,Morekhandi,0,0,1,0,1,2,1,3,0,1,0,0
"July     -2024",Adilabad,Bazarhatnoor,N/A,0,0,0,0,0,0,1,0,0,0,0,0
"July     -2024",Adilabad,Bazarhatnoor,"NEW ANANTHAPUR",1,0,1,1,1,0,0,0,0,0,0,0
"July     -2024",Adilabad,Bazarhatnoor,Pipri,0,0,1,0,0,2,0,7,0,0,1,0
"July     -2024",Adilabad,Bazarhatnoor,RAMNAGAR,0,0,2,2,3,0,0,1,0,0,0,0
"July     -2024",Adilabad,Bazarhatnoor,RATHANGUDA,0,0,2,1,2,0,1,2,0,1,0,0
"July     -2024",Adilabad,Bazarhatnoor,SARPANCHGUDA,1,0,1,1,1,0,0,1,0,0,0,0
"July     -2024",Adilabad,Bazarhatnoor,SHANTHINAGHAR,1,0,1,1,0,2,0,2,0,0,0,0
"July     -2024",Adilabad,Bazarhatnoor,SRIRAMNAGAR,0,0,0,0,0,0,1,0,0,0,0,0
"July     -2024",Adilabad,Bazarhatnoor,TUKANPALY,1,0,1,1,1,0,0,0,0,0,0,0
"July     -2024",Adilabad,Bazarhatnoor,Tembi,0,0,4,2,2,0,1,7,2,0,0,0
"July     -2024",Adilabad,Bazarhatnoor,UPERPALLY,0,0,0,0,0,1,0,1,0,0,0,0
"July     -2024",Adilabad,Bazarhatnoor,"Umarda (Buzurg)",0,0,0,0,0,2,0,3,0,0,0,0
"July     -2024",Adilabad,Bazarhatnoor,Warthamanoor,0,0,0,0,0,0,1,1,0,0,0,0
"July     -2024",Adilabad,Bazarhatnoor,YELLAIAHPALLY,0,0,0,0,0,0,0,1,0,0,0,0
"July     -2024",Adilabad,Bazarhatnoor,Yesapur,0,0,2,0,1,1,2,2,1,1,0,0
"July     -2024",Adilabad,Bela,Awalpur,0,0,5,2,0,0,0,4,0,0,0,0
"July     -2024",Adilabad,Bela,Bela,4,0,6,5,12,10,7,21,2,4,0,0
"July     -2024",Adilabad,Bela,Bhadi,0,0,2,0,1,1,0,5,0,1,0,0
"July     -2024",Adilabad,Bela,Bhavaniguda,0,0,2,1,1,1,1,3,1,0,0,0
"July     -2024",Adilabad,Bela,Bhavaniguda,0,0,1,0,0,0,0,4,0,1,0,0
"July     -2024",Adilabad,Bela,Bhedoda,0,0,0,0,1,0,0,3,0,0,0,0
"July     -2024",Adilabad,Bela,"Bhodod (Kopsi)",0,0,0,0,0,0,0,1,0,0,0,0
"July     -2024",Adilabad,Bela,Boregaon,0,0,2,1,1,1,0,2,1,0,0,0
"July     -2024",Adilabad,Bela,Chandpalle,0,0,2,0,1,1,0,3,0,0,0,0
"July     -2024",Adilabad,Bela,Chaprala,0,0,2,1,4,3,3,24,0,0,0,0
"July     -2024",Adilabad,Bela,Dehegaon,1,0,4,2,3,1,2,10,3,3,1,0
"July     -2024",Adilabad,Bela,Devujiguda,0,0,0,0,0,1,0,0,0,0,0,0
"July     -2024",Adilabad,Bela,Dhoptala,0,0,0,0,2,2,0,4,0,0,0,0
"July     -2024",Adilabad,Bela,Dhubhaguda,0,0,0,0,0,1,1,1,0,0,0,0
"July     -2024",Adilabad,Bela,Douna,0,0,0,0,0,1,0,4,0,0,0,0
"July     -2024",Adilabad,Bela,Dubbaguda,0,0,0,0,0,1,0,1,0,0,0,0
"July     -2024",Adilabad,Bela,Ekori,0,0,0,0,0,0,2,3,0,0,0,0
"July     -2024",Adilabad,Bela,Ganeshpur,0,0,0,0,0,0,0,3,0,0,0,0
"July     -2024",Adilabad,Bela,Gharkaguda,0,0,0,0,0,1,0,0,0,0,0,0
"July     -2024",Adilabad,Bela,Guda,0,0,0,0,0,0,2,3,0,0,0,0
"July     -2024",Adilabad,Bela,Hasnapur,0,0,1,0,0,0,2,7,1,1,0,0
"July     -2024",Adilabad,Bela,Janguguda,2,0,2,2,1,0,0,2,1,0,0,0
"July     -2024",Adilabad,Bela,Junoni,1,0,2,1,2,0,1,4,0,2,0,0
"July     -2024",Adilabad,Bela,Kamgarpur,0,0,0,0,1,0,0,1,0,0,0,0
"July     -2024",Adilabad,Bela,"Karoni (B)",0,0,0,0,1,1,0,0,0,0,0,0
"July     -2024",Adilabad,Bela,"Karoni (K)",0,0,1,0,1,0,1,1,0,1,0,0
"July     -2024",Adilabad,Bela,Khadki,0,0,0,0,0,2,0,5,0,0,0,0
"July     -2024",Adilabad,Bela,Khagdur,1,0,3,1,2,3,1,10,0,1,0,1
"July     -2024",Adilabad,Bela,Khara,0,0,1,0,0,0,1,4,0,1,0,0
"July     -2024",Adilabad,Bela,Kobhai,0,0,2,1,1,1,0,5,2,0,0,0
"July     -2024",Adilabad,Bela,Malkuguda,0,0,2,0,1,0,0,0,0,0,0,0
"July     -2024",Adilabad,Bela,Mangrool,1,0,1,1,0,1,1,2,0,0,1,0
"July     -2024",Adilabad,Bela,Manyarpur,1,0,1,1,2,1,0,4,0,0,0,0
"July     -2024",Adilabad,Bela,Maruthiguda,0,0,0,0,0,0,0,3,0,0,0,0
"July     -2024",Adilabad,Bela,"Masala (Buzurg)",0,0,4,1,2,1,1,1,1,0,0,0
"July     -2024",Adilabad,Bela,"Masala (Khurd)",0,0,0,0,0,1,1,0,1,0,0,0
"July     -2024",Adilabad,Bela,Mohabatpur,0,0,3,1,1,0,0,1,1,0,0,0
"July     -2024",Adilabad,Bela,N/A,0,0,0,0,0,0,0,1,0,0,0,0
"July     -2024",Adilabad,Bela,N/A,0,0,0,0,1,0,0,0,0,0,0,0
"July     -2024",Adilabad,Bela,Palaithanda,0,0,3,1,1,0,0,4,1,0,0,0
"July     -2024",Adilabad,Bela,Pataguda,0,0,0,0,0,0,0,2,0,0,0,0
"July     -2024",Adilabad,Bela,Patan,1,0,5,3,1,2,2,6,1,0,0,0
"July     -2024",Adilabad,Bela,Pitgaon,1,0,3,2,2,1,1,7,2,0,0,0
"July     -2024",Adilabad,Bela,Pohar,0,0,1,0,0,2,0,2,0,1,0,0
"July     -2024",Adilabad,Bela,Ponnala,0,0,0,0,0,3,1,4,0,0,0,0
"July     -2024",Adilabad,Bela,Pusamguda,0,0,0,0,0,0,0,1,0,0,0,0
"July     -2024",Adilabad,Bela,Raipur-K,0,0,0,0,0,0,0,1,0,0,0,0
"July     -2024",Adilabad,Bela,Raipur-T,0,0,0,0,0,0,0,3,0,0,0,0
"July     -2024",Adilabad,Bela,Ramkam,0,0,3,1,0,0,0,1,1,0,0,0
"July     -2024",Adilabad,Bela,Reniguda,1,0,3,2,0,0,1,1,1,0,0,0
"July     -2024",Adilabad,Bela,Sadarpur,0,0,1,0,1,2,1,7,0,1,0,0
"July     -2024",Adilabad,Bela,Salaithanda,0,0,0,0,0,0,1,0,0,0,0,0
"July     -2024",Adilabad,Bela,Sangdi,2,0,2,2,5,3,2,3,1,0,0,0
"July     -2024",Adilabad,Bela,Sangvi,1,0,1,1,2,0,1,1,2,0,0,0
"July     -2024",Adilabad,Bela,Shamshabad,1,0,1,1,1,0,0,1,1,0,0,0
"July     -2024",Adilabad,Bela,Sirsanna,4,0,6,5,8,2,2,9,5,0,0,0
"July     -2024",Adilabad,Bela,Sonkhos,1,0,3,2,0,0,0,20,0,1,0,0
"July     -2024",Adilabad,Bela,Syedpur,0,0,0,0,1,2,1,8,0,0,0,0
"July     -2024",Adilabad,Bela,Takli,0,0,0,0,0,0,1,2,1,0,0,0
"July     -2024",Adilabad,Bela,Telangraoguda,0,0,3,1,1,0,0,0,0,0,0,0
"July     -2024",Adilabad,Bela,Temriguda,0,0,0,0,0,1,0,6,0,0,0,0
"July     -2024",Adilabad,Bela,"Toyaguda (Kora)",0,0,0,0,1,0,0,0,0,0,0,0
"July     -2024",Adilabad,Bela,Vanjariguda,1,0,1,1,1,1,0,0,0,0,0,0
"July     -2024",Adilabad,Bela,Wadaguda,0,0,0,0,1,0,0,1,0,0,0,0
"July     -2024",Adilabad,Bela,Waroor-P,0,0,0,0,0,0,0,1,0,0,0,0
"July     -2024",Adilabad,Bela,Warur,0,0,0,1,0,2,0,3,1,0,0,0
"July     -2024",Adilabad,Bheempur,Ambugaon,0,0,0,0,0,0,1,2,0,0,0,0
"July     -2024",Adilabad,Bheempur,Anderband,1,0,1,2,5,2,1,7,4,0,0,0
"July     -2024",Adilabad,Bheempur,Antargaon,1,0,1,2,3,0,0,7,0,0,0,0
"July     -2024",Adilabad,Bheempur,"Arli (T)",0,0,4,2,4,4,2,17,2,0,0,0
"July     -2024",Adilabad,Bheempur,Atnamguda,0,0,2,2,4,2,0,6,2,0,0,0
"July     -2024",Adilabad,Bheempur,"Belsari Rampur",0,0,0,0,0,0,0,6,0,0,0,0
"July     -2024",Adilabad,Bheempur,Bethalguda,0,0,0,0,0,5,0,0,0,0,0,0
"July     -2024",Adilabad,Bheempur,Bhagavanpur,0,0,0,0,0,0,0,1,0,0,0,0
"July     -2024",Adilabad,Bheempur,Bheempoor,2,0,4,3,6,2,2,5,9,1,0,0
"July     -2024",Adilabad,Bheempur,Burkapalli,0,0,0,0,1,1,1,1,3,0,0,0
"July     -2024",Adilabad,Bheempur,Centersangvi,0,0,2,1,3,2,0,1,3,1,0,0
"July     -2024",Adilabad,Bheempur,Chinthapalli,1,0,1,1,0,0,0,0,1,0,0,0
"July     -2024",Adilabad,Bheempur,Dabbakuchi,0,0,0,0,0,0,0,5,0,0,0,0
"July     -2024",Adilabad,Bheempur,Dhanora,0,0,7,2,4,1,1,8,2,0,1,0
"July     -2024",Adilabad,Bheempur,Girgaon,0,0,0,1,9,4,4,5,4,0,0,0
"July     -2024",Adilabad,Bheempur,Gomutri,0,0,0,1,4,0,1,5,0,0,0,0
"July     -2024",Adilabad,Bheempur,Gona,0,0,3,2,0,0,0,3,1,0,0,0
"July     -2024",Adilabad,Bheempur,Govindpur,0,0,0,0,0,0,1,0,1,0,0,0
"July     -2024",Adilabad,Bheempur,Gubidi,0,0,0,0,1,1,0,1,1,0,0,0
"July     -2024",Adilabad,Bheempur,Gunjala,0,0,3,0,3,4,2,6,2,2,1,0
"July     -2024",Adilabad,Bheempur,Indurpalli,1,0,3,1,4,0,0,4,0,0,0,0
"July     -2024",Adilabad,Bheempur,Jelkori,0,0,1,0,0,0,0,1,0,1,0,0
"July     -2024",Adilabad,Bheempur,Kamathwada,0,0,0,0,0,0,0,3,0,0,0,0
"July     -2024",Adilabad,Bheempur,"Karanji (T)",1,0,3,2,6,1,2,10,3,0,0,0
"July     -2024",Adilabad,Bheempur,Karanwadi,0,0,0,0,0,0,0,1,0,0,0,0
"July     -2024",Adilabad,Bheempur,Khairguda,0,0,0,0,1,1,1,3,2,0,0,0
"July     -2024",Adilabad,Bheempur,Kojjanguda,1,0,1,0,1,3,1,1,1,0,0,0
"July     -2024",Adilabad,Bheempur,Mandhapalli,0,0,0,0,0,0,0,3,0,0,0,0
"July     -2024",Adilabad,Bheempur,Markaguda,0,0,0,0,1,0,1,0,2,0,0,0
"July     -2024",Adilabad,Bheempur,N/A,0,0,0,0,1,0,0,0,1,0,0,0
"July     -2024",Adilabad,Bheempur,N/A,0,0,1,0,0,0,0,1,0,1,0,0
"July     -2024",Adilabad,Bheempur,N/A,0,0,0,0,0,1,0,0,0,0,0,0
"July     -2024",Adilabad,Bheempur,Neemguda,0,0,4,2,1,0,1,1,2,0,0,0
"July     -2024",Adilabad,Bheempur,Neemguda,0,0,0,0,0,0,0,3,0,0,0,0
"July     -2024",Adilabad,Bheempur,"Palodi (Ramnagar)",0,0,1,0,0,0,1,3,0,0,1,0
"July     -2024",Adilabad,Bheempur,"Rajeev Nagar",0,0,0,0,0,0,0,1,0,0,0,0
"July     -2024",Adilabad,Bheempur,Rajgod,0,0,0,0,0,2,0,0,1,0,0,0
"July     -2024",Adilabad,Bheempur,Rajulkori,1,0,1,1,1,0,0,1,1,0,0,0
"July     -2024",Adilabad,Bheempur,Rajulwadi,0,0,2,1,0,0,0,1,0,0,0,0
"July     -2024",Adilabad,Bheempur,Reganguda,0,0,0,0,0,0,0,2,0,0,0,0
"July     -2024",Adilabad,Bheempur,T.Rampur,0,0,0,0,1,2,1,1,1,0,0,0
"July     -2024",Adilabad,Bheempur,T.Rampur,1,0,1,1,0,0,0,2,0,0,0,0
"July     -2024",Adilabad,Bheempur,Vamannagar,0,0,0,0,0,0,0,1,0,0,0,0
"July     -2024",Adilabad,Bheempur,Wadagoan,0,0,0,0,1,1,0,0,1,0,0,0
"July     -2024",Adilabad,Bheempur,Wadoor,1,0,2,3,7,1,0,6,2,0,0,0
"July     -2024",Adilabad,Boath,Andur,0,0,2,1,1,3,0,3,1,1,0,0
"July     -2024",Adilabad,Boath,BABERATHANDA,2,0,4,3,2,0,3,8,1,0,0,0
"July     -2024",Adilabad,Boath,Babera,0,0,2,0,1,0,2,2,0,2,0,0
"July     -2024",Adilabad,Boath,Beerlagondi,1,0,1,1,1,0,0,0,0,0,0,0
"July     -2024",Adilabad,Boath,"Boath (Buzurg)",5,0,13,9,11,9,10,64,4,6,1,0
"July     -2024",Adilabad,Boath,"Boath (Khurd)",2,0,4,3,1,7,3,12,3,2,1,0
"July     -2024",Adilabad,Boath,CHINTHAGUDHA,0,0,1,0,2,0,1,4,0,1,0,0
"July     -2024",Adilabad,Boath,Chintalabori,0,0,2,1,2,4,1,7,1,1,0,0
"July     -2024",Adilabad,Boath,DEVANNAPALLY,0,0,0,0,2,0,0,0,0,0,0,0
"July     -2024",Adilabad,Boath,DEVULNAIKTHANDA,1,0,1,1,1,0,0,0,0,0,0,0
"July     -2024",Adilabad,Boath,Demmi,0,0,0,0,0,1,1,1,0,0,0,0
"July     -2024",Adilabad,Boath,"Dhannur (Buzurg)",1,0,3,2,9,3,4,15,0,3,0,0
"July     -2024",Adilabad,Boath,"Dhanur -K",0,0,0,0,1,0,0,0,0,0,0,0
"July     -2024",Adilabad,Boath,GURALATHANDA,0,0,2,1,1,1,1,11,2,1,0,0
"July     -2024",Adilabad,Boath,GURUDEVNAGAR,0,0,0,0,1,0,0,1,0,0,0,0
"July     -2024",Adilabad,Boath,GUTAPAKATHANDA,0,0,2,0,1,1,3,11,0,2,0,0
"July     -2024",Adilabad,Boath,Ghanpur,4,0,4,3,4,1,1,5,2,1,0,0
"July     -2024",Adilabad,Boath,Gollapur,0,0,0,0,2,0,0,1,0,0,0,0
"July     -2024",Adilabad,Boath,JEEDIPALY,0,0,0,0,1,0,1,1,0,0,0,0
"July     -2024",Adilabad,Boath,KESHAVGUDA,0,0,0,0,0,0,0,3,0,0,0,0
"July     -2024",Adilabad,Boath,Kandipally,2,0,4,2,2,0,1,3,1,0,0,0
"July     -2024",Adilabad,Boath,Kangutta,0,0,2,4,4,1,2,12,2,0,1,0
"July     -2024",Adilabad,Boath,Kantegaon,0,0,0,0,1,0,1,8,0,0,0,0
"July     -2024",Adilabad,Boath,Karathwada,0,0,0,0,1,1,0,1,0,0,0,0
"July     -2024",Adilabad,Boath,"Kota (Khurd)",0,0,2,1,1,1,2,7,1,0,1,0
"July     -2024",Adilabad,Boath,"Kowtha (Buzurg)",2,0,4,3,1,4,3,14,1,1,1,0
"July     -2024",Adilabad,Boath,Kuchalapur,1,0,1,1,3,1,0,6,0,0,0,0
"July     -2024",Adilabad,Boath,Kuchiryala,1,0,1,1,1,0,0,1,1,0,0,0
"July     -2024",Adilabad,Boath,LAXMIPOUR,1,0,1,1,1,0,0,0,1,0,0,0
"July     -2024",Adilabad,Boath,"LENDI GUDA",0,0,0,0,0,0,0,2,0,0,0,0
"July     -2024",Adilabad,Boath,MAHADUGUDA,0,0,0,0,1,0,0,6,0,0,0,0
"July     -2024",Adilabad,Boath,MANDABOGUDA,0,0,1,0,2,1,0,5,1,1,0,0
"July     -2024",Adilabad,Boath,Marlapalle,0,0,2,1,0,2,1,6,1,0,0,0
"July     -2024",Adilabad,Boath,N/A,0,0,0,0,0,0,0,1,0,0,0,0
"July     -2024",Adilabad,Boath,N/A,0,0,0,0,0,0,1,0,0,0,0,0
"July     -2024",Adilabad,Boath,"NAGU GUDA",0,0,0,0,0,1,0,0,0,0,0,0
"July     -2024",Adilabad,Boath,NAGUGUDA,0,0,0,0,0,0,0,1,0,0,0,0
"July     -2024",Adilabad,Boath,NEERADIPALLY,0,0,1,0,0,0,0,1,0,1,0,0
"July     -2024",Adilabad,Boath,Nagapur,0,0,2,1,1,0,1,5,0,0,0,0
"July     -2024",Adilabad,Boath,Nakkalawada,0,0,2,1,2,0,0,5,1,0,0,0
"July     -2024",Adilabad,Boath,Narayanpur,0,0,0,0,0,0,0,1,0,0,0,0
"July     -2024",Adilabad,Boath,Nigini,0,0,0,0,2,0,3,9,0,0,0,0
"July     -2024",Adilabad,Boath,PEDDAGUDA,0,0,0,0,0,0,0,2,0,0,0,0
"July     -2024",Adilabad,Boath,"POOL SINGH THANDA",0,0,0,0,1,0,0,2,0,0,0,0
"July     -2024",Adilabad,Boath,PUNYANAIKTHANDA,2,0,2,1,5,0,0,4,2,1,0,0
"July     -2024",Adilabad,Boath,"Pardi (Buzurg)",0,0,0,0,2,0,0,1,0,0,0,0
"July     -2024",Adilabad,Boath,"Pardi (Khurd)",0,0,1,0,1,0,0,7,1,0,0,0
"July     -2024",Adilabad,Boath,Patnapur,1,0,1,0,1,1,0,7,2,0,0,0
"July     -2024",Adilabad,Boath,Patnapur,1,0,1,1,1,0,0,0,1,0,0,0
"July     -2024",Adilabad,Boath,Pippaladhari,0,0,0,0,0,3,0,3,0,0,0,0
"July     -2024",Adilabad,Boath,Pochera,1,0,1,4,9,2,1,14,1,1,0,0
"July     -2024",Adilabad,Boath,RAAMNAGAR,0,0,0,0,1,0,1,1,0,0,0,0
"July     -2024",Adilabad,Boath,RENDLAPALLY,0,0,3,0,2,1,0,1,0,0,0,0
"July     -2024",Adilabad,Boath,Ragunathpur,1,0,2,1,2,0,2,3,2,2,0,0
"July     -2024",Adilabad,Boath,SAINAGAR,0,0,6,4,3,5,1,8,4,0,0,0
"July     -2024",Adilabad,Boath,"SAMPATHNAIK THANDA",0,0,3,1,1,1,0,2,1,0,1,0
"July     -2024",Adilabad,Boath,"SURYA NAGAR",0,0,2,1,0,0,1,4,0,0,0,0
"July     -2024",Adilabad,Boath,Sakhera,0,0,2,1,0,4,1,6,0,0,0,0
"July     -2024",Adilabad,Boath,Sonala,5,0,12,8,7,6,7,21,6,2,0,0
"July     -2024",Adilabad,Boath,Tewiti,1,0,1,1,1,0,0,2,1,1,0,0
"July     -2024",Adilabad,Boath,Wajar,0,0,0,0,3,1,2,6,0,0,0,0
"July     -2024",Adilabad,Gadiguda,Ademeyon,1,0,1,0,1,1,1,20,1,0,0,0
"July     -2024",Adilabad,Gadiguda,Anduguda,0,0,0,0,0,0,0,2,0,0,0,0
"July     -2024",Adilabad,Gadiguda,Anduguda,0,0,1,0,0,0,2,2,0,1,0,0
"July     -2024",Adilabad,Gadiguda,"Arjuni -G",0,0,0,0,0,0,0,1,0,0,0,0
"July     -2024",Adilabad,Gadiguda,Arjuni-K,0,0,1,0,0,0,0,1,0,1,0,0
"July     -2024",Adilabad,Gadiguda,Bharikraoguda,1,0,3,2,0,1,0,4,2,0,0,0
"July     -2024",Adilabad,Gadiguda,Bheemjiguda,0,0,1,0,0,0,0,2,0,0,0,0
"July     -2024",Adilabad,Gadiguda,Bojjuguda,1,0,3,2,3,2,0,2,0,0,0,0
"July     -2024",Adilabad,Gadiguda,Boppapur,0,0,0,0,0,0,1,3,0,0,0,0
"July     -2024",Adilabad,Gadiguda,Chithaguda,0,0,1,0,0,2,1,2,0,1,0,0
"July     -2024",Adilabad,Gadiguda,Chittaguda,0,0,0,0,0,0,0,1,0,0,0,0
"July     -2024",Adilabad,Gadiguda,"Dhaba  (K)",0,0,0,0,3,4,1,4,0,0,0,0
"July     -2024",Adilabad,Gadiguda,"Dhaba (Buzurg)",2,0,2,2,6,3,1,9,0,2,0,0
"July     -2024",Adilabad,Gadiguda,Dharmuguda,0,0,0,0,0,2,1,3,0,0,0,0
"July     -2024",Adilabad,Gadiguda,"Dongargaon -BT",0,0,0,0,0,1,0,0,0,0,0,0
"July     -2024",Adilabad,Gadiguda,"Dongargaon -G",0,0,0,0,0,0,0,2,0,0,0,0
"July     -2024",Adilabad,Gadiguda,Gadiguda,0,0,2,1,3,3,1,5,1,0,0,0
"July     -2024",Adilabad,Gadiguda,Godruguda,0,0,2,0,1,0,0,7,0,2,0,0
"July     -2024",Adilabad,Gadiguda,Gouri,0,0,0,0,1,0,0,1,0,0,0,0
"July     -2024",Adilabad,Gadiguda,Heerapur,0,0,0,0,2,0,0,6,0,0,0,0
"July     -2024",Adilabad,Gadiguda,Jhari,0,0,0,0,2,2,0,2,0,0,0,0
"July     -2024",Adilabad,Gadiguda,Kadodi,0,0,0,0,0,2,0,3,0,0,0,0
"July     -2024",Adilabad,Gadiguda,Kattaguda,0,0,2,0,2,2,0,1,0,0,0,0
"July     -2024",Adilabad,Gadiguda,Khadiki-G,0,0,0,0,1,0,0,0,0,0,0,0
"July     -2024",Adilabad,Gadiguda,Khadiki-k,0,0,0,0,0,0,0,4,0,0,0,0
"July     -2024",Adilabad,Gadiguda,Khairdatwa,0,0,2,1,1,1,0,2,1,0,0,0
"July     -2024",Adilabad,Gadiguda,Khandow,0,0,0,0,0,1,0,3,0,0,0,0
"July     -2024",Adilabad,Gadiguda,Khandow-G,0,0,2,1,0,0,1,4,0,1,0,0
"July     -2024",Adilabad,Gadiguda,Kolama,0,0,0,0,0,0,1,6,0,0,0,0
"July     -2024",Adilabad,Gadiguda,Kolama-G,0,0,0,0,0,1,1,3,0,0,0,0
"July     -2024",Adilabad,Gadiguda,Kolama-SC,0,0,2,1,0,1,0,5,0,0,0,0
"July     -2024",Adilabad,Gadiguda,"Kothapalle (G)",0,0,1,1,1,3,1,3,0,0,0,0
"July     -2024",Adilabad,Gadiguda,"Kothapally Sc",1,0,3,1,1,1,2,1,0,0,0,0
"July     -2024",Adilabad,Gadiguda,"Kundi -M",0,0,2,1,1,1,0,3,1,0,0,0
"July     -2024",Adilabad,Gadiguda,Kundi-K,0,0,0,0,0,0,0,1,0,0,0,0
"July     -2024",Adilabad,Gadiguda,Kundi-S,1,0,1,1,1,0,0,5,1,1,0,0
"July     -2024",Adilabad,Gadiguda,Kunikasa,0,0,0,0,0,1,2,0,0,0,0,0
"July     -2024",Adilabad,Gadiguda,Kunikasa-SC,0,0,1,0,0,0,0,3,0,1,0,0
"July     -2024",Adilabad,Gadiguda,Loddiguda,0,0,1,0,3,2,2,2,0,1,0,0
"July     -2024",Adilabad,Gadiguda,"Lokari  (B)",0,0,5,3,2,1,2,8,0,2,0,0
"July     -2024",Adilabad,Gadiguda,"Lokari  (K)",1,0,5,3,3,3,2,1,2,0,0,0
"July     -2024",Adilabad,Gadiguda,Malangi,0,0,0,0,0,1,0,4,0,0,0,0
"July     -2024",Adilabad,Gadiguda,Malangi-G,0,0,0,0,0,0,0,1,0,0,0,0
"July     -2024",Adilabad,Gadiguda,Malangi-SC,1,0,1,1,1,0,0,0,0,0,0,0
"July     -2024",Adilabad,Gadiguda,Malepur,0,0,7,3,1,0,0,0,3,0,0,0
"July     -2024",Adilabad,Gadiguda,Maregaon,0,0,1,0,0,1,0,7,0,1,0,0
"July     -2024",Adilabad,Gadiguda,Maregoan-SC,0,0,0,0,0,0,0,2,0,0,0,0
"July     -2024",Adilabad,Gadiguda,Maruguda,0,0,0,0,0,1,1,0,0,0,0,0
"July     -2024",Adilabad,Gadiguda,Mathurathanda,0,0,1,0,0,0,1,4,0,1,0,0
"July     -2024",Adilabad,Gadiguda,Mediguda,1,0,3,2,3,4,0,9,0,0,0,0
"July     -2024",Adilabad,Gadiguda,Muthyambatti,0,0,1,0,0,2,0,5,0,1,0,0
"July     -2024",Adilabad,Gadiguda,Naddamguda,0,0,0,0,0,0,0,2,0,0,0,0
"July     -2024",Adilabad,Gadiguda,"Paraswada (K)",1,0,1,1,4,5,0,4,0,1,0,1
"July     -2024",Adilabad,Gadiguda,"Parswada (B)",0,0,2,1,1,1,0,6,1,0,0,0
"July     -2024",Adilabad,Gadiguda,Pipri-G,0,0,0,0,1,1,0,5,0,0,0,0
"July     -2024",Adilabad,Gadiguda,Pipri-K,1,0,1,1,1,0,0,0,0,0,0,0
"July     -2024",Adilabad,Gadiguda,Pownur,1,0,3,1,4,1,0,4,0,0,0,0
"July     -2024",Adilabad,Gadiguda,Punaguda,0,0,1,0,0,0,0,1,0,1,0,0
"July     -2024",Adilabad,Gadiguda,Punaguda,0,0,3,1,0,1,1,0,0,0,0,0
"July     -2024",Adilabad,Gadiguda,Rajulguda,1,0,1,1,0,0,0,0,0,0,0,0
"July     -2024",Adilabad,Gadiguda,Rampur,0,0,0,0,0,2,0,3,0,0,0,0
"July     -2024",Adilabad,Gadiguda,Ramuguda,1,0,1,1,1,0,0,0,0,0,0,0
"July     -2024",Adilabad,Gadiguda,Rupapur,0,0,4,2,2,3,0,1,0,0,0,0
"July     -2024",Adilabad,Gadiguda,"Rupapur SC",0,0,0,0,0,1,0,2,0,0,0,0
"July     -2024",Adilabad,Gadiguda,Sangvi,0,0,0,0,0,2,0,4,0,0,0,0
"July     -2024",Adilabad,Gadiguda,Saruguda,1,0,1,1,1,1,0,2,0,0,0,0
"July     -2024",Adilabad,Gadiguda,Sawari,0,0,0,0,0,7,2,5,0,0,0,0
"July     -2024",Adilabad,Gadiguda,Sedwai,1,0,1,1,1,1,0,2,1,0,0,0
"July     -2024",Adilabad,Gadiguda,Shivnara,0,0,1,0,0,0,0,1,0,1,0,0
"July     -2024",Adilabad,Gadiguda,Sungapoor-G,0,0,0,0,0,3,0,3,0,0,0,0
"July     -2024",Adilabad,Gadiguda,Sungapoor-T,0,0,4,2,2,1,1,3,0,1,0,0
"July     -2024",Adilabad,Gadiguda,Thoyaguda,0,0,0,0,0,0,1,5,0,0,0,0
"July     -2024",Adilabad,Gadiguda,Umri,0,0,2,1,1,1,0,4,0,0,0,0
"July     -2024",Adilabad,Gadiguda,Warkwai,1,0,1,1,1,1,0,2,0,0,0,0
"July     -2024",Adilabad,Gudihatnoor,"Ambedkar colony",2,0,2,2,1,0,0,5,0,0,0,0
"July     -2024",Adilabad,Gudihatnoor,Bheempur,0,0,1,0,0,1,1,1,0,1,0,0
"July     -2024",Adilabad,Gudihatnoor,Borramaddi,0,0,0,0,1,2,0,1,1,0,0,0
"July     -2024",Adilabad,Gudihatnoor,Cherkuvai,0,0,0,0,0,0,2,0,0,0,0,0
"July     -2024",Adilabad,Gudihatnoor,"Chinna mannur",0,0,1,0,0,0,1,3,0,0,0,0
"July     -2024",Adilabad,Gudihatnoor,"Chinthaguda ABC",0,0,0,0,0,1,0,0,0,0,0,0
"July     -2024",Adilabad,Gudihatnoor,Dajithanda,0,0,1,0,1,0,0,3,0,1,0,0
"July     -2024",Adilabad,Gudihatnoor,Dhamanguda,0,0,0,0,0,0,1,1,0,0,0,0
"July     -2024",Adilabad,Gudihatnoor,Dhampur,0,0,1,0,0,0,0,2,0,1,0,0
"July     -2024",Adilabad,Gudihatnoor,Dongargaon,0,0,1,0,2,1,1,9,0,0,1,0
"July     -2024",Adilabad,Gudihatnoor,"GP Area",1,0,5,3,1,0,0,8,0,0,1,0
"July     -2024",Adilabad,Gudihatnoor,"Gharkampet A,B ",0,0,2,1,2,0,0,2,0,0,0,0
"July     -2024",Adilabad,Gudihatnoor,Gondharkapur,0,0,0,0,0,0,0,5,0,0,0,0
"July     -2024",Adilabad,Gudihatnoor,Guruj,0,0,1,0,0,1,2,6,0,0,1,0
"July     -2024",Adilabad,Gudihatnoor,Inkarguda,0,0,2,0,0,1,2,5,0,2,0,0
"July     -2024",Adilabad,Gudihatnoor,Inkarguda,1,0,1,1,1,0,0,2,1,0,0,0
"July     -2024",Adilabad,Gudihatnoor,Isruguda,0,0,0,0,0,0,0,1,0,0,0,0
"July     -2024",Adilabad,Gudihatnoor,Jawaharnagar,1,0,2,1,0,3,0,13,1,2,0,0
"July     -2024",Adilabad,Gudihatnoor,Kamalapur,0,0,2,1,2,2,0,8,0,0,0,0
"July     -2024",Adilabad,Gudihatnoor,Kodduguda,1,0,1,1,0,0,0,2,0,0,0,0
"July     -2024",Adilabad,Gudihatnoor,Kolhari,3,0,8,6,7,8,2,23,1,2,0,0
"July     -2024",Adilabad,Gudihatnoor,Lingapur,0,0,4,3,5,3,2,11,2,0,0,0
"July     -2024",Adilabad,Gudihatnoor,Machapur,0,0,2,0,0,1,2,9,0,2,0,0
"July     -2024",Adilabad,Gudihatnoor,Malkapur,0,0,0,0,0,0,0,4,0,0,0,0
"July     -2024",Adilabad,Gudihatnoor,"Mamidiguda, Goduruguda ",0,0,0,0,0,0,0,1,0,0,0,0
"July     -2024",Adilabad,Gudihatnoor,Mankapur,1,0,1,1,6,3,2,7,0,0,0,0
"July     -2024",Adilabad,Gudihatnoor,Mankuguda,0,0,0,0,3,1,0,3,0,0,0,0
"July     -2024",Adilabad,Gudihatnoor,Mannur,0,0,5,1,1,1,3,19,0,0,2,0
"July     -2024",Adilabad,Gudihatnoor,Muthnur,0,0,2,1,4,0,0,6,0,1,0,0
"July     -2024",Adilabad,Gudihatnoor,Neradigonda,2,0,2,2,2,0,3,3,2,0,0,0
"July     -2024",Adilabad,Gudihatnoor,"New Colony",1,0,1,1,2,5,1,13,2,0,1,0
"July     -2024",Adilabad,Gudihatnoor,Ragapur,0,0,1,0,0,0,0,1,0,1,0,0
"July     -2024",Adilabad,Gudihatnoor,"SC Colony",4,0,4,4,4,3,1,17,1,2,0,0
"July     -2024",Adilabad,Gudihatnoor,Sainagar,0,0,0,0,0,1,0,4,0,0,0,0
"July     -2024",Adilabad,Gudihatnoor,Sambuguda,0,0,0,0,0,1,1,7,0,0,0,0
"July     -2024",Adilabad,Gudihatnoor,Seetagondi,3,0,3,2,5,0,1,5,1,0,0,0
"July     -2024",Adilabad,Gudihatnoor,Seetharamguda,0,0,0,0,0,1,0,0,0,0,0,0
"July     -2024",Adilabad,Gudihatnoor,Shamlalthanda,1,0,1,1,1,0,0,2,0,0,0,0
"July     -2024",Adilabad,Gudihatnoor,Shantapur,0,0,4,1,2,1,3,17,1,2,2,0
"July     -2024",Adilabad,Gudihatnoor,"Somarpet A,B ",0,0,0,0,0,1,0,2,0,0,0,0
"July     -2024",Adilabad,Gudihatnoor,Soyamguda,0,0,2,1,1,0,1,2,1,0,0,0
"July     -2024",Adilabad,Gudihatnoor,Suryaguda,0,0,1,0,1,0,2,2,2,1,0,0
"July     -2024",Adilabad,Gudihatnoor,Takiguda,0,0,0,0,1,1,1,4,0,0,0,0
"July     -2024",Adilabad,Gudihatnoor,Telangraoguda,0,0,0,0,0,1,0,2,0,0,0,0
"July     -2024",Adilabad,Gudihatnoor,Thoyaguda,0,0,0,0,1,1,0,1,0,0,0,0
"July     -2024",Adilabad,Gudihatnoor,Tosham,0,0,3,2,1,3,0,11,1,2,0,0
"July     -2024",Adilabad,Gudihatnoor,"Tosham thanda",1,0,1,1,0,3,0,6,0,0,0,0
"July     -2024",Adilabad,Gudihatnoor,"Umri (B)",0,0,0,0,1,4,0,6,0,0,0,0
"July     -2024",Adilabad,Gudihatnoor,Vaijapur,0,0,4,2,3,1,0,5,0,0,0,0
"July     -2024",Adilabad,Gudihatnoor,"Wadder colony",1,0,4,2,0,1,1,7,1,3,1,0
"July     -2024",Adilabad,Gudihatnoor,"X Road",1,0,1,1,1,0,2,2,0,0,0,0
"July     -2024",Adilabad,Ichoda,"ADEGAMA SC CLONY",1,0,1,1,1,3,0,7,0,0,0,0
"July     -2024",Adilabad,Ichoda,"Adegaon (Buzurg)",1,0,1,2,3,4,2,7,1,0,0,0
"July     -2024",Adilabad,Ichoda,"Adegaon (Khurd)",1,0,2,1,1,6,3,8,1,0,0,0
"July     -2024",Adilabad,Ichoda,BADIGUDA,0,0,1,0,0,0,0,1,0,1,0,0
"July     -2024",Adilabad,Ichoda,BAGHAYANAGAR,2,0,2,2,3,1,1,7,0,0,0,0
"July     -2024",Adilabad,Ichoda,BHIMGUTTA,1,0,1,1,1,0,0,0,0,0,0,0
"July     -2024",Adilabad,Ichoda,Babjepet,1,0,1,1,1,1,0,3,2,0,0,0
"July     -2024",Adilabad,Ichoda,Boregaon,0,0,4,0,3,1,0,9,0,2,2,0
"July     -2024",Adilabad,Ichoda,CHINAGODUMALA,0,0,0,0,0,0,0,2,0,0,0,0
"July     -2024",Adilabad,Ichoda,Chincholi,0,0,1,1,1,0,4,6,0,1,0,0
"July     -2024",Adilabad,Ichoda,"Chinna salyada",0,0,0,0,0,0,0,2,0,0,0,0
"July     -2024",Adilabad,Ichoda,"D N THANDA",1,0,1,1,1,2,1,2,1,0,0,0
"July     -2024",Adilabad,Ichoda,DUBARPET,0,0,0,0,0,0,1,6,0,0,0,0
"July     -2024",Adilabad,Ichoda,Dhaba-K,1,0,1,1,1,0,0,6,0,1,0,0
