datadate,districtname,mandalname,villagename,pwregcnt,pwtrkcnt,delcnt,anc1cnt,anc2cnt,anc3cnt,anc4cnt,chimzcnt,highriskcnt,govtdelcnt,pvtdelcnt,kitscnt
"August   -2024",Adilabad,"Adilabad Rural",Addagutta,0,0,1,0,0,1,1,3,1,1,0,0
"August   -2024",Adilabad,"Adilabad Rural",Allikori,0,0,2,0,0,0,2,3,1,2,0,0
"August   -2024",Adilabad,"Adilabad Rural",Ankapoor,1,0,2,1,1,1,2,2,3,2,0,0
"August   -2024",Adilabad,"Adilabad Rural",Ankoli,1,0,1,1,1,3,2,9,7,0,0,0
"August   -2024",Adilabad,"Adilabad Rural",Anukunta,0,0,0,0,0,2,0,6,0,0,0,0
"August   -2024",Adilabad,"Adilabad Rural","Arli (Buzurg)",0,0,4,2,0,2,2,5,4,1,1,0
"August   -2024",Adilabad,"Adilabad Rural",Asodabhurki,0,0,2,1,1,1,0,0,0,0,0,0
"August   -2024",Adilabad,"Adilabad Rural",Bangariguda,0,0,20,8,7,11,2,25,11,2,0,0
"August   -2024",Adilabad,"Adilabad Rural",Belluri,0,0,0,0,1,0,0,2,1,0,0,0
"August   -2024",Adilabad,"Adilabad Rural",Bheemseri,1,0,3,3,1,3,3,24,1,3,0,0
"August   -2024",Adilabad,"Adilabad Rural",Boppapur,0,0,0,0,1,0,0,2,0,0,0,0
"August   -2024",Adilabad,"Adilabad Rural",Borenur,1,0,3,2,2,2,0,5,2,0,0,0
"August   -2024",Adilabad,"Adilabad Rural",Burki,0,0,0,0,0,1,0,1,0,0,0,0
"August   -2024",Adilabad,"Adilabad Rural",Chanda,3,0,3,3,5,4,5,21,2,2,1,0
"August   -2024",Adilabad,"Adilabad Rural",Chichadhari,0,0,0,0,0,0,1,3,1,0,0,0
"August   -2024",Adilabad,"Adilabad Rural",Chilatiguda,0,0,0,0,0,0,1,1,0,0,0,0
"August   -2024",Adilabad,"Adilabad Rural",Chithaguda,0,0,0,0,0,0,0,1,0,0,0,0
"August   -2024",Adilabad,"Adilabad Rural",Chityalbori,1,0,1,1,0,0,0,1,0,0,0,0
"August   -2024",Adilabad,"Adilabad Rural",Darloddi,0,0,0,0,0,0,0,5,0,0,0,0
"August   -2024",Adilabad,"Adilabad Rural",Darloddi,1,0,1,1,1,0,0,1,1,1,0,0
"August   -2024",Adilabad,"Adilabad Rural",Dhaiguda,0,0,0,0,0,0,2,1,1,0,0,0
"August   -2024",Adilabad,"Adilabad Rural",Dimma,0,0,1,0,0,0,0,2,0,0,1,0
"August   -2024",Adilabad,"Adilabad Rural",Hathigutta,0,0,2,1,2,4,0,9,4,1,0,0
"August   -2024",Adilabad,"Adilabad Rural",Jamdapur,1,0,5,3,2,0,2,5,5,0,0,0
"August   -2024",Adilabad,"Adilabad Rural",Jamuldhari,0,0,0,0,0,1,0,2,1,0,0,0
"August   -2024",Adilabad,"Adilabad Rural",Kachkanti,0,0,0,1,2,0,0,4,2,0,0,0
"August   -2024",Adilabad,"Adilabad Rural",Khanapoor,2,0,4,3,5,1,0,6,4,1,0,0
"August   -2024",Adilabad,"Adilabad Rural",Khandala,0,0,0,0,0,2,0,2,0,0,0,0
"August   -2024",Adilabad,"Adilabad Rural",Kolamguda,1,0,2,2,1,0,0,1,1,0,0,0
"August   -2024",Adilabad,"Adilabad Rural",Kothaguda,0,0,0,0,0,0,0,4,0,0,0,0
"August   -2024",Adilabad,"Adilabad Rural","Kottur (Nevegaon)",2,0,2,2,0,0,0,0,2,0,0,0
"August   -2024",Adilabad,"Adilabad Rural",Kumbhajheri,0,0,0,0,0,1,1,1,1,0,0,0
"August   -2024",Adilabad,"Adilabad Rural",Landasangvi,2,0,4,3,2,1,2,9,4,1,0,0
"August   -2024",Adilabad,"Adilabad Rural",Linguguda,1,0,1,1,1,0,0,5,0,0,0,0
"August   -2024",Adilabad,"Adilabad Rural",Lohara,0,0,1,0,0,2,0,4,0,1,0,0
"August   -2024",Adilabad,"Adilabad Rural",Lokari,1,0,1,1,1,1,3,3,4,0,0,0
"August   -2024",Adilabad,"Adilabad Rural",Mamdiguda,0,0,4,2,1,1,1,9,5,1,0,0
"August   -2024",Adilabad,"Adilabad Rural",Mamidikori,0,0,0,0,2,0,1,1,0,0,0,0
"August   -2024",Adilabad,"Adilabad Rural",Maregaon,1,0,3,2,2,0,0,1,2,0,0,0
"August   -2024",Adilabad,"Adilabad Rural",Mathadiguda,0,0,0,0,0,0,0,1,0,0,0,0
"August   -2024",Adilabad,"Adilabad Rural",Molalgutta,0,0,0,0,0,1,0,0,0,0,0,0
"August   -2024",Adilabad,"Adilabad Rural",N/A,0,0,1,0,0,0,0,1,0,0,1,0
"August   -2024",Adilabad,"Adilabad Rural",N/A,0,0,0,0,0,0,1,0,1,0,0,0
"August   -2024",Adilabad,"Adilabad Rural",N/A,0,0,0,0,0,0,0,2,0,0,0,0
"August   -2024",Adilabad,"Adilabad Rural","New H.B.Colony-1",0,0,2,0,0,2,3,9,0,2,0,0
"August   -2024",Adilabad,"Adilabad Rural","New H.B.Colony-2",0,0,2,1,1,3,4,4,1,0,1,0
"August   -2024",Adilabad,"Adilabad Rural",Pippaldhari,0,0,0,0,1,2,0,3,0,0,0,0
"August   -2024",Adilabad,"Adilabad Rural",Pochara,0,0,1,0,0,3,0,9,0,1,0,0
"August   -2024",Adilabad,"Adilabad Rural",Potaguda,0,0,1,0,0,0,0,2,0,1,0,0
"August   -2024",Adilabad,"Adilabad Rural",Pottamloddi,0,0,1,0,0,0,0,4,0,1,0,0
"August   -2024",Adilabad,"Adilabad Rural",Punaguda,0,0,0,0,0,0,0,1,0,0,0,0
"August   -2024",Adilabad,"Adilabad Rural",Rajuguda,0,0,0,0,0,0,1,0,0,0,0,0
"August   -2024",Adilabad,"Adilabad Rural",Ramai,0,0,0,0,0,2,0,6,2,0,0,0
"August   -2024",Adilabad,"Adilabad Rural",Ramnagar,5,0,9,8,5,7,11,36,4,1,0,0
"August   -2024",Adilabad,"Adilabad Rural","Rampoor (Royati)",0,0,1,0,0,0,0,5,0,1,0,0
"August   -2024",Adilabad,"Adilabad Rural","Rampoor (Royati)",3,0,3,2,1,2,3,7,1,1,0,0
"August   -2024",Adilabad,"Adilabad Rural",Salaiguda,0,0,0,0,0,0,0,4,0,0,0,0
"August   -2024",Adilabad,"Adilabad Rural",Salpalguda,0,0,0,0,0,1,1,1,1,0,0,0
"August   -2024",Adilabad,"Adilabad Rural",Shivghat,0,0,0,0,1,0,0,0,0,0,0,0
"August   -2024",Adilabad,"Adilabad Rural",Sirikonda,0,0,2,1,0,0,0,1,1,1,0,0
"August   -2024",Adilabad,"Adilabad Rural","Teachers Colony",3,0,6,5,3,4,10,26,2,1,5,0
"August   -2024",Adilabad,"Adilabad Rural",Tippa,0,0,1,0,0,1,1,2,1,1,0,0
"August   -2024",Adilabad,"Adilabad Rural",Tontoli,2,0,4,3,3,1,1,5,4,0,1,0
"August   -2024",Adilabad,"Adilabad Rural",Wanwat,0,0,0,0,0,0,0,6,0,0,0,0
"August   -2024",Adilabad,"Adilabad Rural",Yapalguda,1,0,2,1,0,3,4,13,2,2,0,0
"August   -2024",Adilabad,"Adilabad Rural",Yeshwanthguda,0,0,0,0,0,0,0,1,0,0,0,0
"August   -2024",Adilabad,"Adilabad Urban",Abdullachowk,1,0,3,1,1,2,2,7,0,2,1,0
"August   -2024",Adilabad,"Adilabad Urban",Ambedkarnagar,0,0,5,1,5,6,0,24,4,2,2,0
"August   -2024",Adilabad,"Adilabad Urban","Badka Mahila",2,0,6,4,4,8,5,8,7,0,0,0
"August   -2024",Adilabad,"Adilabad Urban",Bhagyanagar,1,0,3,2,4,4,1,7,1,1,0,0
"August   -2024",Adilabad,"Adilabad Urban",Bokkalguda,3,0,8,5,4,12,6,9,3,1,2,0
"August   -2024",Adilabad,"Adilabad Urban","Chilkuri Laxmi Nagar  2",4,0,6,5,6,3,2,14,5,2,0,0
"August   -2024",Adilabad,"Adilabad Urban","Chilkuri Laxmi Nagar 1",0,0,3,2,4,2,7,15,5,1,0,0
"August   -2024",Adilabad,"Adilabad Urban",Chincharwada,0,0,2,0,0,0,0,8,0,1,0,0
"August   -2024",Adilabad,"Adilabad Urban","Collage Colony",1,0,1,1,1,1,3,8,1,1,0,0
"August   -2024",Adilabad,"Adilabad Urban",Dhangarmaila,1,0,11,5,7,1,2,15,5,0,2,0
"August   -2024",Adilabad,"Adilabad Urban","Dwaraka Nagar",1,0,3,2,3,4,3,2,2,0,0,0
"August   -2024",Adilabad,"Adilabad Urban",Filterbed,0,0,4,3,6,0,1,5,2,0,1,0
"August   -2024",Adilabad,"Adilabad Urban",GDC,1,0,1,0,2,1,1,4,2,0,0,0
"August   -2024",Adilabad,"Adilabad Urban","Gadiyal Ghar",0,0,0,0,2,1,3,7,1,0,0,0
"August   -2024",Adilabad,"Adilabad Urban","Gandhi Nagar",2,0,2,3,9,6,4,14,4,1,0,0
"August   -2024",Adilabad,"Adilabad Urban","Girls High School",3,0,3,3,5,4,5,14,11,0,0,0
"August   -2024",Adilabad,"Adilabad Urban",Hamaliwada,1,0,5,3,1,2,2,10,3,1,0,0
"August   -2024",Adilabad,"Adilabad Urban",Indrammacolony,2,0,4,3,5,3,3,12,10,0,0,0
"August   -2024",Adilabad,"Adilabad Urban",Indrangar,2,0,4,3,2,3,2,15,1,4,0,0
"August   -2024",Adilabad,"Adilabad Urban",Jaijavannagar,0,0,2,1,3,5,1,8,2,2,0,0
"August   -2024",Adilabad,"Adilabad Urban","KV nagar",5,0,7,5,4,8,5,15,3,1,0,0
"August   -2024",Adilabad,"Adilabad Urban",Khanapur,0,0,8,4,4,7,3,15,5,1,2,0
"August   -2024",Adilabad,"Adilabad Urban",Khanapur,1,0,5,3,7,4,5,10,3,2,1,0
"August   -2024",Adilabad,"Adilabad Urban",Kolipura,1,0,10,4,5,4,4,20,4,3,0,0
"August   -2024",Adilabad,"Adilabad Urban",Kranthinagar,2,0,8,6,7,12,12,19,3,2,1,0
"August   -2024",Adilabad,"Adilabad Urban",Kumarpet,0,0,0,0,1,2,1,4,0,0,0,0
"August   -2024",Adilabad,"Adilabad Urban","Kursheed Nagar",3,0,5,4,7,5,3,29,4,0,0,0
"August   -2024",Adilabad,"Adilabad Urban","Mahalaxmiwada 1 A",2,0,2,2,2,3,1,11,1,2,0,0
"August   -2024",Adilabad,"Adilabad Urban","Mahalaxmiwada 1 B",1,0,3,3,3,2,2,7,1,1,0,0
"August   -2024",Adilabad,"Adilabad Urban","Mahalaxmiwada 1 C",1,0,1,1,0,1,0,11,0,1,0,0
"August   -2024",Adilabad,"Adilabad Urban","Mahalaxmiwada 2 A",1,0,3,3,2,1,4,7,0,1,0,0
"August   -2024",Adilabad,"Adilabad Urban","Mahalaxmiwada 2 B",0,0,3,1,0,0,0,6,0,0,0,0
"August   -2024",Adilabad,"Adilabad Urban",Mochigally,0,0,2,2,2,3,2,4,1,0,0,0
"August   -2024",Adilabad,"Adilabad Urban",N/A,1,0,1,1,1,0,0,0,0,0,0,0
"August   -2024",Adilabad,"Adilabad Urban",N/A,0,0,3,0,1,1,3,5,2,3,0,0
"August   -2024",Adilabad,"Adilabad Urban","NST Road",1,0,8,4,2,3,1,15,2,0,0,0
"August   -2024",Adilabad,"Adilabad Urban","Old Housingboard",0,0,2,1,0,1,1,8,1,0,0,0
"August   -2024",Adilabad,"Adilabad Urban","P.H Colony",2,0,2,2,4,5,1,15,2,1,0,0
"August   -2024",Adilabad,"Adilabad Urban","Panjesha Mahila",4,0,4,3,5,2,0,4,2,0,0,0
"August   -2024",Adilabad,"Adilabad Urban","Penganga Oil Mill",1,0,1,1,3,4,1,8,3,0,0,0
"August   -2024",Adilabad,"Adilabad Urban","Randhivya Nagar",1,0,9,5,9,7,8,29,5,4,0,0
"August   -2024",Adilabad,"Adilabad Urban",Ranisatiji,1,0,3,2,1,0,1,4,1,0,0,0
"August   -2024",Adilabad,"Adilabad Urban","Ranjan wada",1,0,1,1,3,0,2,12,0,0,0,0
"August   -2024",Adilabad,"Adilabad Urban","Ravindar Nagar - 17",2,0,2,2,0,4,5,20,4,1,1,0
"August   -2024",Adilabad,"Adilabad Urban","Ricksha Colony",2,0,4,4,4,8,5,17,3,0,0,0
"August   -2024",Adilabad,"Adilabad Urban","Sanjay Nagar",4,0,6,5,10,8,5,23,6,0,0,0
"August   -2024",Adilabad,"Adilabad Urban","Sanjay Nagar",1,0,4,1,2,3,2,12,3,3,1,0
"August   -2024",Adilabad,"Adilabad Urban","Shama School Area",1,0,5,4,3,6,1,14,1,1,1,0
"August   -2024",Adilabad,"Adilabad Urban","Shanthi Nagar (Thota)",1,0,5,2,3,3,2,23,2,2,0,0
"August   -2024",Adilabad,"Adilabad Urban","Shanthi Nagar - 16",0,0,2,0,0,0,0,4,0,1,1,0
"August   -2024",Adilabad,"Adilabad Urban","Shanthi Nagar - 18",2,0,6,4,5,3,1,9,1,0,0,0
"August   -2024",Adilabad,"Adilabad Urban","Shanthi Nagar 15",3,0,5,4,3,4,0,24,0,0,0,0
"August   -2024",Adilabad,"Adilabad Urban","Shanthi Nagar 15",0,0,2,1,0,1,2,6,1,0,0,0
"August   -2024",Adilabad,"Adilabad Urban","Sonar colony",0,0,0,0,0,1,0,0,0,0,0,0
"August   -2024",Adilabad,"Adilabad Urban","Sri Ram Colony",1,0,3,1,2,0,3,6,2,1,0,0
"August   -2024",Adilabad,"Adilabad Urban","Sundhraiah Nagar",5,0,7,6,8,8,6,30,3,1,0,0
"August   -2024",Adilabad,"Adilabad Urban",Sweeparcolony,2,0,4,3,3,1,3,5,2,0,0,0
"August   -2024",Adilabad,"Adilabad Urban",Thatiguda,2,0,4,2,5,5,9,27,4,1,2,0
"August   -2024",Adilabad,"Adilabad Urban",Thilaknagar,0,0,2,3,3,3,0,5,0,0,1,0
"August   -2024",Adilabad,"Adilabad Urban",Thirpelly,0,0,4,2,2,2,2,20,4,1,0,0
"August   -2024",Adilabad,"Adilabad Urban","Valmikinagar kunta",3,0,7,6,2,2,0,8,4,1,0,0
"August   -2024",Adilabad,"Adilabad Urban",Varalaxminagar,0,0,1,0,0,0,0,3,0,1,0,0
"August   -2024",Adilabad,"Adilabad Urban","Veternary Hospital Area",1,0,5,2,2,4,1,7,2,1,0,0
"August   -2024",Adilabad,"Adilabad Urban",Vidyanagar,3,0,10,6,15,5,6,16,6,0,4,0
"August   -2024",Adilabad,"Adilabad Urban","Waddar Colony",0,0,9,4,5,2,2,22,2,1,0,0
"August   -2024",Adilabad,Bazarhatnoor,ANDUGUDA,0,0,0,0,0,2,2,4,0,0,0,0
"August   -2024",Adilabad,Bazarhatnoor,Ananthapur,1,0,1,1,1,0,0,5,0,1,0,0
"August   -2024",Adilabad,Bazarhatnoor,BHEEMNAIKTHANDA,1,0,1,1,2,0,0,1,0,0,0,0
"August   -2024",Adilabad,Bazarhatnoor,"BHUTAI T",1,0,4,2,2,3,4,15,0,2,0,0
"August   -2024",Adilabad,Bazarhatnoor,BURKAPALLY,0,0,2,0,2,0,2,4,0,2,0,0
"August   -2024",Adilabad,Bazarhatnoor,Balanpur,0,0,0,0,0,1,0,0,0,0,0,0
"August   -2024",Adilabad,Bazarhatnoor,Bazarhatnur,7,0,13,9,7,4,4,19,5,1,1,0
"August   -2024",Adilabad,Bazarhatnoor,Bhosra,0,0,1,0,2,1,0,5,1,1,0,0
"August   -2024",Adilabad,Bazarhatnoor,"Bhutai (Buzurg)",0,0,1,0,1,1,4,6,1,1,0,0
"August   -2024",Adilabad,Bazarhatnoor,"Bhutai (Khurd)",0,0,0,0,0,0,0,2,0,0,0,0
"August   -2024",Adilabad,Bazarhatnoor,CENTREGUDA,0,0,0,0,0,0,0,2,0,0,0,0
"August   -2024",Adilabad,Bazarhatnoor,CHINNAHATNUR,0,0,1,0,1,0,1,3,1,0,1,0
"August   -2024",Adilabad,Bazarhatnoor,"Chintal Sangvi",0,0,0,0,1,0,0,1,0,0,0,0
"August   -2024",Adilabad,Bazarhatnoor,DEDRA,1,0,1,1,1,1,0,2,0,0,0,0
"August   -2024",Adilabad,Bazarhatnoor,Dehgaon,0,0,0,0,1,0,0,5,0,0,0,0
"August   -2024",Adilabad,Bazarhatnoor,Dhabadi,1,0,1,1,1,0,0,0,1,0,0,0
"August   -2024",Adilabad,Bazarhatnoor,Dharampuri,0,0,0,0,0,0,5,2,0,0,0,0
"August   -2024",Adilabad,Bazarhatnoor,Dignoor,0,0,0,0,1,0,1,5,2,0,0,0
"August   -2024",Adilabad,Bazarhatnoor,GANGAPOOR,1,0,1,1,1,0,0,0,0,0,0,0
"August   -2024",Adilabad,Bazarhatnoor,"GOSAI UMARDA",0,0,2,1,1,0,0,0,0,0,0,0
"August   -2024",Adilabad,Bazarhatnoor,GULABTHANDA,0,0,0,0,0,0,1,1,0,0,0,0
"August   -2024",Adilabad,Bazarhatnoor,Gangapur,1,0,1,1,0,1,0,0,0,0,0,0
"August   -2024",Adilabad,Bazarhatnoor,Girjai,0,0,1,0,0,0,3,2,0,1,0,0
"August   -2024",Adilabad,Bazarhatnoor,Girnur,1,0,3,2,2,0,2,4,1,2,0,0
"August   -2024",Adilabad,Bazarhatnoor,Gokonda,2,0,4,3,2,2,2,9,0,1,0,0
"August   -2024",Adilabad,Bazarhatnoor,Harkai,0,0,0,0,1,0,0,2,0,0,0,0
"August   -2024",Adilabad,Bazarhatnoor,INDRANAGAR,0,0,0,0,0,1,0,0,0,0,0,0
"August   -2024",Adilabad,Bazarhatnoor,JALLUGUDA,0,0,2,0,0,0,0,2,0,2,0,0
"August   -2024",Adilabad,Bazarhatnoor,Jatarla,0,0,0,0,2,1,1,1,0,0,0,0
"August   -2024",Adilabad,Bazarhatnoor,KOLAMGUDAA,0,0,0,0,0,0,1,0,0,0,0,0
"August   -2024",Adilabad,Bazarhatnoor,KOTHAGOODA,0,0,3,1,2,0,1,1,0,0,0,0
"August   -2024",Adilabad,Bazarhatnoor,Kandli,1,0,1,1,3,0,2,2,0,0,0,0
"August   -2024",Adilabad,Bazarhatnoor,Kinnerpalle,0,0,2,0,1,0,3,4,0,2,0,0
"August   -2024",Adilabad,Bazarhatnoor,Kolhari,0,0,0,0,0,0,1,2,0,0,0,0
"August   -2024",Adilabad,Bazarhatnoor,"L THANDA",2,0,4,2,1,0,0,2,0,0,0,0
"August   -2024",Adilabad,Bazarhatnoor,MADAGUDA,1,0,1,1,2,0,1,1,0,0,0,0
"August   -2024",Adilabad,Bazarhatnoor,Mahadevnagar,0,0,0,0,0,0,0,1,0,0,0,0
"August   -2024",Adilabad,Bazarhatnoor,Manjaramtanda,0,0,3,1,3,1,0,5,0,2,0,0
"August   -2024",Adilabad,Bazarhatnoor,"Mankapur (P)",0,0,1,0,0,1,0,8,0,1,0,1
"August   -2024",Adilabad,Bazarhatnoor,Mohada,0,0,2,1,0,0,0,1,1,0,0,0
"August   -2024",Adilabad,Bazarhatnoor,Morekhandi,0,0,0,0,0,0,0,4,0,0,0,0
"August   -2024",Adilabad,Bazarhatnoor,"NEW ANANTHAPUR",0,0,0,0,1,2,0,0,0,0,0,0
"August   -2024",Adilabad,Bazarhatnoor,Pipri,0,0,9,3,0,2,2,3,4,0,0,0
"August   -2024",Adilabad,Bazarhatnoor,RAJULGUDA,1,0,1,1,1,0,0,0,0,0,0,0
"August   -2024",Adilabad,Bazarhatnoor,RAMNAGAR,0,0,0,0,2,0,0,0,0,0,0,0
"August   -2024",Adilabad,Bazarhatnoor,RATHANGUDA,0,0,0,0,1,0,0,1,0,0,0,0
"August   -2024",Adilabad,Bazarhatnoor,Rampur,0,0,0,0,0,0,1,1,0,0,0,0
"August   -2024",Adilabad,Bazarhatnoor,SARPANCHGUDA,0,0,0,0,1,0,0,0,0,0,0,0
"August   -2024",Adilabad,Bazarhatnoor,SHANTHINAGHAR,0,0,0,0,2,0,2,4,1,0,0,0
"August   -2024",Adilabad,Bazarhatnoor,SONERAOGUDA,1,0,1,1,1,0,0,0,1,0,0,0
"August   -2024",Adilabad,Bazarhatnoor,SRIRAMNAGAR,0,0,1,0,0,0,0,1,0,1,0,0
"August   -2024",Adilabad,Bazarhatnoor,TUKANPALY,0,0,0,0,0,0,0,1,0,0,0,0
"August   -2024",Adilabad,Bazarhatnoor,Tembi,0,0,3,1,3,3,1,4,0,1,0,0
"August   -2024",Adilabad,Bazarhatnoor,UPERPALLY,0,0,0,0,0,0,2,1,0,0,0,0
"August   -2024",Adilabad,Bazarhatnoor,"Umarda (Buzurg)",0,0,0,0,0,0,0,1,0,0,0,0
"August   -2024",Adilabad,Bazarhatnoor,Warthamanoor,0,0,2,1,0,1,0,4,1,1,0,0
"August   -2024",Adilabad,Bazarhatnoor,YELLAIAHPALLY,0,0,0,0,0,0,0,1,0,0,0,0
"August   -2024",Adilabad,Bazarhatnoor,Yesapur,2,0,2,2,1,1,0,6,0,1,0,0
"August   -2024",Adilabad,Bela,Awalpur,1,0,3,2,3,1,0,2,4,0,0,0
"August   -2024",Adilabad,Bela,Bela,1,0,11,6,9,10,14,34,3,4,1,1
"August   -2024",Adilabad,Bela,Bhadi,1,0,3,2,2,0,2,2,4,0,0,0
"August   -2024",Adilabad,Bela,Bhavaniguda,0,0,2,1,1,0,2,6,1,2,0,1
"August   -2024",Adilabad,Bela,Bhavaniguda,0,0,0,0,0,1,1,1,0,0,0,0
"August   -2024",Adilabad,Bela,Bhedoda,1,0,1,1,1,0,2,2,0,0,0,0
"August   -2024",Adilabad,Bela,"Bhodod (Kopsi)",0,0,2,1,0,0,0,1,1,0,0,0
"August   -2024",Adilabad,Bela,Boregaon,0,0,0,0,0,0,0,1,0,0,0,0
"August   -2024",Adilabad,Bela,Chandpalle,0,0,0,0,1,0,0,2,0,0,0,0
"August   -2024",Adilabad,Bela,Chaprala,0,0,6,3,5,5,4,9,2,2,0,1
"August   -2024",Adilabad,Bela,Dehegaon,1,0,6,3,3,1,2,5,1,0,0,0
"August   -2024",Adilabad,Bela,Devujiguda,0,0,0,0,0,0,2,2,0,0,0,0
"August   -2024",Adilabad,Bela,Dhoptala,1,0,1,1,0,2,0,5,1,0,1,0
"August   -2024",Adilabad,Bela,Dhubhaguda,0,0,1,0,1,1,2,4,0,1,0,0
"August   -2024",Adilabad,Bela,Douna,1,0,1,1,0,0,1,1,1,0,0,0
"August   -2024",Adilabad,Bela,Dubbaguda,0,0,0,0,0,0,1,1,0,0,0,0
"August   -2024",Adilabad,Bela,Ekori,0,0,1,0,0,0,1,1,0,0,0,0
"August   -2024",Adilabad,Bela,Ganeshpur,0,0,0,0,0,3,0,1,0,0,0,0
"August   -2024",Adilabad,Bela,Gharkaguda,0,0,0,0,0,0,1,1,0,0,0,0
"August   -2024",Adilabad,Bela,Guda,0,0,0,0,0,0,0,1,0,0,0,0
"August   -2024",Adilabad,Bela,Guda,1,0,2,1,0,0,0,4,0,0,2,0
"August   -2024",Adilabad,Bela,Hasnapur,0,0,0,0,0,1,0,2,0,0,0,0
"August   -2024",Adilabad,Bela,Hety,0,0,0,0,0,0,0,3,0,0,0,0
"August   -2024",Adilabad,Bela,Janguguda,0,0,0,0,2,0,0,1,0,0,0,0
"August   -2024",Adilabad,Bela,Junoni,0,0,0,0,0,0,0,1,0,0,0,0
"August   -2024",Adilabad,Bela,Kamgarpur,0,0,0,0,0,1,0,1,0,0,0,0
"August   -2024",Adilabad,Bela,"Karoni (B)",1,0,1,1,0,3,0,1,0,0,0,0
"August   -2024",Adilabad,Bela,"Karoni (K)",1,0,1,1,1,0,0,1,0,0,0,0
"August   -2024",Adilabad,Bela,Khadki,0,0,0,0,0,0,0,2,0,0,0,0
"August   -2024",Adilabad,Bela,Khagdur,2,0,4,3,2,1,2,3,0,0,0,0
"August   -2024",Adilabad,Bela,Khara,0,0,1,0,0,0,1,3,0,1,0,0
"August   -2024",Adilabad,Bela,Kobhai,0,0,0,0,1,1,0,3,0,0,0,0
"August   -2024",Adilabad,Bela,Mangrool,1,0,1,1,1,0,0,2,0,1,0,1
"August   -2024",Adilabad,Bela,Manyarpur,1,0,1,1,2,0,0,1,1,0,0,0
"August   -2024",Adilabad,Bela,Maruthiguda,0,0,0,0,0,0,0,1,0,0,0,0
"August   -2024",Adilabad,Bela,"Masala (Buzurg)",0,0,1,0,1,3,0,3,1,1,0,0
"August   -2024",Adilabad,Bela,"Masala (Khurd)",1,0,1,1,1,0,2,0,0,0,0,0
"August   -2024",Adilabad,Bela,Palaithanda,2,0,2,2,0,0,1,2,0,1,0,0
"August   -2024",Adilabad,Bela,Pataguda,0,0,0,0,0,1,0,1,0,0,0,0
"August   -2024",Adilabad,Bela,Patan,0,0,0,0,1,0,1,4,0,0,0,0
"August   -2024",Adilabad,Bela,Pitgaon,1,0,3,2,4,1,0,4,2,0,0,0
"August   -2024",Adilabad,Bela,Pohar,0,0,1,0,0,0,2,4,0,0,0,0
"August   -2024",Adilabad,Bela,Ponnala,2,0,2,2,0,1,1,3,0,0,0,0
"August   -2024",Adilabad,Bela,Raipur-T,0,0,0,0,0,0,0,1,0,0,0,0
"August   -2024",Adilabad,Bela,Ramkam,0,0,1,0,1,0,1,1,2,1,0,1
"August   -2024",Adilabad,Bela,Reniguda,0,0,3,1,2,0,0,2,0,1,0,0
"August   -2024",Adilabad,Bela,Sadarpur,0,0,1,0,1,1,3,2,0,1,0,0
"August   -2024",Adilabad,Bela,Sahasthanda,0,0,0,0,0,1,0,0,1,0,0,0
"August   -2024",Adilabad,Bela,Salaithanda,0,0,1,0,0,0,1,1,0,1,0,0
"August   -2024",Adilabad,Bela,Sangdi,1,0,1,1,3,0,0,7,0,0,1,0
"August   -2024",Adilabad,Bela,Sangvi,0,0,0,0,2,2,0,5,2,0,0,0
"August   -2024",Adilabad,Bela,Shamshabad,0,0,0,0,0,1,1,3,1,0,0,0
"August   -2024",Adilabad,Bela,Sirsanna,0,0,0,0,8,3,4,8,2,0,0,0
"August   -2024",Adilabad,Bela,Sonkhos,0,0,2,1,4,1,1,3,1,0,0,0
"August   -2024",Adilabad,Bela,Syedpur,0,0,2,1,0,0,2,12,1,2,0,0
"August   -2024",Adilabad,Bela,Takli,1,0,1,1,0,2,3,4,6,0,0,0
"August   -2024",Adilabad,Bela,Telangraoguda,0,0,0,0,0,2,0,0,1,0,0,0
"August   -2024",Adilabad,Bela,Temriguda,0,0,2,1,1,1,2,3,0,1,0,1
"August   -2024",Adilabad,Bela,"Toyaguda (Kora)",0,0,0,0,0,1,0,1,0,0,0,0
"August   -2024",Adilabad,Bela,Vanjariguda,0,0,0,0,0,0,0,1,0,0,0,0
"August   -2024",Adilabad,Bela,Wadaguda,0,0,0,0,0,1,0,0,0,0,0,0
"August   -2024",Adilabad,Bela,Warur,1,0,1,1,2,1,0,2,0,1,0,0
"August   -2024",Adilabad,Bheempur,Ambugaon,1,0,1,1,0,0,0,3,1,0,1,0
"August   -2024",Adilabad,Bheempur,Anderband,0,0,2,1,2,0,1,9,3,2,0,0
"August   -2024",Adilabad,Bheempur,Antargaon,1,0,1,1,1,2,0,10,0,0,0,0
"August   -2024",Adilabad,Bheempur,"Arli (T)",0,0,1,0,1,4,0,21,0,0,1,0
"August   -2024",Adilabad,Bheempur,Atnamguda,1,0,1,1,1,2,1,7,4,1,0,0
"August   -2024",Adilabad,Bheempur,"Belsari Rampur",0,0,0,0,0,0,1,13,1,0,0,0
"August   -2024",Adilabad,Bheempur,Bethalguda,0,0,0,0,0,1,0,0,1,0,0,0
"August   -2024",Adilabad,Bheempur,Bhandra,0,0,0,0,0,0,0,1,0,0,0,0
"August   -2024",Adilabad,Bheempur,Bheempoor,1,0,5,3,1,1,2,18,7,0,0,0
"August   -2024",Adilabad,Bheempur,Burkapalli,0,0,0,0,0,0,1,0,1,0,0,0
"August   -2024",Adilabad,Bheempur,Chinthapalli,0,0,0,0,1,0,0,0,1,0,0,0
"August   -2024",Adilabad,Bheempur,Dabbakuchi,0,0,2,1,0,0,0,9,1,0,0,0
"August   -2024",Adilabad,Bheempur,Dhanora,0,0,1,0,8,0,2,5,9,1,0,0
"August   -2024",Adilabad,Bheempur,Girgaon,0,0,4,0,4,3,7,13,9,3,1,0
"August   -2024",Adilabad,Bheempur,Gomutri,0,0,0,0,0,2,0,6,2,0,0,0
"August   -2024",Adilabad,Bheempur,Gona,0,0,0,0,1,0,1,0,2,0,0,0
"August   -2024",Adilabad,Bheempur,Govindpur,0,0,0,0,0,0,1,1,1,0,0,0
"August   -2024",Adilabad,Bheempur,Gubidi,0,0,0,0,0,0,0,7,0,0,0,0
"August   -2024",Adilabad,Bheempur,Gunjala,0,0,1,0,2,4,6,10,7,1,0,0
"August   -2024",Adilabad,Bheempur,Indurpalli,0,0,0,0,0,0,0,3,0,0,0,0
"August   -2024",Adilabad,Bheempur,Jelkori,0,0,0,0,0,0,0,3,0,0,0,0
"August   -2024",Adilabad,Bheempur,Kamathwada,0,0,0,0,1,0,0,0,1,0,0,0
"August   -2024",Adilabad,Bheempur,"Karanji (T)",2,0,7,4,2,1,2,13,7,1,1,0
"August   -2024",Adilabad,Bheempur,Karanwadi,0,0,0,0,0,0,0,2,0,0,0,0
"August   -2024",Adilabad,Bheempur,Khairguda,0,0,1,0,0,0,0,1,0,1,0,0
"August   -2024",Adilabad,Bheempur,Kojjanguda,0,0,0,0,0,0,0,2,0,0,0,0
"August   -2024",Adilabad,Bheempur,Laxmipur,0,0,1,0,0,0,1,2,0,1,0,0
"August   -2024",Adilabad,Bheempur,Mandhapalli,0,0,0,0,0,1,0,2,0,0,0,0
"August   -2024",Adilabad,Bheempur,Markaguda,1,0,1,1,1,1,1,6,2,1,0,0
"August   -2024",Adilabad,Bheempur,N/A,0,0,0,0,0,1,0,0,1,0,0,0
"August   -2024",Adilabad,Bheempur,Neemguda,0,0,0,0,1,0,0,3,1,0,0,0
"August   -2024",Adilabad,Bheempur,Neemguda,0,0,0,0,0,0,0,2,0,0,0,0
"August   -2024",Adilabad,Bheempur,Paketguda,0,0,0,0,0,0,0,1,0,0,0,0
"August   -2024",Adilabad,Bheempur,"Palodi (Ramnagar)",1,0,1,1,0,0,0,1,1,0,0,0
"August   -2024",Adilabad,Bheempur,"Rajeev Nagar",0,0,0,0,0,0,0,2,0,0,0,0
"August   -2024",Adilabad,Bheempur,Rajgod,0,0,0,0,0,1,0,0,1,0,0,0
"August   -2024",Adilabad,Bheempur,Rajulkori,1,0,1,1,1,1,0,0,3,0,0,0
"August   -2024",Adilabad,Bheempur,Rajulwadi,0,0,0,0,1,0,0,2,1,0,0,0
"August   -2024",Adilabad,Bheempur,Reganguda,0,0,0,0,0,0,0,3,0,0,0,0
"August   -2024",Adilabad,Bheempur,T.Rampur,0,0,0,0,0,0,2,4,2,0,0,0
"August   -2024",Adilabad,Bheempur,T.Rampur,0,0,0,0,0,0,0,2,0,0,0,0
"August   -2024",Adilabad,Bheempur,Vamannagar,0,0,0,0,0,0,0,1,0,0,0,0
"August   -2024",Adilabad,Bheempur,Wadoor,1,0,3,3,1,1,0,9,1,0,0,0
"August   -2024",Adilabad,Boath,Andur,0,0,0,0,0,2,2,1,0,0,0,0
"August   -2024",Adilabad,Boath,BABERATHANDA,1,0,4,1,2,3,0,5,2,4,0,0
"August   -2024",Adilabad,Boath,Babera,0,0,0,0,0,1,0,1,0,0,0,0
"August   -2024",Adilabad,Boath,Beerlagondi,0,0,2,1,1,0,0,0,0,0,0,0
"August   -2024",Adilabad,Boath,"Boath (Buzurg)",4,0,18,11,6,8,6,49,10,9,2,0
"August   -2024",Adilabad,Boath,"Boath (Khurd)",3,0,9,6,8,2,4,12,4,1,2,0
"August   -2024",Adilabad,Boath,CHINTHAGUDHA,1,0,1,1,2,1,0,5,0,0,0,0
"August   -2024",Adilabad,Boath,Chintalabori,1,0,1,1,0,1,4,21,6,1,0,0
"August   -2024",Adilabad,Boath,DEVANNAPALLY,0,0,0,0,1,0,0,0,0,0,0,0
"August   -2024",Adilabad,Boath,DEVULNAIKTHANDA,0,0,0,0,1,0,0,3,1,0,0,0
"August   -2024",Adilabad,Boath,Demmi,0,0,0,0,0,0,0,1,0,0,0,0
"August   -2024",Adilabad,Boath,"Dhannur (Buzurg)",4,0,6,4,0,6,2,12,1,3,0,0
"August   -2024",Adilabad,Boath,"Dhanur -K",1,0,1,1,1,0,0,0,0,0,0,0
"August   -2024",Adilabad,Boath,GURALATHANDA,0,0,1,0,0,0,2,6,2,1,0,0
"August   -2024",Adilabad,Boath,GURUDEVNAGAR,0,0,0,0,1,1,0,0,0,0,0,0
"August   -2024",Adilabad,Boath,GUTAPAKATHANDA,2,0,4,3,2,2,3,8,8,3,0,0
"August   -2024",Adilabad,Boath,Ghanpur,0,0,0,0,1,1,1,6,2,0,0,0
"August   -2024",Adilabad,Boath,Gollapur,0,0,0,0,0,2,0,10,1,0,0,0
"August   -2024",Adilabad,Boath,JAITHUGUDA,0,0,0,0,0,0,0,2,0,0,0,0
"August   -2024",Adilabad,Boath,JEEDIPALY,0,0,1,0,0,1,0,1,0,1,0,0
"August   -2024",Adilabad,Boath,Kandipally,0,0,0,0,1,0,1,1,0,0,0,0
"August   -2024",Adilabad,Boath,Kangutta,1,0,4,1,5,5,2,10,7,0,4,0
"August   -2024",Adilabad,Boath,Kantegaon,1,0,1,1,0,1,0,3,1,0,0,0
"August   -2024",Adilabad,Boath,Karathwada,1,0,1,0,1,1,0,3,1,0,0,0
"August   -2024",Adilabad,Boath,"Kota (Khurd)",1,0,1,1,0,3,1,3,0,0,0,0
"August   -2024",Adilabad,Boath,"Kowtha (Buzurg)",1,0,5,3,3,5,6,13,1,1,2,0
"August   -2024",Adilabad,Boath,Kuchalapur,1,0,1,0,2,0,0,2,1,0,0,0
"August   -2024",Adilabad,Boath,Kuchiryala,0,0,4,2,1,0,0,0,0,0,0,0
"August   -2024",Adilabad,Boath,MAHADUGUDA,0,0,1,0,0,1,1,1,2,0,1,0
"August   -2024",Adilabad,Boath,MANDABOGUDA,0,0,1,0,0,0,1,2,0,0,0,0
"August   -2024",Adilabad,Boath,Marlapalle,1,0,3,2,2,2,1,12,1,1,0,0
"August   -2024",Adilabad,Boath,N/A,0,0,0,0,0,0,0,1,0,0,0,0
"August   -2024",Adilabad,Boath,N/A,0,0,1,0,0,0,0,1,0,0,1,0
"August   -2024",Adilabad,Boath,N/A,0,0,0,0,0,0,0,1,0,0,0,0
"August   -2024",Adilabad,Boath,"NAGU GUDA",0,0,0,0,0,1,0,0,1,0,0,0
"August   -2024",Adilabad,Boath,NEERADIPALLY,0,0,0,0,0,0,0,1,0,0,0,0
"August   -2024",Adilabad,Boath,Nagapur,0,0,1,0,1,1,2,4,1,1,0,0
"August   -2024",Adilabad,Boath,Nakkalawada,0,0,0,0,2,1,0,3,0,0,0,0
"August   -2024",Adilabad,Boath,Narayanpur,0,0,1,0,0,0,1,3,0,1,0,0
"August   -2024",Adilabad,Boath,Nigini,0,0,2,1,1,1,1,5,0,2,0,0
"August   -2024",Adilabad,Boath,PEDDAGUDA,0,0,0,0,0,0,0,6,0,0,0,0
"August   -2024",Adilabad,Boath,"POOL SINGH THANDA",0,0,0,0,0,0,0,2,0,0,0,0
"August   -2024",Adilabad,Boath,PUNYANAIKTHANDA,0,0,0,0,0,2,0,9,2,0,0,0
"August   -2024",Adilabad,Boath,"Pardi (Buzurg)",1,0,1,1,0,1,1,1,2,1,0,0
"August   -2024",Adilabad,Boath,"Pardi (Khurd)",0,0,2,1,4,0,0,6,0,0,0,0
"August   -2024",Adilabad,Boath,Patnapur,0,0,0,0,0,1,0,2,0,0,0,0
"August   -2024",Adilabad,Boath,Patnapur,0,0,0,0,1,0,0,1,0,0,0,0
"August   -2024",Adilabad,Boath,Pippaladhari,0,0,0,0,0,0,1,2,0,0,0,0
"August   -2024",Adilabad,Boath,Pochera,2,0,4,3,4,3,2,12,7,1,1,0
"August   -2024",Adilabad,Boath,RAAMNAGAR,0,0,1,0,0,1,1,1,0,1,0,0
"August   -2024",Adilabad,Boath,RENDLAPALLY,0,0,0,0,2,4,0,1,0,0,0,0
"August   -2024",Adilabad,Boath,Ragunathpur,0,0,0,0,1,2,0,1,0,0,0,0
"August   -2024",Adilabad,Boath,SAINAGAR,2,0,2,2,4,0,0,12,4,1,0,0
"August   -2024",Adilabad,Boath,"SAMPATHNAIK THANDA",1,0,1,1,1,1,0,3,3,0,0,0
"August   -2024",Adilabad,Boath,"SURYA NAGAR",0,0,1,0,0,0,0,4,0,1,0,0
"August   -2024",Adilabad,Boath,Sakhera,0,0,2,1,0,1,2,2,0,0,0,0
"August   -2024",Adilabad,Boath,Sonala,3,0,7,5,7,9,4,16,4,1,0,0
"August   -2024",Adilabad,Boath,Tewiti,0,0,0,0,0,2,0,1,2,0,0,0
"August   -2024",Adilabad,Boath,Wajar,0,0,2,0,0,0,1,3,0,2,0,0
"August   -2024",Adilabad,Gadiguda,Ademeyon,0,0,4,2,3,2,3,9,2,0,0,0
"August   -2024",Adilabad,Gadiguda,Anduguda,0,0,0,0,0,0,1,2,0,0,0,0
"August   -2024",Adilabad,Gadiguda,Anduguda,0,0,0,0,0,2,0,2,0,0,0,0
"August   -2024",Adilabad,Gadiguda,"Arjuni -G",0,0,0,0,0,0,0,1,0,0,0,0
"August   -2024",Adilabad,Gadiguda,Arjuni-K,0,0,0,0,0,0,0,1,0,0,0,0
"August   -2024",Adilabad,Gadiguda,Bharikraoguda,0,0,3,1,3,1,0,0,4,0,0,0
"August   -2024",Adilabad,Gadiguda,Bheemjiguda,0,0,0,0,1,1,0,0,2,0,0,0
"August   -2024",Adilabad,Gadiguda,"Boddiguda -BT",0,0,0,0,0,0,0,3,0,0,0,0
"August   -2024",Adilabad,Gadiguda,Bojjuguda,1,0,1,1,0,0,1,0,1,0,0,0
"August   -2024",Adilabad,Gadiguda,Boppapur,0,0,1,0,0,0,0,2,0,1,0,0
"August   -2024",Adilabad,Gadiguda,Builikasa,0,0,0,0,0,0,0,2,0,0,0,0
"August   -2024",Adilabad,Gadiguda,Chithaguda,1,0,1,1,1,3,2,4,2,0,0,0
"August   -2024",Adilabad,Gadiguda,"Dhaba  (K)",0,0,2,0,2,4,0,4,0,2,0,0
"August   -2024",Adilabad,Gadiguda,"Dhaba (Buzurg)",0,0,0,1,3,10,1,9,0,0,0,0
"August   -2024",Adilabad,Gadiguda,Dharmuguda,0,0,1,0,0,0,0,3,0,1,0,1
"August   -2024",Adilabad,Gadiguda,Dongargaon,1,0,1,0,1,0,0,2,1,0,0,0
"August   -2024",Adilabad,Gadiguda,"Dongargaon -BT",0,0,0,0,0,1,0,1,0,0,0,0
"August   -2024",Adilabad,Gadiguda,"Dongargaon -G",1,0,1,1,1,0,0,0,0,0,0,0
"August   -2024",Adilabad,Gadiguda,Gadiguda,1,0,3,1,0,5,3,10,0,3,0,0
"August   -2024",Adilabad,Gadiguda,Godruguda,0,0,0,0,2,2,0,6,1,0,0,0
"August   -2024",Adilabad,Gadiguda,Gouri,1,0,1,1,1,1,0,0,0,0,0,0
"August   -2024",Adilabad,Gadiguda,Heerapur,0,0,0,0,0,2,0,3,0,0,0,0
"August   -2024",Adilabad,Gadiguda,Jhari,0,0,0,0,1,3,1,1,0,0,0,0
"August   -2024",Adilabad,Gadiguda,Kadodi,1,0,1,1,1,1,1,2,1,0,0,0
"August   -2024",Adilabad,Gadiguda,Kattaguda,0,0,0,0,0,1,0,1,1,0,0,0
"August   -2024",Adilabad,Gadiguda,Khadiki-G,1,0,1,1,1,0,0,2,0,0,0,0
"August   -2024",Adilabad,Gadiguda,Khadiki-k,0,0,2,1,0,0,1,2,0,0,0,0
"August   -2024",Adilabad,Gadiguda,Khairdatwa,0,0,1,0,0,1,5,3,2,1,0,0
"August   -2024",Adilabad,Gadiguda,Khandow,0,0,0,0,0,0,1,3,0,0,0,0
"August   -2024",Adilabad,Gadiguda,Khandow-G,1,0,1,1,1,1,1,4,0,0,0,0
"August   -2024",Adilabad,Gadiguda,Kolama,0,0,2,0,0,2,0,2,1,0,0,0
"August   -2024",Adilabad,Gadiguda,Kolama-G,0,0,1,0,0,1,0,7,1,1,0,0
"August   -2024",Adilabad,Gadiguda,Kolama-SC,1,0,3,2,3,3,0,2,0,1,0,0
"August   -2024",Adilabad,Gadiguda,"Kothapalle (G)",0,0,2,0,0,1,1,6,0,2,0,0
"August   -2024",Adilabad,Gadiguda,"Kothapally Sc",0,0,0,0,1,1,0,1,0,0,0,0
"August   -2024",Adilabad,Gadiguda,Kouthala,0,0,0,0,0,0,1,0,0,0,0,0
"August   -2024",Adilabad,Gadiguda,"Kundi -M",0,0,0,0,0,0,0,1,0,0,0,0
"August   -2024",Adilabad,Gadiguda,Kundi-S,0,0,0,0,0,1,0,2,0,0,0,0
"August   -2024",Adilabad,Gadiguda,Kunikasa,0,0,1,0,0,0,0,1,0,1,0,0
"August   -2024",Adilabad,Gadiguda,Kunikasa-K,1,0,1,1,0,0,0,1,0,0,0,0
"August   -2024",Adilabad,Gadiguda,Kunikasa-SC,0,0,0,0,0,1,0,3,0,0,0,0
"August   -2024",Adilabad,Gadiguda,Loddiguda,0,0,0,0,2,1,1,0,0,0,0,0
"August   -2024",Adilabad,Gadiguda,"Lokari  (B)",2,0,2,2,4,1,2,11,2,2,0,0
"August   -2024",Adilabad,Gadiguda,"Lokari  (K)",0,0,4,2,8,4,1,4,2,2,0,0
"August   -2024",Adilabad,Gadiguda,Malangi,0,0,0,0,0,1,0,0,1,0,0,0
"August   -2024",Adilabad,Gadiguda,Malangi-G,0,0,0,0,0,1,0,0,1,0,0,0
"August   -2024",Adilabad,Gadiguda,Malangi-SC,2,0,2,2,0,0,0,0,2,0,0,0
"August   -2024",Adilabad,Gadiguda,Malepur,1,0,1,1,3,1,0,0,4,0,0,0
"August   -2024",Adilabad,Gadiguda,Maregaon,0,0,0,0,0,0,0,5,0,0,0,0
"August   -2024",Adilabad,Gadiguda,Maregoan-SC,0,0,0,0,0,0,0,2,0,0,0,0
"August   -2024",Adilabad,Gadiguda,Maruguda,0,0,1,0,0,0,0,1,0,1,0,0
"August   -2024",Adilabad,Gadiguda,Mathurathanda,1,0,5,3,1,1,0,3,1,1,0,1
"August   -2024",Adilabad,Gadiguda,Mediguda,0,0,2,1,1,2,4,6,0,0,0,0
"August   -2024",Adilabad,Gadiguda,Muthyambatti,0,0,0,0,0,0,1,0,0,0,0,0
"August   -2024",Adilabad,Gadiguda,Naddamguda,0,0,0,0,0,1,0,2,0,0,0,0
"August   -2024",Adilabad,Gadiguda,"Paraswada (K)",0,0,2,1,0,0,3,3,2,0,0,0
"August   -2024",Adilabad,Gadiguda,"Paraswada BT",0,0,0,0,1,0,0,0,0,0,0,0
"August   -2024",Adilabad,Gadiguda,"Parswada (B)",0,0,0,0,1,1,1,4,0,0,0,0
"August   -2024",Adilabad,Gadiguda,Pipri,1,0,1,1,0,0,0,0,0,0,0,0
"August   -2024",Adilabad,Gadiguda,Pipri-G,0,0,0,0,1,0,0,6,0,0,0,0
"August   -2024",Adilabad,Gadiguda,Pipri-K,0,0,0,0,0,0,0,1,0,0,0,0
"August   -2024",Adilabad,Gadiguda,Pownur,0,0,1,0,6,3,1,2,0,1,0,0
"August   -2024",Adilabad,Gadiguda,Punaguda,0,0,0,0,0,0,0,1,0,0,0,0
"August   -2024",Adilabad,Gadiguda,Punaguda,0,0,0,1,3,4,1,3,0,0,0,0
"August   -2024",Adilabad,Gadiguda,Rajulguda,0,0,0,0,2,0,0,0,0,0,0,0
"August   -2024",Adilabad,Gadiguda,Rampur,0,0,4,2,1,1,1,5,1,2,0,0
"August   -2024",Adilabad,Gadiguda,Ramuguda,0,0,4,2,2,0,0,0,2,0,0,0
"August   -2024",Adilabad,Gadiguda,Romankasa,0,0,0,0,0,0,0,2,0,0,0,0
"August   -2024",Adilabad,Gadiguda,Rupapur,0,0,2,1,0,0,0,4,0,1,0,0
"August   -2024",Adilabad,Gadiguda,"Rupapur SC",0,0,0,0,0,0,0,3,0,0,0,0
"August   -2024",Adilabad,Gadiguda,Sangvi,0,0,1,0,0,0,0,1,0,1,0,0
"August   -2024",Adilabad,Gadiguda,Saruguda,0,0,0,0,0,0,1,2,0,0,0,0
"August   -2024",Adilabad,Gadiguda,Sawari,2,0,3,2,2,1,2,8,0,3,0,0
"August   -2024",Adilabad,Gadiguda,Sedwai,0,0,0,0,0,1,0,1,0,0,0,0
"August   -2024",Adilabad,Gadiguda,Shivnara,0,0,0,0,0,1,0,0,0,0,0,0
"August   -2024",Adilabad,Gadiguda,Sungapoor-G,1,0,1,1,2,3,0,2,1,0,0,0
"August   -2024",Adilabad,Gadiguda,Sungapoor-K,0,0,0,0,0,0,0,1,0,0,0,0
"August   -2024",Adilabad,Gadiguda,Sungapoor-T,0,0,2,1,6,1,0,5,1,1,0,0
"August   -2024",Adilabad,Gadiguda,Thoyaguda,0,0,0,0,0,1,1,3,0,0,0,0
"August   -2024",Adilabad,Gadiguda,Umri,2,0,4,3,0,1,0,5,4,0,0,0
"August   -2024",Adilabad,Gadiguda,Warkwai,0,0,0,0,0,1,0,0,0,0,0,0
"August   -2024",Adilabad,Gudihatnoor,"Ambedkar colony",0,0,0,0,1,2,0,4,0,0,0,0
"August   -2024",Adilabad,Gudihatnoor,Belluri,0,0,0,0,0,0,3,4,3,0,0,0
"August   -2024",Adilabad,Gudihatnoor,Bheempur,0,0,0,0,0,0,1,3,0,0,0,0
"August   -2024",Adilabad,Gudihatnoor,Borramaddi,0,0,3,1,1,1,1,5,1,2,0,0
"August   -2024",Adilabad,Gudihatnoor,Cherkuvai,0,0,2,0,0,1,1,2,1,2,0,0
"August   -2024",Adilabad,Gudihatnoor,"Chinna mannur",0,0,0,0,0,1,0,3,0,0,0,0
"August   -2024",Adilabad,Gudihatnoor,"Chinthaguda ABC",0,0,3,1,0,0,0,0,1,0,0,0
"August   -2024",Adilabad,Gudihatnoor,Dajithanda,0,0,1,0,0,1,1,4,0,1,0,0
"August   -2024",Adilabad,Gudihatnoor,"Daramadugu AB",0,0,0,0,0,0,0,1,0,0,0,0
"August   -2024",Adilabad,Gudihatnoor,Dhamanguda,0,0,1,0,0,1,0,3,0,1,0,0
"August   -2024",Adilabad,Gudihatnoor,Dongargaon,0,0,1,0,1,1,1,10,0,1,0,0
"August   -2024",Adilabad,Gudihatnoor,"GP Area",0,0,2,1,2,1,2,9,6,0,0,0
"August   -2024",Adilabad,Gudihatnoor,"Gharkampet A,B ",0,0,0,0,0,1,0,0,0,0,0,0
"August   -2024",Adilabad,Gudihatnoor,Gondharkapur,0,0,1,0,0,0,1,6,0,1,0,0
"August   -2024",Adilabad,Gudihatnoor,Guruj,2,0,2,2,0,3,0,5,3,2,0,0
"August   -2024",Adilabad,Gudihatnoor,Inkarguda,0,0,0,0,2,1,0,4,0,0,0,0
"August   -2024",Adilabad,Gudihatnoor,Inkarguda,0,0,2,1,0,0,3,12,0,0,2,0
"August   -2024",Adilabad,Gudihatnoor,Isruguda,0,0,0,0,0,2,0,1,0,0,0,0
"August   -2024",Adilabad,Gudihatnoor,Jawaharnagar,1,0,4,3,2,2,2,14,8,0,0,0
"August   -2024",Adilabad,Gudihatnoor,Kamalapur,1,0,1,1,1,1,2,5,2,0,0,0
"August   -2024",Adilabad,Gudihatnoor,Kodduguda,0,0,0,0,1,0,0,1,0,0,0,0
"August   -2024",Adilabad,Gudihatnoor,Kolhari,2,0,3,2,8,2,5,26,2,2,1,0
"August   -2024",Adilabad,Gudihatnoor,Lendiguda,1,0,1,1,0,0,0,0,1,0,0,0
"August   -2024",Adilabad,Gudihatnoor,Lingapur,2,0,2,2,3,1,1,7,1,2,0,0
"August   -2024",Adilabad,Gudihatnoor,Machapur,0,0,1,0,0,0,0,7,0,0,1,0
"August   -2024",Adilabad,Gudihatnoor,Malkapur,0,0,0,0,0,0,1,0,0,0,0,0
"August   -2024",Adilabad,Gudihatnoor,"Mamidiguda, Goduruguda ",0,0,0,0,0,0,0,2,0,0,0,0
"August   -2024",Adilabad,Gudihatnoor,Mankapur,1,0,1,1,2,2,1,6,0,1,0,0
"August   -2024",Adilabad,Gudihatnoor,Mankuguda,1,0,1,1,1,0,2,3,0,0,0,0
"August   -2024",Adilabad,Gudihatnoor,Mannur,2,0,4,3,2,2,5,16,4,0,0,0
"August   -2024",Adilabad,Gudihatnoor,Muthnur,0,0,0,0,0,0,0,4,0,0,0,0
"August   -2024",Adilabad,Gudihatnoor,N/A,0,0,2,1,0,0,0,0,1,0,0,0
"August   -2024",Adilabad,Gudihatnoor,Neradigonda,0,0,2,0,2,0,0,4,0,2,0,0
"August   -2024",Adilabad,Gudihatnoor,"New Colony",0,0,2,1,1,4,4,16,10,1,0,0
"August   -2024",Adilabad,Gudihatnoor,Ragapur,0,0,0,0,0,2,0,3,0,0,0,0
"August   -2024",Adilabad,Gudihatnoor,"SC Colony",0,0,2,1,3,4,5,17,10,1,1,0
"August   -2024",Adilabad,Gudihatnoor,Sainagar,3,0,3,3,2,0,1,2,3,0,0,0
"August   -2024",Adilabad,Gudihatnoor,Sambuguda,0,0,1,0,1,0,0,1,0,1,0,0
"August   -2024",Adilabad,Gudihatnoor,Seetagondi,4,0,4,4,2,1,1,4,1,0,0,0
"August   -2024",Adilabad,Gudihatnoor,Seetharamguda,0,0,0,0,0,0,2,0,0,0,0,0
"August   -2024",Adilabad,Gudihatnoor,Shamlalthanda,1,0,5,3,2,0,0,0,1,0,0,0
"August   -2024",Adilabad,Gudihatnoor,Shantapur,2,0,5,3,1,3,0,9,5,1,0,0
"August   -2024",Adilabad,Gudihatnoor,Shanthinagar,0,0,0,0,0,1,0,1,0,0,0,0
"August   -2024",Adilabad,Gudihatnoor,"Somarpet A,B ",0,0,0,0,0,1,0,2,0,0,0,0
"August   -2024",Adilabad,Gudihatnoor,Soyamguda,0,0,0,0,0,1,0,3,1,0,0,0
"August   -2024",Adilabad,Gudihatnoor,Suryaguda,1,0,2,1,1,0,4,3,3,2,0,0
"August   -2024",Adilabad,Gudihatnoor,Takiguda,0,0,0,0,0,0,1,2,0,0,0,0
"August   -2024",Adilabad,Gudihatnoor,Telangraoguda,1,0,1,1,0,0,0,3,1,0,0,0
"August   -2024",Adilabad,Gudihatnoor,Thoyaguda,0,0,0,0,0,0,0,1,0,0,0,0
"August   -2024",Adilabad,Gudihatnoor,Tosham,0,0,0,0,2,5,3,10,0,0,0,0
"August   -2024",Adilabad,Gudihatnoor,"Tosham thanda",0,0,2,1,2,0,0,2,0,0,0,0
"August   -2024",Adilabad,Gudihatnoor,"Umri (B)",0,0,2,1,1,0,2,8,2,1,0,0
"August   -2024",Adilabad,Gudihatnoor,Vaijapur,0,0,1,0,1,0,1,2,0,1,0,0
"August   -2024",Adilabad,Gudihatnoor,"Wadder colony",1,0,1,1,1,2,1,18,5,0,1,0
"August   -2024",Adilabad,Gudihatnoor,"X Road",1,0,1,0,3,2,1,3,4,1,0,0
"August   -2024",Adilabad,Ichoda,"ADEGAMA SC CLONY",0,0,2,1,2,1,1,5,1,1,0,0
"August   -2024",Adilabad,Ichoda,"Adegaon (Buzurg)",0,0,0,0,1,2,1,1,0,0,0,0
"August   -2024",Adilabad,Ichoda,"Adegaon (Khurd)",0,0,2,1,1,1,3,4,0,1,0,0
"August   -2024",Adilabad,Ichoda,BADIGUDA,0,0,0,0,0,1,0,4,0,0,0,0
"August   -2024",Adilabad,Ichoda,BAGHAYANAGAR,0,0,2,1,0,0,4,5,1,0,1,0
"August   -2024",Adilabad,Ichoda,Babjepet,1,0,3,2,0,0,0,5,2,1,0,0
"August   -2024",Adilabad,Ichoda,Babuldhole,0,0,0,0,0,1,0,0,1,0,0,0
"August   -2024",Adilabad,Ichoda,Boregaon,2,0,4,3,1,0,0,5,1,0,0,0
"August   -2024",Adilabad,Ichoda,CHINAGODUMALA,1,0,1,1,1,1,0,1,2,0,0,0
"August   -2024",Adilabad,Ichoda,Chincholi,2,0,2,2,1,1,1,3,1,1,0,0
"August   -2024",Adilabad,Ichoda,"Chinna salyada",0,0,0,0,0,0,1,0,0,0,0,0
