ddate,amccode,amcname,yardcode,yardname,commcode,commname,varitycode,varityname,arrivals,minimum,maximum,model
01/01/17,316,Narsingi,49,Babbuguda,168,Cattle(All),168,Common,221,5000,40000,30000
01/01/17,367,Gudimalkapur,1571,Gudumalkapur,55,Onions,55,Common,980,300,900,600
01/01/17,323,Gaddiannaram,1,Gaddiannaram,76,Mango,76,Common,13.2,1000,1750,1250
01/01/17,331,Vantimamidi,1612,Vantimamidi,98,Cabbage,98,Common,22,300,500,400
01/01/17,331,Vantimamidi,1612,Vantimamidi,98,Cabbage,98,Common,22,300,500,400
01/01/17,323,Gaddiannaram,2,"L.B Nagar",98,Cabbage,98,Common,52,300,500,400
01/01/17,325,Hyderabad,6,Madannapeta,98,Cabbage,98,Common,35,550,550,550
01/01/17,190,Chennur,21,Chennur,25,Cotton,25,Common,354,4700,4780,4750
01/01/17,317,Pargi,39,Pargi,1,Paddy,270,"Grade-A (1010)",420,1420,1470,1445
01/01/17,267,Chouttuppal,1107,Chouttuppal,1,Paddy,237,Grade-A(IR64),384.4,1510,1510,1510
01/01/17,331,Vantimamidi,1612,Vantimamidi,105,Potato,105,Common,185,500,700,600
01/01/17,331,Vantimamidi,1612,Vantimamidi,105,Potato,105,Common,185,500,700,600
01/01/17,324,Bowenpally,3,Bowenpally,55,Onions,55,Common,279,400,800,600
01/01/17,206,Kamareddy,1082,Kamareddy,75,Soyabean,214,Yellow,100,2775,2775,2775
01/01/17,367,Gudimalkapur,1571,Gudumalkapur,98,Cabbage,98,Common,164,100,500,300
01/01/17,325,Hyderabad,6,Madannapeta,99,Cauliflower,99,Common,10,800,800,800
01/01/17,323,Gaddiannaram,2,"L.B Nagar",99,Cauliflower,99,Common,59,400,800,600
01/01/17,191,Ichoda,24,Echoda,25,Cotton,25,Common,2296,5000,5150,5000
01/01/17,199,Mancherial,18,Mancherial,25,Cotton,25,Common,255,4160,4160,4160
01/01/17,307,Makthal,1345,Makthal,15,"Red Gram",15,Common,323.5,5050,5050,5050
01/01/17,323,Gaddiannaram,1,Gaddiannaram,79,Orange,79,Common,663.2,500,2500,1562.5
01/01/17,367,Gudimalkapur,1571,Gudumalkapur,99,Cauliflower,99,Common,63,300,800,500
01/01/17,324,Bowenpally,3,Bowenpally,98,Cabbage,98,Common,778,200,400,300
01/01/17,323,Gaddiannaram,2,"L.B Nagar",101,"Beet Root",101,Common,2,400,400,400
01/01/17,325,Hyderabad,6,Madannapeta,101,"Beet Root",101,Common,7,800,800,800
01/01/17,200,Nirmal,17,Nirmal,25,Cotton,25,Common,563,5000,5125,5000
01/01/17,317,Pargi,39,Pargi,5,Maize,5,Common,1695,1440,1460,1450
01/01/17,331,Vantimamidi,1612,Vantimamidi,112,"Ladys Finger",112,Common,15,1500,2100,1800
01/01/17,331,Vantimamidi,1612,Vantimamidi,112,"Ladys Finger",112,Common,15,1500,2100,1800
01/01/17,324,Bowenpally,3,Bowenpally,99,Cauliflower,99,Common,296,200,1000,800
01/01/17,325,Hyderabad,6,Madannapeta,103,Carrot,103,Common,15,800,1000,900
01/01/17,323,Gaddiannaram,2,"L.B Nagar",103,Carrot,103,Common,26,500,800,650
01/01/17,367,Gudimalkapur,1571,Gudumalkapur,101,"Beet Root",101,Common,25,400,600,500
01/01/17,325,Hyderabad,7,Meeralamandi,111,Brinjal,111,Common,3,600,800,700
01/01/17,217,Husnabad,1127,Husnabad,15,"Red Gram",15,Common,3,5050,5050,5050
01/01/17,284,Jogipet,1208,Jogipet,5,Maize,5,Common,1,1320,1350,1335
01/01/17,325,Hyderabad,7,Meeralamandi,112,"Ladys Finger",112,Common,2,1600,1800,1700
01/01/17,331,Vantimamidi,1612,Vantimamidi,113,"Green Chillies",113,Common,2,600,1000,800
01/01/17,331,Vantimamidi,1612,Vantimamidi,113,"Green Chillies",113,Common,2,600,1000,800
01/01/17,323,Gaddiannaram,2,"L.B Nagar",105,Potato,105,Common,111,600,700,650
01/01/17,325,Hyderabad,6,Madannapeta,105,Potato,105,Common,155,800,800,800
01/01/17,323,Gaddiannaram,1,Gaddiannaram,81,Grapes,81,Common,2403,1250,3750,2500
01/01/17,324,Bowenpally,3,Bowenpally,101,"Beet Root",101,Common,395,200,800,600
01/01/17,313,Ibrahimpatnam,42,Ibrahimpatnam,111,Brinjal,111,Common,7,1000,1200,1100
01/01/17,313,Ibrahimpatnam,42,Ibrahimpatnam,112,"Ladys Finger",112,Common,5,1500,1700,1600
01/01/17,325,Hyderabad,7,Meeralamandi,113,"Green Chillies",113,Common,4,800,1000,900
01/01/17,325,Hyderabad,6,Madannapeta,106,ColaCasio(Arvi),106,Common,1,1600,1600,1600
01/01/17,323,Gaddiannaram,1,Gaddiannaram,82,Pomegrenates,82,Common,7.8,1500,5500,3750
01/01/17,367,Gudimalkapur,1571,Gudumalkapur,103,Carrot,103,Common,76,200,600,400
01/01/17,324,Bowenpally,3,Bowenpally,102,Radish,102,Common,76,300,600,500
01/01/17,196,Khanapur,20,Khanpur,25,Cotton,25,Common,49,4900,5000,4950
01/01/17,331,Vantimamidi,1612,Vantimamidi,116,"French Beans",116,Common,165,1000,1700,1300
01/01/17,331,Vantimamidi,1612,Vantimamidi,116,"French Beans",116,Common,165,1000,1700,1300
01/01/17,313,Ibrahimpatnam,42,Ibrahimpatnam,113,"Green Chillies",113,Common,5,1200,1400,1300
01/01/17,325,Hyderabad,7,Meeralamandi,114,Tomato,114,Common,10,240,320,280
01/01/17,367,Gudimalkapur,1571,Gudumalkapur,105,Potato,105,Common,245,400,700,500
01/01/17,323,Gaddiannaram,1,Gaddiannaram,84,Sapota,84,Common,73,400,800,600
01/01/17,322,Chevella,46,Chevella,98,Cabbage,98,Common,4,450,450,450
01/01/17,324,Bowenpally,3,Bowenpally,103,Carrot,103,Common,1610,200,800,600
01/01/17,325,Hyderabad,6,Madannapeta,111,Brinjal,111,Common,32,1200,1200,1200
01/01/17,317,Pargi,39,Pargi,14,"Bengal Gram",14,Common,986,4570,4830,4700
01/01/17,331,Vantimamidi,1612,Vantimamidi,118,"Field Beans",118,Common,117,700,1200,900
01/01/17,331,Vantimamidi,1612,Vantimamidi,118,"Field Beans",118,Common,117,700,1200,900
01/01/17,325,Hyderabad,6,Madannapeta,112,"Ladys Finger",112,Common,28,2000,2000,2000
01/01/17,313,Ibrahimpatnam,42,Ibrahimpatnam,114,Tomato,197,Local,30,300,400,200
01/01/17,324,Bowenpally,3,Bowenpally,105,Potato,105,Common,2514,400,1200,1000
01/01/17,367,Gudimalkapur,1571,Gudumalkapur,106,ColaCasio(Arvi),106,Common,35,1000,1500,1200
01/01/17,322,Chevella,46,Chevella,99,Cauliflower,99,Common,5,500,500,500
01/01/17,284,Jogipet,1208,Jogipet,15,"Red Gram",15,Common,13,3850,4200,4025
01/01/17,331,Vantimamidi,1612,Vantimamidi,122,"Bottle Gourd",122,Common,35,400,600,500
01/01/17,331,Vantimamidi,1612,Vantimamidi,122,"Bottle Gourd",122,Common,35,400,600,500
01/01/17,325,Hyderabad,6,Madannapeta,113,"Green Chillies",113,Common,53,1200,1200,1200
01/01/17,324,Bowenpally,3,Bowenpally,106,ColaCasio(Arvi),106,Common,55,1000,2000,1800
01/01/17,367,Gudimalkapur,1571,Gudumalkapur,107,"Sweet Potato",107,Common,20,400,700,500
01/01/17,323,Gaddiannaram,1,Gaddiannaram,86,"Water Melon",86,Common,400,200,600,300
01/01/17,310,Shadnagar,1330,Shadnagar,98,Cabbage,98,Common,10,600,600,600
01/01/17,303,Kalwakurthy,1340,Kalwakurthy,98,Cabbage,98,Common,1,600,600,600
01/01/17,322,Chevella,46,Chevella,111,Brinjal,111,Common,1,400,400,400
01/01/17,323,Gaddiannaram,2,"L.B Nagar",111,Brinjal,111,Common,16,500,600,550
01/01/17,331,Vantimamidi,1612,Vantimamidi,123,"Ribbed Gourd",123,Common,55,1500,2200,2000
01/01/17,331,Vantimamidi,1612,Vantimamidi,123,"Ribbed Gourd",123,Common,55,1500,2200,2000
01/01/17,323,Gaddiannaram,2,"L.B Nagar",112,"Ladys Finger",112,Common,42,800,1200,1000
01/01/17,322,Chevella,46,Chevella,113,"Green Chillies",113,Common,2,900,900,900
01/01/17,325,Hyderabad,6,Madannapeta,114,Tomato,114,Common,240,320,400,360
01/01/17,324,Bowenpally,3,Bowenpally,107,"Sweet Potato",107,Common,43,500,800,700
01/01/17,323,Gaddiannaram,1,Gaddiannaram,87,"Pine apple",87,Common,320,400,1600,640
01/01/17,310,Shadnagar,1330,Shadnagar,103,Carrot,103,Common,5,400,400,400
01/01/17,331,Vantimamidi,1612,Vantimamidi,125,"Bitter Gourd",125,Common,43,1400,1800,1600
01/01/17,331,Vantimamidi,1612,Vantimamidi,125,"Bitter Gourd",125,Common,43,1400,1800,1600
01/01/17,367,Gudimalkapur,1571,Gudumalkapur,110,"Green Onion",110,Common,9,400,600,500
01/01/17,323,Gaddiannaram,2,"L.B Nagar",113,"Green Chillies",113,Common,93,600,1000,800
01/01/17,322,Chevella,46,Chevella,114,Tomato,197,Local,30,300,300,300
01/01/17,303,Kalwakurthy,1340,Kalwakurthy,111,Brinjal,111,Common,4,500,700,600
01/01/17,310,Shadnagar,1330,Shadnagar,111,Brinjal,111,Common,10,600,800,700
01/01/17,331,Vantimamidi,1612,Vantimamidi,129,Cucumber,129,Common,57,1000,1400,1200
01/01/17,331,Vantimamidi,1612,Vantimamidi,129,Cucumber,129,Common,57,1000,1400,1200
01/01/17,325,Hyderabad,6,Madannapeta,116,"French Beans",116,Common,8,1600,2000,1800
01/01/17,324,Bowenpally,3,Bowenpally,110,"Green Onion",110,Common,35,400,1000,800
01/01/17,303,Kalwakurthy,1340,Kalwakurthy,112,"Ladys Finger",112,Common,3,1200,2000,1600
01/01/17,310,Shadnagar,1330,Shadnagar,112,"Ladys Finger",112,Common,5,1700,1800,1600
01/01/17,323,Gaddiannaram,1,Gaddiannaram,89,Papaya,89,Common,200,300,800,500
01/01/17,367,Gudimalkapur,1571,Gudumalkapur,111,Brinjal,279,Round,54,300,800,500
01/01/17,284,Jogipet,1208,Jogipet,25,Cotton,25,Common,1,4900,4900,4900
01/01/17,331,Vantimamidi,1612,Vantimamidi,155,Donda,155,Common,2,1000,1000,1000
01/01/17,331,Vantimamidi,1612,Vantimamidi,155,Donda,155,Common,2,1000,1000,1000
01/01/17,325,Hyderabad,6,Madannapeta,117,"Cluster Beans",117,Common,13,2000,2000,2000
01/01/17,323,Gaddiannaram,2,"L.B Nagar",116,"French Beans",116,Common,9,1000,1500,1250
01/01/17,367,Gudimalkapur,1571,Gudumalkapur,112,"Ladys Finger",112,Common,97,500,1500,1000
01/01/17,310,Shadnagar,1330,Shadnagar,113,"Green Chillies",113,Common,8,1300,1400,1200
01/01/17,303,Kalwakurthy,1340,Kalwakurthy,113,"Green Chillies",113,Common,5,1100,1620,1360
01/01/17,331,Vantimamidi,1612,Vantimamidi,195,Lobha,199,Common,2,1000,1000,1000
01/01/17,331,Vantimamidi,1612,Vantimamidi,195,Lobha,199,Common,2,1000,1000,1000
01/01/17,323,Gaddiannaram,1,Gaddiannaram,90,Guava,90,Common,7.5,666,1666,1200
01/01/17,324,Bowenpally,3,Bowenpally,111,Brinjal,278,Kalyani,200,300,800,600
01/01/17,323,Gaddiannaram,2,"L.B Nagar",117,"Cluster Beans",117,Common,12,800,1500,1150
01/01/17,325,Hyderabad,6,Madannapeta,118,"Field Beans",118,Common,23,1200,1600,1400
01/01/17,367,Gudimalkapur,1571,Gudumalkapur,113,"Green Chillies",113,Common,377,600,1000,800
01/01/17,303,Kalwakurthy,1340,Kalwakurthy,114,Tomato,197,Local,25,150,350,250
01/01/17,310,Shadnagar,1330,Shadnagar,114,Tomato,197,Local,10,300,400,200
01/01/17,323,Gaddiannaram,1,Gaddiannaram,91,Ber,91,Common,206.5,500,1000,800
01/01/17,324,Bowenpally,3,Bowenpally,111,Brinjal,279,Round,201,600,1200,1000
01/01/17,323,Gaddiannaram,2,"L.B Nagar",118,"Field Beans",118,Common,27,800,1200,1000
01/01/17,325,Hyderabad,6,Madannapeta,122,"Bottle Gourd",122,Common,11,400,400,400
01/01/17,324,Bowenpally,3,Bowenpally,112,"Ladys Finger",112,Common,270,600,2200,1800
01/01/17,367,Gudimalkapur,1571,Gudumalkapur,114,Tomato,114,Common,720,100,300,200
01/01/17,323,Gaddiannaram,2,"L.B Nagar",121,"Snake Gourd",121,Common,5,300,500,400
01/01/17,325,Hyderabad,6,Madannapeta,123,"Ribbed Gourd",123,Common,12,1500,2000,1800
01/01/17,331,Vantimamidi,1612,Vantimamidi,234,"Sweet Corn",280,Local,14,800,1000,800
01/01/17,331,Vantimamidi,1612,Vantimamidi,234,"Sweet Corn",280,Local,14,800,1000,800
01/01/17,310,Shadnagar,1330,Shadnagar,199,Capsicum,204,Common,2,1200,1200,1200
01/01/17,324,Bowenpally,3,Bowenpally,113,"Green Chillies",113,Common,678,600,1200,1000
01/01/17,367,Gudimalkapur,1571,Gudumalkapur,115,"Green Peas",115,Common,73,1200,1800,1500
01/01/17,325,Hyderabad,6,Madannapeta,125,"Bitter Gourd",125,Common,20,1500,1500,1500
01/01/17,323,Gaddiannaram,2,"L.B Nagar",122,"Bottle Gourd",122,Common,39,400,800,600
01/01/17,324,Bowenpally,3,Bowenpally,114,Tomato,210,618,2163,200,800,600
01/01/17,284,Jogipet,1208,Jogipet,55,Onions,55,Common,1,520,520,520
01/01/17,323,Gaddiannaram,1,Gaddiannaram,97,Apple,97,Common,401.44,2187,7500,3750
01/01/17,325,Hyderabad,6,Madannapeta,127,Kheera,127,Common,10,1250,1250,1250
01/01/17,325,Hyderabad,7,Meeralamandi,151,Lemon,151,Common,70,200,1200,700
01/01/17,367,Gudimalkapur,1571,Gudumalkapur,116,"French Beans",116,Common,77,800,1500,1100
01/01/17,323,Gaddiannaram,2,"L.B Nagar",123,"Ribbed Gourd",123,Common,43,1000,1500,1250
01/01/17,324,Bowenpally,3,Bowenpally,115,"Green Peas",115,Common,931,1000,1500,1400
01/01/17,303,Kalwakurthy,1340,Kalwakurthy,125,"Bitter Gourd",125,Common,2,2100,2200,2150
01/01/17,323,Gaddiannaram,2,"L.B Nagar",125,"Bitter Gourd",125,Common,5,300,500,400
01/01/17,325,Hyderabad,6,Madannapeta,129,Cucumber,129,Common,30,1000,1000,1000
01/01/17,367,Gudimalkapur,1571,Gudumalkapur,117,"Cluster Beans",117,Common,49,1000,1500,1200
01/01/17,303,Kalwakurthy,1340,Kalwakurthy,129,Cucumber,129,Common,2,1650,1650,1650
01/01/17,324,Bowenpally,3,Bowenpally,116,"French Beans",116,Common,432,1000,2300,2000
01/01/17,367,Gudimalkapur,1571,Gudumalkapur,118,"Field Beans",118,Common,97,600,1000,800
01/01/17,323,Gaddiannaram,2,"L.B Nagar",129,Cucumber,129,Common,30,800,1000,900
01/01/17,324,Bowenpally,3,Bowenpally,117,"Cluster Beans",117,Common,49,800,1800,1600
01/01/17,324,Bowenpally,3,Bowenpally,118,"Field Beans",118,Common,387,500,1200,1000
01/01/17,367,Gudimalkapur,1571,Gudumalkapur,122,"Bottle Gourd",122,Common,106,300,500,400
01/01/17,323,Gaddiannaram,1,Gaddiannaram,201,Nashpati(Pear),207,Common,5.4,3333,10000,5000
01/01/17,325,Hyderabad,6,Madannapeta,155,Donda,155,Common,15,1200,1200,1200
01/01/17,324,Bowenpally,3,Bowenpally,121,"Snake Gourd",121,Common,16,300,1000,800
01/01/17,367,Gudimalkapur,1571,Gudumalkapur,123,"Ribbed Gourd",123,Common,32,1000,1500,1200
01/01/17,367,Gudimalkapur,1571,Gudumalkapur,125,"Bitter Gourd",125,Common,39,1000,1500,1200
01/01/17,323,Gaddiannaram,2,"L.B Nagar",155,Donda,155,Common,19,800,1000,900
01/01/17,324,Bowenpally,3,Bowenpally,122,"Bottle Gourd",122,Common,210,400,1000,800
01/01/17,325,Hyderabad,6,Madannapeta,199,Capsicum,204,Common,25,1000,1000,1000
01/01/17,323,Gaddiannaram,2,"L.B Nagar",198,"Arati-Green Plantain",203,Common,6,1200,1800,1500
01/01/17,367,Gudimalkapur,1571,Gudumalkapur,127,Kheera,127,Common,51,800,1200,1000
01/01/17,324,Bowenpally,3,Bowenpally,123,"Ribbed Gourd",123,Common,153,1000,2500,2200
01/01/17,324,Bowenpally,3,Bowenpally,125,"Bitter Gourd",125,Common,120,1000,1800,1600
01/01/17,323,Gaddiannaram,2,"L.B Nagar",199,Capsicum,204,Common,9,600,1000,800
01/01/17,324,Bowenpally,3,Bowenpally,127,Kheera,127,Common,341,600,1400,1200
01/01/17,367,Gudimalkapur,1571,Gudumalkapur,129,Cucumber,129,Common,15,600,800,700
01/01/17,324,Bowenpally,3,Bowenpally,128,Pumpkin,128,Common,200,500,1200,1000
01/01/17,324,Bowenpally,3,Bowenpally,129,Cucumber,129,Common,81,600,1200,1000
01/01/17,367,Gudimalkapur,1571,Gudumalkapur,147,"Green Tamarind",147,Common,1,2000,2000,2000
01/01/17,324,Bowenpally,3,Bowenpally,130,Drumstick,130,Common,19,4000,6000,5500
01/01/17,367,Gudimalkapur,1571,Gudumalkapur,155,Donda,155,Common,60,800,1300,1000
01/01/17,367,Gudimalkapur,1571,Gudumalkapur,156,"Hari Boot",156,Common,22,800,1100,900
01/01/17,324,Bowenpally,3,Bowenpally,148,"Culinery Banana",148,Common,250,200,500,400
01/01/17,367,Gudimalkapur,1571,Gudumalkapur,198,"Arati-Green Plantain",203,Common,8,1500,2500,2000
01/01/17,324,Bowenpally,3,Bowenpally,155,Donda,155,Common,316,800,1600,1400
01/01/17,324,Bowenpally,3,Bowenpally,195,Lobha,199,Common,10,600,1200,1000
01/01/17,367,Gudimalkapur,1571,Gudumalkapur,199,Capsicum,204,Common,60,600,1000,800
01/01/17,324,Bowenpally,3,Bowenpally,197,"Green Mangos",202,Common,33,800,1200,1000
01/01/17,367,Gudimalkapur,1571,Gudumalkapur,212,Gajar,211,Common,50,100,1200,600
01/01/17,324,Bowenpally,3,Bowenpally,199,Capsicum,204,Common,563,600,1200,1000
01/01/17,324,Bowenpally,3,Bowenpally,200,ChowChow,205,Common,39,600,600,600
01/01/17,324,Bowenpally,3,Bowenpally,209,"Green Chillies (Bold)",209,common,400,800,1600,1400
02/01/17,325,Hyderabad,5,Mahabubmansion,54,Chillies(Dry),219,No.I,372,9000,11800,10000
02/01/17,367,Gudimalkapur,1571,Gudumalkapur,55,Onions,55,Common,299,400,800,600
02/01/17,323,Gaddiannaram,2,"L.B Nagar",98,Cabbage,98,Common,105,200,500,350
02/01/17,325,Hyderabad,6,Madannapeta,98,Cabbage,98,Common,41,400,600,500
02/01/17,331,Vantimamidi,1612,Vantimamidi,98,Cabbage,98,Common,72,300,400,380
02/01/17,227,Peddapally,1122,Peddapally,25,Cotton,25,Common,447.3,4950,5180,5050
02/01/17,187,Asifabad,1570,Wankidi,25,Cotton,25,Common,706,5000,5100,5030
02/01/17,254,Enkoor,1589,Julurupadu,25,Cotton,25,Common,283,4800,5160,5000
02/01/17,189,Boath,12,Boath,25,Cotton,25,Common,3448,5000,5100,5100
02/01/17,190,Chennur,21,Chennur,25,Cotton,25,Common,433,4700,4850,4800
02/01/17,198,Luxettipet,27,Luxettipet,25,Cotton,25,Common,310,4950,5050,5000
02/01/17,197,Kubeer,29,Kubeer,25,Cotton,25,Common,525.92,5170,5170,5170
02/01/17,279,Thirumalagiri,9,Tirmalagiri,1,Paddy,237,Grade-A(IR64),235,1339,1483,1429
02/01/17,246,Warangal,886,Warangal,1,Paddy,1,Common,616,1400,1420,1420
02/01/17,278,Suryapet,1091,Suryapet,1,Paddy,237,Grade-A(IR64),657,1109,1538,1511
02/01/17,264,Bhongir,1100,Bhongir,1,Paddy,237,Grade-A(IR64),18,1220,1280,1280
02/01/17,222,Karimnagar,1121,Karimnagar,1,Paddy,237,Grade-A(IR64),114,1470,1481,1481
02/01/17,217,Husnabad,1127,Husnabad,1,Paddy,270,"Grade-A (1010)",160,1470,1510,1510
02/01/17,213,Dharmapuri,1129,Dharmapuri,1,Paddy,195,Grade-A,126,1510,1510,1510
02/01/17,214,Dharmaram,1130,Dharmaram,1,Paddy,195,Grade-A,250,1510,1510,1510
02/01/17,220,Mallial,1131,Mallial,1,Paddy,195,Grade-A,52,1510,1510,1510
02/01/17,216,Gollapalli,1138,Gollapalli,1,Paddy,195,Grade-A,150,1510,1510,1510
02/01/17,239,Kesamudram,1168,Kesamudram,1,Paddy,240,"Common (1001)",1,1501,1501,1501
02/01/17,290,Siddipet,1193,Siddipet,1,Paddy,237,Grade-A(IR64),64,1510,1510,1510
02/01/17,306,Mahbubnagar,1326,Mahaboobnagar,1,Paddy,271,"Common (Hamsa)",106,1435,1587,1491
02/01/17,300,Badepally,1327,Badepally,1,Paddy,1,Common,239,1526,1839,1709
02/01/17,302,Gadwal,1328,Gadwal,1,Paddy,271,"Common (Hamsa)",195,1099,1369,1219
02/01/17,309,Narayanpet,1342,Narayanpet,1,Paddy,271,"Common (Hamsa)",89,1431,1611,1520
02/01/17,329,Navabpet,1483,Navabpet,1,Paddy,271,"Common (Hamsa)",919,1426,1467,1446
02/01/17,220,Mallial,1576,Cheppial,1,Paddy,237,Grade-A(IR64),52,1510,1510,1510
02/01/17,312,"Wanaparthy Town",1344,W.P.Town,1,Paddy,271,"Common (Hamsa)",58,1366,1720,1423
02/01/17,296,Achampet,1337,Achampet,5,Maize,5,Common,3,1063,1063,1063
02/01/17,292,Zaheerabad,1198,Zaheerabad,5,Maize,5,Common,185,1240,1375,1307
02/01/17,331,Vantimamidi,1612,Vantimamidi,105,Potato,105,Common,498,500,650,620
02/01/17,324,Bowenpally,3,Bowenpally,55,Onions,55,Common,487,300,1100,800
02/01/17,325,Hyderabad,5,Mahabubmansion,54,Chillies(Dry),220,No.II,558,4000,8000,7000
02/01/17,206,Kamareddy,1082,Kamareddy,75,Soyabean,214,Yellow,200,2775,2775,2775
02/01/17,323,Gaddiannaram,1,Gaddiannaram,77,Mosambi,77,Common,760,600,1750,1250
02/01/17,367,Gudimalkapur,1571,Gudumalkapur,98,Cabbage,98,Common,179,300,400,300
02/01/17,325,Hyderabad,6,Madannapeta,99,Cauliflower,99,Common,13,1050,1050,1050
02/01/17,323,Gaddiannaram,2,"L.B Nagar",99,Cauliflower,99,Common,44,400,800,600
02/01/17,193,Inderavally,15,Indravally,25,Cotton,25,Common,689.25,5049,5100,5100
02/01/17,199,Mancherial,18,Mancherial,25,Cotton,25,Common,365,4160,4160,4160
02/01/17,248,Nekkonda,1192,Nekkonda,25,Cotton,25,Common,28,4950,5020,4980
02/01/17,207,Madnoor,1083,Madnoor,25,Cotton,25,Common,290,5366,5420,5390
02/01/17,192,Jainath,1567,Bela,25,Cotton,25,Common,801,5118,5170,5066
02/01/17,299,Atmakur,1343,Atmakur,15,"Red Gram",15,Common,12,4240,4457,4360
02/01/17,299,Atmakur,1343,Atmakur,15,"Red Gram",15,Common,33,5050,5050,5050
02/01/17,307,Makthal,1345,Makthal,15,"Red Gram",15,Common,734.5,5050,5050,5050
02/01/17,312,"Wanaparthy Town",1344,W.P.Town,1,Paddy,272,"Grade-A (Sonamasuri)",221,1436,1801,1670
02/01/17,301,Devarakadra,1352,Devarakadra,1,Paddy,272,"Grade-A (Sonamasuri)",48,1529,1590,1560
02/01/17,329,Navabpet,1483,Navabpet,1,Paddy,272,"Grade-A (Sonamasuri)",166,1456,1822,1639
02/01/17,309,Narayanpet,1342,Narayanpet,1,Paddy,272,"Grade-A (Sonamasuri)",175,1460,1875,1640
02/01/17,302,Gadwal,1328,Gadwal,1,Paddy,272,"Grade-A (Sonamasuri)",898,1401,1842,1756
02/01/17,300,Badepally,1327,Badepally,1,Paddy,195,Grade-A,86,1251,1428,1309
02/01/17,306,Mahbubnagar,1326,Mahaboobnagar,1,Paddy,272,"Grade-A (Sonamasuri)",68,1562,1867,1690
02/01/17,239,Kesamudram,1168,Kesamudram,1,Paddy,241,"Grade-A (Jai Sri Ram)",221,1892,2012,1917
02/01/17,238,Jangoan,1169,Jangaon,1,Paddy,237,Grade-A(IR64),34,1300,1375,1330
02/01/17,210,Varni,1087,Varni,1,Paddy,238,"Grade-A (BPT)",2000,1510,1510,1510
02/01/17,235,Ibrahimpatnam,1143,Ibrahimpatnam,1,Paddy,270,"Grade-A (1010)",155,1510,1510,1510
02/01/17,275,Nalgonda,1097,Nalgonda,1,Paddy,245,"Common (Swarna)",186,1470,1470,1470
02/01/17,246,Warangal,886,Warangal,1,Paddy,195,Grade-A,347,1560,1725,1600
02/01/17,279,Thirumalagiri,9,Tirmalagiri,1,Paddy,240,"Common (1001)",125,1155,1479,1389
02/01/17,283,Gajwel,1201,Gajwel,5,Maize,5,Common,117.92,1420,1460,1435
02/01/17,349,Bicknoor,1623,Bicknoor,5,Maize,5,Common,317,1400,1400,1400
02/01/17,325,Hyderabad,7,Meeralamandi,105,Potato,105,Common,25,500,700,600
02/01/17,325,Hyderabad,5,Mahabubmansion,55,Onions,217,No.I,3152,600,1100,700
02/01/17,323,Gaddiannaram,1,Gaddiannaram,79,Orange,79,Common,824.6,500,2625,1625
02/01/17,367,Gudimalkapur,1571,Gudumalkapur,99,Cauliflower,99,Common,132,400,1200,800
02/01/17,324,Bowenpally,3,Bowenpally,98,Cabbage,98,Common,533,200,500,400
02/01/17,323,Gaddiannaram,2,"L.B Nagar",101,"Beet Root",101,Common,7,500,800,650
02/01/17,325,Hyderabad,6,Madannapeta,101,"Beet Root",101,Common,2,800,800,800
02/01/17,331,Vantimamidi,1612,Vantimamidi,111,Brinjal,111,Common,68,600,1400,1000
02/01/17,283,Gajwel,1201,Gajwel,25,Cotton,25,Common,134.18,4900,5370,5200
02/01/17,249,Athmakur,1175,Atmakur(Gudepahad),25,Cotton,25,Common,8.74,5050,5150,5100
02/01/17,332,Bellampally,1568,Bellampally,25,Cotton,25,Common,1085,5000,5200,5100
02/01/17,244,Parkal,1181,Parkal,25,Cotton,25,Common,18,4600,4850,4700
02/01/17,187,Asifabad,13,Asifabad,25,Cotton,25,Common,3050,5000,5100,5050
02/01/17,254,Enkoor,1078,Enkoor,25,Cotton,25,Common,83,4700,4900,4800
02/01/17,186,Adilabad,10,Adilabad,25,Cotton,25,Common,12486,5049,5170,5170
02/01/17,301,Devarakadra,1352,Devarakadra,15,"Red Gram",15,Common,43,3629,4460,4045
02/01/17,208,Nizamabad,1080,Nizamabad,1,Paddy,270,"Grade-A (1010)",532,1251,1501,1455
02/01/17,275,Nalgonda,1097,Nalgonda,1,Paddy,270,"Grade-A (1010)",168,1510,1510,1510
02/01/17,225,Manthani,1132,Manthani,1,Paddy,270,"Grade-A (1010)",240,1510,1510,1510
02/01/17,219,Jagtial,1125,Jagtial,1,Paddy,238,"Grade-A (BPT)",11,1550,1601,1601
02/01/17,241,Mahabubabad,1177,Mahabubabad,1,Paddy,247,"Grade-A (Samba Masuri)",299,1589,1735,1619
02/01/17,238,Jangoan,1169,Jangaon,1,Paddy,245,"Common (Swarna)",29,1200,1350,1350
02/01/17,239,Kesamudram,1168,Kesamudram,1,Paddy,256,"Grade-A (RNR)",356,1778,1980,1877
02/01/17,306,Mahbubnagar,1326,Mahaboobnagar,1,Paddy,277,"Grade-A (Chittymuthyalu)",41,1475,2585,2403
02/01/17,308,Nagarkurnool,1334,Nagarkurnool,1,Paddy,272,"Grade-A (Sonamasuri)",4,1575,1575,1575
02/01/17,243,Narsampet,1176,Narsampet,5,Maize,5,Common,87,1400,1408,1408
02/01/17,246,Warangal,886,Warangal,5,Maize,5,Common,27,1361,1413,1402
02/01/17,317,Pargi,39,Pargi,5,Maize,5,Common,1,1440,1440,1440
02/01/17,329,Navabpet,1483,Navabpet,5,Maize,5,Common,8,1384,1429,1406
02/01/17,289,Sadasivpet,1200,Sadasivapet,5,Maize,5,Common,121,1420,1437,1430
02/01/17,310,Shadnagar,1330,Shadnagar,5,Maize,5,Common,1505,1400,1460,1380
02/01/17,300,Badepally,1327,Badepally,5,Maize,5,Common,266,1420,1446,1430
02/01/17,331,Vantimamidi,1612,Vantimamidi,112,"Ladys Finger",112,Common,25,1500,2200,2000
02/01/17,325,Hyderabad,5,Mahabubmansion,55,Onions,218,No.II,4729,200,600,400
02/01/17,324,Bowenpally,3,Bowenpally,99,Cauliflower,99,Common,338,300,1000,800
02/01/17,323,Gaddiannaram,2,"L.B Nagar",103,Carrot,103,Common,33,500,800,650
02/01/17,325,Hyderabad,6,Madannapeta,103,Carrot,103,Common,13,750,750,750
02/01/17,367,Gudimalkapur,1571,Gudumalkapur,101,"Beet Root",101,Common,32,400,600,500
02/01/17,325,Hyderabad,7,Meeralamandi,111,Brinjal,111,Common,3,800,1000,900
02/01/17,201,Sarangapur,25,Sarangapur,25,Cotton,25,Common,341.62,4975,5100,5000
02/01/17,243,Narsampet,1176,Narsampet,25,Cotton,25,Common,203,4800,5105,5075
02/01/17,296,Achampet,1337,Achampet,15,"Red Gram",15,Common,32,4109,4165,4128
02/01/17,302,Gadwal,1328,Gadwal,15,"Red Gram",15,Common,581,3806,4521,4411
02/01/17,302,Gadwal,1328,Gadwal,15,"Red Gram",15,Common,98,5050,5050,5050
02/01/17,246,Warangal,886,Warangal,15,"Red Gram",15,Common,28,4011,4185,4156
02/01/17,290,Siddipet,1193,Siddipet,1,Paddy,245,"Common (Swarna)",73.6,1470,1470,1470
02/01/17,238,Jangoan,1169,Jangaon,1,Paddy,255,"Grade-A (Vijayamasoori)",17,1470,1550,1475
02/01/17,212,Choppadandi,1123,Choppadandi,1,Paddy,238,"Grade-A (BPT)",98,1511,1631,1631
02/01/17,208,Nizamabad,1080,Nizamabad,1,Paddy,274,"Common (HMT)",167,1555,1815,1680
02/01/17,278,Suryapet,1091,Suryapet,1,Paddy,247,"Grade-A (Samba Masuri)",1383,1209,1872,1759
02/01/17,308,Nagarkurnool,1334,Nagarkurnool,5,Maize,5,Common,2,1386,1386,1386
02/01/17,312,"Wanaparthy Town",1344,W.P.Town,5,Maize,5,Common,20,1421,1421,1421
02/01/17,300,Badepally,1327,Badepally,6,Jowar,6,Common,4,1209,1209,1209
02/01/17,325,Hyderabad,7,Meeralamandi,112,"Ladys Finger",112,Common,3,1800,2000,1900
02/01/17,331,Vantimamidi,1612,Vantimamidi,113,"Green Chillies",113,Common,2,1000,1000,1000
02/01/17,323,Gaddiannaram,2,"L.B Nagar",105,Potato,105,Common,86,500,800,650
02/01/17,325,Hyderabad,6,Madannapeta,105,Potato,105,Common,35,800,1000,900
02/01/17,186,Adilabad,10,Adilabad,75,Soyabean,213,White,113,2400,2850,2800
02/01/17,323,Gaddiannaram,1,Gaddiannaram,81,Grapes,81,Common,396.69,1428.57,3571.4,2142.86
02/01/17,324,Bowenpally,3,Bowenpally,101,"Beet Root",101,Common,266,200,800,600
02/01/17,313,Ibrahimpatnam,42,Ibrahimpatnam,111,Brinjal,111,Common,8,1000,1200,1100
02/01/17,188,Bhainsa,11,Bhainsa,25,Cotton,25,Common,7065.53,4950,5170,5050
02/01/17,302,Gadwal,1328,Gadwal,25,Cotton,25,Common,370,4769,5336,5034
02/01/17,301,Devarakadra,1352,Devarakadra,31,Castor,31,Common,51,3129,3221,3175
02/01/17,320,Tandur,37,Tandur,15,"Red Gram",15,Common,4390,4600,4900,4800
02/01/17,320,Tandur,37,Tandur,15,"Red Gram",15,Common,672.5,5050,5050,5050
02/01/17,237,Ghanpur,1188,Ghanpur,15,"Red Gram",15,Common,8,4100,4100,4100
02/01/17,292,Zaheerabad,1198,Zaheerabad,15,"Red Gram",15,Common,214,4100,4860,4480
02/01/17,309,Narayanpet,1342,Narayanpet,15,"Red Gram",15,Common,3551,4020,5209,4750
02/01/17,309,Narayanpet,1342,Narayanpet,15,"Red Gram",15,Common,931.5,5050,5050,5050
02/01/17,278,Suryapet,1091,Suryapet,1,Paddy,256,"Grade-A (RNR)",249,1589,1849,1669
02/01/17,279,Thirumalagiri,9,Tirmalagiri,1,Paddy,245,"Common (Swarna)",54,1379,1479,1469
02/01/17,212,Choppadandi,1123,Choppadandi,1,Paddy,240,"Common (1001)",7,1411,1411,1411
02/01/17,219,Jagtial,1125,Jagtial,1,Paddy,241,"Grade-A (Jai Sri Ram)",386,1550,1823,1798
02/01/17,239,Kesamudram,1168,Kesamudram,1,Paddy,272,"Grade-A (Sonamasuri)",794,1568,1859,1772
02/01/17,208,Nizamabad,1080,Nizamabad,5,Maize,215,"Hybrid New",3,0,1321,0
02/01/17,306,Mahbubnagar,1326,Mahaboobnagar,6,Jowar,6,Common,5,1080,1161,1161
02/01/17,300,Badepally,1327,Badepally,8,Ragi,8,Common,1,2529,2529,2529
02/01/17,329,Navabpet,1483,Navabpet,8,Ragi,8,Common,63,1310,2618,1964
02/01/17,313,Ibrahimpatnam,42,Ibrahimpatnam,112,"Ladys Finger",112,Common,5,2000,2500,2200
02/01/17,325,Hyderabad,7,Meeralamandi,113,"Green Chillies",113,Common,5,1000,1200,1100
02/01/17,188,Bhainsa,11,Bhainsa,75,Soyabean,214,Yellow,165,2496,2846,2700
02/01/17,323,Gaddiannaram,1,Gaddiannaram,82,Pomegrenates,82,Common,617.72,1500,7500,3750
02/01/17,367,Gudimalkapur,1571,Gudumalkapur,103,Carrot,103,Common,145,400,600,500
02/01/17,324,Bowenpally,3,Bowenpally,102,Radish,102,Common,63,300,600,500
02/01/17,196,Khanapur,20,Khanpur,25,Cotton,25,Common,80,4900,5000,4950
02/01/17,221,Jammikunta,36,Jammikunta,25,Cotton,25,Common,719,4000,5270,5150
02/01/17,246,Warangal,886,Warangal,25,Cotton,25,Common,7771,4950,5100,5000
02/01/17,312,"Wanaparthy Town",1344,W.P.Town,30,"Groundnut pods",30,Common,1139,4116,6512,5756
02/01/17,302,Gadwal,1328,Gadwal,30,"Groundnut pods",30,Common,1600,2599,5500,4019
02/01/17,329,Navabpet,1483,Navabpet,15,"Red Gram",15,Common,169,3700,4589,4144
02/01/17,238,Jangoan,1169,Jangaon,15,"Red Gram",15,Common,12,4091,4381,4250
02/01/17,238,Jangoan,1169,Jangaon,15,"Red Gram",15,Common,61,5050,5050,5050
02/01/17,279,Thirumalagiri,9,Tirmalagiri,1,Paddy,247,"Grade-A (Samba Masuri)",746,1426,1933,1892
02/01/17,278,Suryapet,1091,Suryapet,1,Paddy,274,"Common (HMT)",131,1209,1819,1741
02/01/17,239,Kesamudram,1168,Kesamudram,5,Maize,5,Common,170,1414,1438,1433
02/01/17,306,Mahbubnagar,1326,Mahaboobnagar,8,Ragi,8,Common,22,1490,3155,2670
02/01/17,331,Vantimamidi,1612,Vantimamidi,116,"French Beans",116,Common,356,1200,1800,1500
02/01/17,313,Ibrahimpatnam,42,Ibrahimpatnam,113,"Green Chillies",113,Common,5,1600,1800,1700
02/01/17,367,Gudimalkapur,1571,Gudumalkapur,105,Potato,105,Common,1197,500,800,700
02/01/17,325,Hyderabad,5,Mahabubmansion,68,Tamarind,221,No.I,75,7000,9000,8000
02/01/17,323,Gaddiannaram,1,Gaddiannaram,84,Sapota,84,Common,7.5,400,800,600
02/01/17,322,Chevella,46,Chevella,98,Cabbage,98,Common,3,500,500,500
02/01/17,324,Bowenpally,3,Bowenpally,103,Carrot,103,Common,2583,200,800,600
02/01/17,325,Hyderabad,6,Madannapeta,111,Brinjal,111,Common,63,600,1000,800
02/01/17,237,Ghanpur,1188,Ghanpur,25,Cotton,5,Common,48,4200,4900,4850
02/01/17,302,Gadwal,1328,Gadwal,31,Castor,31,Common,165,2889,3139,3042
02/01/17,246,Warangal,886,Warangal,30,"Groundnut pods",30,Common,240,1600,5401,5100
02/01/17,306,Mahbubnagar,1326,Mahaboobnagar,15,"Red Gram",15,Common,31,3821,4260,4225
02/01/17,306,Mahbubnagar,1326,Mahaboobnagar,15,"Red Gram",15,Common,866,5050,5050,5050
02/01/17,289,Sadasivpet,1200,Sadasivapet,15,"Red Gram",15,Common,32,4300,4585,4450
02/01/17,300,Badepally,1327,Badepally,15,"Red Gram",15,Common,706,3805,4640,4689
02/01/17,300,Badepally,1327,Badepally,15,"Red Gram",15,Common,61,5050,5050,5050
02/01/17,239,Kesamudram,1168,Kesamudram,15,"Red Gram",15,Common,1,3511,3511,3511
02/01/17,308,Nagarkurnool,1334,Nagarkurnool,15,"Red Gram",15,Common,46,4300,4686,4551
02/01/17,238,Jangoan,1169,Jangaon,16,"Green Gram",16,Common,1,4180,4180,4180
02/01/17,331,Vantimamidi,1612,Vantimamidi,118,"Field Beans",118,Common,308,600,1200,800
02/01/17,313,Ibrahimpatnam,42,Ibrahimpatnam,114,Tomato,197,Local,35,200,300,250
02/01/17,324,Bowenpally,3,Bowenpally,105,Potato,105,Common,2330,400,1100,800
02/01/17,367,Gudimalkapur,1571,Gudumalkapur,106,ColaCasio(Arvi),106,Common,2,1000,1200,1100
02/01/17,325,Hyderabad,5,Mahabubmansion,68,Tamarind,222,No.II,113,4000,6000,5000
02/01/17,322,Chevella,46,Chevella,99,Cauliflower,99,Common,2,600,600,600
02/01/17,256,Khammam,1067,Khammam,25,Cotton,25,Common,1233,3500,5175,4725
02/01/17,306,Mahbubnagar,1326,Mahaboobnagar,30,"Groundnut pods",30,Common,14,3462,4629,4501
02/01/17,246,Warangal,886,Warangal,32,Gingelly,223,White,2,5889,6019,5889
02/01/17,284,Jogipet,1208,Jogipet,15,"Red Gram",15,Common,6,3700,4050,3875
02/01/17,317,Pargi,39,Pargi,15,"Red Gram",15,Common,1,4600,4600,4600
02/01/17,331,Vantimamidi,1612,Vantimamidi,122,"Bottle Gourd",122,Common,92,400,600,500
02/01/17,325,Hyderabad,6,Madannapeta,113,"Green Chillies",113,Common,19,2000,2000,2000
02/01/17,324,Bowenpally,3,Bowenpally,106,ColaCasio(Arvi),106,Common,161,700,2200,1800
02/01/17,325,Hyderabad,5,Mahabubmansion,105,Potato,105,Common,274,1000,1200,1100
02/01/17,367,Gudimalkapur,1571,Gudumalkapur,107,"Sweet Potato",107,Common,3,300,700,500
02/01/17,323,Gaddiannaram,1,Gaddiannaram,86,"Water Melon",86,Common,240,200,500,300
02/01/17,310,Shadnagar,1330,Shadnagar,98,Cabbage,98,Common,8,600,600,600
02/01/17,322,Chevella,46,Chevella,111,Brinjal,111,Common,1,400,400,400
02/01/17,323,Gaddiannaram,2,"L.B Nagar",111,Brinjal,111,Common,14,500,600,550
02/01/17,241,Mahabubabad,1177,Mahabubabad,25,Cotton,25,Common,83,4985,5230,5165
02/01/17,239,Kesamudram,1168,Kesamudram,25,Cotton,25,Common,246,4970,5220,5180
02/01/17,306,Mahbubnagar,1326,Mahaboobnagar,31,Castor,31,Common,7,3109,3170,3170
02/01/17,219,Jagtial,1125,Jagtial,1,Paddy,270,"Grade-A (1010)",45,1335,1341,1340
02/01/17,290,Siddipet,1193,Siddipet,5,Maize,5,Common,230,1415,1446,1380
02/01/17,232,Medipally,1141,Midipally,5,Maize,5,Common,20,1365,1365,1365
02/01/17,279,Thirumalagiri,9,Tirmalagiri,5,Maize,5,Common,19,898,1392,1362
02/01/17,331,Vantimamidi,1612,Vantimamidi,123,"Ribbed Gourd",123,Common,90,1500,2200,1900
02/01/17,323,Gaddiannaram,2,"L.B Nagar",112,"Ladys Finger",112,Common,14,800,1200,1000
02/01/17,322,Chevella,46,Chevella,113,"Green Chillies",113,Common,3,900,900,900
02/01/17,325,Hyderabad,6,Madannapeta,114,Tomato,114,Common,242,240,400,320
02/01/17,324,Bowenpally,3,Bowenpally,107,"Sweet Potato",107,Common,32,500,1000,800
02/01/17,246,Warangal,886,Warangal,54,Chillies(Dry),219,No.I,1081,9800,11600,11000
02/01/17,323,Gaddiannaram,1,Gaddiannaram,87,"Pine apple",87,Common,160,400,1680,640
02/01/17,310,Shadnagar,1330,Shadnagar,103,Carrot,103,Common,5,400,500,400
02/01/17,239,Kesamudram,1168,Kesamudram,30,"Groundnut pods",30,Common,225,4400,5510,5410
02/01/17,241,Mahabubabad,1177,Mahabubabad,30,"Groundnut pods",30,Common,23,3700,4195,3765
02/01/17,308,Nagarkurnool,1334,Nagarkurnool,31,Castor,31,Common,23,3016,3058,3056
02/01/17,278,Suryapet,1091,Suryapet,15,"Red Gram",15,Common,14,3759,4248,4194
02/01/17,292,Zaheerabad,1198,Zaheerabad,17,"Black Gram",17,Common,22,4000,6400,5200
02/01/17,212,Choppadandi,1123,Choppadandi,1,Paddy,274,"Common (HMT)",33,1719,1749,1719
02/01/17,331,Vantimamidi,1612,Vantimamidi,125,"Bitter Gourd",125,Common,124,1400,1700,1600
02/01/17,367,Gudimalkapur,1571,Gudumalkapur,110,"Green Onion",110,Common,7,500,1200,800
02/01/17,323,Gaddiannaram,2,"L.B Nagar",113,"Green Chillies",113,Common,76,800,1200,1000
02/01/17,322,Chevella,46,Chevella,114,Tomato,197,Local,35,300,300,300
02/01/17,246,Warangal,886,Warangal,54,Chillies(Dry),220,No.II,141,10500,12800,11500
02/01/17,256,Khammam,1067,Khammam,54,Chillies(Dry),219,No.I,1801,10500,11725,11500
02/01/17,310,Shadnagar,1330,Shadnagar,111,Brinjal,111,Common,8,700,800,600
02/01/17,303,Kalwakurthy,1340,Kalwakurthy,111,Brinjal,111,Common,1,800,800,800
02/01/17,278,Suryapet,1091,Suryapet,16,"Green Gram",16,Common,147,3189,4374,4239
02/01/17,212,Choppadandi,1123,Choppadandi,5,Maize,5,Common,25,1361,1425,1422
02/01/17,331,Vantimamidi,1612,Vantimamidi,129,Cucumber,129,Common,122,900,1500,1300
02/01/17,325,Hyderabad,6,Madannapeta,116,"French Beans",116,Common,17,1600,2000,1800
02/01/17,325,Hyderabad,7,Meeralamandi,122,"Bottle Gourd",122,Common,10,400,400,400
02/01/17,324,Bowenpally,3,Bowenpally,110,"Green Onion",110,Common,46,400,1000,800
02/01/17,303,Kalwakurthy,1340,Kalwakurthy,112,"Ladys Finger",112,Common,2,1200,2470,1835
02/01/17,310,Shadnagar,1330,Shadnagar,112,"Ladys Finger",112,Common,2,1700,1800,1600
02/01/17,289,Sadasivpet,1200,Sadasivapet,55,Onions,55,Common,8,426,700,563
02/01/17,256,Khammam,1067,Khammam,54,Chillies(Dry),250,Teja,874,4100,5500,4500
02/01/17,323,Gaddiannaram,1,Gaddiannaram,89,Papaya,89,Common,120,500,1000,600
02/01/17,367,Gudimalkapur,1571,Gudumalkapur,111,Brinjal,279,Round,30,800,1400,1100
02/01/17,284,Jogipet,1208,Jogipet,25,Cotton,25,Common,2,4800,4800,4800
02/01/17,290,Siddipet,1193,Siddipet,15,"Red Gram",15,Common,1,4351,4351,4351
02/01/17,279,Thirumalagiri,9,Tirmalagiri,16,"Green Gram",16,Common,2,3753,3953,3953
02/01/17,219,Jagtial,1125,Jagtial,1,Paddy,274,"Common (HMT)",115,1650,1816,1789
02/01/17,325,Hyderabad,6,Madannapeta,117,"Cluster Beans",117,Common,16,2000,2000,2000
02/01/17,323,Gaddiannaram,2,"L.B Nagar",116,"French Beans",116,Common,6,1000,1500,1250
02/01/17,367,Gudimalkapur,1571,Gudumalkapur,112,"Ladys Finger",112,Common,111,800,2000,1400
02/01/17,310,Shadnagar,1330,Shadnagar,113,"Green Chillies",113,Common,5,1300,1400,1200
02/01/17,303,Kalwakurthy,1340,Kalwakurthy,113,"Green Chillies",113,Common,5,1000,1600,1300
02/01/17,331,Vantimamidi,1612,Vantimamidi,195,Lobha,199,Common,7,600,1200,700
02/01/17,323,Gaddiannaram,1,Gaddiannaram,90,Guava,90,Common,19.05,666,1666.7,1200
02/01/17,324,Bowenpally,3,Bowenpally,111,Brinjal,278,Kalyani,146,500,1200,1000
02/01/17,300,Badepally,1327,Badepally,31,Castor,31,Common,115,2989,3234,3167
02/01/17,278,Suryapet,1091,Suryapet,22,Cowpea,22,Common,4,5609,5609,5609
02/01/17,219,Jagtial,1125,Jagtial,5,Maize,5,Common,38,1381,1417,1400
02/01/17,323,Gaddiannaram,2,"L.B Nagar",117,"Cluster Beans",117,Common,13,1000,2000,1500
02/01/17,325,Hyderabad,6,Madannapeta,118,"Field Beans",118,Common,29,1000,1000,1000
02/01/17,367,Gudimalkapur,1571,Gudumalkapur,113,"Green Chillies",113,Common,179,800,1600,1200
02/01/17,303,Kalwakurthy,1340,Kalwakurthy,114,Tomato,197,Local,22,200,300,500
02/01/17,310,Shadnagar,1330,Shadnagar,114,Tomato,197,Local,8,400,500,300
02/01/17,208,Nizamabad,1080,Nizamabad,57,Tumeric,227,Finger,256,6820,7727,7006
02/01/17,323,Gaddiannaram,1,Gaddiannaram,91,Ber,91,Common,901.6,500,1200,800
02/01/17,324,Bowenpally,3,Bowenpally,111,Brinjal,279,Round,100,600,1300,1000
02/01/17,278,Suryapet,1091,Suryapet,30,"Groundnut pods",30,Common,83,2682,4569,3659
02/01/17,311,"Wanaparthy Road",1332,"W.P Road",30,"Groundnut pods",30,Common,10.1,4600,5409,4708
02/01/17,323,Gaddiannaram,2,"L.B Nagar",118,"Field Beans",118,Common,21,1000,1300,1150
02/01/17,325,Hyderabad,6,Madannapeta,122,"Bottle Gourd",122,Common,13,500,500,500
02/01/17,324,Bowenpally,3,Bowenpally,112,"Ladys Finger",112,Common,149,1000,2500,2200
02/01/17,367,Gudimalkapur,1571,Gudumalkapur,114,Tomato,114,Common,578,100,300,200
02/01/17,208,Nizamabad,1080,Nizamabad,57,Tumeric,228,Bulb,168,6175,7173,6380
02/01/17,292,Zaheerabad,1198,Zaheerabad,75,Soyabean,213,White,304,2050,2700,2375
02/01/17,222,Karimnagar,1121,Karimnagar,25,Cotton,25,Common,223,4900,5130,5000
02/01/17,325,Hyderabad,6,Madannapeta,123,"Ribbed Gourd",123,Common,9,1750,1750,1750
02/01/17,331,Vantimamidi,1612,Vantimamidi,234,"Sweet Corn",280,Local,27,800,1100,1000
02/01/17,324,Bowenpally,3,Bowenpally,113,"Green Chillies",113,Common,414,800,1200,1000
02/01/17,367,Gudimalkapur,1571,Gudumalkapur,115,"Green Peas",115,Common,52,1200,1500,1300
02/01/17,279,Thirumalagiri,9,Tirmalagiri,30,"Groundnut pods",30,Common,174,3809,5209,4269
02/01/17,311,"Wanaparthy Road",1332,"W.P Road",15,"Red Gram",234,Red,246,0,5050,0
02/01/17,325,Hyderabad,6,Madannapeta,125,"Bitter Gourd",125,Common,6,1650,1650,1650
02/01/17,323,Gaddiannaram,2,"L.B Nagar",122,"Bottle Gourd",122,Common,28,500,700,600
02/01/17,324,Bowenpally,3,Bowenpally,114,Tomato,210,618,1654,200,800,600
02/01/17,300,Badepally,1327,Badepally,69,Sunflower,69,Common,38,3059,3059,3059
02/01/17,208,Nizamabad,1080,Nizamabad,75,Soyabean,213,White,62,1755,2728,2640
02/01/17,323,Gaddiannaram,1,Gaddiannaram,97,Apple,97,Common,1059.68,2187.53,7500,3750
02/01/17,212,Choppadandi,1123,Choppadandi,25,Cotton,25,Common,22,4700,4900,4900
02/01/17,325,Hyderabad,7,Meeralamandi,151,Lemon,151,Common,85,200,1200,700
02/01/17,367,Gudimalkapur,1571,Gudumalkapur,116,"French Beans",116,Common,38,1200,1500,1300
02/01/17,323,Gaddiannaram,2,"L.B Nagar",123,"Ribbed Gourd",123,Common,21,1000,2000,1500
02/01/17,324,Bowenpally,3,Bowenpally,115,"Green Peas",115,Common,932,1000,1800,1600
02/01/17,323,Gaddiannaram,2,"L.B Nagar",125,"Bitter Gourd",125,Common,5,1500,1500,1500
02/01/17,325,Hyderabad,6,Madannapeta,129,Cucumber,129,Common,30,1200,1200,1200
02/01/17,367,Gudimalkapur,1571,Gudumalkapur,117,"Cluster Beans",117,Common,49,1100,1500,1300
02/01/17,334,Pebbair,1602,Pebbair,15,"Red Gram",15,Common,34,5050,5050,5050
02/01/17,303,Kalwakurthy,1340,Kalwakurthy,129,Cucumber,129,Common,3,1200,1700,1450
02/01/17,324,Bowenpally,3,Bowenpally,116,"French Beans",116,Common,345,1000,2000,1800
02/01/17,367,Gudimalkapur,1571,Gudumalkapur,118,"Field Beans",118,Common,31,700,1500,1100
02/01/17,323,Gaddiannaram,2,"L.B Nagar",129,Cucumber,129,Common,38,1000,1600,1300
02/01/17,324,Bowenpally,3,Bowenpally,117,"Cluster Beans",117,Common,49,1500,2400,2200
02/01/17,324,Bowenpally,3,Bowenpally,118,"Field Beans",118,Common,401,400,1600,1400
02/01/17,367,Gudimalkapur,1571,Gudumalkapur,122,"Bottle Gourd",122,Common,43,400,600,500
02/01/17,323,Gaddiannaram,1,Gaddiannaram,201,Nashpati(Pear),207,Common,9.6,3333,8333,5000
02/01/17,325,Hyderabad,6,Madannapeta,155,Donda,155,Common,25,1200,1600,1400
02/01/17,324,Bowenpally,3,Bowenpally,121,"Snake Gourd",121,Common,21,400,1000,800
02/01/17,367,Gudimalkapur,1571,Gudumalkapur,123,"Ribbed Gourd",123,Common,28,1200,2700,1900
02/01/17,290,Siddipet,1193,Siddipet,75,Soyabean,213,White,3.6,1925,1925,1925
02/01/17,367,Gudimalkapur,1571,Gudumalkapur,125,"Bitter Gourd",125,Common,10,600,1000,800
02/01/17,323,Gaddiannaram,2,"L.B Nagar",155,Donda,155,Common,38,1000,1200,1100
02/01/17,324,Bowenpally,3,Bowenpally,122,"Bottle Gourd",122,Common,703,200,1000,800
02/01/17,325,Hyderabad,6,Madannapeta,199,Capsicum,204,Common,5,1000,1000,1000
02/01/17,323,Gaddiannaram,2,"L.B Nagar",198,"Arati-Green Plantain",203,Common,5,1000,1600,1300
02/01/17,367,Gudimalkapur,1571,Gudumalkapur,127,Kheera,127,Common,49,1000,1200,1100
02/01/17,324,Bowenpally,3,Bowenpally,123,"Ribbed Gourd",123,Common,157,1000,2500,2200
02/01/17,324,Bowenpally,3,Bowenpally,125,"Bitter Gourd",125,Common,111,1000,1800,1600
02/01/17,367,Gudimalkapur,1571,Gudumalkapur,128,Pumpkin,128,Common,4,1000,1200,1100
