circleno,circlename,wardno,wardname,createddate,approvedappscount,statusflag
1047,Alwal,133,"Macha Bollaram",12-06-2023,0,Y
1047,Alwal,134,Alwal,03-06-2023,0,Y
1047,Alwal,134,Alwal,05-06-2023,0,Y
1047,Alwal,134,Alwal,14-06-2023,0,Y
1047,Alwal,134,Alwal,17-06-2023,0,Y
1047,Alwal,134,Alwal,18-06-2023,0,Y
1047,Alwal,134,Alwal,24-06-2023,0,Y
1047,Alwal,134,Alwal,30-06-2023,0,Y
1047,Alwal,135,Venkatapuram,24-06-2023,0,Y
1059,Amberpet,80,Kachiguda,09-06-2023,0,Y
1059,Amberpet,80,Kachiguda,12-06-2023,0,Y
1059,Amberpet,80,Kachiguda,21-06-2023,0,Y
1059,Amberpet,81,Nallakunta,03-06-2023,0,Y
1059,Amberpet,81,Nallakunta,05-06-2023,0,Y
1059,Amberpet,83,Amberpet,01-06-2023,0,Y
1059,Amberpet,83,Amberpet,07-06-2023,0,Y
1059,Amberpet,83,Amberpet,08-06-2023,0,Y
1059,Amberpet,83,Amberpet,22-06-2023,0,Y
1059,Amberpet,84,"Bagh amberpet",30-06-2023,0,Y
1069,Begumpet,149,Begumpet,01-06-2023,0,Y
1069,Begumpet,149,Begumpet,10-06-2023,0,Y
1069,Begumpet,149,Begumpet,13-06-2023,0,Y
1069,Begumpet,149,Begumpet,16-06-2023,0,Y
1069,Begumpet,149,Begumpet,19-06-2023,0,Y
1069,Begumpet,149,Begumpet,24-06-2023,0,Y
1012,"Chanda Nagar",107,Madhapur,16-06-2023,0,Y
1012,"Chanda Nagar",107,Madhapur,26-06-2023,0,Y
1012,"Chanda Nagar",108,Miyapur,02-06-2023,0,Y
1012,"Chanda Nagar",108,Miyapur,24-06-2023,0,Y
1012,"Chanda Nagar",108,Miyapur,26-06-2023,0,Y
1012,"Chanda Nagar",108,Miyapur,27-06-2023,0,Y
1012,"Chanda Nagar",108,Miyapur,28-06-2023,0,Y
1012,"Chanda Nagar",108,Miyapur,30-06-2023,0,Y
1012,"Chanda Nagar",109,Hafeezpet,16-06-2023,0,Y
1012,"Chanda Nagar",109,Hafeezpet,18-06-2023,0,Y
1012,"Chanda Nagar",110,Chandanagar,02-06-2023,0,Y
1012,"Chanda Nagar",110,Chandanagar,10-06-2023,0,Y
1012,"Chanda Nagar",110,Chandanagar,11-06-2023,0,Y
1012,"Chanda Nagar",110,Chandanagar,14-06-2023,0,Y
1012,"Chanda Nagar",110,Chandanagar,17-06-2023,0,Y
1012,"Chanda Nagar",110,Chandanagar,18-06-2023,0,Y
1012,"Chanda Nagar",110,Chandanagar,21-06-2023,0,Y
1012,"Chanda Nagar",110,Chandanagar,30-06-2023,0,Y
1065,Chandrayangutta,41,Kanchanbagh,11-06-2023,0,Y
1065,Chandrayangutta,42,Barkas,30-06-2023,0,Y
1065,Chandrayangutta,44,Uppuguda,08-06-2023,0,Y
1065,Chandrayangutta,44,Uppuguda,27-06-2023,0,Y
1005,Charminar,48,Shalibanda,22-06-2023,0,Y
1005,Charminar,48,Shalibanda,27-06-2023,0,Y
1005,Charminar,52,Puranapul,19-06-2023,0,Y
1068,Gajularamaram,125,Gajularamaram,18-06-2023,0,Y
1068,Gajularamaram,125,Gajularamaram,25-06-2023,0,Y
1068,Gajularamaram,126,Jagathgirigutta,16-06-2023,0,Y
1068,Gajularamaram,126,Jagathgirigutta,19-06-2023,0,Y
1068,Gajularamaram,126,Jagathgirigutta,20-06-2023,0,Y
1008,"Gosha Mahal",50,"Begum Bazar",11-06-2023,0,Y
1008,"Gosha Mahal",78,Gunfoundry,20-06-2023,0,Y
1051,Hayathnagar,11,Nagole,12-06-2023,0,Y
1051,Hayathnagar,11,Nagole,24-06-2023,0,Y
1051,Hayathnagar,13,Hayathnagar,07-06-2023,0,Y
1051,Hayathnagar,13,Hayathnagar,08-06-2023,0,Y
1051,Hayathnagar,14,"B.N.Reddy Nagar",02-06-2023,0,Y
1058,"Jubilee Hills",92,"Venkateshwara Colony",13-06-2023,0,Y
1058,"Jubilee Hills",93,"Banjara Hills",07-06-2023,0,Y
1058,"Jubilee Hills",93,"Banjara Hills",20-06-2023,0,Y
1058,"Jubilee Hills",94,Shaikpet,12-06-2023,0,Y
1058,"Jubilee Hills",94,Shaikpet,13-06-2023,0,Y
1058,"Jubilee Hills",94,Shaikpet,15-06-2023,0,Y
1058,"Jubilee Hills",94,Shaikpet,17-06-2023,0,Y
1058,"Jubilee Hills",94,Shaikpet,24-06-2023,0,Y
1058,"Jubilee Hills",95,"Jubilee Hills",08-06-2023,0,Y
1058,"Jubilee Hills",95,"Jubilee Hills",14-06-2023,0,Y
1058,"Jubilee Hills",95,"Jubilee Hills",16-06-2023,0,Y
1058,"Jubilee Hills",95,"Jubilee Hills",18-06-2023,0,Y
1058,"Jubilee Hills",95,"Jubilee Hills",26-06-2023,0,Y
1058,"Jubilee Hills",95,"Jubilee Hills",28-06-2023,0,Y
1049,Kapra,1,Kapra,14-06-2023,0,Y
1049,Kapra,1,Kapra,18-06-2023,0,Y
1049,Kapra,1,Kapra,20-06-2023,0,Y
1049,Kapra,1,Kapra,21-06-2023,0,Y
1049,Kapra,2,"A.S Rao Nagar",08-06-2023,0,Y
1049,Kapra,2,"A.S Rao Nagar",10-06-2023,0,Y
1049,Kapra,3,Cherlapally,22-06-2023,0,Y
1049,Kapra,3,Cherlapally,24-06-2023,0,Y
1049,Kapra,3,Cherlapally,28-06-2023,0,Y
1049,Kapra,4,"Meerpet-H.B Colony",12-06-2023,0,Y
1049,Kapra,5,Mallapur,06-06-2023,0,Y
1049,Kapra,5,Mallapur,19-06-2023,0,Y
1060,Karwan,67,Golconda,08-06-2023,0,Y
1010,Khairatabad,91,Khairatabad,03-06-2023,0,Y
1010,Khairatabad,91,Khairatabad,07-06-2023,0,Y
1010,Khairatabad,91,Khairatabad,12-06-2023,0,Y
1010,Khairatabad,91,Khairatabad,28-06-2023,0,Y
1010,Khairatabad,97,Somajiguda,04-06-2023,0,Y
1010,Khairatabad,97,Somajiguda,05-06-2023,0,Y
1010,Khairatabad,98,Ameerpet,04-06-2023,0,Y
1010,Khairatabad,98,Ameerpet,17-06-2023,0,Y
1061,Kukatpally,119,"Old Bowenpally",02-06-2023,0,Y
1061,Kukatpally,119,"Old Bowenpally",17-06-2023,0,Y
1061,Kukatpally,121,Kukatpally,01-06-2023,0,Y
1061,Kukatpally,121,Kukatpally,04-06-2023,0,Y
1061,Kukatpally,121,Kukatpally,06-06-2023,0,Y
1061,Kukatpally,121,Kukatpally,07-06-2023,0,Y
1061,Kukatpally,121,Kukatpally,08-06-2023,0,Y
1061,Kukatpally,121,Kukatpally,09-06-2023,0,Y
1061,Kukatpally,121,Kukatpally,11-06-2023,0,Y
1061,Kukatpally,121,Kukatpally,12-06-2023,0,Y
1061,Kukatpally,121,Kukatpally,18-06-2023,0,Y
1061,Kukatpally,121,Kukatpally,23-06-2023,0,Y
1061,Kukatpally,121,Kukatpally,24-06-2023,0,Y
1061,Kukatpally,121,Kukatpally,26-06-2023,0,Y
1061,Kukatpally,122,"Vivekananda Nagar",14-06-2023,0,Y
1061,Kukatpally,123,"Hyder Nagar",24-06-2023,0,Y
1061,Kukatpally,123,"Hyder Nagar",25-06-2023,0,Y
1061,Kukatpally,123,"Hyder Nagar",26-06-2023,0,Y
1061,Kukatpally,123,"Hyder Nagar",27-06-2023,0,Y
1062,"L B Nagar",15,Vanasthalipuram,19-06-2023,0,Y
1062,"L B Nagar",15,Vanasthalipuram,22-06-2023,0,Y
1062,"L B Nagar",15,Vanasthalipuram,24-06-2023,0,Y
1062,"L B Nagar",17,Champapet,13-06-2023,0,Y
1062,"L B Nagar",18,Lingojiguda,19-06-2023,0,Y
1052,Malkajigiri,136,Neredmet,12-06-2023,0,Y
1052,Malkajigiri,136,Neredmet,13-06-2023,0,Y
1052,Malkajigiri,136,Neredmet,24-06-2023,0,Y
1052,Malkajigiri,136,Neredmet,29-06-2023,0,Y
1052,Malkajigiri,137,"Vinayak Nagar",12-06-2023,0,Y
1052,Malkajigiri,137,"Vinayak Nagar",25-06-2023,0,Y
1052,Malkajigiri,138,"Moula Ali",22-06-2023,0,Y
1052,Malkajigiri,138,"Moula Ali",24-06-2023,0,Y
1052,Malkajigiri,140,Malkajgiri,02-06-2023,0,Y
1052,Malkajigiri,140,Malkajgiri,03-06-2023,0,Y
1052,Malkajigiri,140,Malkajgiri,04-06-2023,0,Y
1052,Malkajigiri,140,Malkajgiri,07-06-2023,0,Y
1052,Malkajigiri,140,Malkajgiri,28-06-2023,0,Y
1052,Malkajigiri,140,Malkajgiri,29-06-2023,0,Y
1052,Malkajigiri,141,"Goutham Nagar",05-06-2023,0,Y
1052,Malkajigiri,141,"Goutham Nagar",10-06-2023,0,Y
1007,Mehdipatnam,70,Mehdipatnam,11-06-2023,0,Y
1007,Mehdipatnam,72,"Asif Nagar",21-06-2023,0,Y
1007,Mehdipatnam,72,"Asif Nagar",23-06-2023,0,Y
1007,Mehdipatnam,73,"Vijayanagar Colony",17-06-2023,0,Y
1050,Moosapet,114,"KPHB Colony",09-06-2023,0,Y
1050,Moosapet,114,"KPHB Colony",15-06-2023,0,Y
1009,Musheerabad,86,Musheerabad,04-06-2023,0,Y
1009,Musheerabad,86,Musheerabad,05-06-2023,0,Y
1009,Musheerabad,86,Musheerabad,15-06-2023,0,Y
1009,Musheerabad,86,Musheerabad,24-06-2023,0,Y
1009,Musheerabad,87,"Ram Nagar",24-06-2023,0,Y
1009,Musheerabad,87,"Ram Nagar",25-06-2023,0,Y
1009,Musheerabad,89,"Gandhi Nagar",11-06-2023,0,Y
1009,Musheerabad,89,"Gandhi Nagar",13-06-2023,0,Y
1009,Musheerabad,89,"Gandhi Nagar",16-06-2023,0,Y
1009,Musheerabad,89,"Gandhi Nagar",17-06-2023,0,Y
1009,Musheerabad,90,Kavadiguda,17-06-2023,0,Y
1009,Musheerabad,90,Kavadiguda,24-06-2023,0,Y
1053,Qutbullapur,127,"Ranga Reddy Nagar",13-06-2023,0,Y
1053,Qutbullapur,131,Quthbullapur,11-06-2023,0,Y
1053,Qutbullapur,131,Quthbullapur,12-06-2023,0,Y
1053,Qutbullapur,131,Quthbullapur,13-06-2023,0,Y
1053,Qutbullapur,131,Quthbullapur,14-06-2023,0,Y
1053,Qutbullapur,131,Quthbullapur,16-06-2023,0,Y
1053,Qutbullapur,131,Quthbullapur,18-06-2023,0,Y
1053,Qutbullapur,131,Quthbullapur,24-06-2023,0,Y
1053,Qutbullapur,131,Quthbullapur,25-06-2023,0,Y
1053,Qutbullapur,132,Jeedimetla,23-06-2023,0,Y
1053,Qutbullapur,132,Jeedimetla,25-06-2023,0,Y
1013,"R C Puram and Patancheruvu",112,"RC Puram",08-06-2023,0,Y
1013,"R C Puram and Patancheruvu",112,"RC Puram",14-06-2023,0,Y
1013,"R C Puram and Patancheruvu",113,Patancheruvu,16-06-2023,0,Y
1013,"R C Puram and Patancheruvu",113,Patancheruvu,25-06-2023,0,Y
1054,"Rajendra Nagar",59,Mailardevpally,12-06-2023,0,Y
1054,"Rajendra Nagar",60,Rajendranagar,02-06-2023,0,Y
1054,"Rajendra Nagar",60,Rajendranagar,03-06-2023,0,Y
1054,"Rajendra Nagar",60,Rajendranagar,04-06-2023,0,Y
1054,"Rajendra Nagar",60,Rajendranagar,08-06-2023,0,Y
1054,"Rajendra Nagar",60,Rajendranagar,09-06-2023,0,Y
1054,"Rajendra Nagar",60,Rajendranagar,10-06-2023,0,Y
1054,"Rajendra Nagar",60,Rajendranagar,11-06-2023,0,Y
1054,"Rajendra Nagar",60,Rajendranagar,14-06-2023,0,Y
1054,"Rajendra Nagar",60,Rajendranagar,20-06-2023,0,Y
1054,"Rajendra Nagar",60,Rajendranagar,26-06-2023,0,Y
1054,"Rajendra Nagar",60,Rajendranagar,30-06-2023,0,Y
1054,"Rajendra Nagar",61,Attapur,05-06-2023,0,Y
1064,Saroornagar,19,Saroornagar,20-06-2023,0,Y
1064,Saroornagar,19,Saroornagar,21-06-2023,0,Y
1064,Saroornagar,19,Saroornagar,24-06-2023,0,Y
1064,Saroornagar,19,Saroornagar,25-06-2023,0,Y
1064,Saroornagar,19,Saroornagar,26-06-2023,0,Y
1064,Saroornagar,21,Kothapet,25-06-2023,0,Y
1064,Saroornagar,23,Gaddiannaram,12-06-2023,0,Y
1018,Secunderabad,142,Addagutta,06-06-2023,0,Y
1018,Secunderabad,142,Addagutta,16-06-2023,0,Y
1018,Secunderabad,142,Addagutta,23-06-2023,0,Y
1018,Secunderabad,143,Tarnaka,10-06-2023,0,Y
1018,Secunderabad,143,Tarnaka,21-06-2023,0,Y
1018,Secunderabad,143,Tarnaka,22-06-2023,0,Y
1018,Secunderabad,145,Seethphalmandi,06-06-2023,0,Y
1018,Secunderabad,145,Seethphalmandi,30-06-2023,0,Y
1018,Secunderabad,146,Boudhanagar,18-06-2023,0,Y
1055,Serilingampally,104,Kondapur,01-06-2023,0,Y
1055,Serilingampally,104,Kondapur,03-06-2023,0,Y
1055,Serilingampally,104,Kondapur,07-06-2023,0,Y
1055,Serilingampally,104,Kondapur,09-06-2023,0,Y
1055,Serilingampally,104,Kondapur,10-06-2023,0,Y
1055,Serilingampally,104,Kondapur,11-06-2023,0,Y
1055,Serilingampally,104,Kondapur,12-06-2023,0,Y
1055,Serilingampally,104,Kondapur,13-06-2023,0,Y
1055,Serilingampally,104,Kondapur,14-06-2023,0,Y
1055,Serilingampally,104,Kondapur,16-06-2023,0,Y
1055,Serilingampally,104,Kondapur,18-06-2023,0,Y
1055,Serilingampally,104,Kondapur,20-06-2023,0,Y
1055,Serilingampally,104,Kondapur,22-06-2023,0,Y
1055,Serilingampally,104,Kondapur,27-06-2023,0,Y
1055,Serilingampally,104,Kondapur,30-06-2023,0,Y
1055,Serilingampally,105,Gachibowli,01-06-2023,0,Y
1055,Serilingampally,105,Gachibowli,06-06-2023,0,Y
1055,Serilingampally,105,Gachibowli,08-06-2023,0,Y
1055,Serilingampally,105,Gachibowli,09-06-2023,0,Y
1055,Serilingampally,105,Gachibowli,10-06-2023,0,Y
1055,Serilingampally,105,Gachibowli,11-06-2023,0,Y
1055,Serilingampally,105,Gachibowli,12-06-2023,0,Y
1055,Serilingampally,105,Gachibowli,15-06-2023,0,Y
1055,Serilingampally,105,Gachibowli,16-06-2023,0,Y
1055,Serilingampally,105,Gachibowli,17-06-2023,0,Y
1055,Serilingampally,105,Gachibowli,19-06-2023,0,Y
1055,Serilingampally,106,Serilingampally,01-06-2023,0,Y
1055,Serilingampally,106,Serilingampally,04-06-2023,0,Y
1055,Serilingampally,106,Serilingampally,05-06-2023,0,Y
1055,Serilingampally,106,Serilingampally,06-06-2023,0,Y
1055,Serilingampally,106,Serilingampally,08-06-2023,0,Y
1055,Serilingampally,106,Serilingampally,09-06-2023,0,Y
1055,Serilingampally,106,Serilingampally,10-06-2023,0,Y
1055,Serilingampally,106,Serilingampally,11-06-2023,0,Y
1055,Serilingampally,106,Serilingampally,15-06-2023,0,Y
1055,Serilingampally,106,Serilingampally,16-06-2023,0,Y
1055,Serilingampally,106,Serilingampally,17-06-2023,0,Y
1055,Serilingampally,106,Serilingampally,18-06-2023,0,Y
1055,Serilingampally,106,Serilingampally,22-06-2023,0,Y
1055,Serilingampally,106,Serilingampally,26-06-2023,0,Y
1055,Serilingampally,106,Serilingampally,27-06-2023,0,Y
1055,Serilingampally,106,Serilingampally,28-06-2023,0,Y
1057,Uppal,7,Chilkanagar,05-06-2023,0,Y
1057,Uppal,7,Chilkanagar,06-06-2023,0,Y
1057,Uppal,7,Chilkanagar,25-06-2023,0,Y
1057,Uppal,8,Habsiguda,10-06-2023,0,Y
1057,Uppal,8,Habsiguda,25-06-2023,0,Y
1057,Uppal,8,Habsiguda,30-06-2023,0,Y
1057,Uppal,9,Ramanthapur,02-06-2023,0,Y
1057,Uppal,10,Uppal,06-06-2023,0,Y
1057,Uppal,10,Uppal,10-06-2023,0,Y
1057,Uppal,10,Uppal,19-06-2023,0,Y
1057,Uppal,10,Uppal,24-06-2023,0,Y
1057,Uppal,10,Uppal,28-06-2023,0,Y
1067,Yousufguda,96,Yousufguda,19-06-2023,0,Y
1067,Yousufguda,102,"Rahmath Nagar",01-06-2023,0,Y
1067,Yousufguda,102,"Rahmath Nagar",03-06-2023,0,Y
1067,Yousufguda,102,"Rahmath Nagar",14-06-2023,0,Y
1067,Yousufguda,103,Borabanda,16-06-2023,0,Y
1067,Yousufguda,103,Borabanda,22-06-2023,0,Y
