circleno,circlename,wardno,wardname,createddate,approvedappscount,statusflag
1069,Begumpet,149,Begumpet,09-01-2023,0,Y
1069,Begumpet,149,Begumpet,19-01-2023,0,Y
1069,Begumpet,149,Begumpet,24-01-2023,0,Y
1069,Begumpet,149,Begumpet,25-01-2023,0,Y
1069,Begumpet,149,Begumpet,26-01-2023,0,Y
1012,"Chanda Nagar",108,Miyapur,31-01-2023,0,Y
1012,"Chanda Nagar",109,Hafeezpet,19-01-2023,0,Y
1012,"Chanda Nagar",110,Chandanagar,29-01-2023,2,Y
1065,Chandrayangutta,42,Barkas,21-01-2023,0,Y
1005,Charminar,33,Moghalpura,19-01-2023,0,Y
1005,Charminar,49,"Ghansi Bazar",04-01-2023,0,Y
1068,Gajularamaram,125,Gajularamaram,01-01-2023,1,Y
1008,"Gosha Mahal",51,Goshamahal,05-01-2023,1,Y
1049,Kapra,5,Mallapur,07-01-2023,1,Y
1010,Khairatabad,91,Khairatabad,06-01-2023,0,Y
1010,Khairatabad,91,Khairatabad,19-01-2023,0,Y
1010,Khairatabad,98,Ameerpet,23-01-2023,0,Y
1061,Kukatpally,119,"Old Bowenpally",09-01-2023,0,Y
1061,Kukatpally,121,Kukatpally,13-01-2023,2,Y
1061,Kukatpally,121,Kukatpally,17-01-2023,0,Y
1061,Kukatpally,121,Kukatpally,30-01-2023,0,Y
1062,"L B Nagar",15,Vanasthalipuram,27-01-2023,0,Y
1004,Malakpet,26,"Old Malakpet",04-01-2023,0,Y
1052,Malkajigiri,136,Neredmet,15-01-2023,0,Y
1052,Malkajigiri,140,Malkajgiri,10-01-2023,0,Y
1052,Malkajigiri,140,Malkajgiri,14-01-2023,0,Y
1052,Malkajigiri,140,Malkajgiri,17-01-2023,0,Y
1007,Mehdipatnam,70,Mehdipatnam,09-01-2023,0,Y
1007,Mehdipatnam,70,Mehdipatnam,29-01-2023,1,Y
1050,Moosapet,115,Balajinagar,23-01-2023,0,Y
1050,Moosapet,115,Balajinagar,31-01-2023,1,Y
1050,Moosapet,117,Moosapet,21-01-2023,0,Y
1009,Musheerabad,90,Kavadiguda,09-01-2023,0,Y
1009,Musheerabad,90,Kavadiguda,28-01-2023,0,Y
1009,Musheerabad,90,Kavadiguda,30-01-2023,0,Y
1053,Qutbullapur,131,Quthbullapur,05-01-2023,0,Y
1053,Qutbullapur,131,Quthbullapur,16-01-2023,1,Y
1053,Qutbullapur,132,Jeedimetla,04-01-2023,0,Y
1053,Qutbullapur,132,Jeedimetla,25-01-2023,0,Y
1013,"R C Puram and Patancheruvu",111,"Bharathi Nagar",17-01-2023,1,Y
1054,"Rajendra Nagar",60,Rajendranagar,06-01-2023,0,Y
1054,"Rajendra Nagar",60,Rajendranagar,17-01-2023,0,Y
1054,"Rajendra Nagar",60,Rajendranagar,21-01-2023,0,Y
1054,"Rajendra Nagar",60,Rajendranagar,31-01-2023,0,Y
1055,Serilingampally,104,Kondapur,02-01-2023,1,Y
1055,Serilingampally,104,Kondapur,10-01-2023,1,Y
1055,Serilingampally,105,Gachibowli,04-01-2023,0,Y
1055,Serilingampally,105,Gachibowli,06-01-2023,0,Y
1055,Serilingampally,105,Gachibowli,12-01-2023,1,Y
1055,Serilingampally,105,Gachibowli,14-01-2023,0,Y
1055,Serilingampally,105,Gachibowli,19-01-2023,1,Y
1055,Serilingampally,105,Gachibowli,24-01-2023,0,Y
1055,Serilingampally,106,Serilingampally,01-01-2023,0,Y
1055,Serilingampally,106,Serilingampally,02-01-2023,0,Y
1057,Uppal,9,Ramanthapur,02-01-2023,0,Y
1057,Uppal,9,Ramanthapur,13-01-2023,1,Y
