circleno,circlename,wardno,wardname,createddate,approvedappscount,statusflag
1047,Alwal,133,"Macha Bollaram",27-02-2023,0,Y
1047,Alwal,134,Alwal,13-02-2023,0,Y
1059,Amberpet,83,Amberpet,21-02-2023,0,Y
1059,Amberpet,84,"Bagh amberpet",21-02-2023,0,Y
1069,Begumpet,149,Begumpet,01-02-2023,0,Y
1069,Begumpet,149,Begumpet,02-02-2023,0,Y
1069,Begumpet,149,Begumpet,03-02-2023,0,Y
1069,Begumpet,149,Begumpet,07-02-2023,2,Y
1069,Begumpet,150,"Monda Market",05-02-2023,0,Y
1012,"Chanda Nagar",107,Madhapur,06-02-2023,0,Y
1012,"Chanda Nagar",108,Miyapur,01-02-2023,0,Y
1012,"Chanda Nagar",108,Miyapur,03-02-2023,0,Y
1012,"Chanda Nagar",108,Miyapur,23-02-2023,0,Y
1012,"Chanda Nagar",108,Miyapur,27-02-2023,0,Y
1012,"Chanda Nagar",108,Miyapur,28-02-2023,0,Y
1012,"Chanda Nagar",110,Chandanagar,04-02-2023,0,Y
1012,"Chanda Nagar",110,Chandanagar,13-02-2023,0,Y
1012,"Chanda Nagar",110,Chandanagar,24-02-2023,0,Y
1005,Charminar,52,Puranapul,14-02-2023,0,Y
1068,Gajularamaram,125,Gajularamaram,27-02-2023,0,Y
1068,Gajularamaram,126,Jagathgirigutta,04-02-2023,0,Y
1068,Gajularamaram,126,Jagathgirigutta,20-02-2023,0,Y
1068,Gajularamaram,128,Chinthal,02-02-2023,0,Y
1051,Hayathnagar,11,Nagole,09-02-2023,0,Y
1051,Hayathnagar,11,Nagole,22-02-2023,0,Y
1051,Hayathnagar,13,Hayathnagar,12-02-2023,0,Y
1051,Hayathnagar,13,Hayathnagar,14-02-2023,0,Y
1051,Hayathnagar,14,"B.N.Reddy Nagar",23-02-2023,0,Y
1058,"Jubilee Hills",94,Shaikpet,09-02-2023,0,Y
1058,"Jubilee Hills",94,Shaikpet,17-02-2023,0,Y
1058,"Jubilee Hills",94,Shaikpet,25-02-2023,0,Y
1058,"Jubilee Hills",95,"Jubilee Hills",25-02-2023,0,Y
1049,Kapra,1,Kapra,04-02-2023,0,Y
1049,Kapra,1,Kapra,21-02-2023,0,Y
1049,Kapra,1,Kapra,25-02-2023,0,Y
1049,Kapra,1,Kapra,26-02-2023,0,Y
1010,Khairatabad,91,Khairatabad,03-02-2023,0,Y
1010,Khairatabad,91,Khairatabad,25-02-2023,0,Y
1010,Khairatabad,91,Khairatabad,26-02-2023,0,Y
1010,Khairatabad,91,Khairatabad,27-02-2023,0,Y
1010,Khairatabad,97,Somajiguda,03-02-2023,1,Y
1010,Khairatabad,97,Somajiguda,19-02-2023,0,Y
1010,Khairatabad,98,Ameerpet,25-02-2023,0,Y
1010,Khairatabad,98,Ameerpet,27-02-2023,0,Y
1010,Khairatabad,100,"Sanath Nagar",28-02-2023,0,Y
1061,Kukatpally,119,"Old Bowenpally",23-02-2023,0,Y
1061,Kukatpally,119,"Old Bowenpally",28-02-2023,0,Y
1061,Kukatpally,120,Balanagar,22-02-2023,0,Y
1061,Kukatpally,120,Balanagar,28-02-2023,0,Y
1061,Kukatpally,121,Kukatpally,04-02-2023,0,Y
1061,Kukatpally,121,Kukatpally,08-02-2023,0,Y
1061,Kukatpally,121,Kukatpally,22-02-2023,0,Y
1061,Kukatpally,121,Kukatpally,24-02-2023,0,Y
1061,Kukatpally,121,Kukatpally,26-02-2023,0,Y
1061,Kukatpally,121,Kukatpally,28-02-2023,0,Y
1061,Kukatpally,122,"Vivekananda Nagar",01-02-2023,0,Y
1061,Kukatpally,123,"Hyder Nagar",22-02-2023,0,Y
1061,Kukatpally,124,"Allwyn Colony",26-02-2023,0,Y
1062,"L B Nagar",15,Vanasthalipuram,09-02-2023,0,Y
1062,"L B Nagar",18,Lingojiguda,21-02-2023,0,Y
1004,Malakpet,24,Saidabad,05-02-2023,0,Y
1004,Malakpet,25,Moosarambagh,21-02-2023,0,Y
1052,Malkajigiri,136,Neredmet,14-02-2023,0,Y
1052,Malkajigiri,137,"Vinayak Nagar",24-02-2023,0,Y
1052,Malkajigiri,138,"Moula Ali",11-02-2023,0,Y
1052,Malkajigiri,140,Malkajgiri,05-02-2023,0,Y
1052,Malkajigiri,140,Malkajgiri,25-02-2023,0,Y
1052,Malkajigiri,141,"Goutham Nagar",25-02-2023,0,Y
1007,Mehdipatnam,72,"Asif Nagar",25-02-2023,0,Y
1050,Moosapet,117,Moosapet,15-02-2023,0,Y
1009,Musheerabad,86,Musheerabad,25-02-2023,0,Y
1009,Musheerabad,86,Musheerabad,27-02-2023,0,Y
1009,Musheerabad,90,Kavadiguda,18-02-2023,0,Y
1053,Qutbullapur,127,"Ranga Reddy Nagar",08-02-2023,1,Y
1053,Qutbullapur,131,Quthbullapur,08-02-2023,1,Y
1053,Qutbullapur,131,Quthbullapur,22-02-2023,0,Y
1053,Qutbullapur,131,Quthbullapur,24-02-2023,0,Y
1053,Qutbullapur,131,Quthbullapur,25-02-2023,0,Y
1013,"R C Puram and Patancheruvu",111,"Bharathi Nagar",23-02-2023,0,Y
1013,"R C Puram and Patancheruvu",112,"RC Puram",17-02-2023,0,Y
1013,"R C Puram and Patancheruvu",112,"RC Puram",20-02-2023,0,Y
1013,"R C Puram and Patancheruvu",113,Patancheruvu,19-02-2023,0,Y
1054,"Rajendra Nagar",60,Rajendranagar,25-02-2023,0,Y
1054,"Rajendra Nagar",60,Rajendranagar,27-02-2023,0,Y
1064,Saroornagar,19,Saroornagar,23-02-2023,0,Y
1064,Saroornagar,19,Saroornagar,24-02-2023,0,Y
1064,Saroornagar,19,Saroornagar,25-02-2023,0,Y
1064,Saroornagar,21,Kothapet,08-02-2023,0,Y
1064,Saroornagar,21,Kothapet,16-02-2023,0,Y
1064,Saroornagar,23,Gaddiannaram,06-02-2023,0,Y
1018,Secunderabad,143,Tarnaka,24-02-2023,0,Y
1018,Secunderabad,143,Tarnaka,26-02-2023,0,Y
1018,Secunderabad,144,Mettuguda,21-02-2023,0,Y
1018,Secunderabad,145,Seethphalmandi,09-02-2023,0,Y
1018,Secunderabad,146,Boudhanagar,28-02-2023,0,Y
1055,Serilingampally,104,Kondapur,08-02-2023,0,Y
1055,Serilingampally,104,Kondapur,20-02-2023,0,Y
1055,Serilingampally,104,Kondapur,24-02-2023,0,Y
1055,Serilingampally,104,Kondapur,26-02-2023,0,Y
1055,Serilingampally,104,Kondapur,27-02-2023,0,Y
1055,Serilingampally,105,Gachibowli,08-02-2023,0,Y
1055,Serilingampally,105,Gachibowli,10-02-2023,0,Y
1055,Serilingampally,105,Gachibowli,11-02-2023,0,Y
1055,Serilingampally,106,Serilingampally,01-02-2023,1,Y
1055,Serilingampally,106,Serilingampally,08-02-2023,0,Y
1055,Serilingampally,106,Serilingampally,12-02-2023,0,Y
1055,Serilingampally,106,Serilingampally,18-02-2023,0,Y
1055,Serilingampally,106,Serilingampally,21-02-2023,0,Y
1055,Serilingampally,106,Serilingampally,26-02-2023,0,Y
1057,Uppal,7,Chilkanagar,25-02-2023,0,Y
1057,Uppal,9,Ramanthapur,21-02-2023,0,Y
1057,Uppal,10,Uppal,16-02-2023,0,Y
1057,Uppal,10,Uppal,25-02-2023,0,Y
1057,Uppal,10,Uppal,26-02-2023,0,Y
1067,Yousufguda,102,"Rahmath Nagar",23-02-2023,0,Y
1067,Yousufguda,102,"Rahmath Nagar",28-02-2023,0,Y
