year,month,district_name,mandal_name,panchayat_name,gplgdcode,total_no_of_application_received,no_of_application_under_process_at_gp,no_of_application_under_process_at_dtcp,no_of_application_approve_with_in_bsla,no_of_application_approve_beyond_bsla,no_of_application_proceeding_upload_with_in_sla,no_of_application_proceeding_upload_beyond_sla,no_of_application_reject_with_in_bsla,no_of_application_reject_beyond_bsla,total_fee,harithanidhi,totalfeeswithharithanidhi
2024,May,Jangaon,Devaruppula,Chinnamadur,213396,1,0,1,0,0,0,0,0,0,0,0,0
2024,May,Jangaon,"Lingala Ghanpur",Kallem,213738,1,0,1,0,0,0,0,0,0,0,0,0
2024,May,"Jogulamba Gadwal",Ghattu,Ghattu,205194,1,1,0,0,0,0,0,0,0,0,0,0
2024,May,Khammam,Kusumanchi,Munigepalli,202541,1,0,1,0,0,0,0,0,0,0,0,0
2024,May,Khammam,Penuballi,Mandalapadu,202658,1,0,1,0,0,0,0,0,0,0,0,0
2024,May,"Komarambheem Asifabad",Asifabad,Govindapur,281817,1,0,1,0,0,0,0,0,0,0,0,0
2024,May,"Komarambheem Asifabad","Sirpur (T)",Sirpur(T),195644,2,0,2,0,0,0,0,0,0,0,0,0
2024,May,"Medchal Malkajigiri",Keesara,"Ankireddy Pally",210131,2,2,0,0,0,0,0,0,0,0,0,0
2024,May,Nagarkurnool,Peddakothapalle,Peddakothapally,205850,1,1,0,0,0,0,0,0,0,0,0,0
2024,May,Nalgonda,Chityala,Vattimarthy,207344,2,2,0,0,0,0,0,0,0,0,0,0
2024,May,Nalgonda,Miryalaguda,Alagadapa,207684,1,1,0,0,0,0,0,0,0,0,0,0
2024,May,Nalgonda,Peddavura,Peddagudem,280423,3,3,0,0,0,0,0,0,0,0,0,0
2024,May,Nalgonda,Peddavura,Sirsanagandla,207986,1,1,0,0,0,0,0,0,0,0,0,0
2024,May,Narayanpet,Dhanwada,Dhanwada,205055,1,1,0,0,0,0,0,0,0,0,0,0
2024,May,Nizamabad,Balkonda,Balkonda,209205,1,1,0,0,0,0,0,0,0,0,0,0
2024,May,Nizamabad,"Yeda Palle",Yedapally,209884,1,1,0,0,0,0,0,0,0,0,0,0
2024,May,Rangareddy,Farooqnagar,Burgul,205122,2,2,0,0,0,0,0,0,0,0,0,0
2024,May,Sangareddy,Kohir,Kohir,206393,1,1,0,0,0,0,0,0,0,0,0,0
2024,May,Sangareddy,Kohir,Madri,206395,2,1,1,0,0,0,0,0,0,0,0,0
2024,May,Sangareddy,Sadashivpet,Arur,206831,3,2,1,0,0,0,0,0,0,0,0,0
2024,May,Sangareddy,Sadashivpet,Nandikandi,206844,2,1,0,0,1,0,0,0,0,134454,0,0
2024,May,Vikarabad,Pudur,Yenkepalle,210379,1,0,1,0,0,0,0,0,0,0,0,0
2024,May,"Yadadri Bhuvanagiri","M Turkapalle","Mulka Pally",207624,1,0,1,0,0,0,0,0,0,0,0,0
