year,month,district_name,mandal_name,panchayat_name,gplgdcode,total_no_of_application_received,no_of_application_under_process_at_gp,no_of_application_under_process_at_dtcp,no_of_application_approve_with_in_bsla,no_of_application_approve_beyond_bsla,no_of_application_proceeding_upload_with_in_sla,no_of_application_proceeding_upload_beyond_sla,no_of_application_reject_with_in_bsla,no_of_application_reject_beyond_bsla,total_fee,harithanidhi,totalfeeswithharithanidhi
2024,August,"Jogulamba Gadwal",Gadwal,Parmala,205161,1,0,1,0,0,0,0,0,0,0,0,0
2024,August,"Jogulamba Gadwal",Itikyal,Yerrawalle,278674,1,1,0,0,0,0,0,0,0,0,0,0
2024,August,Karimnagar,Ramadugu,Gopalraopeta,201833,1,0,1,0,0,0,0,0,0,0,0,0
2024,August,Khammam,Kusumanchi,Jujjularaopeta,202533,1,0,1,0,0,0,0,0,0,0,0,0
2024,August,"Komarambheem Asifabad",Asifabad,Govindapur,281817,1,0,1,0,0,0,0,0,0,0,0,0
2024,August,Mahabubabad,Kuravi,Kuravi,213720,3,3,0,0,0,0,0,0,0,0,0,0
2024,August,Mahabubnagar,Midjil,Midjil,205692,1,0,1,0,0,0,0,0,0,0,0,0
2024,August,Mancherial,Bellampalle,Kannal,195010,1,0,0,1,0,0,0,0,0,0,0,0
2024,August,Mancherial,Chennur,Kistampet,195073,1,0,1,0,0,0,0,0,0,0,0,0
2024,August,Medak,Narsingi,Bheemraopally,278919,1,0,1,0,0,0,0,0,0,0,0,0
2024,August,Nalgonda,"Chintha Palle",Nasarlapally,207321,1,0,1,0,0,0,0,0,0,0,0,0
2024,August,Nalgonda,Miryalaguda,"Srinivas Nagar",280961,1,0,1,0,0,0,0,0,0,0,0,0
2024,August,Nalgonda,Thripuraram,Tripuraram,208164,1,0,1,0,0,0,0,0,0,0,0,0
2024,August,Narayanpet,Narayanpet,Singaram,205742,1,0,1,0,0,0,0,0,0,0,0,0
2024,August,"Rajanna Sircilla","Yella Reddi Peta",Dumala,202102,1,1,0,0,0,0,0,0,0,0,0,0
2024,August,Rangareddy,Kondurg,Kondurg,205422,1,1,0,0,0,0,0,0,0,0,0,0
2024,August,Sangareddy,Kondapur,Mallepalle,206436,1,0,1,0,0,0,0,0,0,0,0,0
2024,August,Sangareddy,Munpalle,Budhera,206582,1,1,0,0,0,0,0,0,0,0,0,0
2024,August,Sangareddy,Munpalle,Moqdumpalle,206593,1,0,1,0,0,0,0,0,0,0,0,0
2024,August,Sangareddy,Pulkal,Choutkur,206739,1,0,1,0,0,0,0,0,0,0,0,0
2024,August,Siddipet,Komuravelli,Rasoolabad,279733,1,0,1,0,0,0,0,0,0,0,0,0
2024,August,Vikarabad,Mominpet,Cheemaldari,210274,1,0,1,0,0,0,0,0,0,0,0,0
2024,August,Wanaparthy,Atmakur,Balakistapur,280442,2,2,0,0,0,0,0,0,0,0,0,0
2024,August,"Yadadri Bhuvanagiri",Valigonda,Velwarthy,208207,1,0,1,0,0,0,0,0,0,0,0,0
