year,month,district_name,mandal_name,panchayat_name,gplgdcode,total_no_of_application_received,no_of_application_under_process_at_gp,no_of_application_under_process_at_dtcp,no_of_application_approve_with_in_bsla,no_of_application_approve_beyond_bsla,no_of_application_proceeding_upload_with_in_sla,no_of_application_proceeding_upload_beyond_sla,no_of_application_reject_with_in_bsla,no_of_application_reject_beyond_bsla,total_fee,harithanidhi,totalfeeswithharithanidhi
2023,November,Adilabad,Talamadugu,Devapur,195660,1,0,0,0,1,0,0,0,0,24290,0,0
2023,November,Adilabad,Talamadugu,Talamadugu,195671,1,1,0,0,0,0,0,0,0,0,0,0
2023,November,Jangaon,"Lingala Ghanpur",Nawabpet,213744,1,1,0,0,0,0,0,0,0,0,0,0
2023,November,Kamareddy,Nasrullabad,"Ankole Camp",278309,1,1,0,0,0,0,0,0,0,0,0,0
2023,November,Kamareddy,Tadwai,Krishnajiwadi,209826,4,1,3,0,0,0,0,0,0,0,0,0
2023,November,Karimnagar,Gangadhara,Madhuranagar,277999,1,0,1,0,0,0,0,0,0,0,0,0
2023,November,Mahabubabad,Danthalapally,Beerishettigudem,213949,1,0,1,0,0,0,0,0,0,0,0,0
2023,November,Nagarkurnool,Kollapur,Machinenipally,205400,1,0,1,0,0,0,0,0,0,0,0,0
2023,November,Nalgonda,Chityala,Velminedu,207345,1,0,1,0,0,0,0,0,0,0,0,0
2023,November,Nalgonda,Kondamallepally,Chennaram,207415,1,1,0,0,0,0,0,0,0,0,0,0
2023,November,Nalgonda,Kondamallepally,"Gowrikunta Tanda",280417,1,1,0,0,0,0,0,0,0,0,0,0
2023,November,Nalgonda,Kondamallepally,"Gurrapu Thanda",280482,1,1,0,0,0,0,0,0,0,0,0,0
2023,November,Nalgonda,Peddavura,Theppalamadugu,207987,1,1,0,0,0,0,0,0,0,0,0,0
2023,November,Nirmal,Nirmal,"Ratnapur Kondli",195598,3,2,1,0,0,0,0,0,0,0,0,0
2023,November,Nizamabad,Bodhan,Pegadapally,209345,1,1,0,0,0,0,0,0,0,0,0,0
2023,November,Nizamabad,Navipet,Nagepur,209681,2,2,0,0,0,0,0,0,0,0,0,0
2023,November,Rangareddy,Talakondapalle,Chennaram,281740,1,1,0,0,0,0,0,0,0,0,0,0
2023,November,Vikarabad,Marpalle,Tumalapally,210229,2,2,0,0,0,0,0,0,0,0,0,0
2023,November,"Yadadri Bhuvanagiri",Yadagirigutta,Chinnakandukur,208231,1,0,0,0,1,0,0,0,0,39037,0,0
2023,November,"Yadadri Bhuvanagiri",Yadagirigutta,Choller,208232,1,1,0,0,0,0,0,0,0,0,0,0
