year,month,district_name,mandal_name,panchayat_name,gplgdcode,total_no_of_application_received,no_of_application_under_process_at_gp,no_of_application_under_process_at_dtcp,no_of_application_approve_with_in_bsla,no_of_application_approve_beyond_bsla,no_of_application_proceeding_upload_with_in_sla,no_of_application_proceeding_upload_beyond_sla,no_of_application_reject_with_in_bsla,no_of_application_reject_beyond_bsla,total_fee,harithanidhi,totalfeeswithharithanidhi
2023,July,Adilabad,Tamsi,"Tamsi (B)",195692,1,0,1,0,0,0,0,0,0,0,0,0
2023,July,Jangaon,Bachannapeta,Bachannapeta,213284,1,0,1,0,0,0,0,0,0,0,0,0
2023,July,"Jogulamba Gadwal",Undavelly,Pullur,205673,2,2,0,0,0,0,0,0,0,0,0,0
2023,July,Khammam,Kusumanchi,Jujjularaopeta,202533,1,0,0,0,1,0,0,0,0,189085,0,0
2023,July,Mancherial,Bellampalle,Somagudem,279996,1,0,1,0,0,0,0,0,0,0,0,0
2023,July,Mancherial,Tandur,Tandur,195703,1,1,0,0,0,0,0,0,0,0,0,0
2023,July,Nagarkurnool,Charakonda,Jupally,206035,2,2,0,0,0,0,0,0,0,0,0,0
2023,July,Nagarkurnool,Kalwakurthy,Marchal,205302,1,1,0,0,0,0,0,0,0,0,0,0
2023,July,Nagarkurnool,"Nagar Kurnool",Gaggalapally,205709,1,0,1,0,0,0,0,0,0,0,0,0
2023,July,Nagarkurnool,Pentlavelli,Pentlavelly,205406,1,0,1,0,0,0,0,0,0,0,0,0
2023,July,Nalgonda,Madugulapally,Kukkadam,208220,1,0,1,0,0,0,0,0,0,0,0,0
2023,July,Narayanpet,Utkoor,Utkoor,205980,1,0,1,0,0,0,0,0,0,0,0,0
2023,July,Nirmal,Tanur,"Jewla (B)",195712,1,0,1,0,0,0,0,0,0,0,0,0
2023,July,Nizamabad,"Dich Palle",Rampoor,209390,1,0,0,0,1,0,0,0,0,15654,0,0
2023,July,Sangareddy,Kohir,Madri,206395,1,1,0,0,0,0,0,0,0,0,0,0
2023,July,Sangareddy,Kondapur,Terpole,206442,1,0,1,0,0,0,0,0,0,0,0,0
2023,July,Sangareddy,Sadashivpet,Nandikandi,206844,1,1,0,0,0,0,0,0,0,0,0,0
2023,July,Sangareddy,Zahirabad,Algole,207058,2,0,2,0,0,0,0,0,0,0,0,0
2023,July,Siddipet,Jagdevpur,Wattipalle,206298,1,1,0,0,0,0,0,0,0,0,0,0
2023,July,Vikarabad,Pargi,Sulthanpoor,210329,1,1,0,0,0,0,0,0,0,0,0,0
2023,July,Wanaparthy,Wanaparthy,Chityala,206068,1,1,0,0,0,0,0,0,0,0,0,0
2023,July,"Yadadri Bhuvanagiri",Yadagirigutta,Jangampally,208235,1,0,1,0,0,0,0,0,0,0,0,0
