year,month,district_name,mandal_name,panchayat_name,gplgdcode,total_no_of_application_received,no_of_application_under_process_at_gp,no_of_application_under_process_at_dtcp,no_of_application_approve_with_in_bsla,no_of_application_approve_beyond_bsla,no_of_application_proceeding_upload_with_in_sla,no_of_application_proceeding_upload_beyond_sla,no_of_application_reject_with_in_bsla,no_of_application_reject_beyond_bsla,total_fee,harithanidhi,totalfeeswithharithanidhi
2020,September,"Bhadradri Kothagudem",Sujathanagar,Nayakulagudem,280344,1,0,0,0,1,0,0,0,0,24953,0,0
2020,September,Kamareddy,Bhiknur,Jangampally,209268,1,1,0,0,0,0,0,0,0,0,0,0
2020,September,Kamareddy,Kamareddy,Narsannapally,209478,1,1,0,0,0,0,0,0,0,0,0,0
2020,September,Khammam,Raghunadhapalem,Vepakuntla,202451,1,0,0,0,0,0,1,0,0,112802,0,0
2020,September,"Komarambheem Asifabad",Asifabad,Saleguda,194943,1,0,0,1,0,0,0,0,0,0,0,0
2020,September,Mahabubnagar,Addakal,Addakal,204767,1,1,0,0,0,0,0,0,0,0,0,0
2020,September,Mahabubnagar,Balanagar,Gouthapoor,204889,1,0,0,0,1,0,0,0,0,37503,0,0
2020,September,Mahabubnagar,Jadcherla,Gangapoor,205277,1,0,0,0,1,0,0,0,0,19047,0,0
2020,September,Mahabubnagar,Jadcherla,Macharam,205285,1,0,0,0,1,0,0,0,0,0,0,0
2020,September,Mahabubnagar,Mahbubnagar,Dharampur,205589,1,0,0,0,1,0,0,0,0,63940,0,0
2020,September,Medak,"Shankarampet (R)",Gavalapalle,206906,1,0,0,0,1,0,0,0,0,100007,0,0
2020,September,Nagarkurnool,Vangoor,Thippareddipalle,205999,2,0,0,0,0,2,0,0,0,87376,0,0
2020,September,Nagarkurnool,Veldanda,Cherkur,206032,1,1,0,0,0,0,0,0,0,0,0,0
2020,September,Nalgonda,"Marri Guda",Marriguda,207640,1,1,0,0,0,0,0,0,0,0,0,0
2020,September,Nalgonda,"Pedda Adiserlapalle","Angadipet X Road",258050,1,1,0,0,0,0,0,0,0,0,0,0
2020,September,Nizamabad,Nandipet,Velmal,209667,1,0,0,0,1,0,0,0,0,30351,0,0
2020,September,Sangareddy,Zahirabad,Algole,207058,1,0,0,0,1,0,0,0,0,78630,0,0
2020,September,Suryapet,"Garide Palle",Garidepally,207440,1,1,0,0,0,0,0,0,0,0,0,0
2020,September,"Yadadri Bhuvanagiri",Yadagirigutta,Kacharam,208236,2,2,0,0,0,0,0,0,0,0,0,0
2020,September,"Yadadri Bhuvanagiri",Yadagirigutta,Ramajipet,208243,3,3,0,0,0,0,0,0,0,0,0,0
2020,September,"Yadadri Bhuvanagiri",Yadagirigutta,Saduvally,208244,5,5,0,0,0,0,0,0,0,0,0,0
