year,month,district_name,mandal_name,panchayat_name,gplgdcode,total_no_of_application_received,no_of_application_under_process_at_gp,no_of_application_under_process_at_dtcp,no_of_application_approve_with_in_bsla,no_of_application_approve_beyond_bsla,no_of_application_proceeding_upload_with_in_sla,no_of_application_proceeding_upload_beyond_sla,no_of_application_reject_with_in_bsla,no_of_application_reject_beyond_bsla,total_fee,harithanidhi,totalfeeswithharithanidhi
2021,October,Adilabad,Ichoda,"Adegaon K",195145,1,0,0,0,1,0,0,0,0,0,0,0
2021,October,Adilabad,Tamsi,Ponnari,195691,1,1,0,0,0,0,0,0,0,0,0,0
2021,October,"Bhadradri Kothagudem",Laxmidevipalli,"Sheshagiri Nagar",280300,1,0,0,0,0,0,0,0,1,0,0,0
2021,October,"Bhadradri Kothagudem",Sujathanagar,Nayakulagudem,280344,1,0,0,0,1,0,0,0,0,27989,0,0
2021,October,Jangaon,Bachannapeta,Bachannapeta,213284,1,1,0,0,0,0,0,0,0,0,0,0
2021,October,Jangaon,Jangaon,Pembarthy,213642,1,0,0,0,1,0,0,0,0,174265,0,0
2021,October,Jangaon,Kodakandla,"Girni Thanda",279187,2,0,1,0,1,0,0,0,0,29087,0,0
2021,October,"Jayashankar Bhupalpalli",Mahadevpur,Kaleshwaram,201540,1,0,1,0,0,0,0,0,0,0,0,0
2021,October,"Jogulamba Gadwal",Undavelly,Pullur,205673,1,0,0,0,1,0,0,0,0,0,0,0
2021,October,"Komarambheem Asifabad",Rebbana,Rebbana,195613,1,0,0,0,1,0,0,0,0,27664,0,0
2021,October,"Komarambheem Asifabad",Tiryani,Goyagoan,281926,1,0,0,0,0,1,0,0,0,59487,0,0
2021,October,Mahabubnagar,Jadcherla,Cherlpally,205274,1,1,0,0,0,0,0,0,0,0,0,0
2021,October,Mahabubnagar,Jadcherla,Gangapoor,205277,1,1,0,0,0,0,0,0,0,0,0,0
2021,October,Mahabubnagar,Mahbubnagar,Allipur,205581,1,1,0,0,0,0,0,0,0,0,0,0
2021,October,Mahabubnagar,Mahbubnagar,Divitipalle,205590,1,1,0,0,0,0,0,0,0,0,0,0
2021,October,Mahabubnagar,Moosapet,Musapet,279552,1,0,0,0,1,0,0,0,0,0,0,0
2021,October,Mahabubnagar,Nawabpet,Nawabpet,205784,1,1,0,0,0,0,0,0,0,0,0,0
2021,October,Nagarkurnool,"Nagar Kurnool",Gaggalapally,205709,1,1,0,0,0,0,0,0,0,0,0,0
2021,October,Nagarkurnool,Peddakothapalle,Kalwakole,205844,3,3,0,0,0,0,0,0,0,0,0,0
2021,October,Nagarkurnool,Tadoor,Tadoor,205885,1,1,0,0,0,0,0,0,0,0,0,0
2021,October,Nalgonda,Devarakonda,"Konda Bhemanapally",207425,1,0,0,0,1,0,0,0,0,0,0,0
2021,October,Nalgonda,Devarakonda,"Venkat Thanda",279649,1,0,0,0,1,0,0,0,0,0,0,0
2021,October,Nalgonda,Miryalaguda,"Chintha Pally",207688,1,0,0,0,1,0,0,0,0,28767,0,0
2021,October,Narayanpet,Marikal,Marikal,205064,1,1,0,0,0,0,0,0,0,0,0,0
2021,October,Narayanpet,Narayanpet,Eklaspur,205733,1,0,0,0,1,0,0,0,0,181002,0,0
2021,October,Narayanpet,Narayanpet,Singaram,205742,1,0,0,0,1,0,0,0,0,35264,0,0
2021,October,Narayanpet,Narva,Narva,205759,1,0,0,0,1,0,0,0,0,49092,0,0
2021,October,Nirmal,Bhainsa,Dahegaon,195015,1,0,0,0,1,0,0,0,0,0,0,0
2021,October,Nirmal,Dilawarpur,Gundampally,195120,1,0,0,1,0,0,0,0,0,50351,0,0
2021,October,Rangareddy,Amangal,Ramanuthula,204837,1,0,0,0,1,0,0,0,0,0,0,0
2021,October,Rangareddy,Kadthal,Challampalle,205890,1,0,0,0,0,1,0,0,0,128994,0,0
2021,October,Sangareddy,Munpalle,"Pedda Gopalaram",206596,1,0,0,0,1,0,0,0,0,295177,0,0
2021,October,Suryapet,Mattampalle,Bakkamantulaguda,207650,1,1,0,0,0,0,0,0,0,0,0,0
2021,October,Wanaparthy,Madanapur,Ajjakole,205464,1,0,1,0,0,0,0,0,0,0,0,0
2021,October,Warangal,Parvathagiri,Kalleda,214045,1,1,0,0,0,0,0,0,0,0,0,0
2021,October,"Yadadri Bhuvanagiri",Alair,Sharbanapuram,207105,1,0,0,0,1,0,0,0,0,0,0,0
2021,October,"Yadadri Bhuvanagiri",Yadagirigutta,Bahupeta,208230,1,1,0,0,0,0,0,0,0,0,0,0
