year,month,district_name,mandal_name,panchayat_name,gplgdcode,total_no_of_application_received,no_of_application_under_process_at_gp,no_of_application_under_process_at_dtcp,no_of_application_approve_with_in_bsla,no_of_application_approve_beyond_bsla,no_of_application_proceeding_upload_with_in_sla,no_of_application_proceeding_upload_beyond_sla,no_of_application_reject_with_in_bsla,no_of_application_reject_beyond_bsla,total_fee,harithanidhi,totalfeeswithharithanidhi
2022,May,Adilabad,Boath,"Guttapakka Thanda",281137,1,0,0,0,1,0,0,0,0,33083,0,0
2022,May,"Bhadradri Kothagudem",Aswaraopeta,Aswaraopeta,202136,1,1,0,0,0,0,0,0,0,0,0,0
2022,May,Jangaon,Jangaon,Pembarthy,213642,1,0,0,0,1,0,0,0,0,47044,0,0
2022,May,Jangaon,"Raghunatha Palle",Govardhanagiri,214060,1,1,0,0,0,0,0,0,0,0,0,0
2022,May,"Jayashankar Bhupalpalli",Kataram,Bayyaram,201425,1,1,0,0,0,0,0,0,0,0,0,0
2022,May,"Jayashankar Bhupalpalli",Kataram,Kataram,201435,1,1,0,0,0,0,0,0,0,0,0,0
2022,May,"Jogulamba Gadwal",Gadwal,Mailacheruvu,205159,1,0,0,0,0,1,0,0,0,48655,0,0
2022,May,"Jogulamba Gadwal",Itikyal,Yerrawalle,278674,2,0,0,0,2,0,0,0,0,0,0,0
2022,May,Kamareddy,Bhiknur,Bhiknoor,209265,1,0,1,0,0,0,0,0,0,0,0,0
2022,May,Kamareddy,Bhiknur,Jangampally,209268,1,0,0,0,1,0,0,0,0,0,0,0
2022,May,Kamareddy,Bichkunda,Bichkunda,209282,1,1,0,0,0,0,0,0,0,0,0,0
2022,May,Khammam,Kalluru,Narayanapuram,202372,1,0,0,0,0,1,0,0,0,121016,0,0
2022,May,Khammam,Thirumalayapalem,Thettalapadu,202779,1,0,0,0,0,1,0,0,0,245102,0,0
2022,May,Mahabubnagar,Koilkonda,Koilkonda,205382,4,0,1,0,3,0,0,0,0,0,0,0
2022,May,Mancherial,Bellampalle,Duginepalle,280853,1,1,0,0,0,0,0,0,0,0,0,0
2022,May,Mancherial,Bellampalle,Kannal,195010,1,0,0,0,1,0,0,0,0,232378,0,0
2022,May,Mancherial,Chennur,Kistampet,195073,1,1,0,0,0,0,0,0,0,0,0,0
2022,May,Mancherial,Jaipur,Jaipur,195228,1,1,0,0,0,0,0,0,0,0,0,0
2022,May,Medak,Medak,Machavaram,206521,1,0,0,0,0,0,1,0,0,40300,0,0
2022,May,Nagarkurnool,Charakonda,Charakonda,205983,1,0,0,1,0,0,0,0,0,59087,0,0
2022,May,Nagarkurnool,Charakonda,"Marripalli Tanda",280179,1,0,0,0,1,0,0,0,0,0,0,0
2022,May,Nagarkurnool,Veldanda,Kotra,206036,1,1,0,0,0,0,0,0,0,0,0,0
2022,May,Nalgonda,Kondamallepally,Kolmuntalapad,207424,1,1,0,0,0,0,0,0,0,0,0,0
2022,May,Nalgonda,Thripuraram,Kampasagar,208155,1,1,0,0,0,0,0,0,0,0,0,0
2022,May,Narayanpet,Marikal,Marikal,205064,3,3,0,0,0,0,0,0,0,0,0,0
2022,May,Nizamabad,"Kammar Palle",Basheerabad,209487,1,0,0,0,1,0,0,0,0,0,0,0
2022,May,Nizamabad,Navipet,Navipet,209685,1,1,0,0,0,0,0,0,0,0,0,0
2022,May,Nizamabad,Sirkonda,Kurdulpet,279979,2,0,0,0,2,0,0,0,0,0,0,0
2022,May,Nizamabad,Velpur,Lakkora,209863,2,2,0,0,0,0,0,0,0,0,0,0
2022,May,Rangareddy,Kadthal,Anmaspally,281662,1,0,0,0,1,0,0,0,0,146699,0,0
2022,May,Rangareddy,Yacharam,Tammaloniguda,210580,1,1,0,0,0,0,0,0,0,0,0,0
2022,May,Sangareddy,Kondapur,Malkapur,206435,1,0,0,0,1,0,0,0,0,97122,0,0
2022,May,Sangareddy,Munpalle,Budhera,206582,1,0,0,0,1,0,0,0,0,30347,0,0
2022,May,Sangareddy,Munpalle,"Pedda Gopalaram",206596,1,1,0,0,0,0,0,0,0,0,0,0
2022,May,Sangareddy,Sadashivpet,Nagsanpally,277866,1,0,0,0,1,0,0,0,0,0,0,0
2022,May,Siddipet,Dubbak,Chittapur,206210,1,0,0,0,1,0,0,0,0,125677,0,0
2022,May,Siddipet,Jagdevpur,"Teegul Narsapur",206294,3,1,2,0,0,0,0,0,0,0,0,0
2022,May,Siddipet,Komuravelli,Ainapur,213339,1,0,0,0,1,0,0,0,0,0,0,0
2022,May,Siddipet,Komuravelli,Rasoolabad,279733,3,0,0,0,3,0,0,0,0,108305,0,0
2022,May,Siddipet,Kondapak,Darga,279221,1,0,0,0,0,1,0,0,0,244032,0,0
2022,May,Siddipet,Kondapak,Lakdaram,206413,1,0,0,0,1,0,0,0,0,0,0,0
2022,May,Siddipet,Kondapak,Medinipur,206414,1,0,0,0,1,0,0,0,0,0,0,0
2022,May,Wanaparthy,Kothakota,Amdabakula,205465,1,1,0,0,0,0,0,0,0,0,0,0
2022,May,Wanaparthy,Madanapur,Danthanur,205469,1,1,0,0,0,0,0,0,0,0,0,0
2022,May,"Yadadri Bhuvanagiri",Motkondur,Ammanabole,207091,1,1,0,0,0,0,0,0,0,0,0,0
2022,May,"Yadadri Bhuvanagiri",Rajapet,Nemila,208040,2,2,0,0,0,0,0,0,0,0,0,0
2022,May,"Yadadri Bhuvanagiri",Rajapet,Rajapet,208045,2,2,0,0,0,0,0,0,0,0,0,0
2022,May,"Yadadri Bhuvanagiri",Yadagirigutta,Mahabubpet,208237,2,2,0,0,0,0,0,0,0,0,0,0
2022,May,"Yadadri Bhuvanagiri",Yadagirigutta,Wangapally,208248,1,1,0,0,0,0,0,0,0,0,0,0
