year,month,district_name,mandal_name,panchayat_name,gplgdcode,total_no_of_application_received,no_of_application_under_process_at_gp,no_of_application_under_process_at_dtcp,no_of_application_approve_with_in_bsla,no_of_application_approve_beyond_bsla,no_of_application_proceeding_upload_with_in_sla,no_of_application_proceeding_upload_beyond_sla,no_of_application_reject_with_in_bsla,no_of_application_reject_beyond_bsla,total_fee,harithanidhi,totalfeeswithharithanidhi
2020,January,Adilabad,Boath,Sonala,195061,1,0,0,0,0,0,1,0,0,28108,0,0
2020,January,"Bhadradri Kothagudem",Aswaraopeta,Aswaraopeta,202136,1,0,1,0,0,0,0,0,0,0,0,0
2020,January,Kamareddy,Sadasivanagar,Padmajiwadi,209782,1,0,0,0,1,0,0,0,0,0,0,0
2020,January,Mahabubnagar,Balanagar,Suraram,204908,1,0,0,0,1,0,0,0,0,0,0,0
2020,January,Mahabubnagar,Jadcherla,Gangapoor,205277,1,0,0,0,1,0,0,0,0,551505,0,0
2020,January,Nagarkurnool,Veldanda,Kotra,206036,2,2,0,0,0,0,0,0,0,0,0,0
2020,January,Nalgonda,Saligouraram,Shaligowraram,208082,1,0,0,0,1,0,0,0,0,179195,0,0
2020,January,Rangareddy,Kadthal,Kadthal,204829,1,0,0,0,1,0,0,0,0,0,0,0
2020,January,"Yadadri Bhuvanagiri",Alair,Mandanpally,207099,1,0,0,0,0,1,0,0,0,94090,0,0
2020,January,"Yadadri Bhuvanagiri","M Turkapalle",Peddathanda,207627,1,1,0,0,0,0,0,0,0,0,0,0
2020,January,"Yadadri Bhuvanagiri",Motkondur,Ikkurthy,207096,1,0,0,0,0,0,1,0,0,559884,0,0
2020,January,"Yadadri Bhuvanagiri",Motkondur,"Muthireddy Gudem",281008,1,1,0,0,0,0,0,0,0,0,0,0
2020,January,"Yadadri Bhuvanagiri",Yadagirigutta,Choller,208232,1,0,0,0,1,0,0,0,0,110676,0,0
