year,season,district_name,mandal_name,crop,normal_area,actual_area
2016-2017,Kharif,"Jogulamba Gadwal",Manopad,Maize,1736,1319
2016-2017,Kharif,"Jogulamba Gadwal",Alampur,Maize,4443,2980
2016-2017,Kharif,"Jogulamba Gadwal",Waddepally,Maize,1835,1810
2016-2017,Kharif,"Jogulamba Gadwal",Ieeza,Maize,164,56
2016-2017,Kharif,"Jogulamba Gadwal",Itikyal,Maize,115,45
2016-2017,Kharif,"Jogulamba Gadwal",Gadwal,Maize,12,0
2016-2017,Kharif,"Jogulamba Gadwal",Dharur,Maize,2,0
2016-2017,Kharif,"Jogulamba Gadwal",Ghattu,Maize,0,0
2016-2017,Kharif,"Jogulamba Gadwal",Maldakal,Maize,95,0
2016-2017,Kharif,"Jogulamba Gadwal",Manopad,"Red Gram",1169,1994
2016-2017,Kharif,"Jogulamba Gadwal",Alampur,"Red Gram",791,820
2016-2017,Kharif,"Jogulamba Gadwal",Waddepally,"Red Gram",1498,2282
2016-2017,Kharif,"Jogulamba Gadwal",Ieeza,"Red Gram",1285,928
2016-2017,Kharif,"Jogulamba Gadwal",Itikyal,"Red Gram",2098,2800
2016-2017,Kharif,"Jogulamba Gadwal",Gadwal,"Red Gram",1421,2200
2016-2017,Kharif,"Jogulamba Gadwal",Dharur,"Red Gram",1459,2306
2016-2017,Kharif,"Jogulamba Gadwal",Ghattu,"Red Gram",1895,1814
2016-2017,Kharif,"Jogulamba Gadwal",Maldakal,"Red Gram",1889,2025
2016-2017,Kharif,"Jogulamba Gadwal",Manopad,Cotton,6324,4383
2016-2017,Kharif,"Jogulamba Gadwal",Alampur,Cotton,1265,740
2016-2017,Kharif,"Jogulamba Gadwal",Waddepally,Cotton,3364,1369
2016-2017,Kharif,"Jogulamba Gadwal",Ieeza,Cotton,5723,4200
2016-2017,Kharif,"Jogulamba Gadwal",Itikyal,Cotton,2098,1700
2016-2017,Kharif,"Jogulamba Gadwal",Gadwal,Cotton,837,575
2016-2017,Kharif,"Jogulamba Gadwal",Dharur,Cotton,1768,950
2016-2017,Kharif,"Jogulamba Gadwal",Ghattu,Cotton,5891,1793
2016-2017,Kharif,"Jogulamba Gadwal",Maldakal,Cotton,5212,3689
2016-2017,Kharif,"Jogulamba Gadwal",Manopad,Jowar,1,0
2016-2017,Kharif,"Jogulamba Gadwal",Alampur,Jowar,0,0
2016-2017,Kharif,"Jogulamba Gadwal",Waddepally,Jowar,0,0
2016-2017,Kharif,"Jogulamba Gadwal",Ieeza,Jowar,2,0
2016-2017,Kharif,"Jogulamba Gadwal",Itikyal,Jowar,1,0
2016-2017,Kharif,"Jogulamba Gadwal",Gadwal,Jowar,11,14
2016-2017,Kharif,"Jogulamba Gadwal",Dharur,Jowar,249,383
2016-2017,Kharif,"Jogulamba Gadwal",Ghattu,Jowar,98,75
2016-2017,Kharif,"Jogulamba Gadwal",Maldakal,Jowar,38,98
2016-2017,Kharif,"Jogulamba Gadwal",Manopad,Paddy,235,0
2016-2017,Kharif,"Jogulamba Gadwal",Alampur,Paddy,225,682
2016-2017,Kharif,"Jogulamba Gadwal",Waddepally,Paddy,1236,1026
2016-2017,Kharif,"Jogulamba Gadwal",Ieeza,Paddy,3137,263
2016-2017,Kharif,"Jogulamba Gadwal",Itikyal,Paddy,2153,142
2016-2017,Kharif,"Jogulamba Gadwal",Gadwal,Paddy,2831,221
2016-2017,Kharif,"Jogulamba Gadwal",Dharur,Paddy,1560,300
2016-2017,Kharif,"Jogulamba Gadwal",Ghattu,Paddy,4097,1510
2016-2017,Kharif,"Jogulamba Gadwal",Maldakal,Paddy,786,275
2016-2017,Kharif,"Jogulamba Gadwal",Manopad,"Green Gram",0,0
2016-2017,Kharif,"Jogulamba Gadwal",Alampur,"Green Gram",8,0
2016-2017,Kharif,"Jogulamba Gadwal",Waddepally,"Green Gram",0,0
2016-2017,Kharif,"Jogulamba Gadwal",Ieeza,"Green Gram",0,0
2016-2017,Kharif,"Jogulamba Gadwal",Itikyal,"Green Gram",0,0
2016-2017,Kharif,"Jogulamba Gadwal",Gadwal,"Green Gram",0,55
2016-2017,Kharif,"Jogulamba Gadwal",Dharur,"Green Gram",0,0
2016-2017,Kharif,"Jogulamba Gadwal",Ghattu,"Green Gram",0,0
2016-2017,Kharif,"Jogulamba Gadwal",Maldakal,"Green Gram",5,4
2016-2017,Kharif,"Jogulamba Gadwal",Manopad,"Black Gram",18,0
2016-2017,Kharif,"Jogulamba Gadwal",Alampur,"Black Gram",23,38
2016-2017,Kharif,"Jogulamba Gadwal",Waddepally,"Black Gram",0,0
2016-2017,Kharif,"Jogulamba Gadwal",Ieeza,"Black Gram",0,0
2016-2017,Kharif,"Jogulamba Gadwal",Itikyal,"Black Gram",0,0
2016-2017,Kharif,"Jogulamba Gadwal",Gadwal,"Black Gram",0,26
2016-2017,Kharif,"Jogulamba Gadwal",Dharur,"Black Gram",0,0
2016-2017,Kharif,"Jogulamba Gadwal",Ghattu,"Black Gram",0,0
2016-2017,Kharif,"Jogulamba Gadwal",Maldakal,"Black Gram",0,0
2016-2017,Kharif,"Jogulamba Gadwal",Manopad,"Cow Gram",0,0
2016-2017,Kharif,"Jogulamba Gadwal",Alampur,"Cow Gram",0,0
2016-2017,Kharif,"Jogulamba Gadwal",Waddepally,"Cow Gram",0,0
2016-2017,Kharif,"Jogulamba Gadwal",Ieeza,"Cow Gram",0,0
2016-2017,Kharif,"Jogulamba Gadwal",Itikyal,"Cow Gram",0,0
2016-2017,Kharif,"Jogulamba Gadwal",Gadwal,"Cow Gram",0,0
2016-2017,Kharif,"Jogulamba Gadwal",Dharur,"Cow Gram",0,0
2016-2017,Kharif,"Jogulamba Gadwal",Ghattu,"Cow Gram",0,0
2016-2017,Kharif,"Jogulamba Gadwal",Maldakal,"Cow Gram",3,0
2016-2017,Kharif,"Jogulamba Gadwal",Manopad,Castor,426,65
2016-2017,Kharif,"Jogulamba Gadwal",Alampur,Castor,148,4
2016-2017,Kharif,"Jogulamba Gadwal",Waddepally,Castor,1223,819
2016-2017,Kharif,"Jogulamba Gadwal",Ieeza,Castor,2421,920
2016-2017,Kharif,"Jogulamba Gadwal",Itikyal,Castor,1828,300
2016-2017,Kharif,"Jogulamba Gadwal",Gadwal,Castor,5337,2338
2016-2017,Kharif,"Jogulamba Gadwal",Dharur,Castor,5241,3845
2016-2017,Kharif,"Jogulamba Gadwal",Ghattu,Castor,4430,1285
2016-2017,Kharif,"Jogulamba Gadwal",Maldakal,Castor,3882,1082
2016-2017,Kharif,"Jogulamba Gadwal",Manopad,RAGI,0,0
2016-2017,Kharif,"Jogulamba Gadwal",Alampur,RAGI,0,0
2016-2017,Kharif,"Jogulamba Gadwal",Waddepally,RAGI,0,0
2016-2017,Kharif,"Jogulamba Gadwal",Ieeza,RAGI,0,0
2016-2017,Kharif,"Jogulamba Gadwal",Itikyal,RAGI,0,0
2016-2017,Kharif,"Jogulamba Gadwal",Gadwal,RAGI,0,0
2016-2017,Kharif,"Jogulamba Gadwal",Dharur,RAGI,0,0
2016-2017,Kharif,"Jogulamba Gadwal",Ghattu,RAGI,0,0
2016-2017,Kharif,"Jogulamba Gadwal",Maldakal,RAGI,0,0
2016-2017,Kharif,"Jogulamba Gadwal",Manopad,Sugarcane,99,39
2016-2017,Kharif,"Jogulamba Gadwal",Alampur,Sugarcane,43,3
2016-2017,Kharif,"Jogulamba Gadwal",Waddepally,Sugarcane,104,0
2016-2017,Kharif,"Jogulamba Gadwal",Ieeza,Sugarcane,30,10
2016-2017,Kharif,"Jogulamba Gadwal",Itikyal,Sugarcane,173,0
2016-2017,Kharif,"Jogulamba Gadwal",Gadwal,Sugarcane,33,0
2016-2017,Kharif,"Jogulamba Gadwal",Dharur,Sugarcane,14,0
2016-2017,Kharif,"Jogulamba Gadwal",Ghattu,Sugarcane,23,0
2016-2017,Kharif,"Jogulamba Gadwal",Maldakal,Sugarcane,23,0
2016-2017,Kharif,"Jogulamba Gadwal",Manopad,Groundnut,3,0
2016-2017,Kharif,"Jogulamba Gadwal",Alampur,Groundnut,38,2
2016-2017,Kharif,"Jogulamba Gadwal",Waddepally,Groundnut,178,176
2016-2017,Kharif,"Jogulamba Gadwal",Ieeza,Groundnut,1606,1586
2016-2017,Kharif,"Jogulamba Gadwal",Itikyal,Groundnut,390,605
2016-2017,Kharif,"Jogulamba Gadwal",Gadwal,Groundnut,43,10
2016-2017,Kharif,"Jogulamba Gadwal",Dharur,Groundnut,308,403
2016-2017,Kharif,"Jogulamba Gadwal",Ghattu,Groundnut,2450,2595
2016-2017,Kharif,"Jogulamba Gadwal",Maldakal,Groundnut,708,620
2016-2017,Kharif,"Jogulamba Gadwal",Manopad,Sunflower,21,0
2016-2017,Kharif,"Jogulamba Gadwal",Alampur,Sunflower,16,8
2016-2017,Kharif,"Jogulamba Gadwal",Waddepally,Sunflower,216,78
2016-2017,Kharif,"Jogulamba Gadwal",Ieeza,Sunflower,94,238
2016-2017,Kharif,"Jogulamba Gadwal",Itikyal,Sunflower,39,0
2016-2017,Kharif,"Jogulamba Gadwal",Gadwal,Sunflower,25,0
2016-2017,Kharif,"Jogulamba Gadwal",Dharur,Sunflower,0,0
2016-2017,Kharif,"Jogulamba Gadwal",Ghattu,Sunflower,66,0
2016-2017,Kharif,"Jogulamba Gadwal",Maldakal,Sunflower,114,0
2016-2017,Kharif,"Jogulamba Gadwal",Manopad,Soyabean,1,0
2016-2017,Kharif,"Jogulamba Gadwal",Alampur,Soyabean,0,0
2016-2017,Kharif,"Jogulamba Gadwal",Waddepally,Soyabean,0,0
2016-2017,Kharif,"Jogulamba Gadwal",Ieeza,Soyabean,0,0
2016-2017,Kharif,"Jogulamba Gadwal",Itikyal,Soyabean,0,0
2016-2017,Kharif,"Jogulamba Gadwal",Gadwal,Soyabean,0,0
2016-2017,Kharif,"Jogulamba Gadwal",Dharur,Soyabean,0,0
2016-2017,Kharif,"Jogulamba Gadwal",Ghattu,Soyabean,0,0
2016-2017,Kharif,"Jogulamba Gadwal",Maldakal,Soyabean,0,0
2016-2017,Kharif,"Jogulamba Gadwal",Manopad,Chillies,2223,2216
2016-2017,Kharif,"Jogulamba Gadwal",Alampur,Chillies,737,782
2016-2017,Kharif,"Jogulamba Gadwal",Waddepally,Chillies,1528,1176
2016-2017,Kharif,"Jogulamba Gadwal",Ieeza,Chillies,557,250
2016-2017,Kharif,"Jogulamba Gadwal",Itikyal,Chillies,1269,1470
2016-2017,Kharif,"Jogulamba Gadwal",Gadwal,Chillies,280,276
2016-2017,Kharif,"Jogulamba Gadwal",Dharur,Chillies,18,35
2016-2017,Kharif,"Jogulamba Gadwal",Ghattu,Chillies,787,300
2016-2017,Kharif,"Jogulamba Gadwal",Maldakal,Chillies,1112,871
2016-2017,Kharif,"Jogulamba Gadwal",Manopad,Onion,643,678
2016-2017,Kharif,"Jogulamba Gadwal",Alampur,Onion,1259,1064
2016-2017,Kharif,"Jogulamba Gadwal",Waddepally,Onion,569,936
2016-2017,Kharif,"Jogulamba Gadwal",Ieeza,Onion,88,102
2016-2017,Kharif,"Jogulamba Gadwal",Itikyal,Onion,123,93
2016-2017,Kharif,"Jogulamba Gadwal",Gadwal,Onion,23,0
2016-2017,Kharif,"Jogulamba Gadwal",Dharur,Onion,11,0
2016-2017,Kharif,"Jogulamba Gadwal",Ghattu,Onion,120,0
2016-2017,Kharif,"Jogulamba Gadwal",Maldakal,Onion,49,0
2016-2017,Kharif,"Jogulamba Gadwal",Manopad,Bajra,0,0
2016-2017,Kharif,"Jogulamba Gadwal",Alampur,Bajra,0,0
2016-2017,Kharif,"Jogulamba Gadwal",Waddepally,Bajra,0,0
2016-2017,Kharif,"Jogulamba Gadwal",Ieeza,Bajra,68,10
2016-2017,Kharif,"Jogulamba Gadwal",Itikyal,Bajra,5,0
2016-2017,Kharif,"Jogulamba Gadwal",Gadwal,Bajra,203,55
2016-2017,Kharif,"Jogulamba Gadwal",Dharur,Bajra,686,322
2016-2017,Kharif,"Jogulamba Gadwal",Ghattu,Bajra,590,510
2016-2017,Kharif,"Jogulamba Gadwal",Maldakal,Bajra,365,6
2016-2017,Kharif,"Jogulamba Gadwal",Manopad,Turmeric,0,0
2016-2017,Kharif,"Jogulamba Gadwal",Alampur,Turmeric,0,0
2016-2017,Kharif,"Jogulamba Gadwal",Waddepally,Turmeric,0,0
2016-2017,Kharif,"Jogulamba Gadwal",Ieeza,Turmeric,0,0
2016-2017,Kharif,"Jogulamba Gadwal",Itikyal,Turmeric,0,0
2016-2017,Kharif,"Jogulamba Gadwal",Gadwal,Turmeric,0,0
2016-2017,Kharif,"Jogulamba Gadwal",Dharur,Turmeric,0,0
2016-2017,Kharif,"Jogulamba Gadwal",Ghattu,Turmeric,0,0
2016-2017,Kharif,"Jogulamba Gadwal",Maldakal,Turmeric,0,0
2016-2017,Kharif,"Jogulamba Gadwal",Manopad,"Other Non-Food Crops",435,0
2016-2017,Kharif,"Jogulamba Gadwal",Alampur,"Other Non-Food Crops",4,0
2016-2017,Kharif,"Jogulamba Gadwal",Waddepally,"Other Non-Food Crops",401,0
2016-2017,Kharif,"Jogulamba Gadwal",Ieeza,"Other Non-Food Crops",0,0
2016-2017,Kharif,"Jogulamba Gadwal",Itikyal,"Other Non-Food Crops",4,0
2016-2017,Kharif,"Jogulamba Gadwal",Gadwal,"Other Non-Food Crops",0,0
2016-2017,Kharif,"Jogulamba Gadwal",Dharur,"Other Non-Food Crops",0,0
2016-2017,Kharif,"Jogulamba Gadwal",Ghattu,"Other Non-Food Crops",0,0
2016-2017,Kharif,"Jogulamba Gadwal",Maldakal,"Other Non-Food Crops",0,0
2016-2017,Kharif,"Jogulamba Gadwal",Manopad,Mesta,4,0
2016-2017,Kharif,"Jogulamba Gadwal",Alampur,Mesta,2,0
2016-2017,Kharif,"Jogulamba Gadwal",Waddepally,Mesta,0,0
2016-2017,Kharif,"Jogulamba Gadwal",Ieeza,Mesta,0,0
2016-2017,Kharif,"Jogulamba Gadwal",Itikyal,Mesta,0,0
2016-2017,Kharif,"Jogulamba Gadwal",Gadwal,Mesta,0,0
2016-2017,Kharif,"Jogulamba Gadwal",Dharur,Mesta,0,0
2016-2017,Kharif,"Jogulamba Gadwal",Ghattu,Mesta,0,0
2016-2017,Kharif,"Jogulamba Gadwal",Maldakal,Mesta,0,0
2016-2017,Kharif,"Jogulamba Gadwal",Manopad,Sesamum,26,0
2016-2017,Kharif,"Jogulamba Gadwal",Alampur,Sesamum,0,0
2016-2017,Kharif,"Jogulamba Gadwal",Waddepally,Sesamum,0,0
2016-2017,Kharif,"Jogulamba Gadwal",Ieeza,Sesamum,0,0
2016-2017,Kharif,"Jogulamba Gadwal",Itikyal,Sesamum,0,0
2016-2017,Kharif,"Jogulamba Gadwal",Gadwal,Sesamum,0,0
2016-2017,Kharif,"Jogulamba Gadwal",Dharur,Sesamum,0,0
2016-2017,Kharif,"Jogulamba Gadwal",Ghattu,Sesamum,0,0
2016-2017,Kharif,"Jogulamba Gadwal",Maldakal,Sesamum,0,0
2016-2017,Kharif,"Jogulamba Gadwal",Manopad,"Horse Gram",0,0
2016-2017,Kharif,"Jogulamba Gadwal",Alampur,"Horse Gram",0,0
2016-2017,Kharif,"Jogulamba Gadwal",Waddepally,"Horse Gram",0,0
2016-2017,Kharif,"Jogulamba Gadwal",Ieeza,"Horse Gram",0,0
2016-2017,Kharif,"Jogulamba Gadwal",Itikyal,"Horse Gram",0,0
2016-2017,Kharif,"Jogulamba Gadwal",Gadwal,"Horse Gram",0,0
2016-2017,Kharif,"Jogulamba Gadwal",Dharur,"Horse Gram",23,0
2016-2017,Kharif,"Jogulamba Gadwal",Ghattu,"Horse Gram",274,0
2016-2017,Kharif,"Jogulamba Gadwal",Maldakal,"Horse Gram",9,0
2016-2017,Kharif,"Jogulamba Gadwal",Manopad,Tobacco,279,0
2016-2017,Kharif,"Jogulamba Gadwal",Alampur,Tobacco,437,0
2016-2017,Kharif,"Jogulamba Gadwal",Waddepally,Tobacco,38,0
2016-2017,Kharif,"Jogulamba Gadwal",Ieeza,Tobacco,0,0
2016-2017,Kharif,"Jogulamba Gadwal",Itikyal,Tobacco,468,0
2016-2017,Kharif,"Jogulamba Gadwal",Gadwal,Tobacco,0,0
2016-2017,Kharif,"Jogulamba Gadwal",Dharur,Tobacco,0,0
2016-2017,Kharif,"Jogulamba Gadwal",Ghattu,Tobacco,36,0
2016-2017,Kharif,"Jogulamba Gadwal",Maldakal,Tobacco,59,0
2016-2017,Kharif,"Jogulamba Gadwal",Manopad,"OTHER FOOD CROPS",643,3440
2016-2017,Kharif,"Jogulamba Gadwal",Alampur,"OTHER FOOD CROPS",214,1654
2016-2017,Kharif,"Jogulamba Gadwal",Waddepally,"OTHER FOOD CROPS",568,1601
2016-2017,Kharif,"Jogulamba Gadwal",Ieeza,"OTHER FOOD CROPS",254,1924
2016-2017,Kharif,"Jogulamba Gadwal",Itikyal,"OTHER FOOD CROPS",376,2168
2016-2017,Kharif,"Jogulamba Gadwal",Gadwal,"OTHER FOOD CROPS",696,91
2016-2017,Kharif,"Jogulamba Gadwal",Dharur,"OTHER FOOD CROPS",1142,573
2016-2017,Kharif,"Jogulamba Gadwal",Ghattu,"OTHER FOOD CROPS",1117,2162
2016-2017,Kharif,"Jogulamba Gadwal",Maldakal,"OTHER FOOD CROPS",1133,1194
2016-2017,Kharif,"Jogulamba Gadwal",Manopad,"Gross Area",14286,14134
2016-2017,Kharif,"Jogulamba Gadwal",Alampur,"Gross Area",9653,8777
2016-2017,Kharif,"Jogulamba Gadwal",Waddepally,"Gross Area",12758,11273
2016-2017,Kharif,"Jogulamba Gadwal",Ieeza,"Gross Area",15429,10487
2016-2017,Kharif,"Jogulamba Gadwal",Itikyal,"Gross Area",11140,9323
2016-2017,Kharif,"Jogulamba Gadwal",Gadwal,"Gross Area",11752,5861
2016-2017,Kharif,"Jogulamba Gadwal",Dharur,"Gross Area",12481,9117
2016-2017,Kharif,"Jogulamba Gadwal",Ghattu,"Gross Area",21874,12044
2016-2017,Kharif,"Jogulamba Gadwal",Maldakal,"Gross Area",15482,9864
