year,season,district_name,mandal_name,crop,normal_area,actual_area
2018-2019,Kharif,"Jogulamba Gadwal","Kaloor Timmanadoddi",Rice,1521,
2018-2019,Kharif,"Jogulamba Gadwal",Dharur,Rice,1664,
2018-2019,Kharif,"Jogulamba Gadwal",Gadwal,Rice,2936,
2018-2019,Kharif,"Jogulamba Gadwal",Itikyala,Rice,1587,
2018-2019,Kharif,"Jogulamba Gadwal",Maldakal,Rice,899,
2018-2019,Kharif,"Jogulamba Gadwal",Ghattu,Rice,3043,
2018-2019,Kharif,"Jogulamba Gadwal",Ieeja,Rice,2312,
2018-2019,Kharif,"Jogulamba Gadwal",Rajoli,Rice,849,
2018-2019,Kharif,"Jogulamba Gadwal",Waddepally,Rice,148,
2018-2019,Kharif,"Jogulamba Gadwal",Manopad,Rice,100,
2018-2019,Kharif,"Jogulamba Gadwal",Undavelly,Rice,58,
2018-2019,Kharif,"Jogulamba Gadwal",Alampur,Rice,151,
2018-2019,Kharif,"Jogulamba Gadwal","Kaloor Timmanadoddi",Jowar,75,
2018-2019,Kharif,"Jogulamba Gadwal",Dharur,Jowar,90,
2018-2019,Kharif,"Jogulamba Gadwal",Gadwal,Jowar,22,
2018-2019,Kharif,"Jogulamba Gadwal",Itikyala,Jowar,0,
2018-2019,Kharif,"Jogulamba Gadwal",Maldakal,Jowar,12,
2018-2019,Kharif,"Jogulamba Gadwal",Ghattu,Jowar,56,
2018-2019,Kharif,"Jogulamba Gadwal",Ieeja,Jowar,0,
2018-2019,Kharif,"Jogulamba Gadwal",Rajoli,Jowar,0,
2018-2019,Kharif,"Jogulamba Gadwal",Waddepally,Jowar,0,
2018-2019,Kharif,"Jogulamba Gadwal",Manopad,Jowar,0,
2018-2019,Kharif,"Jogulamba Gadwal",Undavelly,Jowar,1,
2018-2019,Kharif,"Jogulamba Gadwal",Alampur,Jowar,0,
2018-2019,Kharif,"Jogulamba Gadwal","Kaloor Timmanadoddi",Bajra,259,
2018-2019,Kharif,"Jogulamba Gadwal",Dharur,Bajra,325,
2018-2019,Kharif,"Jogulamba Gadwal",Gadwal,Bajra,136,
2018-2019,Kharif,"Jogulamba Gadwal",Itikyala,Bajra,2,
2018-2019,Kharif,"Jogulamba Gadwal",Maldakal,Bajra,233,
2018-2019,Kharif,"Jogulamba Gadwal",Ghattu,Bajra,362,
2018-2019,Kharif,"Jogulamba Gadwal",Ieeja,Bajra,43,
2018-2019,Kharif,"Jogulamba Gadwal",Rajoli,Bajra,6,
2018-2019,Kharif,"Jogulamba Gadwal",Waddepally,Bajra,0,
2018-2019,Kharif,"Jogulamba Gadwal",Manopad,Bajra,0,
2018-2019,Kharif,"Jogulamba Gadwal",Undavelly,Bajra,0,
2018-2019,Kharif,"Jogulamba Gadwal",Alampur,Bajra,0,
2018-2019,Kharif,"Jogulamba Gadwal","Kaloor Timmanadoddi",Maize,0,
2018-2019,Kharif,"Jogulamba Gadwal",Dharur,Maize,0,
2018-2019,Kharif,"Jogulamba Gadwal",Gadwal,Maize,24,
2018-2019,Kharif,"Jogulamba Gadwal",Itikyala,Maize,55,
2018-2019,Kharif,"Jogulamba Gadwal",Maldakal,Maize,66,
2018-2019,Kharif,"Jogulamba Gadwal",Ghattu,Maize,0,
2018-2019,Kharif,"Jogulamba Gadwal",Ieeja,Maize,175,
2018-2019,Kharif,"Jogulamba Gadwal",Rajoli,Maize,487,
2018-2019,Kharif,"Jogulamba Gadwal",Waddepally,Maize,913,
2018-2019,Kharif,"Jogulamba Gadwal",Manopad,Maize,263,
2018-2019,Kharif,"Jogulamba Gadwal",Undavelly,Maize,1660,
2018-2019,Kharif,"Jogulamba Gadwal",Alampur,Maize,3409,
2018-2019,Kharif,"Jogulamba Gadwal","Kaloor Timmanadoddi",Ragi,0,
2018-2019,Kharif,"Jogulamba Gadwal",Dharur,Ragi,0,
2018-2019,Kharif,"Jogulamba Gadwal",Gadwal,Ragi,0,
2018-2019,Kharif,"Jogulamba Gadwal",Itikyala,Ragi,0,
2018-2019,Kharif,"Jogulamba Gadwal",Maldakal,Ragi,0,
2018-2019,Kharif,"Jogulamba Gadwal",Ghattu,Ragi,0,
2018-2019,Kharif,"Jogulamba Gadwal",Ieeja,Ragi,0,
2018-2019,Kharif,"Jogulamba Gadwal",Rajoli,Ragi,0,
2018-2019,Kharif,"Jogulamba Gadwal",Waddepally,Ragi,0,
2018-2019,Kharif,"Jogulamba Gadwal",Manopad,Ragi,0,
2018-2019,Kharif,"Jogulamba Gadwal",Undavelly,Ragi,0,
2018-2019,Kharif,"Jogulamba Gadwal",Alampur,Ragi,0,
2018-2019,Kharif,"Jogulamba Gadwal","Kaloor Timmanadoddi","Total Major Millets",0,
2018-2019,Kharif,"Jogulamba Gadwal",Dharur,"Total Major Millets",0,
2018-2019,Kharif,"Jogulamba Gadwal",Gadwal,"Total Major Millets",0,
2018-2019,Kharif,"Jogulamba Gadwal",Itikyala,"Total Major Millets",0,
2018-2019,Kharif,"Jogulamba Gadwal",Maldakal,"Total Major Millets",0,
2018-2019,Kharif,"Jogulamba Gadwal",Ghattu,"Total Major Millets",0,
2018-2019,Kharif,"Jogulamba Gadwal",Ieeja,"Total Major Millets",0,
2018-2019,Kharif,"Jogulamba Gadwal",Rajoli,"Total Major Millets",0,
2018-2019,Kharif,"Jogulamba Gadwal",Waddepally,"Total Major Millets",0,
2018-2019,Kharif,"Jogulamba Gadwal",Manopad,"Total Major Millets",0,
2018-2019,Kharif,"Jogulamba Gadwal",Undavelly,"Total Major Millets",0,
2018-2019,Kharif,"Jogulamba Gadwal",Alampur,"Total Major Millets",0,
2018-2019,Kharif,"Jogulamba Gadwal","Kaloor Timmanadoddi",Korra,0,
2018-2019,Kharif,"Jogulamba Gadwal",Dharur,Korra,0,
2018-2019,Kharif,"Jogulamba Gadwal",Gadwal,Korra,0,
2018-2019,Kharif,"Jogulamba Gadwal",Itikyala,Korra,13,
2018-2019,Kharif,"Jogulamba Gadwal",Maldakal,Korra,14,
2018-2019,Kharif,"Jogulamba Gadwal",Ghattu,Korra,16,
2018-2019,Kharif,"Jogulamba Gadwal",Ieeja,Korra,61,
2018-2019,Kharif,"Jogulamba Gadwal",Rajoli,Korra,16,
2018-2019,Kharif,"Jogulamba Gadwal",Waddepally,Korra,13,
2018-2019,Kharif,"Jogulamba Gadwal",Manopad,Korra,0,
2018-2019,Kharif,"Jogulamba Gadwal",Undavelly,Korra,9,
2018-2019,Kharif,"Jogulamba Gadwal",Alampur,Korra,46,
2018-2019,Kharif,"Jogulamba Gadwal","Kaloor Timmanadoddi","Total Minor Millets",0,
2018-2019,Kharif,"Jogulamba Gadwal",Dharur,"Total Minor Millets",0,
2018-2019,Kharif,"Jogulamba Gadwal",Gadwal,"Total Minor Millets",0,
2018-2019,Kharif,"Jogulamba Gadwal",Itikyala,"Total Minor Millets",0,
2018-2019,Kharif,"Jogulamba Gadwal",Maldakal,"Total Minor Millets",0,
2018-2019,Kharif,"Jogulamba Gadwal",Ghattu,"Total Minor Millets",0,
2018-2019,Kharif,"Jogulamba Gadwal",Ieeja,"Total Minor Millets",0,
2018-2019,Kharif,"Jogulamba Gadwal",Rajoli,"Total Minor Millets",0,
2018-2019,Kharif,"Jogulamba Gadwal",Waddepally,"Total Minor Millets",0,
2018-2019,Kharif,"Jogulamba Gadwal",Manopad,"Total Minor Millets",0,
2018-2019,Kharif,"Jogulamba Gadwal",Undavelly,"Total Minor Millets",0,
2018-2019,Kharif,"Jogulamba Gadwal",Alampur,"Total Minor Millets",0,
2018-2019,Kharif,"Jogulamba Gadwal","Kaloor Timmanadoddi","Total Cereals & Millets",0,
2018-2019,Kharif,"Jogulamba Gadwal",Dharur,"Total Cereals & Millets",0,
2018-2019,Kharif,"Jogulamba Gadwal",Gadwal,"Total Cereals & Millets",0,
2018-2019,Kharif,"Jogulamba Gadwal",Itikyala,"Total Cereals & Millets",0,
2018-2019,Kharif,"Jogulamba Gadwal",Maldakal,"Total Cereals & Millets",0,
2018-2019,Kharif,"Jogulamba Gadwal",Ghattu,"Total Cereals & Millets",0,
2018-2019,Kharif,"Jogulamba Gadwal",Ieeja,"Total Cereals & Millets",0,
2018-2019,Kharif,"Jogulamba Gadwal",Rajoli,"Total Cereals & Millets",0,
2018-2019,Kharif,"Jogulamba Gadwal",Waddepally,"Total Cereals & Millets",0,
2018-2019,Kharif,"Jogulamba Gadwal",Manopad,"Total Cereals & Millets",0,
2018-2019,Kharif,"Jogulamba Gadwal",Undavelly,"Total Cereals & Millets",0,
2018-2019,Kharif,"Jogulamba Gadwal",Alampur,"Total Cereals & Millets",0,
2018-2019,Kharif,"Jogulamba Gadwal","Kaloor Timmanadoddi",Horsegram,72,
2018-2019,Kharif,"Jogulamba Gadwal",Dharur,Horsegram,14,
2018-2019,Kharif,"Jogulamba Gadwal",Gadwal,Horsegram,0,
2018-2019,Kharif,"Jogulamba Gadwal",Itikyala,Horsegram,0,
2018-2019,Kharif,"Jogulamba Gadwal",Maldakal,Horsegram,5,
2018-2019,Kharif,"Jogulamba Gadwal",Ghattu,Horsegram,119,
2018-2019,Kharif,"Jogulamba Gadwal",Ieeja,Horsegram,0,
2018-2019,Kharif,"Jogulamba Gadwal",Rajoli,Horsegram,0,
2018-2019,Kharif,"Jogulamba Gadwal",Waddepally,Horsegram,0,
2018-2019,Kharif,"Jogulamba Gadwal",Manopad,Horsegram,0,
2018-2019,Kharif,"Jogulamba Gadwal",Undavelly,Horsegram,0,
2018-2019,Kharif,"Jogulamba Gadwal",Alampur,Horsegram,0,
2018-2019,Kharif,"Jogulamba Gadwal","Kaloor Timmanadoddi",Greengram,0,
2018-2019,Kharif,"Jogulamba Gadwal",Dharur,Greengram,0,
2018-2019,Kharif,"Jogulamba Gadwal",Gadwal,Greengram,0,
2018-2019,Kharif,"Jogulamba Gadwal",Itikyala,Greengram,1,
2018-2019,Kharif,"Jogulamba Gadwal",Maldakal,Greengram,1,
2018-2019,Kharif,"Jogulamba Gadwal",Ghattu,Greengram,0,
2018-2019,Kharif,"Jogulamba Gadwal",Ieeja,Greengram,0,
2018-2019,Kharif,"Jogulamba Gadwal",Rajoli,Greengram,0,
2018-2019,Kharif,"Jogulamba Gadwal",Waddepally,Greengram,0,
2018-2019,Kharif,"Jogulamba Gadwal",Manopad,Greengram,0,
2018-2019,Kharif,"Jogulamba Gadwal",Undavelly,Greengram,0,
2018-2019,Kharif,"Jogulamba Gadwal",Alampur,Greengram,18,
2018-2019,Kharif,"Jogulamba Gadwal","Kaloor Timmanadoddi",Blackgram,0,
2018-2019,Kharif,"Jogulamba Gadwal",Dharur,Blackgram,0,
2018-2019,Kharif,"Jogulamba Gadwal",Gadwal,Blackgram,0,
2018-2019,Kharif,"Jogulamba Gadwal",Itikyala,Blackgram,0,
2018-2019,Kharif,"Jogulamba Gadwal",Maldakal,Blackgram,0,
2018-2019,Kharif,"Jogulamba Gadwal",Ghattu,Blackgram,0,
2018-2019,Kharif,"Jogulamba Gadwal",Ieeja,Blackgram,0,
2018-2019,Kharif,"Jogulamba Gadwal",Rajoli,Blackgram,0,
2018-2019,Kharif,"Jogulamba Gadwal",Waddepally,Blackgram,0,
2018-2019,Kharif,"Jogulamba Gadwal",Manopad,Blackgram,0,
2018-2019,Kharif,"Jogulamba Gadwal",Undavelly,Blackgram,0,
2018-2019,Kharif,"Jogulamba Gadwal",Alampur,Blackgram,0,
2018-2019,Kharif,"Jogulamba Gadwal","Kaloor Timmanadoddi",Redgram,881,
2018-2019,Kharif,"Jogulamba Gadwal",Dharur,Redgram,1236,
2018-2019,Kharif,"Jogulamba Gadwal",Gadwal,Redgram,1703,
2018-2019,Kharif,"Jogulamba Gadwal",Itikyala,Redgram,1789,
2018-2019,Kharif,"Jogulamba Gadwal",Maldakal,Redgram,1944,
2018-2019,Kharif,"Jogulamba Gadwal",Ghattu,Redgram,1567,
2018-2019,Kharif,"Jogulamba Gadwal",Ieeja,Redgram,1708,
2018-2019,Kharif,"Jogulamba Gadwal",Rajoli,Redgram,668,
2018-2019,Kharif,"Jogulamba Gadwal",Waddepally,Redgram,1229,
2018-2019,Kharif,"Jogulamba Gadwal",Manopad,Redgram,958,
2018-2019,Kharif,"Jogulamba Gadwal",Undavelly,Redgram,746,
2018-2019,Kharif,"Jogulamba Gadwal",Alampur,Redgram,695,
2018-2019,Kharif,"Jogulamba Gadwal","Kaloor Timmanadoddi",Cowgram,0,
2018-2019,Kharif,"Jogulamba Gadwal",Dharur,Cowgram,0,
2018-2019,Kharif,"Jogulamba Gadwal",Gadwal,Cowgram,0,
2018-2019,Kharif,"Jogulamba Gadwal",Itikyala,Cowgram,0,
2018-2019,Kharif,"Jogulamba Gadwal",Maldakal,Cowgram,0,
2018-2019,Kharif,"Jogulamba Gadwal",Ghattu,Cowgram,0,
2018-2019,Kharif,"Jogulamba Gadwal",Ieeja,Cowgram,0,
2018-2019,Kharif,"Jogulamba Gadwal",Rajoli,Cowgram,0,
2018-2019,Kharif,"Jogulamba Gadwal",Waddepally,Cowgram,0,
2018-2019,Kharif,"Jogulamba Gadwal",Manopad,Cowgram,0,
2018-2019,Kharif,"Jogulamba Gadwal",Undavelly,Cowgram,0,
2018-2019,Kharif,"Jogulamba Gadwal",Alampur,Cowgram,0,
2018-2019,Kharif,"Jogulamba Gadwal","Kaloor Timmanadoddi",Anumulu,0,
2018-2019,Kharif,"Jogulamba Gadwal",Dharur,Anumulu,0,
2018-2019,Kharif,"Jogulamba Gadwal",Gadwal,Anumulu,0,
2018-2019,Kharif,"Jogulamba Gadwal",Itikyala,Anumulu,0,
2018-2019,Kharif,"Jogulamba Gadwal",Maldakal,Anumulu,0,
2018-2019,Kharif,"Jogulamba Gadwal",Ghattu,Anumulu,0,
2018-2019,Kharif,"Jogulamba Gadwal",Ieeja,Anumulu,0,
2018-2019,Kharif,"Jogulamba Gadwal",Rajoli,Anumulu,0,
2018-2019,Kharif,"Jogulamba Gadwal",Waddepally,Anumulu,0,
2018-2019,Kharif,"Jogulamba Gadwal",Manopad,Anumulu,0,
2018-2019,Kharif,"Jogulamba Gadwal",Undavelly,Anumulu,0,
2018-2019,Kharif,"Jogulamba Gadwal",Alampur,Anumulu,0,
2018-2019,Kharif,"Jogulamba Gadwal","Kaloor Timmanadoddi","Total Pulses",0,
2018-2019,Kharif,"Jogulamba Gadwal",Dharur,"Total Pulses",0,
2018-2019,Kharif,"Jogulamba Gadwal",Gadwal,"Total Pulses",0,
2018-2019,Kharif,"Jogulamba Gadwal",Itikyala,"Total Pulses",0,
2018-2019,Kharif,"Jogulamba Gadwal",Maldakal,"Total Pulses",0,
2018-2019,Kharif,"Jogulamba Gadwal",Ghattu,"Total Pulses",0,
2018-2019,Kharif,"Jogulamba Gadwal",Ieeja,"Total Pulses",0,
2018-2019,Kharif,"Jogulamba Gadwal",Rajoli,"Total Pulses",0,
2018-2019,Kharif,"Jogulamba Gadwal",Waddepally,"Total Pulses",0,
2018-2019,Kharif,"Jogulamba Gadwal",Manopad,"Total Pulses",0,
2018-2019,Kharif,"Jogulamba Gadwal",Undavelly,"Total Pulses",0,
2018-2019,Kharif,"Jogulamba Gadwal",Alampur,"Total Pulses",0,
2018-2019,Kharif,"Jogulamba Gadwal","Kaloor Timmanadoddi","Total food grains",0,
2018-2019,Kharif,"Jogulamba Gadwal",Dharur,"Total food grains",0,
2018-2019,Kharif,"Jogulamba Gadwal",Gadwal,"Total food grains",0,
2018-2019,Kharif,"Jogulamba Gadwal",Itikyala,"Total food grains",0,
2018-2019,Kharif,"Jogulamba Gadwal",Maldakal,"Total food grains",0,
2018-2019,Kharif,"Jogulamba Gadwal",Ghattu,"Total food grains",0,
2018-2019,Kharif,"Jogulamba Gadwal",Ieeja,"Total food grains",0,
2018-2019,Kharif,"Jogulamba Gadwal",Rajoli,"Total food grains",0,
2018-2019,Kharif,"Jogulamba Gadwal",Waddepally,"Total food grains",0,
2018-2019,Kharif,"Jogulamba Gadwal",Manopad,"Total food grains",0,
2018-2019,Kharif,"Jogulamba Gadwal",Undavelly,"Total food grains",0,
2018-2019,Kharif,"Jogulamba Gadwal",Alampur,"Total food grains",0,
2018-2019,Kharif,"Jogulamba Gadwal","Kaloor Timmanadoddi",Chillies,176,
2018-2019,Kharif,"Jogulamba Gadwal",Dharur,Chillies,96,
2018-2019,Kharif,"Jogulamba Gadwal",Gadwal,Chillies,476,
2018-2019,Kharif,"Jogulamba Gadwal",Itikyala,Chillies,1246,
2018-2019,Kharif,"Jogulamba Gadwal",Maldakal,Chillies,1414,
2018-2019,Kharif,"Jogulamba Gadwal",Ghattu,Chillies,618,
2018-2019,Kharif,"Jogulamba Gadwal",Ieeja,Chillies,768,
2018-2019,Kharif,"Jogulamba Gadwal",Rajoli,Chillies,888,
2018-2019,Kharif,"Jogulamba Gadwal",Waddepally,Chillies,892,
2018-2019,Kharif,"Jogulamba Gadwal",Manopad,Chillies,1608,
2018-2019,Kharif,"Jogulamba Gadwal",Undavelly,Chillies,995,
2018-2019,Kharif,"Jogulamba Gadwal",Alampur,Chillies,501,
2018-2019,Kharif,"Jogulamba Gadwal","Kaloor Timmanadoddi",Turmeric,0,
2018-2019,Kharif,"Jogulamba Gadwal",Dharur,Turmeric,0,
2018-2019,Kharif,"Jogulamba Gadwal",Gadwal,Turmeric,0,
2018-2019,Kharif,"Jogulamba Gadwal",Itikyala,Turmeric,0,
2018-2019,Kharif,"Jogulamba Gadwal",Maldakal,Turmeric,0,
2018-2019,Kharif,"Jogulamba Gadwal",Ghattu,Turmeric,0,
2018-2019,Kharif,"Jogulamba Gadwal",Ieeja,Turmeric,0,
2018-2019,Kharif,"Jogulamba Gadwal",Rajoli,Turmeric,0,
2018-2019,Kharif,"Jogulamba Gadwal",Waddepally,Turmeric,0,
2018-2019,Kharif,"Jogulamba Gadwal",Manopad,Turmeric,0,
2018-2019,Kharif,"Jogulamba Gadwal",Undavelly,Turmeric,0,
2018-2019,Kharif,"Jogulamba Gadwal",Alampur,Turmeric,0,
2018-2019,Kharif,"Jogulamba Gadwal","Kaloor Timmanadoddi",Sugarcane,34,
2018-2019,Kharif,"Jogulamba Gadwal",Dharur,Sugarcane,9,
2018-2019,Kharif,"Jogulamba Gadwal",Gadwal,Sugarcane,48,
2018-2019,Kharif,"Jogulamba Gadwal",Itikyala,Sugarcane,200,
2018-2019,Kharif,"Jogulamba Gadwal",Maldakal,Sugarcane,6,
2018-2019,Kharif,"Jogulamba Gadwal",Ghattu,Sugarcane,2,
2018-2019,Kharif,"Jogulamba Gadwal",Ieeja,Sugarcane,0,
2018-2019,Kharif,"Jogulamba Gadwal",Rajoli,Sugarcane,104,
2018-2019,Kharif,"Jogulamba Gadwal",Waddepally,Sugarcane,47,
2018-2019,Kharif,"Jogulamba Gadwal",Manopad,Sugarcane,10,
2018-2019,Kharif,"Jogulamba Gadwal",Undavelly,Sugarcane,90,
2018-2019,Kharif,"Jogulamba Gadwal",Alampur,Sugarcane,32,
2018-2019,Kharif,"Jogulamba Gadwal","Kaloor Timmanadoddi","Horticulture crops",555,
2018-2019,Kharif,"Jogulamba Gadwal",Dharur,"Horticulture crops",765,
2018-2019,Kharif,"Jogulamba Gadwal",Gadwal,"Horticulture crops",395,
2018-2019,Kharif,"Jogulamba Gadwal",Itikyala,"Horticulture crops",111,
2018-2019,Kharif,"Jogulamba Gadwal",Maldakal,"Horticulture crops",647,
2018-2019,Kharif,"Jogulamba Gadwal",Ghattu,"Horticulture crops",653,
2018-2019,Kharif,"Jogulamba Gadwal",Ieeja,"Horticulture crops",189,
2018-2019,Kharif,"Jogulamba Gadwal",Rajoli,"Horticulture crops",95,
2018-2019,Kharif,"Jogulamba Gadwal",Waddepally,"Horticulture crops",157,
2018-2019,Kharif,"Jogulamba Gadwal",Manopad,"Horticulture crops",14,
2018-2019,Kharif,"Jogulamba Gadwal",Undavelly,"Horticulture crops",8,
2018-2019,Kharif,"Jogulamba Gadwal",Alampur,"Horticulture crops",45,
2018-2019,Kharif,"Jogulamba Gadwal","Kaloor Timmanadoddi",Onions,92,
2018-2019,Kharif,"Jogulamba Gadwal",Dharur,Onions,11,
2018-2019,Kharif,"Jogulamba Gadwal",Gadwal,Onions,39,
2018-2019,Kharif,"Jogulamba Gadwal",Itikyala,Onions,92,
2018-2019,Kharif,"Jogulamba Gadwal",Maldakal,Onions,42,
2018-2019,Kharif,"Jogulamba Gadwal",Ghattu,Onions,161,
2018-2019,Kharif,"Jogulamba Gadwal",Ieeja,Onions,147,
2018-2019,Kharif,"Jogulamba Gadwal",Rajoli,Onions,446,
2018-2019,Kharif,"Jogulamba Gadwal",Waddepally,Onions,363,
2018-2019,Kharif,"Jogulamba Gadwal",Manopad,Onions,226,
2018-2019,Kharif,"Jogulamba Gadwal",Undavelly,Onions,808,
2018-2019,Kharif,"Jogulamba Gadwal",Alampur,Onions,877,
2018-2019,Kharif,"Jogulamba Gadwal","Kaloor Timmanadoddi",Tomatoes,0,
2018-2019,Kharif,"Jogulamba Gadwal",Dharur,Tomatoes,0,
2018-2019,Kharif,"Jogulamba Gadwal",Gadwal,Tomatoes,0,
2018-2019,Kharif,"Jogulamba Gadwal",Itikyala,Tomatoes,0,
2018-2019,Kharif,"Jogulamba Gadwal",Maldakal,Tomatoes,0,
2018-2019,Kharif,"Jogulamba Gadwal",Ghattu,Tomatoes,0,
2018-2019,Kharif,"Jogulamba Gadwal",Ieeja,Tomatoes,0,
2018-2019,Kharif,"Jogulamba Gadwal",Rajoli,Tomatoes,0,
2018-2019,Kharif,"Jogulamba Gadwal",Waddepally,Tomatoes,0,
2018-2019,Kharif,"Jogulamba Gadwal",Manopad,Tomatoes,0,
2018-2019,Kharif,"Jogulamba Gadwal",Undavelly,Tomatoes,0,
2018-2019,Kharif,"Jogulamba Gadwal",Alampur,Tomatoes,0,
2018-2019,Kharif,"Jogulamba Gadwal","Kaloor Timmanadoddi","Other food crops",49,
2018-2019,Kharif,"Jogulamba Gadwal",Dharur,"Other food crops",11,
2018-2019,Kharif,"Jogulamba Gadwal",Gadwal,"Other food crops",89,
2018-2019,Kharif,"Jogulamba Gadwal",Itikyala,"Other food crops",48,
2018-2019,Kharif,"Jogulamba Gadwal",Maldakal,"Other food crops",655,
2018-2019,Kharif,"Jogulamba Gadwal",Ghattu,"Other food crops",130,
2018-2019,Kharif,"Jogulamba Gadwal",Ieeja,"Other food crops",54,
2018-2019,Kharif,"Jogulamba Gadwal",Rajoli,"Other food crops",93,
2018-2019,Kharif,"Jogulamba Gadwal",Waddepally,"Other food crops",180,
2018-2019,Kharif,"Jogulamba Gadwal",Manopad,"Other food crops",236,
2018-2019,Kharif,"Jogulamba Gadwal",Undavelly,"Other food crops",244,
2018-2019,Kharif,"Jogulamba Gadwal",Alampur,"Other food crops",49,
2018-2019,Kharif,"Jogulamba Gadwal","Kaloor Timmanadoddi","Total food crops",3714,
2018-2019,Kharif,"Jogulamba Gadwal",Dharur,"Total food crops",4221,
2018-2019,Kharif,"Jogulamba Gadwal",Gadwal,"Total food crops",5868,
2018-2019,Kharif,"Jogulamba Gadwal",Itikyala,"Total food crops",5144,
2018-2019,Kharif,"Jogulamba Gadwal",Maldakal,"Total food crops",5938,
2018-2019,Kharif,"Jogulamba Gadwal",Ghattu,"Total food crops",6727,
2018-2019,Kharif,"Jogulamba Gadwal",Ieeja,"Total food crops",5457,
2018-2019,Kharif,"Jogulamba Gadwal",Rajoli,"Total food crops",3652,
2018-2019,Kharif,"Jogulamba Gadwal",Waddepally,"Total food crops",3942,
2018-2019,Kharif,"Jogulamba Gadwal",Manopad,"Total food crops",3415,
2018-2019,Kharif,"Jogulamba Gadwal",Undavelly,"Total food crops",4619,
2018-2019,Kharif,"Jogulamba Gadwal",Alampur,"Total food crops",5823,
2018-2019,Kharif,"Jogulamba Gadwal","Kaloor Timmanadoddi",Cotton,2352,
2018-2019,Kharif,"Jogulamba Gadwal",Dharur,Cotton,1640,
2018-2019,Kharif,"Jogulamba Gadwal",Gadwal,Cotton,1578,
2018-2019,Kharif,"Jogulamba Gadwal",Itikyala,Cotton,2285,
2018-2019,Kharif,"Jogulamba Gadwal",Maldakal,Cotton,7387,
2018-2019,Kharif,"Jogulamba Gadwal",Ghattu,Cotton,5946,
2018-2019,Kharif,"Jogulamba Gadwal",Ieeja,Cotton,7716,
2018-2019,Kharif,"Jogulamba Gadwal",Rajoli,Cotton,2207,
2018-2019,Kharif,"Jogulamba Gadwal",Waddepally,Cotton,2133,
2018-2019,Kharif,"Jogulamba Gadwal",Manopad,Cotton,5717,
2018-2019,Kharif,"Jogulamba Gadwal",Undavelly,Cotton,2926,
2018-2019,Kharif,"Jogulamba Gadwal",Alampur,Cotton,783,
2018-2019,Kharif,"Jogulamba Gadwal","Kaloor Timmanadoddi",Mesta,0,
2018-2019,Kharif,"Jogulamba Gadwal",Dharur,Mesta,0,
2018-2019,Kharif,"Jogulamba Gadwal",Gadwal,Mesta,0,
2018-2019,Kharif,"Jogulamba Gadwal",Itikyala,Mesta,0,
2018-2019,Kharif,"Jogulamba Gadwal",Maldakal,Mesta,0,
2018-2019,Kharif,"Jogulamba Gadwal",Ghattu,Mesta,0,
2018-2019,Kharif,"Jogulamba Gadwal",Ieeja,Mesta,0,
2018-2019,Kharif,"Jogulamba Gadwal",Rajoli,Mesta,0,
2018-2019,Kharif,"Jogulamba Gadwal",Waddepally,Mesta,0,
2018-2019,Kharif,"Jogulamba Gadwal",Manopad,Mesta,0,
2018-2019,Kharif,"Jogulamba Gadwal",Undavelly,Mesta,0,
2018-2019,Kharif,"Jogulamba Gadwal",Alampur,Mesta,0,
2018-2019,Kharif,"Jogulamba Gadwal","Kaloor Timmanadoddi",Groundnut,872,
2018-2019,Kharif,"Jogulamba Gadwal",Dharur,Groundnut,619,
2018-2019,Kharif,"Jogulamba Gadwal",Gadwal,Groundnut,114,
2018-2019,Kharif,"Jogulamba Gadwal",Itikyala,Groundnut,608,
2018-2019,Kharif,"Jogulamba Gadwal",Maldakal,Groundnut,794,
2018-2019,Kharif,"Jogulamba Gadwal",Ghattu,Groundnut,2294,
2018-2019,Kharif,"Jogulamba Gadwal",Ieeja,Groundnut,2007,
2018-2019,Kharif,"Jogulamba Gadwal",Rajoli,Groundnut,75,
2018-2019,Kharif,"Jogulamba Gadwal",Waddepally,Groundnut,137,
2018-2019,Kharif,"Jogulamba Gadwal",Manopad,Groundnut,1,
2018-2019,Kharif,"Jogulamba Gadwal",Undavelly,Groundnut,1,
2018-2019,Kharif,"Jogulamba Gadwal",Alampur,Groundnut,52,
2018-2019,Kharif,"Jogulamba Gadwal","Kaloor Timmanadoddi",Sesamum,0,
2018-2019,Kharif,"Jogulamba Gadwal",Dharur,Sesamum,0,
2018-2019,Kharif,"Jogulamba Gadwal",Gadwal,Sesamum,0,
2018-2019,Kharif,"Jogulamba Gadwal",Itikyala,Sesamum,0,
2018-2019,Kharif,"Jogulamba Gadwal",Maldakal,Sesamum,0,
2018-2019,Kharif,"Jogulamba Gadwal",Ghattu,Sesamum,0,
2018-2019,Kharif,"Jogulamba Gadwal",Ieeja,Sesamum,0,
2018-2019,Kharif,"Jogulamba Gadwal",Rajoli,Sesamum,0,
2018-2019,Kharif,"Jogulamba Gadwal",Waddepally,Sesamum,0,
2018-2019,Kharif,"Jogulamba Gadwal",Manopad,Sesamum,0,
2018-2019,Kharif,"Jogulamba Gadwal",Undavelly,Sesamum,0,
2018-2019,Kharif,"Jogulamba Gadwal",Alampur,Sesamum,0,
2018-2019,Kharif,"Jogulamba Gadwal","Kaloor Timmanadoddi",Sunflower,2,
2018-2019,Kharif,"Jogulamba Gadwal",Dharur,Sunflower,0,
2018-2019,Kharif,"Jogulamba Gadwal",Gadwal,Sunflower,1,
2018-2019,Kharif,"Jogulamba Gadwal",Itikyala,Sunflower,2,
2018-2019,Kharif,"Jogulamba Gadwal",Maldakal,Sunflower,10,
2018-2019,Kharif,"Jogulamba Gadwal",Ghattu,Sunflower,9,
2018-2019,Kharif,"Jogulamba Gadwal",Ieeja,Sunflower,111,
2018-2019,Kharif,"Jogulamba Gadwal",Rajoli,Sunflower,50,
2018-2019,Kharif,"Jogulamba Gadwal",Waddepally,Sunflower,113,
2018-2019,Kharif,"Jogulamba Gadwal",Manopad,Sunflower,0,
2018-2019,Kharif,"Jogulamba Gadwal",Undavelly,Sunflower,1,
2018-2019,Kharif,"Jogulamba Gadwal",Alampur,Sunflower,21,
2018-2019,Kharif,"Jogulamba Gadwal","Kaloor Timmanadoddi",Castor,1928,
2018-2019,Kharif,"Jogulamba Gadwal",Dharur,Castor,3397,
2018-2019,Kharif,"Jogulamba Gadwal",Gadwal,Castor,3915,
2018-2019,Kharif,"Jogulamba Gadwal",Itikyala,Castor,736,
2018-2019,Kharif,"Jogulamba Gadwal",Maldakal,Castor,1784,
2018-2019,Kharif,"Jogulamba Gadwal",Ghattu,Castor,2523,
2018-2019,Kharif,"Jogulamba Gadwal",Ieeja,Castor,1152,
2018-2019,Kharif,"Jogulamba Gadwal",Rajoli,Castor,260,
2018-2019,Kharif,"Jogulamba Gadwal",Waddepally,Castor,469,
2018-2019,Kharif,"Jogulamba Gadwal",Manopad,Castor,59,
2018-2019,Kharif,"Jogulamba Gadwal",Undavelly,Castor,53,
2018-2019,Kharif,"Jogulamba Gadwal",Alampur,Castor,40,
2018-2019,Kharif,"Jogulamba Gadwal","Kaloor Timmanadoddi",Soyabean,0,
2018-2019,Kharif,"Jogulamba Gadwal",Dharur,Soyabean,0,
2018-2019,Kharif,"Jogulamba Gadwal",Gadwal,Soyabean,0,
2018-2019,Kharif,"Jogulamba Gadwal",Itikyala,Soyabean,0,
2018-2019,Kharif,"Jogulamba Gadwal",Maldakal,Soyabean,0,
2018-2019,Kharif,"Jogulamba Gadwal",Ghattu,Soyabean,0,
2018-2019,Kharif,"Jogulamba Gadwal",Ieeja,Soyabean,0,
2018-2019,Kharif,"Jogulamba Gadwal",Rajoli,Soyabean,0,
2018-2019,Kharif,"Jogulamba Gadwal",Waddepally,Soyabean,0,
2018-2019,Kharif,"Jogulamba Gadwal",Manopad,Soyabean,0,
2018-2019,Kharif,"Jogulamba Gadwal",Undavelly,Soyabean,0,
2018-2019,Kharif,"Jogulamba Gadwal",Alampur,Soyabean,0,
2018-2019,Kharif,"Jogulamba Gadwal","Kaloor Timmanadoddi","Other oil seeds",0,
2018-2019,Kharif,"Jogulamba Gadwal",Dharur,"Other oil seeds",0,
2018-2019,Kharif,"Jogulamba Gadwal",Gadwal,"Other oil seeds",0,
2018-2019,Kharif,"Jogulamba Gadwal",Itikyala,"Other oil seeds",0,
2018-2019,Kharif,"Jogulamba Gadwal",Maldakal,"Other oil seeds",0,
2018-2019,Kharif,"Jogulamba Gadwal",Ghattu,"Other oil seeds",0,
2018-2019,Kharif,"Jogulamba Gadwal",Ieeja,"Other oil seeds",0,
2018-2019,Kharif,"Jogulamba Gadwal",Rajoli,"Other oil seeds",0,
2018-2019,Kharif,"Jogulamba Gadwal",Waddepally,"Other oil seeds",0,
2018-2019,Kharif,"Jogulamba Gadwal",Manopad,"Other oil seeds",0,
2018-2019,Kharif,"Jogulamba Gadwal",Undavelly,"Other oil seeds",0,
2018-2019,Kharif,"Jogulamba Gadwal",Alampur,"Other oil seeds",0,
2018-2019,Kharif,"Jogulamba Gadwal","Kaloor Timmanadoddi","Total oil seeds",0,
2018-2019,Kharif,"Jogulamba Gadwal",Dharur,"Total oil seeds",0,
2018-2019,Kharif,"Jogulamba Gadwal",Gadwal,"Total oil seeds",0,
2018-2019,Kharif,"Jogulamba Gadwal",Itikyala,"Total oil seeds",0,
2018-2019,Kharif,"Jogulamba Gadwal",Maldakal,"Total oil seeds",0,
2018-2019,Kharif,"Jogulamba Gadwal",Ghattu,"Total oil seeds",0,
2018-2019,Kharif,"Jogulamba Gadwal",Ieeja,"Total oil seeds",0,
2018-2019,Kharif,"Jogulamba Gadwal",Rajoli,"Total oil seeds",0,
2018-2019,Kharif,"Jogulamba Gadwal",Waddepally,"Total oil seeds",0,
2018-2019,Kharif,"Jogulamba Gadwal",Manopad,"Total oil seeds",0,
2018-2019,Kharif,"Jogulamba Gadwal",Undavelly,"Total oil seeds",0,
2018-2019,Kharif,"Jogulamba Gadwal",Alampur,"Total oil seeds",0,
2018-2019,Kharif,"Jogulamba Gadwal","Kaloor Timmanadoddi",Tobacco,0,
2018-2019,Kharif,"Jogulamba Gadwal",Dharur,Tobacco,0,
2018-2019,Kharif,"Jogulamba Gadwal",Gadwal,Tobacco,0,
2018-2019,Kharif,"Jogulamba Gadwal",Itikyala,Tobacco,338,
2018-2019,Kharif,"Jogulamba Gadwal",Maldakal,Tobacco,24,
2018-2019,Kharif,"Jogulamba Gadwal",Ghattu,Tobacco,0,
2018-2019,Kharif,"Jogulamba Gadwal",Ieeja,Tobacco,0,
2018-2019,Kharif,"Jogulamba Gadwal",Rajoli,Tobacco,2,
2018-2019,Kharif,"Jogulamba Gadwal",Waddepally,Tobacco,24,
2018-2019,Kharif,"Jogulamba Gadwal",Manopad,Tobacco,169,
2018-2019,Kharif,"Jogulamba Gadwal",Undavelly,Tobacco,190,
2018-2019,Kharif,"Jogulamba Gadwal",Alampur,Tobacco,498,
2018-2019,Kharif,"Jogulamba Gadwal","Kaloor Timmanadoddi","Other Non food crops",0,
2018-2019,Kharif,"Jogulamba Gadwal",Dharur,"Other Non food crops",0,
2018-2019,Kharif,"Jogulamba Gadwal",Gadwal,"Other Non food crops",0,
2018-2019,Kharif,"Jogulamba Gadwal",Itikyala,"Other Non food crops",2,
2018-2019,Kharif,"Jogulamba Gadwal",Maldakal,"Other Non food crops",0,
2018-2019,Kharif,"Jogulamba Gadwal",Ghattu,"Other Non food crops",0,
2018-2019,Kharif,"Jogulamba Gadwal",Ieeja,"Other Non food crops",0,
2018-2019,Kharif,"Jogulamba Gadwal",Rajoli,"Other Non food crops",253,
2018-2019,Kharif,"Jogulamba Gadwal",Waddepally,"Other Non food crops",460,
2018-2019,Kharif,"Jogulamba Gadwal",Manopad,"Other Non food crops",367,
2018-2019,Kharif,"Jogulamba Gadwal",Undavelly,"Other Non food crops",83,
2018-2019,Kharif,"Jogulamba Gadwal",Alampur,"Other Non food crops",0,
2018-2019,Kharif,"Jogulamba Gadwal","Kaloor Timmanadoddi","Total Non food Crops",5154,
2018-2019,Kharif,"Jogulamba Gadwal",Dharur,"Total Non food Crops",5656,
2018-2019,Kharif,"Jogulamba Gadwal",Gadwal,"Total Non food Crops",5608,
2018-2019,Kharif,"Jogulamba Gadwal",Itikyala,"Total Non food Crops",3971,
2018-2019,Kharif,"Jogulamba Gadwal",Maldakal,"Total Non food Crops",9999,
2018-2019,Kharif,"Jogulamba Gadwal",Ghattu,"Total Non food Crops",10772,
2018-2019,Kharif,"Jogulamba Gadwal",Ieeja,"Total Non food Crops",10986,
2018-2019,Kharif,"Jogulamba Gadwal",Rajoli,"Total Non food Crops",2847,
2018-2019,Kharif,"Jogulamba Gadwal",Waddepally,"Total Non food Crops",3336,
2018-2019,Kharif,"Jogulamba Gadwal",Manopad,"Total Non food Crops",6313,
2018-2019,Kharif,"Jogulamba Gadwal",Undavelly,"Total Non food Crops",3254,
2018-2019,Kharif,"Jogulamba Gadwal",Alampur,"Total Non food Crops",1394,
2018-2019,Kharif,"Jogulamba Gadwal","Kaloor Timmanadoddi","Gross Area Sown",8868,
2018-2019,Kharif,"Jogulamba Gadwal",Dharur,"Gross Area Sown",9877,
2018-2019,Kharif,"Jogulamba Gadwal",Gadwal,"Gross Area Sown",11476,
2018-2019,Kharif,"Jogulamba Gadwal",Itikyala,"Gross Area Sown",9115,
2018-2019,Kharif,"Jogulamba Gadwal",Maldakal,"Gross Area Sown",15937,
2018-2019,Kharif,"Jogulamba Gadwal",Ghattu,"Gross Area Sown",17499,
2018-2019,Kharif,"Jogulamba Gadwal",Ieeja,"Gross Area Sown",16443,
2018-2019,Kharif,"Jogulamba Gadwal",Rajoli,"Gross Area Sown",6499,
2018-2019,Kharif,"Jogulamba Gadwal",Waddepally,"Gross Area Sown",7278,
2018-2019,Kharif,"Jogulamba Gadwal",Manopad,"Gross Area Sown",9728,
2018-2019,Kharif,"Jogulamba Gadwal",Undavelly,"Gross Area Sown",7873,
2018-2019,Kharif,"Jogulamba Gadwal",Alampur,"Gross Area Sown",7217,
