slno,reservoir_short_code,reservoir_name,basin_name,date_time,frl,capacity,level_in_feet,gross_storage,inflow,outflow
3,JURALA,JURALA,"Krishna Basin",01/12/2021,1045.0,9.657,1044.82,9.54,2056,2384
3,JURALA,JURALA,"Krishna Basin",02/12/2021,1045.0,9.657,1044.95,9.62,1739,790
3,JURALA,JURALA,"Krishna Basin",03/12/2021,1045.0,9.657,1044.75,9.5,1520,2955
3,JURALA,JURALA,"Krishna Basin",04/12/2021,1045.0,9.657,1044.92,9.6,2493,1289
3,JURALA,JURALA,"Krishna Basin",05/12/2021,1045.0,9.657,1044.75,9.5,4460,5664
3,JURALA,JURALA,"Krishna Basin",06/12/2021,1045.0,9.657,1044.72,9.48,2864,3095
3,JURALA,JURALA,"Krishna Basin",07/12/2021,1045.0,9.657,1044.62,9.42,820,1538
3,JURALA,JURALA,"Krishna Basin",08/12/2021,1045.0,9.657,1044.52,9.36,1063,1769
3,JURALA,JURALA,"Krishna Basin",09/12/2021,1045.0,9.657,1044.46,9.32,1494,1969
3,JURALA,JURALA,"Krishna Basin",10/12/2021,1045.0,9.657,1044.26,9.19,432,1856
3,JURALA,JURALA,"Krishna Basin",11/12/2021,1045.0,9.657,1044.23,9.17,1255,1486
3,JURALA,JURALA,"Krishna Basin",12/12/2021,1045.0,9.657,1044.23,9.17,1109,1109
3,JURALA,JURALA,"Krishna Basin",13/12/2021,1045.0,9.657,1044.23,9.17,1084,1084
3,JURALA,JURALA,"Krishna Basin",14/12/2021,1045.0,9.657,1044.72,9.48,4638,1085
3,JURALA,JURALA,"Krishna Basin",15/12/2021,1045.0,9.657,1044.92,9.6,2268,833
3,JURALA,JURALA,"Krishna Basin",16/12/2021,1045.0,9.657,1044.98,9.65,2314,1839
3,JURALA,JURALA,"Krishna Basin",17/12/2021,1045.0,9.657,1044.92,9.6,3028,3503
3,JURALA,JURALA,"Krishna Basin",18/12/2021,1045.0,9.657,1044.92,9.6,2275,2275
3,JURALA,JURALA,"Krishna Basin",19/12/2021,1045.0,9.657,1044.85,9.56,6515,7001
3,JURALA,JURALA,"Krishna Basin",20/12/2021,1045.0,9.657,1044.82,9.54,5342,5573
3,JURALA,JURALA,"Krishna Basin",21/12/2021,1045.0,9.657,1044.82,9.54,2539,2539
3,JURALA,JURALA,"Krishna Basin",22/12/2021,1045.0,9.657,1044.72,9.48,1540,2258
3,JURALA,JURALA,"Krishna Basin",23/12/2021,1045.0,9.657,1044.72,9.48,1826,1826
3,JURALA,JURALA,"Krishna Basin",24/12/2021,1045.0,9.657,1044.92,9.6,3402,1967
3,JURALA,JURALA,"Krishna Basin",25/12/2021,1045.0,9.657,1044.88,9.58,4082,4325
3,JURALA,JURALA,"Krishna Basin",26/12/2021,1045.0,9.657,1044.88,9.58,5119,5119
3,JURALA,JURALA,"Krishna Basin",27/12/2021,1045.0,9.657,1044.88,9.58,3852,3852
3,JURALA,JURALA,"Krishna Basin",28/12/2021,1045.0,9.657,1044.88,9.58,3047,3047
3,JURALA,JURALA,"Krishna Basin",29/12/2021,1045.0,9.657,1044.85,9.56,2415,2658
3,JURALA,JURALA,"Krishna Basin",30/12/2021,1045.0,9.657,1044.85,9.56,947,947
3,JURALA,JURALA,"Krishna Basin",31/12/2021,1045.0,9.657,1044.75,9.5,567,1285
6,NSP,"NAGARJUNA SAGAR","Krishna Basin",01/12/2021,590.0,312.045,588.3,306.99,607,14292
6,NSP,"NAGARJUNA SAGAR","Krishna Basin",02/12/2021,590.0,312.045,588.5,307.58,21084,14241
6,NSP,"NAGARJUNA SAGAR","Krishna Basin",03/12/2021,590.0,312.045,588.5,307.58,12848,12848
6,NSP,"NAGARJUNA SAGAR","Krishna Basin",04/12/2021,590.0,312.045,588.6,307.87,19591,16170
6,NSP,"NAGARJUNA SAGAR","Krishna Basin",05/12/2021,590.0,312.045,588.4,307.28,12393,19236
6,NSP,"NAGARJUNA SAGAR","Krishna Basin",06/12/2021,590.0,312.045,587.9,306.04,1990,16365
6,NSP,"NAGARJUNA SAGAR","Krishna Basin",07/12/2021,590.0,312.045,587.6,305.86,13156,15225
6,NSP,"NAGARJUNA SAGAR","Krishna Basin",08/12/2021,590.0,312.045,587.2,305.62,11574,14333
6,NSP,"NAGARJUNA SAGAR","Krishna Basin",09/12/2021,590.0,312.045,586.9,304.99,4584,11965
6,NSP,"NAGARJUNA SAGAR","Krishna Basin",10/12/2021,590.0,312.045,586.8,304.47,4951,10952
6,NSP,"NAGARJUNA SAGAR","Krishna Basin",11/12/2021,590.0,312.045,586.7,303.95,4670,10671
6,NSP,"NAGARJUNA SAGAR","Krishna Basin",12/12/2021,590.0,312.045,586.5,302.91,0,11651
6,NSP,"NAGARJUNA SAGAR","Krishna Basin",13/12/2021,590.0,312.045,586.1,300.94,0,10682
6,NSP,"NAGARJUNA SAGAR","Krishna Basin",14/12/2021,590.0,312.045,586.0,300.32,3909,9910
6,NSP,"NAGARJUNA SAGAR","Krishna Basin",15/12/2021,590.0,312.045,586.0,300.32,9043,9043
6,NSP,"NAGARJUNA SAGAR","Krishna Basin",16/12/2021,590.0,312.045,586.0,300.32,9383,9383
6,NSP,"NAGARJUNA SAGAR","Krishna Basin",17/12/2021,590.0,312.045,585.6,299.17,0,12420
6,NSP,"NAGARJUNA SAGAR","Krishna Basin",18/12/2021,590.0,312.045,585.3,298.3,4792,14809
6,NSP,"NAGARJUNA SAGAR","Krishna Basin",19/12/2021,590.0,312.045,584.9,297.15,2148,15504
6,NSP,"NAGARJUNA SAGAR","Krishna Basin",20/12/2021,590.0,312.045,584.5,295.99,2975,16331
6,NSP,"NAGARJUNA SAGAR","Krishna Basin",21/12/2021,590.0,312.045,583.9,294.26,0,16616
6,NSP,"NAGARJUNA SAGAR","Krishna Basin",22/12/2021,590.0,312.045,583.6,293.4,7605,17612
6,NSP,"NAGARJUNA SAGAR","Krishna Basin",23/12/2021,590.0,312.045,583.2,292.24,5565,18908
6,NSP,"NAGARJUNA SAGAR","Krishna Basin",24/12/2021,590.0,312.045,583.0,291.67,18899,22521
6,NSP,"NAGARJUNA SAGAR","Krishna Basin",25/12/2021,590.0,312.045,582.6,290.51,11008,20645
6,NSP,"NAGARJUNA SAGAR","Krishna Basin",26/12/2021,590.0,312.045,582.3,289.65,10099,19620
6,NSP,"NAGARJUNA SAGAR","Krishna Basin",27/12/2021,590.0,312.045,581.7,287.92,2013,22048
6,NSP,"NAGARJUNA SAGAR","Krishna Basin",28/12/2021,590.0,312.045,581.4,287.05,12129,22146
6,NSP,"NAGARJUNA SAGAR","Krishna Basin",29/12/2021,590.0,312.045,581.1,286.19,11357,21374
6,NSP,"NAGARJUNA SAGAR","Krishna Basin",30/12/2021,590.0,312.045,580.7,285.03,7509,20855
6,NSP,"NAGARJUNA SAGAR","Krishna Basin",31/12/2021,590.0,312.045,580.3,283.88,8788,22131
7,SINGUR,SINGUR,"Godavari Basin",01/12/2021,1717.93,29.91,1717.62,29.51,0,450
7,SINGUR,SINGUR,"Godavari Basin",02/12/2021,1717.93,29.91,1717.6,29.47,0,435
7,SINGUR,SINGUR,"Godavari Basin",03/12/2021,1717.93,29.91,1717.58,29.44,0,435
7,SINGUR,SINGUR,"Godavari Basin",04/12/2021,1717.93,29.91,1717.56,29.4,0,435
7,SINGUR,SINGUR,"Godavari Basin",05/12/2021,1717.93,29.91,1717.54,29.36,0,435
7,SINGUR,SINGUR,"Godavari Basin",06/12/2021,1717.93,29.91,1717.52,29.32,0,435
7,SINGUR,SINGUR,"Godavari Basin",07/12/2021,1717.93,29.91,1717.49,29.29,0,435
7,SINGUR,SINGUR,"Godavari Basin",08/12/2021,1717.93,29.91,1717.48,29.25,0,435
7,SINGUR,SINGUR,"Godavari Basin",09/12/2021,1717.93,29.91,1717.46,29.21,0,435
7,SINGUR,SINGUR,"Godavari Basin",10/12/2021,1717.93,29.91,1717.43,29.17,0,435
7,SINGUR,SINGUR,"Godavari Basin",11/12/2021,1717.93,29.91,1717.41,29.14,0,435
7,SINGUR,SINGUR,"Godavari Basin",12/12/2021,1717.93,29.91,1717.39,29.1,0,435
7,SINGUR,SINGUR,"Godavari Basin",13/12/2021,1717.93,29.91,1717.36,29.06,0,435
7,SINGUR,SINGUR,"Godavari Basin",14/12/2021,1717.93,29.91,1717.33,29.03,0,435
7,SINGUR,SINGUR,"Godavari Basin",15/12/2021,1717.93,29.91,1717.32,28.99,0,435
7,SINGUR,SINGUR,"Godavari Basin",16/12/2021,1717.93,29.91,1717.3,28.95,0,435
7,SINGUR,SINGUR,"Godavari Basin",17/12/2021,1717.93,29.91,1717.28,28.91,0,435
7,SINGUR,SINGUR,"Godavari Basin",18/12/2021,1717.93,29.91,1717.24,28.88,0,435
7,SINGUR,SINGUR,"Godavari Basin",19/12/2021,1717.93,29.91,1717.22,28.84,0,435
7,SINGUR,SINGUR,"Godavari Basin",20/12/2021,1717.93,29.91,1717.21,28.8,0,435
7,SINGUR,SINGUR,"Godavari Basin",21/12/2021,1717.93,29.91,1717.19,28.76,0,435
7,SINGUR,SINGUR,"Godavari Basin",22/12/2021,1717.93,29.91,1717.16,28.73,0,435
7,SINGUR,SINGUR,"Godavari Basin",23/12/2021,1717.93,29.91,1717.14,28.69,0,435
7,SINGUR,SINGUR,"Godavari Basin",24/12/2021,1717.93,29.91,1717.12,28.65,0,435
7,SINGUR,SINGUR,"Godavari Basin",25/12/2021,1717.93,29.91,1717.09,28.61,0,435
7,SINGUR,SINGUR,"Godavari Basin",26/12/2021,1717.93,29.91,1717.07,28.57,0,435
7,SINGUR,SINGUR,"Godavari Basin",27/12/2021,1717.93,29.91,1717.05,28.54,0,435
7,SINGUR,SINGUR,"Godavari Basin",28/12/2021,1717.93,29.91,1717.03,28.5,0,435
7,SINGUR,SINGUR,"Godavari Basin",29/12/2021,1717.93,29.91,1717.0,28.46,0,435
7,SINGUR,SINGUR,"Godavari Basin",30/12/2021,1717.93,29.91,1716.99,28.42,0,435
7,SINGUR,SINGUR,"Godavari Basin",31/12/2021,1717.93,29.91,1716.96,28.39,0,435
8,NIZAMSAGAR,"NIZAM SAGAR","Godavari Basin",01/12/2021,1405.0,17.803,1405.0,17.8,600,600
8,NIZAMSAGAR,"NIZAM SAGAR","Godavari Basin",02/12/2021,1405.0,17.803,1405.0,17.8,232,232
8,NIZAMSAGAR,"NIZAM SAGAR","Godavari Basin",03/12/2021,1405.0,17.803,1405.0,17.8,232,232
8,NIZAMSAGAR,"NIZAM SAGAR","Godavari Basin",04/12/2021,1405.0,17.803,1405.0,17.8,232,232
8,NIZAMSAGAR,"NIZAM SAGAR","Godavari Basin",05/12/2021,1405.0,17.803,1405.0,17.8,232,232
8,NIZAMSAGAR,"NIZAM SAGAR","Godavari Basin",06/12/2021,1405.0,17.803,1405.0,17.8,232,232
8,NIZAMSAGAR,"NIZAM SAGAR","Godavari Basin",07/12/2021,1405.0,17.803,1405.0,17.8,232,232
8,NIZAMSAGAR,"NIZAM SAGAR","Godavari Basin",08/12/2021,1405.0,17.803,1405.0,17.8,232,232
8,NIZAMSAGAR,"NIZAM SAGAR","Godavari Basin",09/12/2021,1405.0,17.803,145.0,17.8,232,232
8,NIZAMSAGAR,"NIZAM SAGAR","Godavari Basin",10/12/2021,1405.0,17.803,1405.0,17.8,232,232
8,NIZAMSAGAR,"NIZAM SAGAR","Godavari Basin",11/12/2021,1405.0,17.803,1405.0,17.8,232,232
8,NIZAMSAGAR,"NIZAM SAGAR","Godavari Basin",12/12/2021,1405.0,17.803,1405.0,17.8,232,232
8,NIZAMSAGAR,"NIZAM SAGAR","Godavari Basin",13/12/2021,1405.0,17.803,1405.0,17.8,232,232
8,NIZAMSAGAR,"NIZAM SAGAR","Godavari Basin",14/12/2021,1405.0,17.803,1405.0,17.8,232,232
8,NIZAMSAGAR,"NIZAM SAGAR","Godavari Basin",15/12/2021,1405.0,17.803,1405.0,17.8,232,232
8,NIZAMSAGAR,"NIZAM SAGAR","Godavari Basin",16/12/2021,1405.0,17.803,1405.0,17.8,0,232
8,NIZAMSAGAR,"NIZAM SAGAR","Godavari Basin",17/12/2021,1405.0,17.803,1405.0,17.8,232,232
8,NIZAMSAGAR,"NIZAM SAGAR","Godavari Basin",18/12/2021,1405.0,17.803,1405.0,17.8,232,232
8,NIZAMSAGAR,"NIZAM SAGAR","Godavari Basin",19/12/2021,1405.0,17.803,1405.0,17.8,232,232
8,NIZAMSAGAR,"NIZAM SAGAR","Godavari Basin",20/12/2021,1405.0,17.803,1405.0,17.8,232,232
8,NIZAMSAGAR,"NIZAM SAGAR","Godavari Basin",21/12/2021,1405.0,17.803,1404.97,17.76,0,559
8,NIZAMSAGAR,"NIZAM SAGAR","Godavari Basin",22/12/2021,1405.0,17.803,1404.92,17.69,0,946
8,NIZAMSAGAR,"NIZAM SAGAR","Godavari Basin",23/12/2021,1405.0,17.803,1404.85,17.59,0,1133
8,NIZAMSAGAR,"NIZAM SAGAR","Godavari Basin",24/12/2021,1405.0,17.803,104.78,17.48,0,1369
8,NIZAMSAGAR,"NIZAM SAGAR","Godavari Basin",25/12/2021,1405.0,17.803,1404.7,17.37,0,1431
8,NIZAMSAGAR,"NIZAM SAGAR","Godavari Basin",26/12/2021,1405.0,17.803,1404.62,17.25,0,1430
8,NIZAMSAGAR,"NIZAM SAGAR","Godavari Basin",27/12/2021,1405.0,17.803,1404.54,17.14,0,1428
8,NIZAMSAGAR,"NIZAM SAGAR","Godavari Basin",28/12/2021,1405.0,17.803,1404.46,17.02,0,1427
8,NIZAMSAGAR,"NIZAM SAGAR","Godavari Basin",29/12/2021,1405.0,17.803,1404.38,16.91,0,1426
8,NIZAMSAGAR,"NIZAM SAGAR","Godavari Basin",30/12/2021,1405.0,17.803,1404.28,16.76,0,1594
8,NIZAMSAGAR,"NIZAM SAGAR","Godavari Basin",31/12/2021,1405.0,17.803,1404.18,16.62,0,1622
9,SRSP,"SRI RAM SAGAR","Godavari Basin",01/12/2021,1091.0,90.313,1091.0,90.31,764,764
9,SRSP,"SRI RAM SAGAR","Godavari Basin",02/12/2021,1091.0,90.313,1091.0,90.31,764,764
9,SRSP,"SRI RAM SAGAR","Godavari Basin",03/12/2021,1091.0,90.313,1091.0,90.31,764,764
9,SRSP,"SRI RAM SAGAR","Godavari Basin",04/12/2021,1091.0,90.313,1091.0,90.31,764,764
9,SRSP,"SRI RAM SAGAR","Godavari Basin",05/12/2021,1091.0,90.313,1091.0,90.31,764,764
9,SRSP,"SRI RAM SAGAR","Godavari Basin",06/12/2021,1091.0,90.313,1091.0,90.31,764,764
9,SRSP,"SRI RAM SAGAR","Godavari Basin",07/12/2021,1091.0,90.313,1091.0,90.31,764,764
9,SRSP,"SRI RAM SAGAR","Godavari Basin",08/12/2021,1091.0,90.313,1090.9,89.76,0,1914
9,SRSP,"SRI RAM SAGAR","Godavari Basin",09/12/2021,1091.0,90.313,1090.9,89.76,0,1914
9,SRSP,"SRI RAM SAGAR","Godavari Basin",10/12/2021,1091.0,90.313,1090.9,89.76,0,1914
9,SRSP,"SRI RAM SAGAR","Godavari Basin",11/12/2021,1091.0,90.313,1090.8,89.21,0,1914
9,SRSP,"SRI RAM SAGAR","Godavari Basin",12/12/2021,1091.0,90.313,1090.8,89.21,0,1914
9,SRSP,"SRI RAM SAGAR","Godavari Basin",13/12/2021,1091.0,90.313,1090.8,89.21,0,1914
9,SRSP,"SRI RAM SAGAR","Godavari Basin",14/12/2021,1091.0,90.313,1090.8,89.21,0,1914
9,SRSP,"SRI RAM SAGAR","Godavari Basin",15/12/2021,1091.0,90.313,1090.7,88.66,0,1914
9,SRSP,"SRI RAM SAGAR","Godavari Basin",17/12/2021,1091.0,90.313,1090.7,88.66,0,1872
9,SRSP,"SRI RAM SAGAR","Godavari Basin",18/12/2021,1091.0,90.313,1090.7,88.66,0,1872
9,SRSP,"SRI RAM SAGAR","Godavari Basin",19/12/2021,1091.0,90.313,1090.7,88.66,0,1872
9,SRSP,"SRI RAM SAGAR","Godavari Basin",20/12/2021,1091.0,90.313,1090.6,88.11,0,1872
9,SRSP,"SRI RAM SAGAR","Godavari Basin",21/12/2021,1091.0,90.313,1090.6,88.11,0,1872
9,SRSP,"SRI RAM SAGAR","Godavari Basin",22/12/2021,1091.0,90.313,1090.6,88.11,0,1872
9,SRSP,"SRI RAM SAGAR","Godavari Basin",23/12/2021,1091.0,90.313,1090.6,88.11,0,1372
9,SRSP,"SRI RAM SAGAR","Godavari Basin",24/12/2021,1091.0,90.313,1090.6,88.11,0,1372
9,SRSP,"SRI RAM SAGAR","Godavari Basin",25/12/2021,1091.0,90.313,1090.6,87.56,0,1372
9,SRSP,"SRI RAM SAGAR","Godavari Basin",26/12/2021,1091.0,90.313,1090.5,87.56,0,1413
9,SRSP,"SRI RAM SAGAR","Godavari Basin",27/12/2021,1091.0,90.313,1090.5,87.56,0,1422
9,SRSP,"SRI RAM SAGAR","Godavari Basin",28/12/2021,1091.0,90.313,1090.5,87.56,0,1617
9,SRSP,"SRI RAM SAGAR","Godavari Basin",29/12/2021,1091.0,90.313,1090.4,87.01,0,1836
9,SRSP,"SRI RAM SAGAR","Godavari Basin",30/12/2021,1091.0,90.313,1090.4,87.01,0,2359
9,SRSP,"SRI RAM SAGAR","Godavari Basin",31/12/2021,1091.0,90.313,1090.4,87.01,0,2284
54,KDM,KADDAM,"Godavari Basin",01/12/2021,700.0,7.6,698.73,7.271,162,89
54,KDM,KADDAM,"Godavari Basin",02/12/2021,700.0,7.6,698.75,7.28,162,89
54,KDM,KADDAM,"Godavari Basin",03/12/2021,700.0,7.6,698.8,7.29,235,89
54,KDM,KADDAM,"Godavari Basin",04/12/2021,700.0,7.6,698.83,7.3,162,89
54,KDM,KADDAM,"Godavari Basin",05/12/2021,700.0,7.6,698.85,7.302,162,89
54,KDM,KADDAM,"Godavari Basin",06/12/2021,700.0,7.6,698.85,7.302,89,89
54,KDM,KADDAM,"Godavari Basin",07/12/2021,700.0,7.6,698.88,7.31,162,89
54,KDM,KADDAM,"Godavari Basin",08/12/2021,700.0,7.6,698.9,7.32,162,89
54,KDM,KADDAM,"Godavari Basin",09/12/2021,700.0,7.6,698.9,7.32,89,89
54,KDM,KADDAM,"Godavari Basin",10/12/2021,700.0,7.6,698.93,7.32,162,89
54,KDM,KADDAM,"Godavari Basin",11/12/2021,700.0,7.6,698.93,7.32,89,89
54,KDM,KADDAM,"Godavari Basin",12/12/2021,700.0,7.6,698.93,7.321,89,89
54,KDM,KADDAM,"Godavari Basin",13/12/2021,700.0,7.6,698.93,7.321,89,89
54,KDM,KADDAM,"Godavari Basin",14/12/2021,700.0,7.6,698.93,7.321,89,89
54,KDM,KADDAM,"Godavari Basin",15/12/2021,700.0,7.6,698.93,7.321,89,89
54,KDM,KADDAM,"Godavari Basin",16/12/2021,700.0,7.6,698.93,7.321,89,89
54,KDM,KADDAM,"Godavari Basin",17/12/2021,700.0,7.6,698.93,7.321,89,89
54,KDM,KADDAM,"Godavari Basin",18/12/2021,700.0,7.6,698.93,7.321,89,89
54,KDM,KADDAM,"Godavari Basin",19/12/2021,700.0,7.6,698.93,7.321,89,89
54,KDM,KADDAM,"Godavari Basin",20/12/2021,700.0,7.6,698.9,7.32,16,89
54,KDM,KADDAM,"Godavari Basin",21/12/2021,700.0,7.6,698.9,7.32,89,89
54,KDM,KADDAM,"Godavari Basin",22/12/2021,700.0,7.6,698.85,7.303,0,89
54,KDM,KADDAM,"Godavari Basin",23/12/2021,700.0,7.6,698.85,7.303,89,89
54,KDM,KADDAM,"Godavari Basin",24/12/2021,700.0,7.6,698.83,7.3,16,89
54,KDM,KADDAM,"Godavari Basin",25/12/2021,700.0,7.6,698.8,7.29,16,89
54,KDM,KADDAM,"Godavari Basin",26/12/2021,700.0,7.6,698.8,7.29,89,89
54,KDM,KADDAM,"Godavari Basin",27/12/2021,700.0,7.6,698.78,7.282,16,89
54,KDM,KADDAM,"Godavari Basin",28/12/2021,700.0,7.6,698.75,7.28,16,89
54,KDM,KADDAM,"Godavari Basin",29/12/2021,700.0,7.6,698.73,7.27,16,89
54,KDM,KADDAM,"Godavari Basin",30/12/2021,700.0,7.6,698.73,7.271,89,89
54,KDM,KADDAM,"Godavari Basin",31/12/2021,700.0,7.6,698.7,7.26,16,89
55,LMD,"LOWER MANAIR DAM","Godavari Basin",01/12/2021,920.0,24.074,918.55,22.792,1717,247
55,LMD,"LOWER MANAIR DAM","Godavari Basin",02/12/2021,920.0,24.074,918.65,22.87,1150,247
55,LMD,"LOWER MANAIR DAM","Godavari Basin",03/12/2021,920.0,24.074,918.65,22.87,247,247
55,LMD,"LOWER MANAIR DAM","Godavari Basin",04/12/2021,920.0,24.074,918.6,22.824,0,247
55,LMD,"LOWER MANAIR DAM","Godavari Basin",05/12/2021,920.0,24.074,918.6,22.824,247,247
55,LMD,"LOWER MANAIR DAM","Godavari Basin",06/12/2021,920.0,24.074,918.55,22.792,0,247
55,LMD,"LOWER MANAIR DAM","Godavari Basin",07/12/2021,920.0,24.074,918.55,22.792,247,247
55,LMD,"LOWER MANAIR DAM","Godavari Basin",08/12/2021,920.0,24.074,918.5,22.75,0,247
55,LMD,"LOWER MANAIR DAM","Godavari Basin",09/12/2021,920.0,24.074,918.5,22.75,247,247
55,LMD,"LOWER MANAIR DAM","Godavari Basin",10/12/2021,920.0,24.074,918.45,22.71,144,247
55,LMD,"LOWER MANAIR DAM","Godavari Basin",11/12/2021,920.0,24.074,918.45,22.71,247,247
55,LMD,"LOWER MANAIR DAM","Godavari Basin",12/12/2021,920.0,24.074,918.4,22.67,0,247
55,LMD,"LOWER MANAIR DAM","Godavari Basin",13/12/2021,920.0,24.074,918.4,22.67,247,247
55,LMD,"LOWER MANAIR DAM","Godavari Basin",14/12/2021,920.0,24.074,918.35,22.623,0,247
55,LMD,"LOWER MANAIR DAM","Godavari Basin",15/12/2021,920.0,24.074,918.35,22.623,247,247
55,LMD,"LOWER MANAIR DAM","Godavari Basin",16/12/2021,920.0,24.074,918.3,22.581,0,247
55,LMD,"LOWER MANAIR DAM","Godavari Basin",17/12/2021,920.0,24.074,918.3,22.581,247,247
55,LMD,"LOWER MANAIR DAM","Godavari Basin",18/12/2021,920.0,24.074,918.25,22.54,0,247
55,LMD,"LOWER MANAIR DAM","Godavari Basin",19/12/2021,920.0,24.074,918.25,22.54,247,247
55,LMD,"LOWER MANAIR DAM","Godavari Basin",20/12/2021,920.0,24.074,918.2,22.5,0,247
55,LMD,"LOWER MANAIR DAM","Godavari Basin",21/12/2021,920.0,24.074,918.2,22.5,247,247
55,LMD,"LOWER MANAIR DAM","Godavari Basin",22/12/2021,920.0,24.074,918.15,22.46,0,247
55,LMD,"LOWER MANAIR DAM","Godavari Basin",23/12/2021,920.0,24.074,918.15,22.46,247,247
55,LMD,"LOWER MANAIR DAM","Godavari Basin",24/12/2021,920.0,24.074,918.1,22.413,0,247
55,LMD,"LOWER MANAIR DAM","Godavari Basin",25/12/2021,920.0,24.074,918.1,22.413,247,247
55,LMD,"LOWER MANAIR DAM","Godavari Basin",26/12/2021,920.0,24.074,918.05,22.371,0,247
55,LMD,"LOWER MANAIR DAM","Godavari Basin",27/12/2021,920.0,24.074,918.05,22.371,247,3162
55,LMD,"LOWER MANAIR DAM","Godavari Basin",28/12/2021,920.0,24.074,917.7,22.08,195,3162
55,LMD,"LOWER MANAIR DAM","Godavari Basin",29/12/2021,920.0,24.074,917.15,21.63,0,5141
55,LMD,"LOWER MANAIR DAM","Godavari Basin",30/12/2021,920.0,24.074,916.85,21.383,1769,5243
55,LMD,"LOWER MANAIR DAM","Godavari Basin",31/12/2021,920.0,24.074,916.45,21.062,673,4389
94,SPYP,"SRI PADA YELLAMPALLY PROJECT","Godavari Basin",01/12/2021,485.56,20.175,485.56,20.17,1009,460
94,SPYP,"SRI PADA YELLAMPALLY PROJECT","Godavari Basin",02/12/2021,485.56,20.175,485.56,20.17,512,512
94,SPYP,"SRI PADA YELLAMPALLY PROJECT","Godavari Basin",03/12/2021,485.56,20.175,485.47,20.09,1044,1044
94,SPYP,"SRI PADA YELLAMPALLY PROJECT","Godavari Basin",04/12/2021,485.56,20.175,485.56,20.17,1049,1049
94,SPYP,"SRI PADA YELLAMPALLY PROJECT","Godavari Basin",05/12/2021,485.56,20.175,485.53,20.15,213,857
94,SPYP,"SRI PADA YELLAMPALLY PROJECT","Godavari Basin",06/12/2021,485.56,20.175,485.53,20.15,590,590
94,SPYP,"SRI PADA YELLAMPALLY PROJECT","Godavari Basin",07/12/2021,485.56,20.175,485.56,20.17,907,590
94,SPYP,"SRI PADA YELLAMPALLY PROJECT","Godavari Basin",08/12/2021,485.56,20.175,485.56,20.17,591,591
94,SPYP,"SRI PADA YELLAMPALLY PROJECT","Godavari Basin",09/12/2021,485.56,20.175,485.56,20.17,607,607
94,SPYP,"SRI PADA YELLAMPALLY PROJECT","Godavari Basin",10/12/2021,485.56,20.175,485.56,20.17,1075,1075
94,SPYP,"SRI PADA YELLAMPALLY PROJECT","Godavari Basin",11/12/2021,485.56,20.175,485.56,20.17,1165,1165
94,SPYP,"SRI PADA YELLAMPALLY PROJECT","Godavari Basin",12/12/2021,485.56,20.175,485.56,20.17,1217,1217
94,SPYP,"SRI PADA YELLAMPALLY PROJECT","Godavari Basin",13/12/2021,485.56,20.175,485.53,20.15,837,1155
94,SPYP,"SRI PADA YELLAMPALLY PROJECT","Godavari Basin",14/12/2021,485.56,20.175,485.53,20.15,674,674
94,SPYP,"SRI PADA YELLAMPALLY PROJECT","Godavari Basin",15/12/2021,485.56,20.175,485.53,20.15,513,513
94,SPYP,"SRI PADA YELLAMPALLY PROJECT","Godavari Basin",16/12/2021,485.56,20.175,485.5,20.12,191,513
94,SPYP,"SRI PADA YELLAMPALLY PROJECT","Godavari Basin",17/12/2021,485.56,20.175,485.5,20.12,496,496
94,SPYP,"SRI PADA YELLAMPALLY PROJECT","Godavari Basin",18/12/2021,485.56,20.175,485.5,20.12,485,485
94,SPYP,"SRI PADA YELLAMPALLY PROJECT","Godavari Basin",19/12/2021,485.56,20.175,485.5,20.12,463,463
94,SPYP,"SRI PADA YELLAMPALLY PROJECT","Godavari Basin",20/12/2021,485.56,20.175,485.5,20.12,470,470
94,SPYP,"SRI PADA YELLAMPALLY PROJECT","Godavari Basin",21/12/2021,485.56,20.175,485.5,20.12,470,470
94,SPYP,"SRI PADA YELLAMPALLY PROJECT","Godavari Basin",22/12/2021,485.56,20.175,485.5,20.12,475,475
94,SPYP,"SRI PADA YELLAMPALLY PROJECT","Godavari Basin",23/12/2021,485.56,20.175,485.43,20.06,0,565
94,SPYP,"SRI PADA YELLAMPALLY PROJECT","Godavari Basin",24/12/2021,485.56,20.175,485.4,20.04,265,587
94,SPYP,"SRI PADA YELLAMPALLY PROJECT","Godavari Basin",25/12/2021,485.56,20.175,485.33,19.98,587,587
94,SPYP,"SRI PADA YELLAMPALLY PROJECT","Godavari Basin",26/12/2021,485.56,20.175,485.24,19.9,0,581
94,SPYP,"SRI PADA YELLAMPALLY PROJECT","Godavari Basin",27/12/2021,485.56,20.175,485.24,19.9,621,621
94,SPYP,"SRI PADA YELLAMPALLY PROJECT","Godavari Basin",28/12/2021,485.56,20.175,485.2,19.87,274,595
94,SPYP,"SRI PADA YELLAMPALLY PROJECT","Godavari Basin",29/12/2021,485.56,20.175,485.17,19.84,259,581
94,SPYP,"SRI PADA YELLAMPALLY PROJECT","Godavari Basin",30/12/2021,485.56,20.175,485.17,19.84,590,590
94,SPYP,"SRI PADA YELLAMPALLY PROJECT","Godavari Basin",31/12/2021,485.56,20.175,485.14,19.81,273,595
