slno,reservoir_short_code,reservoir_name,basin_name,date_time,frl,capacity,level_in_feet,gross_storage,inflow,outflow
3,JURALA,JURALA,"Krishna Basin",01/06/2021,1045.0,9.657,1035.07,4.46,571,282
3,JURALA,JURALA,"Krishna Basin",02/06/2021,1045.0,9.657,1035.14,4.49,584,283
3,JURALA,JURALA,"Krishna Basin",03/06/2021,1045.0,9.657,1035.3,4.55,1036,284
3,JURALA,JURALA,"Krishna Basin",04/06/2021,1045.0,9.657,1035.43,4.605,815,225
3,JURALA,JURALA,"Krishna Basin",05/06/2021,1045.0,9.657,1035.89,4.79,2336,241
3,JURALA,JURALA,"Krishna Basin",06/06/2021,1045.0,9.657,1036.52,5.07,3568,246
3,JURALA,JURALA,"Krishna Basin",07/06/2021,1045.0,9.657,1037.07,5.33,3293,284
3,JURALA,JURALA,"Krishna Basin",08/06/2021,1045.0,9.657,1035.55,6.02,8239,299
3,JURALA,JURALA,"Krishna Basin",09/06/2021,1045.0,9.657,1042.88,8.36,27400,340
3,JURALA,JURALA,"Krishna Basin",10/06/2021,1045.0,9.657,1044.69,9.46,20239,7484
3,JURALA,JURALA,"Krishna Basin",11/06/2021,1045.0,9.657,1044.62,9.42,16581,17056
3,JURALA,JURALA,"Krishna Basin",12/06/2021,1045.0,9.657,1043.77,8.89,14073,20196
3,JURALA,JURALA,"Krishna Basin",13/06/2021,1045.0,9.657,1042.62,8.2,12905,20845
3,JURALA,JURALA,"Krishna Basin",14/06/2021,1045.0,9.657,1042.49,8.13,13655,14546
3,JURALA,JURALA,"Krishna Basin",15/06/2021,1045.0,9.657,1042.65,8.22,10076,8965
3,JURALA,JURALA,"Krishna Basin",16/06/2021,1045.0,9.657,1042.49,8.13,7938,9049
3,JURALA,JURALA,"Krishna Basin",17/06/2021,1045.0,9.657,1042.26,7.99,7355,8917
3,JURALA,JURALA,"Krishna Basin",18/06/2021,1045.0,9.657,1041.63,7.63,4640,8853
3,JURALA,JURALA,"Krishna Basin",19/06/2021,1045.0,9.657,1041.63,7.63,2388,2388
3,JURALA,JURALA,"Krishna Basin",20/06/2021,1045.0,9.657,1041.47,7.54,1637,2702
3,JURALA,JURALA,"Krishna Basin",21/06/2021,1045.0,9.657,1041.27,7.43,1407,2669
3,JURALA,JURALA,"Krishna Basin",22/06/2021,1045.0,9.657,1041.27,7.43,2669,2669
3,JURALA,JURALA,"Krishna Basin",23/06/2021,1045.0,9.657,1041.21,7.39,2045,2473
3,JURALA,JURALA,"Krishna Basin",24/06/2021,1045.0,9.657,1040.22,6.84,1642,7985
3,JURALA,JURALA,"Krishna Basin",25/06/2021,1045.0,9.657,1038.62,6.05,9485,18640
3,JURALA,JURALA,"Krishna Basin",26/06/2021,1045.0,9.657,1040.06,6.75,30303,22213
3,JURALA,JURALA,"Krishna Basin",27/06/2021,1045.0,9.657,1040.09,6.77,25344,25124
3,JURALA,JURALA,"Krishna Basin",28/06/2021,1045.0,9.657,1041.24,7.41,22873,15477
3,JURALA,JURALA,"Krishna Basin",29/06/2021,1045.0,9.657,1041.21,7.39,27786,27994
3,JURALA,JURALA,"Krishna Basin",30/06/2021,1045.0,9.657,1041.9,7.78,29809,25307
6,NSP,"NAGARJUNA SAGAR","Krishna Basin",01/06/2021,590.0,312.045,533.1,174.26,1796,1796
6,NSP,"NAGARJUNA SAGAR","Krishna Basin",02/06/2021,590.0,312.045,533.0,174.6,900,3212
6,NSP,"NAGARJUNA SAGAR","Krishna Basin",03/06/2021,590.0,312.045,533.0,174.06,3192,3192
6,NSP,"NAGARJUNA SAGAR","Krishna Basin",04/06/2021,590.0,312.045,532.9,173.86,52,2349
6,NSP,"NAGARJUNA SAGAR","Krishna Basin",05/06/2021,590.0,312.045,533.0,174.06,6320,4023
6,NSP,"NAGARJUNA SAGAR","Krishna Basin",06/06/2021,590.0,312.045,533.1,174.26,5066,2754
6,NSP,"NAGARJUNA SAGAR","Krishna Basin",07/06/2021,590.0,312.045,533.2,174.46,6056,3744
6,NSP,"NAGARJUNA SAGAR","Krishna Basin",08/06/2021,590.0,312.045,533.1,174.26,1017,3329
6,NSP,"NAGARJUNA SAGAR","Krishna Basin",09/06/2021,590.0,312.045,533.1,174.26,3640,3640
6,NSP,"NAGARJUNA SAGAR","Krishna Basin",10/06/2021,590.0,312.045,533.0,174.06,832,3144
6,NSP,"NAGARJUNA SAGAR","Krishna Basin",11/06/2021,590.0,312.045,533.0,174.06,1569,1569
6,NSP,"NAGARJUNA SAGAR","Krishna Basin",12/06/2021,590.0,312.045,532.9,173.86,673,2970
6,NSP,"NAGARJUNA SAGAR","Krishna Basin",13/06/2021,590.0,312.045,532.9,173.86,1971,1971
6,NSP,"NAGARJUNA SAGAR","Krishna Basin",14/06/2021,590.0,312.045,532.8,173.66,0,1711
6,NSP,"NAGARJUNA SAGAR","Krishna Basin",15/06/2021,590.0,312.045,532.8,173.66,1791,1791
6,NSP,"NAGARJUNA SAGAR","Krishna Basin",16/06/2021,590.0,312.045,532.8,173.66,1421,1421
6,NSP,"NAGARJUNA SAGAR","Krishna Basin",17/06/2021,590.0,312.045,532.8,173.66,1817,1817
6,NSP,"NAGARJUNA SAGAR","Krishna Basin",18/06/2021,590.0,312.045,532.7,173.47,1240,3537
6,NSP,"NAGARJUNA SAGAR","Krishna Basin",19/06/2021,590.0,312.045,532.7,173.47,3834,3834
6,NSP,"NAGARJUNA SAGAR","Krishna Basin",20/06/2021,590.0,312.045,532.7,173.47,1819,1819
6,NSP,"NAGARJUNA SAGAR","Krishna Basin",21/06/2021,590.0,312.045,532.7,173.47,2389,2389
6,NSP,"NAGARJUNA SAGAR","Krishna Basin",22/06/2021,590.0,312.045,532.7,173.47,9417,9417
6,NSP,"NAGARJUNA SAGAR","Krishna Basin",23/06/2021,590.0,312.045,532.7,173.47,7645,7645
6,NSP,"NAGARJUNA SAGAR","Krishna Basin",24/06/2021,590.0,312.045,532.9,173.86,10158,5563
6,NSP,"NAGARJUNA SAGAR","Krishna Basin",25/06/2021,590.0,312.045,532.9,173.86,1117,1117
6,NSP,"NAGARJUNA SAGAR","Krishna Basin",26/06/2021,590.0,312.045,533.1,174.26,6410,1800
6,NSP,"NAGARJUNA SAGAR","Krishna Basin",27/06/2021,590.0,312.045,533.6,175.26,13087,1525
6,NSP,"NAGARJUNA SAGAR","Krishna Basin",28/06/2021,590.0,312.045,533.6,175.26,1596,1596
6,NSP,"NAGARJUNA SAGAR","Krishna Basin",29/06/2021,590.0,312.045,534.0,176.06,14095,4845
6,NSP,"NAGARJUNA SAGAR","Krishna Basin",30/06/2021,590.0,312.045,534.2,176.46,26227,21570
7,SINGUR,SINGUR,"Godavari Basin",01/06/2021,1717.93,29.91,1707.84,16.72,0,460
7,SINGUR,SINGUR,"Godavari Basin",02/06/2021,1717.93,29.91,1707.85,16.73,590,460
7,SINGUR,SINGUR,"Godavari Basin",03/06/2021,1717.93,29.91,1707.84,16.73,380,470
7,SINGUR,SINGUR,"Godavari Basin",04/06/2021,1717.93,29.91,1707.81,16.686,0,470
7,SINGUR,SINGUR,"Godavari Basin",05/06/2021,1717.93,29.91,1707.77,16.65,0,470
7,SINGUR,SINGUR,"Godavari Basin",06/06/2021,1717.93,29.91,1707.73,16.61,0,470
7,SINGUR,SINGUR,"Godavari Basin",07/06/2021,1717.93,29.91,1707.69,16.57,0,470
7,SINGUR,SINGUR,"Godavari Basin",08/06/2021,1717.93,29.91,1707.65,16.53,0,470
7,SINGUR,SINGUR,"Godavari Basin",09/06/2021,1717.93,29.91,1707.61,16.49,0,470
7,SINGUR,SINGUR,"Godavari Basin",10/06/2021,1717.93,29.91,1707.64,16.52,879,470
7,SINGUR,SINGUR,"Godavari Basin",11/06/2021,1717.93,29.91,1708.12,17.0,5972,470
7,SINGUR,SINGUR,"Godavari Basin",12/06/2021,1717.93,29.91,1708.32,17.2,3640,1316
7,SINGUR,SINGUR,"Godavari Basin",13/06/2021,1717.93,29.91,1708.36,17.24,2116,1708
7,SINGUR,SINGUR,"Godavari Basin",14/06/2021,1717.93,29.91,1708.48,17.36,1754,470
7,SINGUR,SINGUR,"Godavari Basin",15/06/2021,1717.93,29.91,1708.65,17.55,2654,470
7,SINGUR,SINGUR,"Godavari Basin",16/06/2021,1717.93,29.91,1708.68,17.58,840,470
7,SINGUR,SINGUR,"Godavari Basin",17/06/2021,1717.93,29.91,1708.7,17.6,646,470
7,SINGUR,SINGUR,"Godavari Basin",18/06/2021,1717.93,29.91,1708.66,17.56,0,470
7,SINGUR,SINGUR,"Godavari Basin",19/06/2021,1717.93,29.91,1708.62,17.52,0,470
7,SINGUR,SINGUR,"Godavari Basin",20/06/2021,1717.93,29.91,1708.58,17.48,0,470
7,SINGUR,SINGUR,"Godavari Basin",21/06/2021,1717.93,29.91,1708.54,17.44,0,470
7,SINGUR,SINGUR,"Godavari Basin",22/06/2021,1717.93,29.91,1708.51,17.4,0,470
7,SINGUR,SINGUR,"Godavari Basin",23/06/2021,1717.93,29.91,1708.48,17.36,0,470
7,SINGUR,SINGUR,"Godavari Basin",24/06/2021,1717.93,29.91,1708.44,17.32,0,470
7,SINGUR,SINGUR,"Godavari Basin",25/06/2021,1717.93,29.91,1708.4,17.28,0,470
7,SINGUR,SINGUR,"Godavari Basin",26/06/2021,1717.93,29.91,1708.36,17.24,0,470
7,SINGUR,SINGUR,"Godavari Basin",27/06/2021,1717.93,29.91,1708.32,17.2,0,470
7,SINGUR,SINGUR,"Godavari Basin",28/06/2021,1717.93,29.91,1708.32,17.2,510,470
7,SINGUR,SINGUR,"Godavari Basin",29/06/2021,1717.93,29.91,1708.32,17.2,470,470
7,SINGUR,SINGUR,"Godavari Basin",30/06/2021,1717.93,29.91,312.76,45.2,1444,2844
8,NIZAMSAGAR,"NIZAM SAGAR","Godavari Basin",01/06/2021,1405.0,17.803,1395.71,7.38,0,183
8,NIZAMSAGAR,"NIZAM SAGAR","Godavari Basin",02/06/2021,1405.0,17.803,1395.69,7.36,0,183
8,NIZAMSAGAR,"NIZAM SAGAR","Godavari Basin",03/06/2021,1405.0,17.803,1395.67,7.35,0,183
8,NIZAMSAGAR,"NIZAM SAGAR","Godavari Basin",04/06/2021,1405.0,17.803,1395.65,7.329,0,182
8,NIZAMSAGAR,"NIZAM SAGAR","Godavari Basin",05/06/2021,1405.0,17.803,1395.63,7.31,0,182
8,NIZAMSAGAR,"NIZAM SAGAR","Godavari Basin",06/06/2021,1405.0,17.803,1395.61,7.3,0,176
8,NIZAMSAGAR,"NIZAM SAGAR","Godavari Basin",07/06/2021,1405.0,17.803,1395.59,7.28,0,176
8,NIZAMSAGAR,"NIZAM SAGAR","Godavari Basin",08/06/2021,1405.0,17.803,1395.57,7.27,0,181
8,NIZAMSAGAR,"NIZAM SAGAR","Godavari Basin",09/06/2021,1405.0,17.803,1395.55,7.25,0,181
8,NIZAMSAGAR,"NIZAM SAGAR","Godavari Basin",10/06/2021,1405.0,17.803,1395.53,7.24,0,181
8,NIZAMSAGAR,"NIZAM SAGAR","Godavari Basin",11/06/2021,1405.0,17.803,1395.51,7.22,0,180
8,NIZAMSAGAR,"NIZAM SAGAR","Godavari Basin",12/06/2021,1405.0,17.803,1395.49,7.21,0,180
8,NIZAMSAGAR,"NIZAM SAGAR","Godavari Basin",13/06/2021,1405.0,17.803,1395.47,7.19,0,180
8,NIZAMSAGAR,"NIZAM SAGAR","Godavari Basin",14/06/2021,1405.0,17.803,1395.47,7.19,180,180
8,NIZAMSAGAR,"NIZAM SAGAR","Godavari Basin",15/06/2021,1405.0,17.803,1395.49,7.21,354,180
8,NIZAMSAGAR,"NIZAM SAGAR","Godavari Basin",16/06/2021,1405.0,17.803,1395.51,7.22,357,180
8,NIZAMSAGAR,"NIZAM SAGAR","Godavari Basin",17/06/2021,1405.0,17.803,1395.53,7.24,357,180
8,NIZAMSAGAR,"NIZAM SAGAR","Godavari Basin",18/06/2021,1405.0,17.803,1395.53,7.24,180,180
8,NIZAMSAGAR,"NIZAM SAGAR","Godavari Basin",19/06/2021,1405.0,17.803,1395.53,7.24,180,180
8,NIZAMSAGAR,"NIZAM SAGAR","Godavari Basin",20/06/2021,1405.0,17.803,1395.53,7.24,180,180
8,NIZAMSAGAR,"NIZAM SAGAR","Godavari Basin",21/06/2021,1405.0,17.803,1395.53,7.24,180,180
8,NIZAMSAGAR,"NIZAM SAGAR","Godavari Basin",22/06/2021,1405.0,17.803,1395.51,7.22,0,180
8,NIZAMSAGAR,"NIZAM SAGAR","Godavari Basin",23/06/2021,1405.0,17.803,1395.49,7.21,0,180
8,NIZAMSAGAR,"NIZAM SAGAR","Godavari Basin",24/06/2021,1405.0,17.803,1395.47,7.19,0,180
8,NIZAMSAGAR,"NIZAM SAGAR","Godavari Basin",25/06/2021,1405.0,17.803,1395.45,7.18,0,179
8,NIZAMSAGAR,"NIZAM SAGAR","Godavari Basin",26/06/2021,1405.0,17.803,1395.43,7.16,0,179
8,NIZAMSAGAR,"NIZAM SAGAR","Godavari Basin",27/06/2021,1405.0,17.803,1395.41,7.15,0,178
8,NIZAMSAGAR,"NIZAM SAGAR","Godavari Basin",28/06/2021,1405.0,17.803,1395.39,7.13,0,178
8,NIZAMSAGAR,"NIZAM SAGAR","Godavari Basin",29/06/2021,1405.0,17.803,1395.37,7.12,0,178
8,NIZAMSAGAR,"NIZAM SAGAR","Godavari Basin",30/06/2021,1405.0,17.803,312.76,45.2,1444,2844
9,SRSP,"SRI RAM SAGAR","Godavari Basin",01/06/2021,1091.0,90.313,1063.8,18.44,0,653
9,SRSP,"SRI RAM SAGAR","Godavari Basin",02/06/2021,1091.0,90.313,1063.8,18.44,0,653
9,SRSP,"SRI RAM SAGAR","Godavari Basin",03/06/2021,1091.0,90.313,1063.8,18.44,300,653
9,SRSP,"SRI RAM SAGAR","Godavari Basin",04/06/2021,1091.0,90.313,1063.7,18.297,0,653
9,SRSP,"SRI RAM SAGAR","Godavari Basin",05/06/2021,1091.0,90.313,1063.7,18.3,0,653
9,SRSP,"SRI RAM SAGAR","Godavari Basin",06/06/2021,1091.0,90.313,1063.7,18.3,350,653
9,SRSP,"SRI RAM SAGAR","Godavari Basin",07/06/2021,1091.0,90.313,1063.6,18.16,350,653
9,SRSP,"SRI RAM SAGAR","Godavari Basin",08/06/2021,1091.0,90.313,1063.6,18.16,350,653
9,SRSP,"SRI RAM SAGAR","Godavari Basin",09/06/2021,1091.0,90.313,1063.6,18.16,0,653
9,SRSP,"SRI RAM SAGAR","Godavari Basin",10/06/2021,1091.0,90.313,1063.6,18.16,0,653
9,SRSP,"SRI RAM SAGAR","Godavari Basin",11/06/2021,1091.0,90.313,1063.5,18.02,300,653
9,SRSP,"SRI RAM SAGAR","Godavari Basin",12/06/2021,1091.0,90.313,1063.5,18.02,200,653
9,SRSP,"SRI RAM SAGAR","Godavari Basin",13/06/2021,1091.0,90.313,1063.5,18.02,200,653
9,SRSP,"SRI RAM SAGAR","Godavari Basin",14/06/2021,1091.0,90.313,1063.4,17.88,0,653
9,SRSP,"SRI RAM SAGAR","Godavari Basin",15/06/2021,1091.0,90.313,1063.6,18.16,3893,653
9,SRSP,"SRI RAM SAGAR","Godavari Basin",16/06/2021,1091.0,90.313,1064.6,19.47,16886,552
9,SRSP,"SRI RAM SAGAR","Godavari Basin",17/06/2021,1091.0,90.313,1065.4,20.9,15360,569
9,SRSP,"SRI RAM SAGAR","Godavari Basin",18/06/2021,1091.0,90.313,1066.3,22.42,17615,589
9,SRSP,"SRI RAM SAGAR","Godavari Basin",19/06/2021,1091.0,90.313,1067.2,23.94,18564,608
9,SRSP,"SRI RAM SAGAR","Godavari Basin",20/06/2021,1091.0,90.313,1067.6,24.62,9259,608
9,SRSP,"SRI RAM SAGAR","Godavari Basin",21/06/2021,1091.0,90.313,1067.8,24.95,5139,608
9,SRSP,"SRI RAM SAGAR","Godavari Basin",22/06/2021,1091.0,90.313,1067.8,24.95,1747,608
9,SRSP,"SRI RAM SAGAR","Godavari Basin",23/06/2021,1091.0,90.313,1067.8,24.95,858,858
9,SRSP,"SRI RAM SAGAR","Godavari Basin",24/06/2021,1091.0,90.313,1067.8,24.95,0,608
9,SRSP,"SRI RAM SAGAR","Godavari Basin",25/06/2021,1091.0,90.313,1067.8,24.95,0,608
9,SRSP,"SRI RAM SAGAR","Godavari Basin",26/06/2021,1091.0,90.313,1067.8,24.95,0,608
9,SRSP,"SRI RAM SAGAR","Godavari Basin",27/06/2021,1091.0,90.313,1067.7,24.79,0,608
9,SRSP,"SRI RAM SAGAR","Godavari Basin",28/06/2021,1091.0,90.313,1067.7,24.79,700,608
9,SRSP,"SRI RAM SAGAR","Godavari Basin",29/06/2021,1091.0,90.313,1068.6,26.31,19420,627
9,SRSP,"SRI RAM SAGAR","Godavari Basin",30/06/2021,1091.0,90.313,312.76,45.2,1444,2844
54,KDM,KADDAM,"Godavari Basin",01/06/2021,700.0,7.6,675.2,2.807,0,76
54,KDM,KADDAM,"Godavari Basin",02/06/2021,700.0,7.6,675.125,2.797,0,114
54,KDM,KADDAM,"Godavari Basin",03/06/2021,700.0,7.6,675.08,2.79,0,76
54,KDM,KADDAM,"Godavari Basin",04/06/2021,700.0,7.6,675.025,2.784,0,76
54,KDM,KADDAM,"Godavari Basin",05/06/2021,700.0,7.6,674.95,2.775,0,108
54,KDM,KADDAM,"Godavari Basin",06/06/2021,700.0,7.6,674.9,2.769,0,70
54,KDM,KADDAM,"Godavari Basin",07/06/2021,700.0,7.6,674.85,2.763,0,70
54,KDM,KADDAM,"Godavari Basin",08/06/2021,700.0,7.6,674.8,2.757,0,70
54,KDM,KADDAM,"Godavari Basin",09/06/2021,700.0,7.6,674.75,2.751,0,70
54,KDM,KADDAM,"Godavari Basin",10/06/2021,700.0,7.6,674.7,2.745,0,70
54,KDM,KADDAM,"Godavari Basin",11/06/2021,700.0,7.6,674.875,2.766,314,70
54,KDM,KADDAM,"Godavari Basin",12/06/2021,700.0,7.6,674.875,2.766,70,70
54,KDM,KADDAM,"Godavari Basin",13/06/2021,700.0,7.6,675.225,2.81,586,70
54,KDM,KADDAM,"Godavari Basin",14/06/2021,700.0,7.6,675.4,2.833,345,79
54,KDM,KADDAM,"Godavari Basin",15/06/2021,700.0,7.6,677.575,3.13,3513,79
54,KDM,KADDAM,"Godavari Basin",16/06/2021,700.0,7.6,677.975,3.187,752,95
54,KDM,KADDAM,"Godavari Basin",17/06/2021,700.0,7.6,678.125,3.209,341,89
54,KDM,KADDAM,"Godavari Basin",18/06/2021,700.0,7.6,678.58,3.274,838,89
54,KDM,KADDAM,"Godavari Basin",19/06/2021,700.0,7.6,679.15,3.358,1066,89
54,KDM,KADDAM,"Godavari Basin",20/06/2021,700.0,7.6,679.35,3.39,435,89
54,KDM,KADDAM,"Godavari Basin",21/06/2021,700.0,7.6,679.425,3.399,217,89
54,KDM,KADDAM,"Godavari Basin",22/06/2021,700.0,7.6,679.5,3.41,213,89
54,KDM,KADDAM,"Godavari Basin",23/06/2021,700.0,7.6,679.525,3.414,134,89
54,KDM,KADDAM,"Godavari Basin",24/06/2021,700.0,7.6,679.525,3.414,89,89
54,KDM,KADDAM,"Godavari Basin",25/06/2021,700.0,7.6,679.58,3.42,180,89
54,KDM,KADDAM,"Godavari Basin",26/06/2021,700.0,7.6,679.575,3.422,89,89
54,KDM,KADDAM,"Godavari Basin",27/06/2021,700.0,7.6,679.58,3.422,89,89
54,KDM,KADDAM,"Godavari Basin",28/06/2021,700.0,7.6,681.4,3.702,3348,94
54,KDM,KADDAM,"Godavari Basin",29/06/2021,700.0,7.6,685.65,4.423,8446,99
54,KDM,KADDAM,"Godavari Basin",30/06/2021,700.0,7.6,312.76,45.2,1444,2844
55,LMD,"LOWER MANAIR DAM","Godavari Basin",01/06/2021,920.0,24.074,900.2,10.38,0,267
55,LMD,"LOWER MANAIR DAM","Godavari Basin",02/06/2021,920.0,24.074,900.15,10.355,0,267
55,LMD,"LOWER MANAIR DAM","Godavari Basin",03/06/2021,920.0,24.074,900.1,10.329,0,267
55,LMD,"LOWER MANAIR DAM","Godavari Basin",04/06/2021,920.0,24.074,900.1,10.329,0,267
55,LMD,"LOWER MANAIR DAM","Godavari Basin",05/06/2021,920.0,24.074,900.1,10.329,267,267
55,LMD,"LOWER MANAIR DAM","Godavari Basin",06/06/2021,920.0,24.074,900.05,10.303,0,267
55,LMD,"LOWER MANAIR DAM","Godavari Basin",07/06/2021,920.0,24.074,900.05,10.303,0,267
55,LMD,"LOWER MANAIR DAM","Godavari Basin",08/06/2021,920.0,24.074,900.05,10.303,267,267
55,LMD,"LOWER MANAIR DAM","Godavari Basin",09/06/2021,920.0,24.074,900.1,10.33,568,267
55,LMD,"LOWER MANAIR DAM","Godavari Basin",10/06/2021,920.0,24.074,900.1,10.329,0,267
55,LMD,"LOWER MANAIR DAM","Godavari Basin",11/06/2021,920.0,24.074,900.15,10.355,568,267
55,LMD,"LOWER MANAIR DAM","Godavari Basin",12/06/2021,920.0,24.074,900.15,10.355,267,267
55,LMD,"LOWER MANAIR DAM","Godavari Basin",13/06/2021,920.0,24.074,900.1,10.329,0,267
55,LMD,"LOWER MANAIR DAM","Godavari Basin",14/06/2021,920.0,24.074,900.2,10.38,857,267
55,LMD,"LOWER MANAIR DAM","Godavari Basin",15/06/2021,920.0,24.074,900.25,10.406,568,267
55,LMD,"LOWER MANAIR DAM","Godavari Basin",16/06/2021,920.0,24.074,900.3,10.432,568,267
55,LMD,"LOWER MANAIR DAM","Godavari Basin",17/06/2021,920.0,24.074,900.3,10.432,267,267
55,LMD,"LOWER MANAIR DAM","Godavari Basin",18/06/2021,920.0,24.074,900.3,10.432,267,267
55,LMD,"LOWER MANAIR DAM","Godavari Basin",19/06/2021,920.0,24.074,901.1,10.846,4792,271
55,LMD,"LOWER MANAIR DAM","Godavari Basin",20/06/2021,920.0,24.074,902.7,11.712,10300,276
55,LMD,"LOWER MANAIR DAM","Godavari Basin",21/06/2021,920.0,24.074,904.45,12.716,12600,285
55,LMD,"LOWER MANAIR DAM","Godavari Basin",22/06/2021,920.0,24.074,906.2,13.777,12575,294
55,LMD,"LOWER MANAIR DAM","Godavari Basin",23/06/2021,920.0,24.074,907.85,14.827,12452,298
55,LMD,"LOWER MANAIR DAM","Godavari Basin",24/06/2021,920.0,24.074,909.7,16.059,14566,306
55,LMD,"LOWER MANAIR DAM","Godavari Basin",25/06/2021,920.0,24.074,911.8,17.53,17330,315
55,LMD,"LOWER MANAIR DAM","Godavari Basin",26/06/2021,920.0,24.074,913.8,18.999,17338,323
55,LMD,"LOWER MANAIR DAM","Godavari Basin",27/06/2021,920.0,24.074,915.4,20.228,14558,332
55,LMD,"LOWER MANAIR DAM","Godavari Basin",28/06/2021,920.0,24.074,916.05,20.74,6263,337
55,LMD,"LOWER MANAIR DAM","Godavari Basin",29/06/2021,920.0,24.074,916.05,20.74,337,337
55,LMD,"LOWER MANAIR DAM","Godavari Basin",30/06/2021,920.0,24.074,916.0,20.7,0,337
94,SPYP,"SRI PADA YELLAMPALLY PROJECT","Godavari Basin",01/06/2021,485.56,20.175,470.7,9.76,473,673
94,SPYP,"SRI PADA YELLAMPALLY PROJECT","Godavari Basin",02/06/2021,485.56,20.175,470.6,9.71,64,667
94,SPYP,"SRI PADA YELLAMPALLY PROJECT","Godavari Basin",03/06/2021,485.56,20.175,470.51,9.66,33,634
94,SPYP,"SRI PADA YELLAMPALLY PROJECT","Godavari Basin",04/06/2021,485.56,20.175,470.44,9.6207,233,634
94,SPYP,"SRI PADA YELLAMPALLY PROJECT","Godavari Basin",05/06/2021,485.56,20.175,470.41,9.6,370,571
94,SPYP,"SRI PADA YELLAMPALLY PROJECT","Godavari Basin",06/06/2021,485.56,20.175,470.31,9.55,0,488
94,SPYP,"SRI PADA YELLAMPALLY PROJECT","Godavari Basin",07/06/2021,485.56,20.175,470.24,9.52,114,516
94,SPYP,"SRI PADA YELLAMPALLY PROJECT","Godavari Basin",08/06/2021,485.56,20.175,470.18,9.48,159,561
94,SPYP,"SRI PADA YELLAMPALLY PROJECT","Godavari Basin",09/06/2021,485.56,20.175,470.11,9.45,128,530
94,SPYP,"SRI PADA YELLAMPALLY PROJECT","Godavari Basin",10/06/2021,485.56,20.175,470.01,9.4,0,510
94,SPYP,"SRI PADA YELLAMPALLY PROJECT","Godavari Basin",11/06/2021,485.56,20.175,469.85,9.31,0,510
94,SPYP,"SRI PADA YELLAMPALLY PROJECT","Godavari Basin",12/06/2021,485.56,20.175,469.85,9.31,553,553
94,SPYP,"SRI PADA YELLAMPALLY PROJECT","Godavari Basin",13/06/2021,485.56,20.175,470.05,9.41,1798,593
94,SPYP,"SRI PADA YELLAMPALLY PROJECT","Godavari Basin",14/06/2021,485.56,20.175,470.18,9.48,1467,664
94,SPYP,"SRI PADA YELLAMPALLY PROJECT","Godavari Basin",15/06/2021,485.56,20.175,470.24,9.52,1035,633
94,SPYP,"SRI PADA YELLAMPALLY PROJECT","Godavari Basin",16/06/2021,485.56,20.175,470.41,9.6,1539,536
94,SPYP,"SRI PADA YELLAMPALLY PROJECT","Godavari Basin",17/06/2021,485.56,20.175,470.21,9.5,1246,2451
94,SPYP,"SRI PADA YELLAMPALLY PROJECT","Godavari Basin",18/06/2021,485.56,20.175,469.0,8.87,163,6802
94,SPYP,"SRI PADA YELLAMPALLY PROJECT","Godavari Basin",19/06/2021,485.56,20.175,468.31,8.55,5602,9303
94,SPYP,"SRI PADA YELLAMPALLY PROJECT","Godavari Basin",20/06/2021,485.56,20.175,468.47,8.62,10877,9998
94,SPYP,"SRI PADA YELLAMPALLY PROJECT","Godavari Basin",21/06/2021,485.56,20.175,468.73,8.75,14160,12749
94,SPYP,"SRI PADA YELLAMPALLY PROJECT","Godavari Basin",22/06/2021,485.56,20.175,469.46,9.1,17216,13118
94,SPYP,"SRI PADA YELLAMPALLY PROJECT","Godavari Basin",23/06/2021,485.56,20.175,470.28,9.53,18483,13463
94,SPYP,"SRI PADA YELLAMPALLY PROJECT","Godavari Basin",24/06/2021,485.56,20.175,471.62,10.25,24502,16269
94,SPYP,"SRI PADA YELLAMPALLY PROJECT","Godavari Basin",25/06/2021,485.56,20.175,472.64,10.8,24061,17679
94,SPYP,"SRI PADA YELLAMPALLY PROJECT","Godavari Basin",26/06/2021,485.56,20.175,473.46,11.29,25109,19432
94,SPYP,"SRI PADA YELLAMPALLY PROJECT","Godavari Basin",27/06/2021,485.56,20.175,474.31,11.8,25511,19607
94,SPYP,"SRI PADA YELLAMPALLY PROJECT","Godavari Basin",28/06/2021,485.56,20.175,475.39,12.44,24821,17327
94,SPYP,"SRI PADA YELLAMPALLY PROJECT","Godavari Basin",29/06/2021,485.56,20.175,476.05,12.86,23369,18515
94,SPYP,"SRI PADA YELLAMPALLY PROJECT","Godavari Basin",30/06/2021,485.56,20.175,312.76,45.2,1444,2844
