sl_no,reservior_short_code,reservior_name,basin_name,time,frl,capacity,level_in_feet_present,gross_storage,inflow,outflow
134,BOGGULAVAGU,BOGGULAVAGU,"Godavari Basin",,523.0,0.40700001,0.0,0.0,0.0,0.0
134,BOGGULAVAGU,BOGGULAVAGU,"Godavari Basin",,523.0,0.40700001,0.0,0.0,0.0,0.0
142,CHELMELAVAGU,"CHELMELAVAGU  (NTR SAGAR)","Godavari Basin",,1070.54,0.37,0.0,0.0,0.0,0.0
136,SUDDAVAGU,GADDENA-SUDDAVAGU,"Godavari Basin",,1176.84,1.852,0.0,0.0,0.0,0.0
147,GOLLAVAGU,GOLLAVAGU,"Godavari Basin",,510.17001,0.56800002,0.0,0.0,0.0,0.0
154,GUNDLAVAGU,GUNDLAVAGU,"Godavari Basin",,382.87,0.088,0.0,0.0,0.0,0.0
149,KINNERASANI,KINNERASANI,"Godavari Basin",,407.09,8.3999996,0.0,0.0,0.0,0.0
138,KOTEPALLY,KOTEPALLY,"Godavari Basin",,1689.01,1.573,0.0,0.0,0.0,0.0
148,KOULASNALA,"KOULAS NALA","Godavari Basin",,1502.62,1.237,0.0,0.0,0.0,0.0
157,LAKNAVARAM,"LAKNAVARAM LAKE","Godavari Basin",,319.0,2.135,0.0,0.0,0.0,0.0
139,LANKASAGAR,LANKASAGAR,"Godavari Basin",,387.98999,0.66500002,0.0,0.0,0.0,0.0
155,LTBAYYARAM,"LT BAYYARAM","Godavari Basin",,641.0,0.39700001,0.0,0.0,0.0,0.0
152,MALLURUVAGU,MALLURUVAGU,"Godavari Basin",,378.12,0.36700001,0.0,0.0,0.0,0.0
141,MATHADIVAGU,MATHADIVAGU,"Godavari Basin",,0.0,0.0,0.0,0.0,0.0,0.0
137,NALLAVAGU,NALLAVAGU,"Godavari Basin",,1493.01,0.74599999,0.0,0.0,0.0,0.0
151,PELAMVAGU,"PALEM VAGU","Godavari Basin",,434.70999,1.2589999,0.0,0.0,0.0,0.0
145,PEDDAVAGU,PEDDAVAGU,"Godavari Basin",,266.51999,0.55800003,0.0,0.0,0.0,0.0
150,JAGANATHAPUR,"PEDDAVAGU (JAGANATHAPUR)","Godavari Basin",,0.0,0.0,0.0,0.0,0.0,0.0
146,KOMARAMBHIM,"PEDDAVAGU (KOMARAMBHIM)(ADA)","Godavari Basin",,797.23999,10.393,0.0,0.0,0.0,0.0
153,NEELWAI,"PEDDAVAGU (NEELWAI)","Godavari Basin",,406.82001,0.84600002,0.0,0.0,0.0,0.0
159,YERRAVAGU,"PP RAO PROJECT (YERRA VAGU)","Godavari Basin",,483.92001,0.83999997,0.0,0.0,0.0,0.0
135,RALIVAGU,RALIVAGU,"Godavari Basin",,151.5,0.40900001,0.0,0.0,0.0,0.0
143,RAMADUGU,RAMADUGU,"Godavari Basin",,1278.3101,0.96600002,0.0,0.0,0.0,0.0
156,RAMAPPA,"RAMAPPA LAKE","Godavari Basin",,686.94,2.9130001,0.0,0.0,0.0,0.0
140,SHANIGARAM,SHANIGARAM,"Godavari Basin",,1172.51,1.092,0.0,0.0,0.0,0.0
158,SWARNA,"SWARNA PROJECT","Godavari Basin",,1182.97,1.485,0.0,0.0,0.0,0.0
144,TALIPERU,TALIPERU,"Godavari Basin",,242.78,0.73000002,0.0,0.0,0.0,0.0
3,JURALA,JURALA,"Krishna Basin",08-10-202206:00,1045.0,9.6569996,1044.619,9.4180002,63059.0,52353.0
3,JURALA,JURALA,"Krishna Basin",07-10-202206:00,1045.0,9.6569996,1043.11,8.4899998,34723.0,35163.0
3,JURALA,JURALA,"Krishna Basin",06-10-202206:00,1045.0,9.6569996,1043.27,8.5299997,50937.0,52546.0
3,JURALA,JURALA,"Krishna Basin",05-10-202206:00,1045.0,9.6569996,1043.41,8.6700001,77754.0,80983.0
3,JURALA,JURALA,"Krishna Basin",04-10-202206:00,1045.0,9.6569996,1043.87,8.9499998,76730.0,72355.0
3,JURALA,JURALA,"Krishna Basin",03-10-202206:00,1045.0,9.6569996,1043.24,8.5699997,72954.0,79204.0
3,JURALA,JURALA,"Krishna Basin",02-10-202206:00,1045.0,9.6569996,1044.13,9.1099997,60453.0,57884.0
3,JURALA,JURALA,"Krishna Basin",01-10-202206:00,1045.0,9.6569996,1043.77,8.8900003,43112.0,43575.0
6,NSP,"NAGARJUNA SAGAR","Krishna Basin",08-10-202206:00,590.0,312.04501,590.0,312.04501,167780.0,167862.0
6,NSP,"NAGARJUNA SAGAR","Krishna Basin",07-10-202206:00,590.0,312.04501,590.0,312.04999,73569.0,56276.0
6,NSP,"NAGARJUNA SAGAR","Krishna Basin",06-10-202206:00,590.0,312.04501,589.5,310.54999,97570.0,114862.0
6,NSP,"NAGARJUNA SAGAR","Krishna Basin",05-10-202206:00,590.0,312.04501,590.0,312.04999,193853.0,183478.0
6,NSP,"NAGARJUNA SAGAR","Krishna Basin",04-10-202206:00,590.0,312.04501,589.70001,311.14999,94969.0,94969.0
6,NSP,"NAGARJUNA SAGAR","Krishna Basin",03-10-202206:00,590.0,312.04501,589.70001,311.14999,77952.0,88327.0
6,NSP,"NAGARJUNA SAGAR","Krishna Basin",02-10-202206:00,590.0,312.04501,590.0,312.04999,94251.0,80418.0
6,NSP,"NAGARJUNA SAGAR","Krishna Basin",01-10-202206:00,590.0,312.04501,589.59998,310.85001,50711.0,47252.0
54,KDM,KADDAM,"Godavari Basin",08-10-202206:00,700.0,7.5999999,698.09998,7.1129999,4913.0,4621.0
54,KDM,KADDAM,"Godavari Basin",07-10-202206:00,700.0,7.5999999,698.0,7.0900002,6349.0,7660.0
54,KDM,KADDAM,"Godavari Basin",06-10-202206:00,700.0,7.5999999,698.45001,7.1999998,884.0,666.0
54,KDM,KADDAM,"Godavari Basin",05-10-202206:00,700.0,7.5999999,698.38,7.1799998,680.0,826.0
54,KDM,KADDAM,"Godavari Basin",04-10-202206:00,700.0,7.5999999,698.42999,7.1999998,826.0,826.0
54,KDM,KADDAM,"Godavari Basin",03-10-202206:00,700.0,7.5999999,698.42999,7.1999998,971.0,826.0
54,KDM,KADDAM,"Godavari Basin",02-10-202206:00,700.0,7.5999999,698.38,7.1799998,1263.0,826.0
54,KDM,KADDAM,"Godavari Basin",01-10-202206:00,700.0,7.5999999,698.22998,7.1500001,1481.0,826.0
55,LMD,"LOWER MANAIR DAM","Godavari Basin",08-10-202207:59,920.0,24.073999,917.25,21.711,1635.0,2584.0
55,LMD,"LOWER MANAIR DAM","Godavari Basin",07-10-202207:19,920.0,24.073999,917.34998,21.792999,2246.0,1771.0
55,LMD,"LOWER MANAIR DAM","Godavari Basin",06-10-202207:23,920.0,24.073999,917.29999,21.752001,1771.0,1771.0
55,LMD,"LOWER MANAIR DAM","Godavari Basin",05-10-202206:59,920.0,24.073999,917.29999,21.752001,938.0,1771.0
55,LMD,"LOWER MANAIR DAM","Godavari Basin",04-10-202207:19,920.0,24.073999,917.40002,21.823999,232.0,1771.0
55,LMD,"LOWER MANAIR DAM","Godavari Basin",03-10-202207:05,920.0,24.073999,917.54999,21.959999,940.0,2375.0
55,LMD,"LOWER MANAIR DAM","Godavari Basin",02-10-202207:38,920.0,24.073999,917.70001,22.080999,1400.0,4271.0
55,LMD,"LOWER MANAIR DAM","Godavari Basin",01-10-202207:01,920.0,24.073999,918.0,22.33,2329.0,4274.0
8,NIZAMSAGAR,"NIZAM SAGAR","Godavari Basin",08-10-202206:00,1405.0,17.802999,1405.0,17.799999,2474.0,1805.0
8,NIZAMSAGAR,"NIZAM SAGAR","Godavari Basin",07-10-202206:00,1405.0,17.802999,1404.96,17.74,1891.0,1805.0
8,NIZAMSAGAR,"NIZAM SAGAR","Godavari Basin",06-10-202206:00,1405.0,17.802999,1404.9,17.66,0.0,1805.0
8,NIZAMSAGAR,"NIZAM SAGAR","Godavari Basin",05-10-202206:00,1405.0,17.802999,1405.0,17.799999,1805.0,1805.0
8,NIZAMSAGAR,"NIZAM SAGAR","Godavari Basin",04-10-202206:00,1405.0,17.802999,1405.0,17.799999,1805.0,1805.0
8,NIZAMSAGAR,"NIZAM SAGAR","Godavari Basin",03-10-202206:00,1405.0,17.802999,1405.0,17.799999,7476.0,6138.0
8,NIZAMSAGAR,"NIZAM SAGAR","Godavari Basin",02-10-202206:00,1405.0,17.802999,1404.92,17.690001,8471.0,8471.0
8,NIZAMSAGAR,"NIZAM SAGAR","Godavari Basin",01-10-202206:00,1405.0,17.802999,1404.92,17.690001,5805.0,5805.0
7,SINGUR,SINGUR,"Godavari Basin",08-10-202206:00,1717.9301,29.91,1717.63,29.528999,1969.0,3346.0
7,SINGUR,SINGUR,"Godavari Basin",07-10-202206:00,1717.9301,29.91,1717.7,29.65,2759.0,2412.0
7,SINGUR,SINGUR,"Godavari Basin",06-10-202206:00,1717.9301,29.91,1717.6801,29.620001,1406.0,2100.0
7,SINGUR,SINGUR,"Godavari Basin",05-10-202206:00,1717.9301,29.91,1717.72,29.68,1595.0,1595.0
7,SINGUR,SINGUR,"Godavari Basin",04-10-202206:00,1717.9301,29.91,1717.63,29.530001,1493.0,660.0
7,SINGUR,SINGUR,"Godavari Basin",03-10-202206:00,1717.9301,29.91,1717.6,29.459999,1988.0,2335.0
7,SINGUR,SINGUR,"Godavari Basin",02-10-202206:00,1717.9301,29.91,1717.61,29.49,7735.0,9598.0
7,SINGUR,SINGUR,"Godavari Basin",01-10-202206:00,1717.9301,29.91,1717.7,29.65,7889.0,7241.0
94,SPYP,"SRI PADA YELLAMPALLY PROJECT","Godavari Basin",08-10-202206:00,485.56,20.174999,484.70999,19.450001,58420.0,59384.0
94,SPYP,"SRI PADA YELLAMPALLY PROJECT","Godavari Basin",07-10-202206:00,485.56,20.174999,484.81,19.540001,22979.0,21693.0
94,SPYP,"SRI PADA YELLAMPALLY PROJECT","Godavari Basin",06-10-202206:00,485.56,20.174999,484.67999,19.43,31196.0,33447.0
94,SPYP,"SRI PADA YELLAMPALLY PROJECT","Godavari Basin",05-10-202206:00,485.56,20.174999,484.91,19.620001,33612.0,29431.0
94,SPYP,"SRI PADA YELLAMPALLY PROJECT","Godavari Basin",04-10-202206:00,485.56,20.174999,484.48001,19.26,45886.0,47172.0
94,SPYP,"SRI PADA YELLAMPALLY PROJECT","Godavari Basin",03-10-202206:00,485.56,20.174999,484.60999,19.370001,50683.0,46502.0
94,SPYP,"SRI PADA YELLAMPALLY PROJECT","Godavari Basin",02-10-202206:00,485.56,20.174999,484.19,19.01,69659.0,69017.0
94,SPYP,"SRI PADA YELLAMPALLY PROJECT","Godavari Basin",01-10-202206:00,485.56,20.174999,484.12,18.950001,64119.0,65405.0
9,SRSP,"SRI RAM SAGAR","Godavari Basin",08-10-202206:00,1091.0,90.313004,1091.0,90.309998,24718.0,24718.0
9,SRSP,"SRI RAM SAGAR","Godavari Basin",07-10-202206:00,1091.0,90.313004,1091.0,90.309998,20082.0,20082.0
9,SRSP,"SRI RAM SAGAR","Godavari Basin",06-10-202206:00,1091.0,90.313004,1091.0,90.309998,9253.0,9253.0
9,SRSP,"SRI RAM SAGAR","Godavari Basin",05-10-202206:00,1091.0,90.313004,1091.0,90.309998,12633.0,12633.0
9,SRSP,"SRI RAM SAGAR","Godavari Basin",04-10-202206:00,1091.0,90.313004,1091.0,90.309998,21598.0,21598.0
9,SRSP,"SRI RAM SAGAR","Godavari Basin",03-10-202206:00,1091.0,90.313004,1091.0,90.309998,27855.0,27855.0
9,SRSP,"SRI RAM SAGAR","Godavari Basin",02-10-202206:00,1091.0,90.313004,1091.0,90.309998,31495.0,31495.0
9,SRSP,"SRI RAM SAGAR","Godavari Basin",01-10-202206:00,1091.0,90.313004,1091.0,90.309998,38759.0,38759.0
46,DINDI,"DINDI PROJECT","Krishna Basin",,1298.0,2.085,0.0,0.0,0.0,0.0
39,MUSI,"MUSI PROJECT","Krishna Basin",,645.0,4.6030002,0.0,0.0,0.0,0.0
38,POCHARAM,"POCHARAM PROJECT","Godavari Basin",,1463.98,1.8200001,0.0,0.0,0.0,0.0
42,PAKHAL,"SANGAM PROJECT(PAKAL LAKE)","Krishna Basin",,830.04999,3.3840001,0.0,0.0,0.0,0.0
15,SATHNALA,SATNALA,"Godavari Basin",,939.96002,1.24,0.0,0.0,0.0,0.0
41,UPPERMANAIR,"UPPER MANAIR PROJECT","Godavari Basin",,1482.45,2.2,0.0,0.0,0.0,0.0
40,VATTIVAGU,"VATTIVAGU PROJECT","Godavari Basin",,785.76001,2.8900001,0.0,0.0,0.0,0.0
43,WYRA,"WYRA PROJECT","Krishna Basin",,314.57001,2.5369999,0.0,0.0,0.0,0.0
176,APPMLA,"AIPIPAMULA (AMRSLBC)","Krishna Basin",,705.20001,0.18000001,0.0,0.0,0.0,0.0
174,AKMPL,"AKKAMPALLI (AMRSLBC)","Krishna Basin",,803.59998,1.5,0.0,0.0,0.0,0.0
170,ASWRPY,"ASHWARAOPALLY (JCRDLIS)","Godavari Basin",,1312.0,0.74000001,0.0,0.0,0.0,0.0
173,BYNVG,"BAYYANAVAGU (SRIRAMSAGAR STAGE-II)","Godavari Basin",,0.0,0.47999999,0.0,0.0,0.0,0.0
162,BMGP,"BHEEMGHANPUR  (JCRDLIS)","Godavari Basin",,547.55011,0.38999999,0.0,0.0,0.0,0.0
167,BMKR,"BOMMAKUR (JCRDLIS)","Godavari Basin",,1558.0,0.198,0.0,0.0,0.0,0.0
188,BDP,"BUDPUR (RBLIS)","Krishna Basin",,1155.2159,1.3099999,0.0,0.0,0.0,0.0
171,CHTKDR,"CHITTAKODUR (JCRDLIS)","Godavari Basin",,1275.92,0.30000001,0.0,0.0,0.0,0.0
165,DRMSGR,"DHARMASAGAR  (JCRDLIS)","Godavari Basin",,1010.24,1.5,0.0,0.0,0.0,0.0
166,GDRMRM,"GANDIRAMARAM (JCRDLIS)","Godavari Basin",,1384.16,0.40000001,0.0,0.0,0.0,0.0
177,GDMDDI,"GUDEMDODDI (JNLIS)","Krishna Basin",,1139.8,1.1900001,0.0,0.0,0.0,0.0
182,GDPLGTU,"GUDIPALLIGATTU (MGKLIS)","Krishna Basin",,1646.5601,0.95999998,0.0,0.0,0.0,0.0
181,JNLABGDA,"JONNALABOGUDA (MGKLIS)","Krishna Basin",,1334.96,2.1400001,0.0,0.0,0.0,0.0
189,KLSGR,"KOILSAGAR (KOILSAGAR LIS)","Krishna Basin",,1349.5,2.277,0.0,0.0,0.0,0.0
187,KRSMD,"KRISHNASAMUDRAM (RBLIS)","Krishna Basin",,1171.37,0.12,0.0,0.0,0.0,0.0
172,MLRM,"MAILARAM (SRIRAMSAGAR STAGE-II)","Godavari Basin",,0.0,0.86699998,0.0,0.0,0.0,0.0
190,MDKNTVG,MODIKUNTAVAGU,"Godavari Basin",,910.42999,0.57099998,0.0,0.0,0.0,0.0
161,NSGP,"NARASINGHAPUR  (JCRDLIS)","Godavari Basin",,523.48798,0.050000001,0.0,0.0,0.0,0.0
164,PLKRTY,"PULKURTHY  (JCRDLIS)","Godavari Basin",,797.03998,0.0027999999,0.0,0.0,0.0,0.0
183,RNGSMD,"RANGASAMUDRAM (RBLIS)","Krishna Basin",,1067.64,1.895,0.0,0.0,0.0,0.0
178,RLMP,"RELAMPADU (JNLIS)","Krishna Basin",,1334.96,4.0,0.0,0.0,0.0,0.0
169,RSGNP,"R.S.GHANPUR (JCRDLIS)","Godavari Basin",,1109.345,1.5700001,0.0,0.0,0.0,0.0
163,SVG,"SALIVAGU  (JCRDLIS)","Godavari Basin",,699.42719,0.565,0.0,0.0,0.0,0.0
186,SNGMBD,"SANGAMBANDA (RBLIS)","Krishna Basin",,1193.92,3.3199999,0.0,0.0,0.0,0.0
184,SNKRSMD,"SHANKARASAMUDRAM (RBLIS)","Krishna Basin",,1174.863,1.818,0.0,0.0,0.0,0.0
180,SNGTM,"SINGUTAM (MGKLIS)","Krishna Basin",,1097.75,0.55000001,0.0,0.0,0.0,0.0
168,TPSPY,"TAPASPALLY (JCRDLIS)","Godavari Basin",,1771.2,0.30000001,0.0,0.0,0.0,0.0
175,UDSMDRM,"UDAYASAMUDRAM (AMRSLBC)","Krishna Basin",,721.59998,1.528,0.0,0.0,0.0,0.0
179,YLR,"YELLURU (MGKLIS)","Krishna Basin",,1110.28,0.34999999,0.0,0.0,0.0,0.0
185,YNK,"YENUKUNTA (RBLIS)","Krishna Basin",,1115.2,0.118,0.0,0.0,0.0,0.0
