district,mandal,village,lat,long,date,value
ADILABAD,Adilabad,Adilabad,19.668299,78.5247,01/07/21,2.3
ADILABAD,Bazarhatnur,Bazarhatnur,19.458888,78.350833,01/07/21,0.08
ADILABAD,Bela,Chandpally,19.684431,78.848456,01/07/21,7.05
ADILABAD,Bheempur,Arli,19.83196,78.37931,01/07/21,6.4
ADILABAD,Bheempur,Bheempur,19.772188,78.417841,01/07/21,6.18
ADILABAD,Boath,Boath,19.342416,78.316527,01/07/21,3.5
ADILABAD,Gudihatnoor,Gudihatnoor,19.525555,78.512222,01/07/21,2.65
ADILABAD,Jainath,Bhoraj,19.739722,78.546472,01/07/21,4.15
ADILABAD,Jainath,Jainath,19.730555,78.64,01/07/21,1.15
ADILABAD,Narnoor,Narnoor,19.495665,78.852654,01/07/21,0.14
ADILABAD,Neradigonda,Neradigonda,19.29375,78.41216,01/07/21,0.25
ADILABAD,Talamadugu,Devapur,19.612944,78.463111,01/07/21,3.2
ADILABAD,Talamadugu,Talamadugu,19.6334,78.396899,01/07/21,3.18
ADILABAD,Tamsi,Tamsi,19.6811,78.426799,01/07/21,3.7
ADILABAD,Utnoor,Utnoor,19.367777,78.782777,01/07/21,1.52
BHADRADRI,Allapalli,Allapalli,17.82975,80.475008,01/07/21,7.3
BHADRADRI,Allapalli,Markodu,17.91444,80.507666,01/07/21,5.06
BHADRADRI,Annapureddypalli,Annapureddypalli,17.355422,80.82226,01/07/21,15.45
BHADRADRI,Ashwapuram,Ammagaripalli,17.865166,80.85051,01/07/21,0.97
BHADRADRI,Ashwapuram,Aswapuram,17.847626,80.803745,01/07/21,8.9
BHADRADRI,Ashwapuram,Aswapuram,17.835944,80.825667,01/07/21,5.08
BHADRADRI,Ashwapuram,"ASWARAOPET (D)",17.243444,81.109888,01/07/21,30.54
BHADRADRI,"Aswaraopet (S)","Aswaraopet (S)",17.244199,81.110599,01/07/21,25.89
BHADRADRI,Aswaraopeta,Duradapadu,17.43166,81.090311,01/07/21,5.96
BHADRADRI,Aswaraopeta,Gummadivalli,17.416861,81.178305,01/07/21,3.08
BHADRADRI,Aswaraopeta,NANDIPADU,17.455835,81.128705,01/07/21,1.48
BHADRADRI,Aswaraopeta,Vinayakapuram,17.34561,81.12147,01/07/21,9.86
BHADRADRI,Bhadrachalam,Bhadrachalam,17.666775,80.900922,01/07/21,10.25
BHADRADRI,Burgampad,Krishnasagar,17.709524,80.811524,01/07/21,7.62
BHADRADRI,Burgampad,M.Banjara,17.6447,80.7911,01/07/21,5.77
BHADRADRI,Chandrugonda,Cherla,18.07449,80.83124,01/07/21,1.81
BHADRADRI,Chandrugonda,Maddukuru,17.356111,80.675527,01/07/21,22.66
BHADRADRI,Chandrugonda,Ravikampadu,17.3986,80.6106,01/07/21,7.85
BHADRADRI,Cherla,Chinmedisileru,18.061388,80.853833,01/07/21,2.56
BHADRADRI,Chunchupalli,Chunchupalli,17.536377,80.612734,01/07/21,4.24
BHADRADRI,Dammapeta,Malkaram,17.310587,81.038879,01/07/21,9.58
BHADRADRI,Dammapeta,Mandalapalli,17.235972,81.008986,01/07/21,42.02
BHADRADRI,Dammapeta,Patwarigudem,17.346638,80.9629722,01/07/21,15.41
BHADRADRI,Dummugudem,Bandirevu,17.921194,80.9155,01/07/21,2.38
BHADRADRI,Dummugudem,Dummugudem,17.8523,80.8937,01/07/21,0.26
BHADRADRI,Gundala,Gundala,17.906,80.33055,01/07/21,3.94
BHADRADRI,Gundala,Kanchanapalli,17.792225,80.42243,01/07/21,1.77
BHADRADRI,Gundala,Mamakannu,17.865819,80.412727,01/07/21,7.23
BHADRADRI,Gundala,Sainapalli,17.95777,80.34505,01/07/21,4.66
BHADRADRI,Gundala,Settupalli,17.810477,80.303583,01/07/21,2.03
BHADRADRI,Julurpadu,"P. Narsapuram",17.44733,80.526444,01/07/21,10.86
BHADRADRI,Julurpadu,Papakollu,17.4183,80.4828,01/07/21,6.14
BHADRADRI,"Kalvala nagaram*",karakagudem,18.014193,80.619051,01/07/21,3.62
BHADRADRI,Karakagudem,Karakagudem,18.034655,80.568147,01/07/21,4.58
BHADRADRI,Kothagudem,Kothagudem,17.544858,80.61844,01/07/21,20.77
BHADRADRI,Laxmidevipalli,Bangaruchelka,17.756305,80.602444,01/07/21,1.46
BHADRADRI,Laxmidevipalli,Laxmidevipalli,17.563756,80.624863,01/07/21,6.98
BHADRADRI,Manuguru,Manuguru,17.955072,80.83008,01/07/21,3.92
BHADRADRI,Manuguru,Pagideru,17.970111,80.73386,01/07/21,1.5
BHADRADRI,Mulakalapalli,"Mulakalapalli (D)",17.5036,80.831899,01/07/21,6.51
BHADRADRI,Mulakalapalli,"MULAKALAPALLI (S)",17.419666,80.481383,01/07/21,7.02
BHADRADRI,Mulakalapalli,"N. Jaganadhapuram",17.4343055,80.86475,01/07/21,6.75
BHADRADRI,Mulakalapalli,"Pusugudem            (Pakeer thanda)",17.541869,80.763222,01/07/21,1.97
BHADRADRI,Mulakalapalli,Thimmampet,17.541769,80.9327222,01/07/21,5.79
BHADRADRI,Palwancha,Danthalaboru,17.586194,80.839666,01/07/21,6.88
BHADRADRI,Palwancha,Pathapalwancha,17.540083,80.503527,01/07/21,6.07
BHADRADRI,Palwancha,REGELLA,17.949174,80.576312,01/07/21,1.61
BHADRADRI,Palwancha,Ulavanoor,17.780799,80.679199,01/07/21,3.01
BHADRADRI,Palwancha,Yanmbailu,17.678111,80.663944,01/07/21,2.28
BHADRADRI,Pinapaka,Dugenepalli,18.12886,80.64669,01/07/21,5.88
BHADRADRI,Pinapaka,Potlapalli,18.038255,80.684305,01/07/21,5.92
BHADRADRI,Sujathanagar,"Sarvaram (Gudithanda)",17.5277166,80.58608,01/07/21,8.33
BHADRADRI,Sujathanagar,Sujathanagar,17.48378,80.57759,01/07/21,4.7
BHADRADRI,Tekulapalli,Bethampudi,17.564333,80.449277,01/07/21,7.63
BHADRADRI,Tekulapalli,Bodu,17.674399,80.443599,01/07/21,3.78
BHADRADRI,Tekulapalli,Mutyalampadu,17.540083,80.503522,01/07/21,5.69
BHADRADRI,Tekulapalli,Sulanagar,17.543558,80.501917,01/07/21,5.48
BHADRADRI,Yellandu,Komararam,17.707922,80.317501,01/07/21,4.51
BHADRADRI,Yellandu,"Narayanapuram D",17.5125,80.374999,01/07/21,3.36
BHADRADRI,Yellandu,"NARAYANAPURAM S",17.51269,80.37816,01/07/21,3.36
BHADRADRI,Yellandu,Rompedu,17.647382,80.299749,01/07/21,2.64
BHADRADRI,Yellandu,Sudimalla,17.589836,80.354077,01/07/21,3.3
BHUPALPALLY,Bhupalpally,Bhupalpally,18.441128,79.876922,01/07/21,5.71
BHUPALPALLY,Bhupalpally,Gudadpally,18.389256,79.8072,01/07/21,9.82
BHUPALPALLY,Bhupalpally,Nandigama,18.46163889,80.08775,01/07/21,2.07
BHUPALPALLY,Chityala,Chityala,18.337481,79.671932,01/07/21,2.13
BHUPALPALLY,Chityala,Jadalpet,18.383433,79.736111,01/07/21,1.26
BHUPALPALLY,"Ghanpur Mulug",Chelpur(D),18.37641667,79.83125,01/07/21,5.67
BHUPALPALLY,"Ghanpur Mulug",Chelpur(S),18.375514,79.835062,01/07/21,4.93
BHUPALPALLY,"Ghanpur Mulug",Velthurlapally,18.29822222,79.89383333,01/07/21,1.73
BHUPALPALLY,Kataram,Jadaraopet,18.69579,79.883779,01/07/21,12.34
BHUPALPALLY,Kataram,Medipally,18.550111,79.923666,01/07/21,18.33
BHUPALPALLY,Kataram,Regulagudem,18.623722,79.868777,01/07/21,34.73
BHUPALPALLY,Kataram,"Shankarampally 125(D)",18.603804,79.898529,01/07/21,16.83
BHUPALPALLY,Kataram,"Shankarampally 47",18.61308333,79.88513889,01/07/21,16.09
BHUPALPALLY,"Maha Mutharam",Stambampally,18.563899,79.9927,01/07/21,1.24
BHUPALPALLY,"Maha Mutharam",Yatnaram,18.573833,80.152333,01/07/21,4.02
BHUPALPALLY,Mahadevpur,Ambatipalli,18.695678,80.061858,01/07/21,24.15
BHUPALPALLY,Mahadevpur,Annaram,18.762444,79.843138,01/07/21,16.37
BHUPALPALLY,Mahadevpur,Kaleswaram,18.803055,79.905444,01/07/21,8.34
BHUPALPALLY,Mahadevpur,"Mahadevpur -125D",18.72627778,79.97925,01/07/21,9.87
BHUPALPALLY,Mahadevpur,"Mahadevpur 199D",18.72627778,79.97925,01/07/21,10.11
BHUPALPALLY,Mahadevpur,"Mahadevpur 75NC",18.799999,79.916666,01/07/21,11.47
BHUPALPALLY,"Malhar Rao",Mallaram,18.556805,79.785777,01/07/21,4.73
BHUPALPALLY,Mogullapalli,Aknepally,18.3631,79.6103,01/07/21,5.02
BHUPALPALLY,Mogullapalli,Rangapur,18.27063889,79.68827778,01/07/21,6.19
BHUPALPALLY,Palimela,Kamanpally,18.625166,80.245666,01/07/21,1.23
BHUPALPALLY,Palimela,Lenkalagadda,18.674833,80.129555,01/07/21,11.51
BHUPALPALLY,Palimela,Sarvaipet,18.683222,80.238166,01/07/21,9.86
BHUPALPALLY,Regonda,Gorikothapally,18.179599,79.814499,01/07/21,5.83
BHUPALPALLY,Regonda,Regonda,18.239999,79.7775,01/07/21,5.01
BHUPALPALLY,Tekumatla,Ramakrishnapuram,18.419,79.630499,01/07/21,4.37
HYDERABAD,Ameerpet,"DIRECTOR WOMEN AND CHILD WELFARE, YOUSUFGUDA",17.262,78.262,01/07/21,
HYDERABAD,Ameerpet,S.R.Nagar,17.264,78.262,01/07/21,12.47
HYDERABAD,Ameerpet,"STDC Chest Hospital, Erragadda",17.264,78.264,01/07/21,9.52
HYDERABAD,Asifnagar,"Govt. Polytechnic, Masab Tank.",17.241,78.271,01/07/21,2.6
HYDERABAD,Asifnagar,Himayanagar,17.235,78.265,01/07/21,1.05
HYDERABAD,Asifnagar,Kulsanapur,17.223,78.203,01/07/21,2.11
HYDERABAD,Bandlaguda,Chandraingutta,17.195,78.29,01/07/21,9.04
HYDERABAD,Bhadurpura,Bahadurpura,17.21,78.273,01/07/21,1.23
HYDERABAD,Charminar,"Darul Shifa",17.222,78.295,01/07/21,3.36
HYDERABAD,Himayathnagar,"Fever Hospital, Nallakunta",17.235,78.3,01/07/21,4.17
HYDERABAD,Himayathnagar,"Indira Park",17.256,78.283,01/07/21,1.44
HYDERABAD,Khairathabad,"CME premises, Chinthalbasti",17.243,78.274,01/07/21,3.32
HYDERABAD,Khairathabad,"CME premises, Chinthalbasti",17.325,78.272,01/07/21,3.68
HYDERABAD,Khairathabad,Khairathabad,,,01/07/21,
HYDERABAD,Khairathabad,T.S..Secretariat,17.243,78.281,01/07/21,
HYDERABAD,Maredpally,"Govt.Jr.College,West Maredpally",17.264,78.292,01/07/21,2.63
HYDERABAD,Maredpally,Maredpally(s),17.264,78.303,01/07/21,8.13
HYDERABAD,Musheerabad,Musheerabad,17.253,78.302,01/07/21,4.19
HYDERABAD,Nampally,Nampally,17.252,78.286,01/07/21,1.65
HYDERABAD,Saidabad,"Juvinile home",17.102,78.172,01/07/21,1.82
HYDERABAD,Secunderabad,"Sanjeevaiah Park, Hussian Sagar.",17.295,78.272,01/07/21,1.5
HYDERABAD,Shaikpet,Shaikpet,17.253,78.265,01/07/21,
HYDERABAD,Shaikpet,"Vengal Rao Park, Srinagar colony",,,01/07/21,2.05
HYDERABAD,Tirmalgiri,"NIMH,Hasmathpet",17.281,78.292,01/07/21,7.14
JAGITYAL,Beerpur,Kandlapalle,19.027722,78.961055,01/07/21,0.67
JAGITYAL,Dharmapuri,Dharmapuri,18.946944,79.101944,01/07/21,4.06
JAGITYAL,Dharmapuri,Jaina,19.00419,79.0429,01/07/21,3.05
JAGITYAL,Gollapalli,Gollapalli,18.7906,79.0522,01/07/21,3.94
JAGITYAL,Ibrahimpatnam,Ibrahimpatnam,18.898611,78.579444,01/07/21,1.15
JAGITYAL,Jagityal,Jagityal,18.46311,78.54365,01/07/21,5.3
JAGITYAL,Jagityal,Morapally,18.49379,78.51353,01/07/21,0.46
JAGITYAL,Kathalapur,Kathalapur,18.752777,78.689722,01/07/21,1.6
JAGITYAL,Kodimal,Chepial,18.624722,78.935833,01/07/21,5.72
JAGITYAL,Korutla,Ilapur,18.8561,78.7039,01/07/21,5.42
JAGITYAL,Korutla,Korutla,18.818611,78.706388,01/07/21,3.6
JAGITYAL,Mallapur,Mallapur,18.993948,78.770044,01/07/21,3.99
JAGITYAL,Mallapur,"VV Raopet",18.9647,78.706399,01/07/21,6.29
JAGITYAL,Mallial,Nukapalli,18.709399,78.922199,01/07/21,7.75
JAGITYAL,Medipally,Desaipet,18.4223,78.45427,01/07/21,1.74
JAGITYAL,Medipally,Katlakunta,18.843888,78.813333,01/07/21,0.56
JAGITYAL,Medipally,Rangapur,18.758416,78.792333,01/07/21,1.69
JAGITYAL,Metpalli,Metpalli,18.847777,78.620555,01/07/21,
JAGITYAL,Metpalli,Atmakur,18.752194,78.620111,01/07/21,4.59
JAGITYAL,Metpalli,Bandalingapur,18.830899,78.5853,01/07/21,0.97
JAGITYAL,Metpalli,"Metla Chittapur",18.781131,78.588005,01/07/21,0.66
JAGITYAL,Pegadapalli,Pegadapalli,18.706388,79.064444,01/07/21,2.02
JAGITYAL,Raikal,Bornapally,19.026499,78.8235,01/07/21,0.96
JAGITYAL,Raikal,Itikyal,18.9192,78.760618,01/07/21,1.31
JAGITYAL,Raikal,Raikal,18.910338,78.802852,01/07/21,0.74
JAGITYAL,Raikal,"Vodde lingapur",18.959166,78.837222,01/07/21,0.44
JAGITYAL,Sarangapur,Rachapalli,18.931444,78.931444,01/07/21,3.66
JAGITYAL,Sarangapur,Sarangapur,18.929722,78.958055,01/07/21,6.12
JAGITYAL,Velgatur,Chegyam,18.814499,79.273599,01/07/21,2.18
JAGITYAL,Velgatur,Stambampally,18.861,79.161,01/07/21,0.86
JAGITYAL,Velgatur,Velgatur,18.835299,79.169699,01/07/21,5.21
JANGAON,Bachannapet,Bachannapet,17.7908,79.0422,01/07/21,4.59
JANGAON,Bachannapet,"Padamati Keshapur",17.838299,78.9394,01/07/21,3.34
JANGAON,Chilpur,Kistajigudem,,,01/07/21,3.82
JANGAON,Chilpur,Malkapur,,,01/07/21,5.6
JANGAON,Devaruppula,Devaruppula,17.537399,79.356199,01/07/21,6.08
JANGAON,Devaruppula,Singarajupalli,17.5919,79.273799,01/07/21,5.86
JANGAON,"Ghanpur stn",Chagal,17.838699,79.3604,01/07/21,12.9
JANGAON,"Ghanpur stn",Namiligonda,,,01/07/21,0.45
JANGAON,Jangaon,Jangaon,17.697299,79.147399,01/07/21,3.1
JANGAON,Jangaon,Siddanki,17.7676,79.0981,01/07/21,9.24
JANGAON,Kodakandla,Kodakandla,17.5258,79.514399,01/07/21,7.64
JANGAON,"Lingala ghanpur",Jeedikal,17.6084,79.161299,01/07/21,7.07
JANGAON,"Lingala ghanpur","Lingala ghanpur",17.659099,79.1997,01/07/21,6.88
JANGAON,"Lingala ghanpur",Vadicherla,17.6606,79.236499,01/07/21,1.93
JANGAON,Narmetta,Machupahad,17.87118,79.222159,01/07/21,5.25
JANGAON,Narmetta,Veldanda,17.858198,79.124717,01/07/21,6.65
JANGAON,Palakurthi,Gudur,17.736265,79.409394,01/07/21,4.14
JANGAON,Palakurthi,Palakurthi,17.669099,79.422499,01/07/21,9.91
JANGAON,Raghunadhapalli,Ibrahimpur,,,01/07/21,12.14
JANGAON,Raghunadhapalli,Nidigonda,17.740555,79.233333,01/07/21,3.42
JANGAON,Raghunadhapalli,Raghunadhapalli,17.747222,79.26,01/07/21,9.1
JANGAON,Tarigopulla,Tarigopulla,,,01/07/21,7.01
JANGAON,Zafergad,Kunur,17.847,79.4766,01/07/21,5.62
JANGAON,Zafergad,Zafergad,17.7651,79.487,01/07/21,7.03
JOGULAMBA(GADWAL),Alampur,Alampur,15.896441,78.121104,01/07/21,2.51
JOGULAMBA(GADWAL),Dharoor,Dharoor,16.224385,77.678908,01/07/21,4.16
JOGULAMBA(GADWAL),Dharoor,Neelahally,16.28659,77.61226,01/07/21,9.7
JOGULAMBA(GADWAL),Gadwal,Gadwal,16.2326,77.802099,01/07/21,0.34
JOGULAMBA(GADWAL),Gattu,Allor,,,01/07/21,10
JOGULAMBA(GADWAL),Gattu,Gattu,16.1287,77.5757,01/07/21,1.09
JOGULAMBA(GADWAL),Gattu,Induvasi,16.03913,77.5248,01/07/21,
JOGULAMBA(GADWAL),Ieeza,Eklaspur,16.04836,77.63844,01/07/21,
JOGULAMBA(GADWAL),Ieeza,Ieeza,16.0255,77.66929,01/07/21,14.5
JOGULAMBA(GADWAL),Itikyal,Kodandapur,16.070099,77.831499,01/07/21,19.68
JOGULAMBA(GADWAL),"K-T Doddi",Kondapur,16.24993,77.56556,01/07/21,2.48
JOGULAMBA(GADWAL),"K-T Doddi",Kuchinerla,16.17976,77.52709,01/07/21,1.6
JOGULAMBA(GADWAL),Maldakal,Maldakal,15.9656,77.9533,01/07/21,0.63
JOGULAMBA(GADWAL),Manopad,Manopad,15.9656,77.9533,01/07/21,5.5
JOGULAMBA(GADWAL),Undavally,Pullur,15.91743,78.00845,01/07/21,17.15
JOGULAMBA(GADWAL),Undavally,Undavally,15.93461,78.03947,01/07/21,3.79
JOGULAMBA(GADWAL),Waddepalli,Santhinagar,15.939999,77.839,01/07/21,0.63
KAMAREDDY,Bansawada,Bansawada,18.392999,77.879,01/07/21,3.52
KAMAREDDY,Bansawada,Budimi,18.34,77.89,01/07/21,1.29
KAMAREDDY,Bhiknoor,Bhiknoor,18.195999,78.398999,01/07/21,4.2
KAMAREDDY,Bhiknoor,Issannapally,18.142899,78.4767,01/07/21,11.44
KAMAREDDY,Bhiknoor,P.D.Mallareddy,18.173,78.452999,01/07/21,18.46
KAMAREDDY,Bibipet,Bibipet,18.206539,78.526499,01/07/21,18.08
KAMAREDDY,BICHKUNDA,Pulkal,18.2356,77.4601,01/07/21,3.63
KAMAREDDY,Birkur,Birkur,18.47,77.802999,01/07/21,10.9
KAMAREDDY,Domakonda,Domakonda,18.249999,78.436,01/07/21,19.47
KAMAREDDY,Gandhari,Gandhari,18.396,78.107,01/07/21,9.55
KAMAREDDY,Gandhari,Ramlaxmanpally,18.319999,78.13,01/07/21,19.98
KAMAREDDY,Gandhari,Sarvapoor,18.3647,77.9851,01/07/21,9.89
KAMAREDDY,Jukkal,Jukkal,18.364,77.604,01/07/21,5.17
KAMAREDDY,Jukkal,Savargao,18.321675,77.649524,01/07/21,3.39
KAMAREDDY,Kamareddy,Adloor,18.343799,78.3435,01/07/21,15.52
KAMAREDDY,Kamareddy,Narasannapally,18.2686,78.361699,01/07/21,12.8
KAMAREDDY,Lingampet,Bhavanipet,18.279099,78.057999,01/07/21,3.9
KAMAREDDY,Lingampet,Khannapur,18.19,78.159999,01/07/21,19.98
KAMAREDDY,Lingampet,Mothe,18.31,78.17,01/07/21,17.54
KAMAREDDY,Machareddy,Machareddy,18.329,78.493,01/07/21,6.29
KAMAREDDY,Maddnur,Menoor,18.482999,77.652,01/07/21,2.25
KAMAREDDY,Maddnur,SOMUR,,,01/07/21,3.86
KAMAREDDY,Nagireddipet,"Banjara Thanda",18.1449,78.081799,01/07/21,12.27
KAMAREDDY,Nagireddipet,Malthummeda,18.113999,78.141999,01/07/21,11.1
KAMAREDDY,Nasurullabad,Nasurullabad,18.467999,77.872999,01/07/21,0.99
KAMAREDDY,Nizamsagar,Achampet,18.209999,77.93,01/07/21,3.25
KAMAREDDY,Nizamsagar,Mohammadnagar,18.293098,77.908661,01/07/21,1.57
KAMAREDDY,"Pedda Kodapgal",Shanthapur,18.1952,77.4355,01/07/21,5.46
KAMAREDDY,Pitlam,"Maddela Cheruvu",18.35,77.849999,01/07/21,5.56
KAMAREDDY,Rajampet,Argonda,18.233999,78.272,01/07/21,11.8
KAMAREDDY,Rajampet,Kondapur,18.189999,78.279999,01/07/21,16.55
KAMAREDDY,RAMAREDDY,Reddypet,18.2433,78.2501,01/07/21,9.4
KAMAREDDY,Sadasivanagar,Sadasivanagar,18.406,78.264,01/07/21,5.18
KAMAREDDY,Tadwai,Yerrapahad,18.292999,78.222999,01/07/21,1.35
KAMAREDDY,Tadwai,Annaram,,,01/07/21,19
KAMAREDDY,Yellareddy,Yellareddy,18.194033,78.019817,01/07/21,
KAMAREDDY,BANSWADA,HANMAJIPET,,,01/07/21,
KAMAREDDY,BHIKNOOR,KACHAPOOR,,,01/07/21,
KAMAREDDY,BHIKNOOR,MALLUPALLY,,,01/07/21,
KAMAREDDY,BICHKUNDA,DOULTHAPUR,,,01/07/21,
KAMAREDDY,BICHKUNDA,"GUNDE NEMLI",,,01/07/21,
KAMAREDDY,BICHKUNDA,"PD DADGI",,,01/07/21,
KAMAREDDY,DOMAKONDA,AMBERPET,,,01/07/21,
KAMAREDDY,DOMAKONDA,ANCHANOOR,,,01/07/21,
KAMAREDDY,GANDHARI,CHADMAL,,,01/07/21,
KAMAREDDY,GANDHARI,GURJAL,,,01/07/21,
KAMAREDDY,LINGAMPET,LINGAMPET,,,01/07/21,
KAMAREDDY,LINGAMPET,PARMALLA,,,01/07/21,
KAMAREDDY,MACHAREDDY,RAJKHANPET,,,01/07/21,
KAMAREDDY,MADNOOR,MADNOOR,,,01/07/21,
KAMAREDDY,MADNOOR,RUSEGAON,,,01/07/21,
KAMAREDDY,NAGIREDDYPET,WADALPARTHY,,,01/07/21,
KAMAREDDY,NASRULLABAD,BOMMADEVPALLY,,,01/07/21,
KAMAREDDY,NASRULLABAD,BOPPASPALLY,,,01/07/21,
KAMAREDDY,NASRULLABAD,MIRZAPUR,,,01/07/21,
KAMAREDDY,NIZAMSAGAR,BURGUL,,,01/07/21,
KAMAREDDY,NIZAMSAGAR,NARVA,,,01/07/21,
KAMAREDDY,NIZAMSAGAR,VELGANOOR,,,01/07/21,
KAMAREDDY,PITLAM,CHILLARGI,,,01/07/21,
KAMAREDDY,PITLAM,GODMAGAON,,,01/07/21,
KAMAREDDY,PITLAM,"KURTHI / RAMPUR",,,01/07/21,
KAMAREDDY,PITLAM,NAGAMPALLY,,,01/07/21,
KAMAREDDY,PITLAM,PITLAM,,,01/07/21,
KAMAREDDY,RAJAMPET,SIDDAPOOR,,,01/07/21,
KAMAREDDY,RAMAREDDY,DEVANPALLE,,,01/07/21,
KAMAREDDY,SADHASHIVNAGAR,"PADMAJI WADA",,,01/07/21,
KAMAREDDY,SADHASHIVNAGAR,UTNOOR,,,01/07/21,
KAMAREDDY,TADWAI,KANKAL,,,01/07/21,
KAMAREDDY,YELLAREDDY,THIMMAREDDY,,,01/07/21,
KAMAREDDY,YELLAREDDY,YELLAREDDY,,,01/07/21,
KARIMNAGAR,Chigurumamidi,Bommanapalli,18.212599,79.230099,01/07/21,
KARIMNAGAR,Chigurumamidi,Chigurumamidi,18.23625,79.201111,01/07/21,3.66
KARIMNAGAR,Chigurumamidi,Ramancha,,,01/07/21,2.59
KARIMNAGAR,Choppadandi,Rukmapur,18.5334,79.1461,01/07/21,10.42
KARIMNAGAR,Ellandakunta,Illanthukunta,,,01/07/21,1.89
KARIMNAGAR,Gangadhara,Burugupally,18.638599,79.0333,01/07/21,7.66
KARIMNAGAR,Gangadhara,Gangadhara,18.579444,79.008888,01/07/21,21.1
KARIMNAGAR,Ganneruvaram,Mylaram,18.3692,79.0731,01/07/21,1.83
KARIMNAGAR,Huzurabad,Huzurabad,18.500305,79.144638,01/07/21,0.11
KARIMNAGAR,Jammikunta,Vavilala,18.3963,79.5529,01/07/21,2.06
KARIMNAGAR,Karimnagar,Nagnur,18.500305,79.144638,01/07/21,1.97
KARIMNAGAR,Karimnagar,Karimnagar,18.436111,79.128333,01/07/21,4.47
KARIMNAGAR,Keshavpatnam,Thadikal,,,01/07/21,2.98
KARIMNAGAR,Manakondur,Laxmipur,18.446611,79.285194,01/07/21,2.09
KARIMNAGAR,Ramadugu,Gundi,18.618833,79.087249,01/07/21,7.25
KARIMNAGAR,Saidapur,Saidapur,18.2148,79.305174,01/07/21,2.46
KARIMNAGAR,Thimmapur,Alugunur,,,01/07/21,2.25
KARIMNAGAR,Thimmapur,Nedunur,18.3117,79.1383,01/07/21,2.62
KARIMNAGAR,Veenavanka,Veenavanka,18.346111,79.420555,01/07/21,3.9
KHAMMAM,Bonakal,Mustikunta,17.040809,80.223141,01/07/21,0.66
KHAMMAM,Bonakal,Pedabeeravalli,17.05097222,80.30377778,01/07/21,0.48
KHAMMAM,Chintakani,Pandillapalli,17.14880556,80.17716667,01/07/21,1.76
KHAMMAM,Enkoor,Enkoor,17.32641667,80.44434167,01/07/21,2.37
KHAMMAM,Enkoor,Timmaraopeta,17.37421944,80.3667,01/07/21,0.61
KHAMMAM,Kallur,Kallur,17.209999,80.5467,01/07/21,2.1
KHAMMAM,Kamepalli,Kothalingala,17.429453,80.237801,01/07/21,6.39
KHAMMAM,Kamepalli,Ootkuru,17.45961111,80.29536111,01/07/21,6.25
KHAMMAM,"Khammam (R )",Theerthala,,,01/07/21,3.36
KHAMMAM,"Khammam (R )",M.V.Palem,17.2967,80.0969,01/07/21,3.29
KHAMMAM,Khammam(U),"Khammam I",17.2333,80.1333,01/07/21,1.58
KHAMMAM,Khammam(U),Khammam-II,17.2525,80.143599,01/07/21,1.75
KHAMMAM,Konijerla,Gubbagurthi,17.28016667,80.36358333,01/07/21,0.34
KHAMMAM,Konijerla,Konijerla,17.2211,80.290799,01/07/21,0.69
KHAMMAM,Kusumanchi,Jakkapally,17.14038056,79.96790278,01/07/21,1.43
KHAMMAM,Kusumanchi,Kusumanchi,17.2208,79.958299,01/07/21,8.5
KHAMMAM,Madhira,Madhira,16.93955556,80.3685,01/07/21,8.7
KHAMMAM,Madhira,Nidhanapuram,16.92044444,80.41705556,01/07/21,4.15
KHAMMAM,Mudigonda,Banapuram,17.06283889,80.12111111,01/07/21,1.35
KHAMMAM,Mudigonda,Mudigonda,17.187499,80.0986,01/07/21,1.7
KHAMMAM,Nelakondapalli,Bodulabanda,17.0930556,80.0160833,01/07/21,1.42
KHAMMAM,Nelakondapalli,Buddaram,17.01656944,80.05926111,01/07/21,1.99
KHAMMAM,Penuballi,Lankapalli,17.20305556,80.73527778,01/07/21,11.4
KHAMMAM,Penuballi,Lingagudem,17.203055,80.735277,01/07/21,
KHAMMAM,Penuballi,Penuballi,17.2135,80.6656111,01/07/21,0.98
KHAMMAM,Penuballi,Tallapenta,,,01/07/21,3.65
KHAMMAM,Raghundhapalem,Erlapudi,17.32465,80.27065,01/07/21,1.22
KHAMMAM,Sathupalli,Cherukupalli,17.25627778,80.77747222,01/07/21,3.05
KHAMMAM,Sathupalli,Prakashnagar,17.194199,80.894199,01/07/21,37.1
KHAMMAM,Singareni,Madharam,17.53863889,80.22588889,01/07/21,1.5
KHAMMAM,Thallada,Anjanapuram,17.2147,80.4625,01/07/21,2.05
KHAMMAM,Thallada,Laxmipuram,17.16438056,80.49443889,01/07/21,2.33
KHAMMAM,Thirumalayapalem,Kakaravai,17.30661111,79.83988889,01/07/21,0.78
KHAMMAM,Thirumalayapalem,Tippareddigudem,17.37288889,79.98063889,01/07/21,3.38
KHAMMAM,Thirumalayapalem,Bachode,17.372877,79.980619,01/07/21,3.52
KHAMMAM,Thirumalayapalem,Tirumalayapalem,17.2997,79.900599,01/07/21,2.76
KHAMMAM,Vemsur,Vemsur,17.144199,80.805,01/07/21,1.72
KHAMMAM,Vemsur,Kallurigudem,17.11036111,80.74994444,01/07/21,5.31
KHAMMAM,Vemsur,Kandukuru,17.07472222,80.83725,01/07/21,4.11
KHAMMAM,Wyra,Siripuram,17.16046944,80.40075833,01/07/21,1.97
KHAMMAM,Yerrupalem,Banigandlapadu,16.86169444,80.48302778,01/07/21,6.03
KHAMMAM,Yerrupalem,Bheemavaram,16.93666667,80.51011111,01/07/21,4.28
"KUMURAM BHEEM",Asifabad,Asifabad,19.359617,79.286065,01/07/21,15.3
"KUMURAM BHEEM",Asifabad,Kommuguda,19.391953,79.250368,01/07/21,0.25
"KUMURAM BHEEM",Bejjur,Bejjur,19.356582,79.862302,01/07/21,1.7
"KUMURAM BHEEM",Bejjur,Rebbana,19.400277,79.749999,01/07/21,2.08
"KUMURAM BHEEM",Dahegaon,Dahegaon,19.250555,79.702222,01/07/21,14.8
"KUMURAM BHEEM",Jainoor,Rasimetta,19.400645,78.996121,01/07/21,1.05
"KUMURAM BHEEM",Kagaznagar,Jambugaon,19.325138,79.576266,01/07/21,7.8
"KUMURAM BHEEM",Kagaznagar,Kagaznagar,19.355709,79.496997,01/07/21,1.95
"KUMURAM BHEEM",Kerameri,Bheemangondi,19.423766,79.152032,01/07/21,7.95
"KUMURAM BHEEM",Kerameri,Kerameri,19.444,79.05625,01/07/21,7.63
"KUMURAM BHEEM",Kowthala,Kowthala,19.521899,79.7324,01/07/21,5.47
"KUMURAM BHEEM",Lingapur,Loddiguda,19.23191,79.06601,01/07/21,1
"KUMURAM BHEEM",Penchikalpet,Yelkapally,19.278088,79.756802,01/07/21,7.71
"KUMURAM BHEEM",Rebbena,"Rebbena II",19.257,79.415972,01/07/21,4
"KUMURAM BHEEM",Sirput-T,Sirput-T,19.479999,79.569999,01/07/21,
"KUMURAM BHEEM",Tiryani,Bheempur,19.110748,79.203166,01/07/21,5.23
"KUMURAM BHEEM",Tiryani,Pangidimadra,19.251129,79.14703,01/07/21,3.19
"KUMURAM BHEEM",Tiryani,Tiryani,19.174472,79.272249,01/07/21,
"KUMURAM BHEEM",Wankidi,Savathi,19.57,79.27,01/07/21,4.89
"KUMURAM BHEEM",Wankidi,Wankidi,19.479999,79.32,01/07/21,5.35
MAHABUBABAD,Bayyaram,Balajipeta,17.610599,80.087199,01/07/21,1.17
MAHABUBABAD,Bayyaram,Gurimalla***,17.4135,80.0466,01/07/21,4.26
MAHABUBABAD,Bayyaram,Kothagudem***,17.3725,80.1088,01/07/21,5.89
MAHABUBABAD,Bayyaram,Kothapeta***,17.3346,80.0907,01/07/21,0.89
MAHABUBABAD,Bayyaram,Motlathimapuram***,17.41747,80.0647,01/07/21,4.21
MAHABUBABAD,"Chinna Gudur","Chinna Gudur",17.514565,79.885498,01/07/21,4.73
MAHABUBABAD,Dhantalapally,Dhantalapally,17.514699,79.7347,01/07/21,0.65
MAHABUBABAD,Dornakal,Gollacherla,17.467899,80.0922,01/07/21,0.26
MAHABUBABAD,Dornakal,Mannegudem,17.374115,80.043883,01/07/21,3.26
MAHABUBABAD,Dornakal,"Perumalla Sankeesa",17.420199,80.053599,01/07/21,0.86
MAHABUBABAD,Gangaram,Gangaram,17.824,80.1974,01/07/21,0.92
MAHABUBABAD,Gangaram,Komatlagudem,17.8808,80.230599,01/07/21,4.35
MAHABUBABAD,Garla,Garla***,17.2924,80.0948,01/07/21,3.86
MAHABUBABAD,Garla,Maddivancha***,17.3147,80.0554,01/07/21,3.12
MAHABUBABAD,Gudur,Gudur,17.800499,79.981099,01/07/21,2.17
MAHABUBABAD,Kesamudram,Kalwala,17.6555,79.8869,01/07/21,1.93
MAHABUBABAD,Kesamudram,Kesamudram,17.6816,79.906899,01/07/21,1.82
MAHABUBABAD,Koravi,Ayyagaripally,17.502999,79.988599,01/07/21,1.12
MAHABUBABAD,Koravi,Mogilicherla,17.540299,80.0335,01/07/21,1.64
MAHABUBABAD,Koravi,Upperagudem,17.4494,80.035499,01/07/21,3.42
MAHABUBABAD,Kothaguda,Kothaguda,17.910499,80.055099,01/07/21,3.46
MAHABUBABAD,Kothaguda,Madagudem,17.3217,80.0152,01/07/21,1.51
MAHABUBABAD,Kothaguda,Sidireddypally,17.994099,80.0451,01/07/21,3.91
MAHABUBABAD,Mahabubabad,Amanagal,17.593999,79.909899,01/07/21,2.73
MAHABUBABAD,Mahabubabad,Mahabubabad,17.598299,80.001099,01/07/21,2.61
MAHABUBABAD,Marripeda,Giripuram,17.369232,79.878278,01/07/21,5.13
MAHABUBABAD,Marripeda,Marripeda,17.385199,79.8941,01/07/21,7.85
MAHABUBABAD,Marripeda,Yellampet,17.450099,79.8631,01/07/21,0.59
MAHABUBABAD,Narasihulapet,Komalavancha,17.529999,79.789,01/07/21,4.4
MAHABUBABAD,Nellikudur,"Chinna Nagaram",17.6377,79.7746,01/07/21,4.93
MAHABUBABAD,Nellikudur,Nellikudur,17.5897,79.7597,01/07/21,1.65
MAHABUBABAD,Nellikudur,Ramanjapuram,17.6159,79.7249,01/07/21,1.81
MAHABUBABAD,Peddavangara,Waddekothapalli,17.527081,79.558433,01/07/21,3.52
MAHABUBABAD,Torrur,Haripirala,17.5225,79.645,01/07/21,1.23
MAHABUBABAD,Torrur,Torrur,17.583599,79.6611,01/07/21,0.55
MAHABUBNAGAR,Addakal,Addakal,16.51611111,77.934727,01/07/21,4.7
MAHABUBNAGAR,Balanagar,Udityal,16.965124,78.122216,01/07/21,13.1
MAHABUBNAGAR,Bhoothpur,Bhoothpur,16.697147,78.055246,01/07/21,2.69
MAHABUBNAGAR,Bhoothpur,Elkicherla,16.623767,78.116336,01/07/21,7.25
MAHABUBNAGAR,"CC Kunta",Damagnapur,16.5,77.77361111,01/07/21,0.92
MAHABUBNAGAR,"CC Kunta",Kurumurthy,16.441442,77.816757,01/07/21,12.18
MAHABUBNAGAR,"CC Kunta",Thirmalapur,16.463719,77.825202,01/07/21,0.58
MAHABUBNAGAR,Devarkadara,Chinnarajmoor,16.68027778,77.77416667,01/07/21,13.52
MAHABUBNAGAR,Devarkadara,Devarakadra,16.6058,77.832836,01/07/21,6.93
MAHABUBNAGAR,Devarkadara,Koukuntla,16.522954,77.859849,01/07/21,6.72
MAHABUBNAGAR,Devarkadara,Meenuguvanipally,16.59570278,77.82498056,01/07/21,10.07
MAHABUBNAGAR,Gandeed,Mohammadabad,16.88749,77.902887,01/07/21,6.72
MAHABUBNAGAR,Gandeed,Salkerpet,16.926205,77.791763,01/07/21,13.33
MAHABUBNAGAR,Hanwada,Hanwada,16.808381,77.897252,01/07/21,8.43
MAHABUBNAGAR,Hanwada,Vepur,16.836501,77.793152,01/07/21,8.41
MAHABUBNAGAR,Jadcherla,Jadcherla,16.774181,78.122404,01/07/21,15.27
MAHABUBNAGAR,Jadcherla,Konded,16.815457,78.272333,01/07/21,8.64
MAHABUBNAGAR,Koilkonda,Dammaipally,16.778656,77.877742,01/07/21,4.61
MAHABUBNAGAR,Koilkonda,Koilkonda,16.755147,77.789348,01/07/21,2.17
MAHABUBNAGAR,"Mahabubnagar (R)",Kodur,16.67811389,77.92589444,01/07/21,8.02
MAHABUBNAGAR,Mahabubnagar(U),Yenugonda,16.761294,78.020981,01/07/21,6.38
MAHABUBNAGAR,Midjil,Kothapalli,16.7506,78.2315,01/07/21,5.5
MAHABUBNAGAR,Midjil,Midjil,16.726583,78.318739,01/07/21,13.16
MAHABUBNAGAR,MOOSPET,MOOSPET,16.603141,77.979677,01/07/21,5.05
MAHABUBNAGAR,Nawabpet,Nawabpet,16.887999,78.0239,01/07/21,5.22
MAHABUBNAGAR,Rajapur,Rajapur,16.8378,78.1538,01/07/21,16.78
MANCHERIAL,Bellampally,"Bellampally I",19.072388,79.502638,01/07/21,15.28
MANCHERIAL,Bhimini,Rampur,19.1695,79.583939,01/07/21,0
MANCHERIAL,Chennur,"Chennur I",18.852222,79.780222,01/07/21,6.04
MANCHERIAL,Chennur,Kommera,18.7725,79.79981,01/07/21,1.27
MANCHERIAL,Dandepally,Myadaripet,19.005028,79.144671,01/07/21,3.76
MANCHERIAL,Hazipur,Hazipur,18.874803,79.322716,01/07/21,3.85
MANCHERIAL,Jaipur,Jaipur,18.844277,79.579972,01/07/21,1.72
MANCHERIAL,Jaipur,Kundaram,18.787918,79.631578,01/07/21,6.4
MANCHERIAL,Jannaram,Indanpally,19.164226,78.910552,01/07/21,3.97
MANCHERIAL,Kannepally,Jankapur,18.9999,79.40806,01/07/21,0.9
MANCHERIAL,Kasipet,Kondapur,19.039139,79.397808,01/07/21,1.08
MANCHERIAL,Kotapally,Kotapally,18.95,79.881944,01/07/21,12.19
MANCHERIAL,Laxettipet,Luxettipet,18.877722,79.202054,01/07/21,2.45
MANCHERIAL,Mandamarri,Mandamarri,18.978679,79.477854,01/07/21,2
MANCHERIAL,Mandamarri,Ponnaram,18.940004,79.544712,01/07/21,16.86
MANCHERIAL,Nennel,Nennel,19.079833,79.627194,01/07/21,4.9
MANCHERIAL,Tandur,Tandur,19.157871,79.456254,01/07/21,11.6
MANCHERIAL,Vemanpally,Neelwai,19.04799,79.81505,01/07/21,0.12
MEDAK,Alladurg,Alladurg,17.988964,77.923766,01/07/21,19
MEDAK,Alladurg,Muslapur,,,01/07/21,
MEDAK,Chegunta,Chegunta,17.978333,78.459722,01/07/21,10
MEDAK,Chegunta,Chandiapet,17.9341,78.5186,01/07/21,8.6
MEDAK,Chilipade,Chilipade,17.52161,78.07166,01/07/21,28.55
MEDAK,Havelighanpur,Mutayapally,18.05046,78.130707,01/07/21,4.2
MEDAK,Havelighanpur,"Nagaram (Fareedpur)",18.04398,78.11515,01/07/21,8.6
MEDAK,Kowdipally,Kowdipally,17.895833,78.208333,01/07/21,13.5
MEDAK,Kulcharam,Rangampet,17.945099,78.1176,01/07/21,26
MEDAK,Manaharabad,Manaharabad,17.45583,78.27446,01/07/21,8.8
MEDAK,Medak,Medak,18.052799,78.270799,01/07/21,12.9
MEDAK,Medak,Pillikotal,18.01261,78.16118,01/07/21,2.4
MEDAK,Narasapur,Narasapur,17.735,78.2819,01/07/21,18.1
MEDAK,Narasingi,Narasingi,18.02491,78.25505,01/07/21,18.1
MEDAK,Narasapur,Reddypally,17.779999,78.259,01/07/21,18.8
MEDAK,Nizampet,Naskal,18.1614,78.547599,01/07/21,10.7
MEDAK,Papannapet,Papannapet,18.04217,78.085354,01/07/21,11.9
MEDAK,Ramayampet,Ramayampet,18.07038,78.25505,01/07/21,8.5
MEDAK,Regode,T.lingampally,17.5471,77.49507,01/07/21,10.75
MEDAK,Shankarampet,Gavvalapalli,17.971,78.372,01/07/21,8.7
MEDAK,"Shankarampet R",Shankarampet,18.0517,77.9172,01/07/21,10
MEDAK,Shivampet,Shivampet,17.46539,78.22027,01/07/21,23
MEDAK,Shivampet,Gudur,17.7863,78.369999,01/07/21,22.9
MEDAK,Shivampet,Usrikapally,17.4916,78.23419,01/07/21,19.75
MEDAK,Tekmal,Tekmal,17.975399,78.0304,01/07/21,13.1
MEDAK,Toopran,Islampur,17.841299,78.4775,01/07/21,1.8
MEDAK,Toopran,Toopran,17.50275,78.28369,01/07/21,9.5
MEDAK,Yeldurthy,Edulapally,17.5656,78.21029,01/07/21,24.5
MEDAK,Yeldurthy,Kukunoor,17.55035,78.192,01/07/21,7.5
MEDAK,Yeldurthy,Ramayapally,17.56306,78.19438,01/07/21,10.3
MEDAK,Yeldurthy,Yeldurthy,,,01/07/21,
MEDAK,Alladurg,Peddapur,,,01/07/21,17.15
MEDAK,Chilipched,Chilipched,,,01/07/21,16.2
MEDAK,"Haveli Ghanpur",Kuchanpally,,,01/07/21,5.75
MEDAK,"Haveli Ghanpur",Nagapur,,,01/07/21,13.5
MEDAK,"Haveli Ghanpur",Rajpet,,,01/07/21,9.45
MEDAK,"Haveli Ghanpur",Sardana,,,01/07/21,9.55
MEDAK,Kulcharam,Kulcharam,,,01/07/21,11.3
MEDAK,Manoharabad,Muppireddypally,,,01/07/21,13.7
MEDAK,Masaipet,Masaipet,,,01/07/21,16.3
MEDAK,Medak,Pathur,,,01/07/21,11.45
MEDAK,Medak,Perur,,,01/07/21,3.4
MEDAK,Medak,Rajpally,,,01/07/21,16
MEDAK,Narsapur,Chippalthurthy,,,01/07/21,18.9
MEDAK,Narsapur,Kagazmaddur,,,01/07/21,19.2
MEDAK,Narsapur,Lingapur,,,01/07/21,16.05
MEDAK,Narsingi,Narsingi,,,01/07/21,25.1
MEDAK,Papannapet,Kodapaka,,,01/07/21,5.5
MEDAK,Ramayampet,Dharmaram,,,01/07/21,20.85
MEDAK,Ramayampet,Katriyal,,,01/07/21,11.45
MEDAK,Ramayampet,Ramayampet,,,01/07/21,7.95
MEDAK,Regode,Gajwada,,,01/07/21,23.15
MEDAK,Shankarampet-R,Dharpally,,,01/07/21,23
MEDAK,Shankarampet-R,Shankarampet-R,,,01/07/21,23.6
MEDAK,Shivampet,Sikindlapur,,,01/07/21,2.95
MEDAK,Tekmal,Dhannaram,,,01/07/21,13.9
MEDAK,Tekmal,Yellupet,,,01/07/21,6
MEDAK,Toopran,Malkapur,,,01/07/21,7.5
MEDAK,Toopran,Nagulapally,,,01/07/21,22
MEDCHAL,Alwal,"Old Alwal",17.494,78.508,01/07/21,7.57
MEDCHAL,Bachupalli,Nizampet,17.52,78.38,01/07/21,3.41
MEDCHAL,Balanagar,"Balanagar 1",17.466,78.448,01/07/21,2.84
MEDCHAL,Balanagar,"Balanagar 2",17.466,78.448,01/07/21,1.5
MEDCHAL,Balanagar,Fethenagar,17.46,78.44,01/07/21,4.78
MEDCHAL,Dundigal,Dulapally,17.55,78.46,01/07/21,17.46
MEDCHAL,Dundigal,Dundigal,17.608,78.416,01/07/21,24.38
MEDCHAL,Dundigal,Shambhirpur,18.0188,79.7672,01/07/21,3.02
