district,mandal,village,lat,long,date,value
ADILABAD,"Adilabad Urban",Adilabad,78.5247,19.6683,01/07/22,2.05
ADILABAD,Bazarhathnoor,Bazarhatnur,78.350833,19.458888,01/07/22,0.02
ADILABAD,Bela,Chandpally,78.848456,19.684431,01/07/22,6.3
ADILABAD,Bheempoor,Arli,78.37931,19.83196,01/07/22,6.35
ADILABAD,Bheempoor,Bheempur,78.417841,19.772188,01/07/22,6.3
ADILABAD,Boath,Boath,78.316527,19.342416,01/07/22,2.2
ADILABAD,Gudihathnur,Gudihatnoor,78.512222,19.525555,01/07/22,2.4
ADILABAD,Jainad,Bhoraj,78.546472,19.739722,01/07/22,10
ADILABAD,Jainad,Jainath,78.64,19.730555,01/07/22,1
ADILABAD,Narnoor,Narnoor,78.852654,19.495665,01/07/22,0.8
ADILABAD,Neradigonda,Neradigonda,78.41216,19.29375,01/07/22,0.5
ADILABAD,Talamadugu,Devapur,78.463111,19.612944,01/07/22,2.5
ADILABAD,Talamadugu,Talamadugu,78.3969,19.6334,01/07/22,3.05
ADILABAD,Tamsi,Tamsi,78.4268,19.6811,01/07/22,1.6
ADILABAD,Utnur,Utnoor,78.7685,19.3789,01/07/22,2.1
BHADRADRI,Allapalli,Allapalli,80.475008,17.82975,01/07/22,6.86
BHADRADRI,Allapalli,Markodu,80.51,17.91,01/07/22,2.68
BHADRADRI,Annapureddipalle,Annapureddypalli,80.826104,17.354519,01/07/22,14.74
BHADRADRI,Aswapuram,Ammagaripalli,80.85,17.87,01/07/22,0.55
BHADRADRI,Aswapuram,Aswapuram,80.809241,17.841678,01/07/22,1.38
BHADRADRI,Aswapuram,Aswapuram,80.807296,17.866547,01/07/22,1.23
BHADRADRI,Aswaraopeta,"ASWARAOPET (D)",81.11,17.24,01/07/22,27.89
BHADRADRI,Aswaraopeta,"Aswaraopet (S)",81.1106,17.2442,01/07/22,26.12
BHADRADRI,Aswaraopeta,Duradapadu,81.09,17.43,01/07/22,5.1
BHADRADRI,Aswaraopeta,Gummadivalli,81.18,17.42,01/07/22,1.66
BHADRADRI,Aswaraopeta,NANDIPADU,81.13,17.46,01/07/22,0.89
BHADRADRI,Aswaraopeta,Vinayakapuram,81.12,17.35,01/07/22,13
BHADRADRI,Bhadrachalam,Bhadrachalam,80.900922,17.666775,01/07/22,4.78
BHADRADRI,Burgampadu,Krishnasagar,80.81,17.71,01/07/22,3.85
BHADRADRI,Burgampadu,M.Banjara,80.7911,17.6447,01/07/22,5.09
BHADRADRI,Cherla,Cherla,80.83124,18.07449,01/07/22,0.6
BHADRADRI,Chandrugonda,Maddukuru,80.68,17.36,01/07/22,20.97
BHADRADRI,Chandrugonda,Ravikampadu,80.6106,17.3986,01/07/22,7.69
BHADRADRI,Cherla,Chinmedisileru,80.85,18.06,01/07/22,2.44
BHADRADRI,Cherla,Chunchupalli,80.608,17.529,01/07/22,2.48
BHADRADRI,Dammapeta,Malkaram,81.067815,17.308863,01/07/22,12.46
BHADRADRI,Dammapeta,Mandalapalli,81.01,17.24,01/07/22,41.02
BHADRADRI,Dammapeta,Patwarigudem,80.96,17.35,01/07/22,10.53
BHADRADRI,Dummugudem,Bandirevu,80.92,17.92,01/07/22,2.15
BHADRADRI,Dummugudem,Dummugudem,80.8937,17.8523,01/07/22,0.21
BHADRADRI,Gundala,Gundala,80.33,17.91,01/07/22,0
BHADRADRI,Gundala,Kanchanapalli,80.42,17.79,01/07/22,0.8
BHADRADRI,Gundala,Mamakannu,80.412727,17.865819,01/07/22,5.81
BHADRADRI,Gundala,Sainapalli,80.35,17.96,01/07/22,1.73
BHADRADRI,Gundala,Settupalli,80.347351,17.81182,01/07/22,1.21
BHADRADRI,Julurpad,"P. Narsapuram",80.520318,17.438169,01/07/22,7.89
BHADRADRI,Julurpad,Papakollu,80.4828,17.4183,01/07/22,3.18
BHADRADRI,Karakagudem,karakagudem,80.50888,18.085377,01/07/22,1.8
BHADRADRI,Karakagudem,Karakagudem,80.568147,18.034655,01/07/22,1.43
BHADRADRI,Kothagudem,Kothagudem,80.62317,17.548245,01/07/22,20.44
BHADRADRI,Laxmidevipalli,Bangaruchelka,80.6,17.76,01/07/22,1.55
BHADRADRI,Laxmidevipalli,Laxmidevipalli,80.619,17.573,01/07/22,5.22
BHADRADRI,Manuguru,Manuguru,80.83008,17.955072,01/07/22,1.42
BHADRADRI,Manuguru,Pagideru,80.73,17.97,01/07/22,1.26
BHADRADRI,Mulakalapalle,"Mulakalapalli (D)",80.8319,17.5036,01/07/22,4.06
BHADRADRI,Mulakalapalle,"MULAKALAPALLI (S)",80.849156,17.478019,01/07/22,5.18
BHADRADRI,Mulakalapalle,"N. Jaganadhapuram",80.86,17.43,01/07/22,6.38
BHADRADRI,Mulakalapalle,"Pusugudem            (Pakeer thanda)",80.76,17.54,01/07/22,0
BHADRADRI,Mulakalapalle,Thimmampet,80.93,17.54,01/07/22,3.12
BHADRADRI,Palawancha,Danthalaboru,80.84,17.59,01/07/22,4.65
BHADRADRI,Palawancha,Pathapalwancha,80.691699,17.546899,01/07/22,4.32
BHADRADRI,Palawancha,REGELLA,80.58,17.95,01/07/22,1.1
BHADRADRI,Palawancha,Ulavanoor,80.6792,17.7808,01/07/22,1.65
BHADRADRI,Palawancha,Yanmbailu,80.675979,17.686862,01/07/22,2.07
BHADRADRI,Pinapaka,Dugenepalli,80.65,18.13,01/07/22,1.04
BHADRADRI,Pinapaka,Potlapalli,80.68,18.04,01/07/22,2.94
BHADRADRI,Sujathanagar,"Sarvaram (Gudithanda)",80.59,17.53,01/07/22,5.45
BHADRADRI,Sujathanagar,Sujathanagar,80.589,17.488,01/07/22,1.8
BHADRADRI,Tekulapalle,Bethampudi,80.45,17.56,01/07/22,8.12
BHADRADRI,Tekulapalle,Bodu,80.4436,17.6744,01/07/22,2.08
BHADRADRI,Tekulapalle,Mutyalampadu,80.5,17.54,01/07/22,5.55
BHADRADRI,Tekulapalle,Sulanagar,80.501917,17.543558,01/07/22,2.15
BHADRADRI,Yellandu,Komararam,80.32,17.71,01/07/22,1.12
BHADRADRI,Yellandu,"Narayanapuram D",80.375,17.5125,01/07/22,2.13
BHADRADRI,Yellandu,"NARAYANAPURAM S",80.38,17.51,01/07/22,2.13
BHADRADRI,Yellandu,Rompedu,80.3,17.65,01/07/22,1.17
BHADRADRI,Yellandu,Sudimalla,80.35,17.59,01/07/22,0.67
BHUPALPALLY,Bhupalpalle,Bhupalpally,79.876922,18.441128,01/07/22,3.84
BHUPALPALLY,Bhupalpalle,Gudadpally,79.8072,18.389256,01/07/22,4.78
BHUPALPALLY,Bhupalpalle,Nandigama,80.0572,18.4996,01/07/22,0.84
BHUPALPALLY,Chityal,Chityala,79.671932,18.337481,01/07/22,2.01
BHUPALPALLY,Chityal,Jadalpet,79.736111,18.383433,01/07/22,3.87
BHUPALPALLY,Ghanapur_Mulug,Chelpur(D),79.853503,18.368545,01/07/22,4.26
BHUPALPALLY,Ghanapur_Mulug,Chelpur(S),79.835062,18.375514,01/07/22,4.79
BHUPALPALLY,Ghanapur_Mulug,Velthurlapally,79.8885,18.3025,01/07/22,0.96
BHUPALPALLY,Kataram,Jadaraopet,79.883779,18.69579,01/07/22,11.86
BHUPALPALLY,Kataram,Medipally,79.923666,18.550111,01/07/22,14.17
BHUPALPALLY,Kataram,Regulagudem,79.868777,18.623722,01/07/22,29.71
BHUPALPALLY,Kataram,"Shankarampally 125(D)",79.8983,18.6022,01/07/22,12.84
BHUPALPALLY,Kataram,"Shankarampally 47",79.89,18.61,01/07/22,13.42
BHUPALPALLY,Mutharam_Mahadevpur,Stambampally,79.9927,18.5639,01/07/22,1.05
BHUPALPALLY,Mutharam_Mahadevpur,Yatnaram,80.152333,18.573833,01/07/22,2.47
BHUPALPALLY,Mahadevpur,Ambatipalli,80.061858,18.695678,01/07/22,16.42
BHUPALPALLY,Mahadevpur,Annaram,79.843138,18.762444,01/07/22,14.83
BHUPALPALLY,Mahadevpur,Kaleswaram,79.905444,18.803055,01/07/22,8.12
BHUPALPALLY,Mahadevpur,"Mahadevpur -125D",79.98,18.73,01/07/22,7.97
BHUPALPALLY,Mahadevpur,"Mahadevpur 199D",79.98,18.73,01/07/22,8.12
BHUPALPALLY,Mahadevpur,"Mahadevpur 75NC",79.9819,18.7206,01/07/22,7.21
BHUPALPALLY,Malharrao,Mallaram,79.785777,18.556805,01/07/22,2.89
BHUPALPALLY,Mogullapalle,Aknepally,79.6103,18.3631,01/07/22,4.96
BHUPALPALLY,Mogullapalle,Rangapur,79.6891,18.2716,01/07/22,3.69
BHUPALPALLY,Palmela,Kamanpally,80.245666,18.625166,01/07/22,0.98
BHUPALPALLY,Palmela,Lenkalagadda,80.129555,18.674833,01/07/22,6.42
BHUPALPALLY,Palmela,Sarvaipet,80.238166,18.683222,01/07/22,7.82
BHUPALPALLY,Regonda,Gorikothapally,79.8145,18.1796,01/07/22,3.18
BHUPALPALLY,Regonda,Regonda,79.7775,18.24,01/07/22,4.48
BHUPALPALLY,Tekumatla,Ramakrishnapuram,79.625,18.418,01/07/22,3.62
HYDERABAD,Ammerpet,"DIRECTOR WOMEN AND CHILD WELFARE, YOUSUFGUDA",78.45018,17.445016,01/07/22,
HYDERABAD,Ammerpet,S.R.Nagar,78.443916,17.442333,01/07/22,18.9
HYDERABAD,Ammerpet,"STDC Chest Hospital, Erragadda",78.433853,17.452381,01/07/22,13.71
HYDERABAD,Asifnagar,"Govt. Polytechnic, Masab Tank.",78.449566,17.382154,01/07/22,2.38
HYDERABAD,Asifnagar,Himayanagar,78.44525,17.397638,01/07/22,1.2
HYDERABAD,Asifnagar,Kulsanapur,78.437,17.374,01/07/22,4.19
HYDERABAD,Bandlaguda,Chandraingutta,78.484,17.333,01/07/22,10.65
HYDERABAD,Bandlaguda,Bahadurpura,78.458,17.351,01/07/22,1.02
HYDERABAD,Charminar,"Darul Shifa",78.485,17.381,01/07/22,3.37
HYDERABAD,Himayatnagar,"Fever Hospital, Nallakunta",78.484698,17.409199,01/07/22,3.63
HYDERABAD,Himayatnagar,"Indira Park",78.496983,17.398141,01/07/22,1.58
HYDERABAD,Khairatabad,"CME premises, Chinthalbasti",78.450174,17.428044,01/07/22,3.65
HYDERABAD,Khairatabad,"CME premises, Chinthalbasti",78.44964,17.427717,01/07/22,3.92
HYDERABAD,Khairatabad,Khairathabad,78.461,17.411,01/07/22,
HYDERABAD,Khairatabad,T.S..Secretariat,78.47,17.409,01/07/22,
HYDERABAD,Maredpally,"Govt.Jr.College,West Maredpally",78.505605,17.42697,01/07/22,3.95
HYDERABAD,Maredpally,Maredpally(s),78.509,17.441,01/07/22,12.55
HYDERABAD,Musheerabad,Musheerabad,78.512,17.422,01/07/22,5.92
HYDERABAD,Nampally,Nampally,78.474,17.385,01/07/22,2.89
HYDERABAD,Saidabad,"Juvinile home",78.508,17.361,01/07/22,1.26
HYDERABAD,Secunderabad,"Sanjeevaiah Park, Hussian Sagar.",78.483009,17.435418,01/07/22,1.5
HYDERABAD,Shaikpet,Shaikpet,78.45,17.42,01/07/22,
HYDERABAD,Shaikpet,"Vengal Rao Park, Srinagar colony",78.415346,17.412964,01/07/22,1.51
HYDERABAD,Tirumalgiri,"NIMH,Hasmathpet",78.493825,17.463314,01/07/22,4.94
JAGITYAL,Beerpur,Kandlapalle,78.961055,19.027722,01/07/22,0.51
JAGITYAL,Dharmapuri,Dharmapuri,79.101944,18.946944,01/07/22,2.77
JAGITYAL,Dharmapuri,Jaina,79.0761,19.0106,01/07/22,3.08
JAGITYAL,Gollapalle,Gollapalli,79.0522,18.7906,01/07/22,1.97
JAGITYAL,Ibrahimpatnam,Ibrahimpatnam,78.579444,18.898611,01/07/22,0.78
JAGITYAL,Jagtial,Jagityal,78.8461,18.8252,01/07/22,1.61
JAGITYAL,Jagityal_Rural,Morapally,78.893939,18.790181,01/07/22,0.57
JAGITYAL,Kathlapur,Kathalapur,78.689722,18.752777,01/07/22,0.78
JAGITYAL,Kodimial,Chepial,78.935833,18.624722,01/07/22,3.02
JAGITYAL,Koratla,Ilapur,78.7039,18.8561,01/07/22,2.03
JAGITYAL,Koratla,Korutla,78.706388,18.818611,01/07/22,2.71
JAGITYAL,Mallapur,Mallapur,78.7064,18.9647,01/07/22,1.6
JAGITYAL,Mallapur,"VV Raopet",78.770044,18.993948,01/07/22,2.51
JAGITYAL,Malial,Nukapalli,78.9222,18.7094,01/07/22,0.82
JAGITYAL,Medipalle,Desaipet,,,01/07/22,0.12
JAGITYAL,Medipalle,Katlakunta,78.813333,18.843888,01/07/22,0.43
JAGITYAL,Medipalle,Rangapur,78.792333,18.758416,01/07/22,0.44
JAGITYAL,Metpalle,Metpalli,78.620555,18.847777,01/07/22,
JAGITYAL,Metpalle,Atmakur,78.620111,18.752194,01/07/22,3.36
JAGITYAL,Metpalle,Bandalingapur,78.5853,18.8309,01/07/22,0.58
JAGITYAL,Metpalle,"Metla Chittapur",78.588005,18.781131,01/07/22,0.6
JAGITYAL,Pegadapalle,Pegadapalli,79.064444,18.706388,01/07/22,1.08
JAGITYAL,Raikal,Bornapally,78.8235,19.0265,01/07/22,0.74
JAGITYAL,Raikal,Itikyal,78.760618,18.9192,01/07/22,0.51
JAGITYAL,Raikal,Raikal,78.802852,18.910338,01/07/22,0.44
JAGITYAL,Raikal,"Vodde lingapur",78.837222,18.959166,01/07/22,0.81
JAGITYAL,Sarangapur,Rachapalli,78.931444,18.931444,01/07/22,1.12
JAGITYAL,Sarangapur,Sarangapur,78.958055,18.929722,01/07/22,1.82
JAGITYAL,Velgatoor,Chegyam,79.2736,18.8145,01/07/22,0.89
JAGITYAL,Velgatoor,Stambampally,79.161,18.861,01/07/22,0.69
JAGITYAL,Velgatoor,Velgatur,79.1697,18.8353,01/07/22,2.43
JANGAON,Bachannapeta,Bachannapet,79.0422,17.7908,01/07/22,3.8
JANGAON,Bachannapeta,"Padamati Keshapur",78.9394,17.8383,01/07/22,2.67
JANGAON,Chilpur,Kistajigudem,79.2958,17.8772,01/07/22,2.92
JANGAON,Chilpur,Malkapur,79.3069,17.9341,01/07/22,2.88
JANGAON,Devaruppala,Devaruppula,79.3562,17.5374,01/07/22,1.18
JANGAON,Devaruppala,Singarajupalli,79.2738,17.5919,01/07/22,4.25
JANGAON,Ganpur_stn,Chagal,79.3604,17.8387,01/07/22,10.55
JANGAON,Ganpur_stn,Namiligonda,79.4042,17.8333,01/07/22,0.4
JANGAON,Jangaon,Jangaon,79.1474,17.6973,01/07/22,3.37
JANGAON,Jangaon,Siddanki,79.0981,17.7676,01/07/22,8.97
JANGAON,Kodakandla,Kodakandla,79.5144,17.5258,01/07/22,5.61
JANGAON,Lingalaghanpur,Jeedikal,79.1613,17.6084,01/07/22,6.05
JANGAON,Lingalaghanpur,"Lingala ghanpur",79.1997,17.6591,01/07/22,2.5
JANGAON,Lingalaghanpur,Vadicherla,79.2365,17.6606,01/07/22,0.8
JANGAON,Narmetta,Machupahad,79.222159,17.87118,01/07/22,6.08
JANGAON,Narmetta,Veldanda,79.124717,17.858198,01/07/22,4.49
JANGAON,Palakurthi,Gudur,79.409394,17.736265,01/07/22,2.79
JANGAON,Palakurthi,Palakurthi,79.4225,17.6691,01/07/22,8.34
JANGAON,Raghunathpalle,Ibrahimpur,79.2289,17.7592,01/07/22,6.07
JANGAON,Raghunathpalle,Nidigonda,79.231,17.731,01/07/22,2.82
JANGAON,Raghunathpalle,Raghunadhapalli,79.2636,17.7647,01/07/22,5.85
JANGAON,Tharigoppula,Tarigopulla,79.1802,17.9427,01/07/22,8.67
JANGAON,Zaffergadh,Kunur,79.4766,17.847,01/07/22,3.76
JANGAON,Zaffergadh,Zafergad,79.487,17.7651,01/07/22,5.02
JOGULAMBA(GADWAL),Alampur,Alampur,78.121104,15.896441,01/07/22,2.26
JOGULAMBA(GADWAL),Dharur,Dharoor,77.678908,16.224385,01/07/22,4.15
JOGULAMBA(GADWAL),Dharur,Neelahally,77.641794,16.265211,01/07/22,15.07
JOGULAMBA(GADWAL),Gadwal,Gadwal,77.8021,16.2326,01/07/22,2.14
JOGULAMBA(GADWAL),Ghattu,Allor,77.628079,16.177873,01/07/22,12.04
JOGULAMBA(GADWAL),Ghattu,Gattu,77.5757,16.1287,01/07/22,3.6
JOGULAMBA(GADWAL),Ghattu,Induvasi,77.52,16.04,01/07/22,
JOGULAMBA(GADWAL),Aiza,Eklaspur,77.6515,16.0482,01/07/22,4.81
JOGULAMBA(GADWAL),Aiza,Ieeza,77.671609,16.01518,01/07/22,10.85
JOGULAMBA(GADWAL),Itikyal,Kodandapur,77.565,16.249,01/07/22,12.89
JOGULAMBA(GADWAL),Kaloor_Timmanadoddi,Kondapur,77.8315,16.0701,01/07/22,3.75
JOGULAMBA(GADWAL),Kaloor_Timmanadoddi,Kuchinerla,77.526,16.179,01/07/22,4.03
JOGULAMBA(GADWAL),Maldakal,Maldakal,77.687599,16.129667,01/07/22,2.05
JOGULAMBA(GADWAL),Manopad,Manopad,77.9533,15.9656,01/07/22,5.08
JOGULAMBA(GADWAL),Undavelli,Pullur,78.01,15.92,01/07/22,20.83
JOGULAMBA(GADWAL),Undavelli,Undavally,78.04,15.93,01/07/22,5.01
JOGULAMBA(GADWAL),Waddepalle,Santhinagar,77.839,15.94,01/07/22,1.47
KAMAREDDY,Banswada,Bansawada,77.879,18.393,01/07/22,3.13
KAMAREDDY,Banswada,Budimi,77.89,18.34,01/07/22,0.55
KAMAREDDY,Bhiknur,Bhiknoor,78.399,18.196,01/07/22,2.3
KAMAREDDY,Bhiknur,Issannapally,78.4767,18.1429,01/07/22,7.39
KAMAREDDY,Bhiknur,P.D.Mallareddy,78.453,18.173,01/07/22,18.31
KAMAREDDY,Bibipet,Bibipet,78.523,18.205,01/07/22,14.34
KAMAREDDY,Bichkunda,Pulkal,77.767,18.399,01/07/22,0.29
KAMAREDDY,Birkoor,Birkur,77.803,18.47,01/07/22,8.56
KAMAREDDY,Domakonda,Domakonda,78.436,18.25,01/07/22,15.45
KAMAREDDY,Gandhari,Gandhari,78.107,18.396,01/07/22,9.15
KAMAREDDY,Gandhari,Ramlaxmanpally,78.13,18.32,01/07/22,10.95
KAMAREDDY,Gandhari,Sarvapoor,77.9851,18.3647,01/07/22,10.46
KAMAREDDY,Jukkal,Jukkal,77.604,18.364,01/07/22,4.57
KAMAREDDY,Jukkal,Savargao,77.649524,18.321675,01/07/22,1.26
KAMAREDDY,Kamareddy,Adloor,78.3435,18.3438,01/07/22,12.7
KAMAREDDY,Kamareddy,Narasannapally,78.3617,18.2686,01/07/22,10.2
KAMAREDDY,Lingampet,Bhavanipet,78.058,18.2791,01/07/22,3.47
KAMAREDDY,Lingampet,Khannapur,78.16,18.19,01/07/22,14.69
KAMAREDDY,Lingampet,Mothe,78.17,18.31,01/07/22,17.18
KAMAREDDY,Machareddy,Machareddy,78.493,18.329,01/07/22,4.55
KAMAREDDY,Madnur,Menoor,77.652,18.483,01/07/22,2.91
KAMAREDDY,Madnur,SOMUR,77.603085,18.419887,01/07/22,1.72
KAMAREDDY,Naga_Reddipet,"Banjara Thanda",78.0818,18.1449,01/07/22,7.41
KAMAREDDY,Naga_Reddipet,Malthummeda,78.142,18.114,01/07/22,5.93
KAMAREDDY,Naga_Reddipet,Nasurullabad,77.873,18.468,01/07/22,0.84
KAMAREDDY,Nizamsagar,Achampet,77.93,18.21,01/07/22,5.67
KAMAREDDY,Nizamsagar,Mohammadnagar,77.908661,18.293098,01/07/22,3.79
KAMAREDDY,"Pedda Kodapgal",Shanthapur,77.73,18.33,01/07/22,5.35
KAMAREDDY,"Pedda Kodapgal","Maddela Cheruvu",77.85,18.35,01/07/22,4.99
KAMAREDDY,Rajampet,Argonda,78.272,18.234,01/07/22,5.03
KAMAREDDY,Rajampet,Kondapur,78.289,18.184,01/07/22,6.14
KAMAREDDY,Ramareddy,Reddypet,78.417,18.409,01/07/22,6
KAMAREDDY,Sadasivanagar,Sadasivanagar,78.264,18.406,01/07/22,6.26
KAMAREDDY,Tadwai,Yerrapahad,78.223,18.293,01/07/22,0.29
KAMAREDDY,Tadwai,Annaram,78.241562,18.35434,01/07/22,5.2
KAMAREDDY,Yellareddy,Yellareddy,78.02,18.194,01/07/22,13.15
KAMAREDDY,Banswada,HANMAJIPET,78.001667,18.433056,01/07/22,7.09
KAMAREDDY,Bhiknur,KACHAPOOR,78.452778,18.192778,01/07/22,10.35
KAMAREDDY,Bhiknur,MALLUPALLY,78.445,18.155,01/07/22,18.6
KAMAREDDY,Bichkunda,DOULTHAPUR,77.700556,18.384444,01/07/22,2.32
KAMAREDDY,Bichkunda,"GUNDE NEMLI",77.807778,18.362778,01/07/22,8.72
KAMAREDDY,Bichkunda,"PD DADGI",77.742222,18.368056,01/07/22,8.67
KAMAREDDY,Domakonda,AMBERPET,78.488056,18.262778,01/07/22,2.39
KAMAREDDY,Domakonda,ANCHANOOR,78.459444,18.244722,01/07/22,19.05
KAMAREDDY,Gandhari,CHADMAL,78.077222,18.459167,01/07/22,
KAMAREDDY,Gandhari,GURJAL,78.140556,18.3575,01/07/22,16.12
KAMAREDDY,Lingampet,LINGAMPET,78.127778,18.2375,01/07/22,0.18
KAMAREDDY,Lingampet,PARMALLA,78.127778,18.201944,01/07/22,5.69
KAMAREDDY,Machareddy,RAJKHANPET,78.519722,18.356389,01/07/22,1.95
KAMAREDDY,Madnur,MADNOOR,77.628889,18.500278,01/07/22,1.7
KAMAREDDY,Madnur,RUSEGAON,77.683333,18.435,01/07/22,0.71
KAMAREDDY,Naga_Reddipet,WADALPARTHY,78.154722,18.136667,01/07/22,13.13
KAMAREDDY,Naga_Reddipet,BOMMADEVPALLY,77.901111,18.471389,01/07/22,0.94
KAMAREDDY,Naga_Reddipet,BOPPASPALLY,77.8425,18.485278,01/07/22,1.7
KAMAREDDY,Naga_Reddipet,MIRZAPUR,77.843889,18.447778,01/07/22,3.49
KAMAREDDY,Nizamsagar,BURGUL,77.940556,18.258056,01/07/22,1.94
KAMAREDDY,Nizamsagar,NARVA,77.9725,18.258333,01/07/22,0.31
KAMAREDDY,Nizamsagar,VELGANOOR,77.868056,18.195278,01/07/22,13.5
KAMAREDDY,"Pedda Kodapgal",CHILLARGI,77.832222,18.2875,01/07/22,6.68
KAMAREDDY,"Pedda Kodapgal",GODMAGAON,77.757778,18.231667,01/07/22,12.76
KAMAREDDY,"Pedda Kodapgal","KURTHI / RAMPUR",77.879167,18.298056,01/07/22,2.16
KAMAREDDY,"Pedda Kodapgal",NAGAMPALLY,77.847222,18.246944,01/07/22,7.2
KAMAREDDY,"Pedda Kodapgal",PITLAM,77.842222,18.227222,01/07/22,8.95
KAMAREDDY,Rajampet,SIDDAPOOR,78.243333,18.165,01/07/22,12.06
KAMAREDDY,Ramareddy,DEVANPALLE,78.443056,18.331667,01/07/22,10.27
KAMAREDDY,Sadasivanagar,"PADMAJI WADA",78.237778,18.429167,01/07/22,6.91
KAMAREDDY,Sadasivanagar,UTNOOR,78.191111,18.438333,01/07/22,2.06
KAMAREDDY,Tadwai,KANKAL,78.217778,18.341667,01/07/22,25.06
KAMAREDDY,Yellareddy,THIMMAREDDY,77.995833,18.2375,01/07/22,9.44
KAMAREDDY,Yellareddy,YELLAREDDY,78.011389,18.201111,01/07/22,13.15
KARIMNAGAR,Chigurumamidi,Bommanapalli,79.2301,18.2126,01/07/22,
KARIMNAGAR,Chigurumamidi,Chigurumamidi,79.154589,18.263438,01/07/22,1.37
KARIMNAGAR,Chigurumamidi,Ramancha,79.201111,18.23625,01/07/22,1.12
KARIMNAGAR,Choppadandi,Rukmapur,79.1461,18.5334,01/07/22,2.1
KARIMNAGAR,Ellandakunta,Illanthukunta,79.5058,18.2992,01/07/22,1.04
KARIMNAGAR,Gangadhara,Burugupally,79.0333,18.6386,01/07/22,3.34
KARIMNAGAR,Gangadhara,Gangadhara,79.008888,18.579444,01/07/22,7.92
KARIMNAGAR,Gannervaram,Mylaram,79.078,18.368,01/07/22,1.78
KARIMNAGAR,Huzurabad,Huzurabad,79.407573,18.189488,01/07/22,0.39
KARIMNAGAR,Jammikunta,Vavilala,79.5529,18.3963,01/07/22,1.02
KARIMNAGAR,"Karimnagar (Rural-I)",Nagnur,79.144638,18.500305,01/07/22,0.52
KARIMNAGAR,Karimnagar,Karimnagar,79.128333,18.436111,01/07/22,0.3
KARIMNAGAR,Shankarapatnam,Thadikal,79.2894,18.3089,01/07/22,2.08
KARIMNAGAR,Manakondur,Laxmipur,79.285194,18.446611,01/07/22,0.38
KARIMNAGAR,Ramadugu,Gundi,79.08725,18.618833,01/07/22,0.1
KARIMNAGAR,V_Saidapur,Saidapur,79.305174,18.2148,01/07/22,0.52
KARIMNAGAR,Thimmapur,Alugunur,79.151234,18.400873,01/07/22,1.1
KARIMNAGAR,Thimmapur,Nedunur,79.1383,18.3117,01/07/22,1.83
KARIMNAGAR,Veenavanka,Veenavanka,79.420555,18.346111,01/07/22,1.4
KHAMMAM,Bonakal,Mustikunta,80.223141,17.040809,01/07/22,0.9
KHAMMAM,Bonakal,Pedabeeravalli,80.3,17.05,01/07/22,1.04
KHAMMAM,Chinthakani,Pandillapalli,80.18,17.15,01/07/22,1.5
KHAMMAM,Enkuru,Enkoor,80.44,17.33,01/07/22,4.5
KHAMMAM,Enkuru,Timmaraopeta,80.37,17.37,01/07/22,0.9
KHAMMAM,Kalluru,Kallur,80.5467,17.21,01/07/22,1.5
KHAMMAM,Kamepalle,Kothalingala,80.237801,17.429453,01/07/22,2.3
KHAMMAM,Kamepalle,Ootkuru,80.3,17.46,01/07/22,4.17
KHAMMAM,Khammam_Rural,Theerthala,80.143482,17.370784,01/07/22,1.6
KHAMMAM,Khammam_Rural,M.V.Palem,80.0969,17.2967,01/07/22,2.26
KHAMMAM,Khammam_Urban,"Khammam I",80.1333,17.2333,01/07/22,0.45
KHAMMAM,Khammam_Urban,Khammam-II,80.1436,17.2525,01/07/22,1
KHAMMAM,Konijerla,Gubbagurthi,80.36,17.28,01/07/22,1.34
KHAMMAM,Konijerla,Konijerla,80.2908,17.2211,01/07/22,0.97
KHAMMAM,Kusumanchi,Jakkapally,79.97,17.14,01/07/22,0.19
KHAMMAM,Kusumanchi,Kusumanchi,79.9583,17.2208,01/07/22,6.42
KHAMMAM,Madhira,Madhira,80.36748,16.92114,01/07/22,6.12
KHAMMAM,Madhira,Nidhanapuram,80.42,16.92,01/07/22,5.8
KHAMMAM,Mudigonda,Banapuram,80.12,17.06,01/07/22,0.28
KHAMMAM,Mudigonda,Mudigonda,80.0986,17.1875,01/07/22,0.2
KHAMMAM,Nelakondapalle,Bodulabanda,80.02,17.09,01/07/22,0.16
KHAMMAM,Nelakondapalle,Buddaram,80.06,17.02,01/07/22,2.31
KHAMMAM,Penuballi,Lankapalli,80.74,17.2,01/07/22,11.3
KHAMMAM,Penuballi,Lingagudem,80.656018,17.26324,01/07/22,
KHAMMAM,Penuballi,Penuballi,80.67,17.21,01/07/22,0.95
KHAMMAM,Penuballi,Tallapenta,80.616401,17.233938,01/07/22,3.11
KHAMMAM,Raghunadhapalem,Erlapudi,80.27,17.32,01/07/22,3.58
KHAMMAM,Sathupalle,Cherukupalli,80.78,17.26,01/07/22,2.45
KHAMMAM,Sathupalle,Prakashnagar,80.8942,17.1942,01/07/22,34.85
KHAMMAM,Singareni,Madharam,80.23,17.54,01/07/22,1.15
KHAMMAM,Thallada,Anjanapuram,80.4625,17.2147,01/07/22,1.78
KHAMMAM,Thallada,Laxmipuram,80.484741,17.172303,01/07/22,1.56
KHAMMAM,Thirumalayapalem,Kakaravai,79.84,17.31,01/07/22,0.62
KHAMMAM,Thirumalayapalem,Tippareddigudem,79.98,17.37,01/07/22,0.05
KHAMMAM,Thirumalayapalem,Bachode,79.9006,17.2997,01/07/22,0.94
KHAMMAM,Thirumalayapalem,Tirumalayapalem,80.050896,17.317454,01/07/22,0.65
KHAMMAM,Vemsoor,Vemsur,80.805,17.1442,01/07/22,3
KHAMMAM,Vemsoor,Kallurigudem,80.75,17.11,01/07/22,8.9
KHAMMAM,Vemsoor,Kandukuru,80.84,17.07,01/07/22,4.06
KHAMMAM,Wyra,Siripuram,80.4803,16.8606,01/07/22,1.15
KHAMMAM,Yerrupalem,Banigandlapadu,80.48,16.86,01/07/22,9.95
KHAMMAM,Yerrupalem,Bheemavaram,80.51,16.94,01/07/22,2.3
"KUMURAM BHEEM",Asifabad,Asifabad,79.286065,19.359617,01/07/22,12.15
"KUMURAM BHEEM",Asifabad,Kommuguda,79.250368,19.391953,01/07/22,0.42
"KUMURAM BHEEM",Bejjur,Bejjur,79.862302,19.356582,01/07/22,2.03
"KUMURAM BHEEM",Bejjur,Rebbana,79.75,19.400277,01/07/22,0.51
"KUMURAM BHEEM",Dahegaon,Dahegaon,79.702222,19.250555,01/07/22,13.9
"KUMURAM BHEEM",Jainoor,Rasimetta,78.996121,19.400645,01/07/22,0.89
"KUMURAM BHEEM",Kagaznagar,Jambugaon,79.576266,19.325138,01/07/22,5.05
"KUMURAM BHEEM",Kagaznagar,Kagaznagar,79.496997,19.355709,01/07/22,0.9
"KUMURAM BHEEM",Kerameri,Bheemangondi,79.152032,19.423766,01/07/22,6.32
"KUMURAM BHEEM",Kerameri,Kerameri,79.05625,19.444,01/07/22,2.87
"KUMURAM BHEEM",Kouthala,Kowthala,79.7324,19.5219,01/07/22,3.18
"KUMURAM BHEEM",Lingapur,Loddiguda,79.088,19.233,01/07/22,0.34
"KUMURAM BHEEM",Penchikalpet,Yelkapally,79.756802,19.278088,01/07/22,12.85
"KUMURAM BHEEM",Rebbana,"Rebbena II",79.415972,19.257,01/07/22,3.85
"KUMURAM BHEEM",Sirpur_T,Sirput-T,79.57,19.48,01/07/22,0.02
"KUMURAM BHEEM",Tiryani,Bheempur,79.203166,19.110748,01/07/22,0.52
"KUMURAM BHEEM",Tiryani,Pangidimadra,79.14703,19.25113,01/07/22,1.95
"KUMURAM BHEEM",Tiryani,Tiryani,79.27225,19.174472,01/07/22,7.1
"KUMURAM BHEEM",Wankdi,Savathi,79.27,19.57,01/07/22,5.34
"KUMURAM BHEEM",Wankdi,Wankidi,79.32,19.48,01/07/22,4.75
MAHABUBABAD,Bayyaram,Balajipeta,80.0872,17.6106,01/07/22,1.82
MAHABUBABAD,Bayyaram,Gurimalla***,80.064252,17.700295,01/07/22,2.62
MAHABUBABAD,Bayyaram,Kothagudem***,80.13076,17.605338,01/07/22,2.18
MAHABUBABAD,Bayyaram,Kothapeta***,80.169084,17.57044,01/07/22,0.92
MAHABUBABAD,Bayyaram,Motlathimapuram***,80.094153,17.690379,01/07/22,2.16
MAHABUBABAD,Chinnagudur,"Chinna Gudur",79.885498,17.514565,01/07/22,2.3
MAHABUBABAD,Danthalapalle,Dhantalapally,79.7347,17.5147,01/07/22,1.05
MAHABUBABAD,Dornakal,Gollacherla,80.0922,17.4679,01/07/22,0.1
MAHABUBABAD,Seerole,Mannegudem,80.043883,17.374115,01/07/22,1.82
MAHABUBABAD,Dornakal,"Perumalla Sankeesa",80.0536,17.4202,01/07/22,1.09
MAHABUBABAD,Ganagavaram,Gangaram,80.216,17.848,01/07/22,1.62
MAHABUBABAD,Ganagavaram,Komatlagudem,80.2306,17.8808,01/07/22,4.62
MAHABUBABAD,Garla,Garla***,80.157452,17.509108,01/07/22,2.19
MAHABUBABAD,Garla,Maddivancha***,80.10484,17.508689,01/07/22,2.13
MAHABUBABAD,Gudur,Gudur,79.9811,17.8005,01/07/22,1.92
MAHABUBABAD,Kesamudram,Kalwala,79.8869,17.6555,01/07/22,0.95
MAHABUBABAD,Kesamudram,Kesamudram,79.9069,17.6816,01/07/22,0.48
MAHABUBABAD,Kuravi,Ayyagaripally,79.9886,17.503,01/07/22,1.56
MAHABUBABAD,Kuravi,Mogilicherla,80.0335,17.5403,01/07/22,2.12
MAHABUBABAD,Seerole,Upperagudem,80.0355,17.4494,01/07/22,2.19
MAHABUBABAD,Kothaguda,Kothaguda,80.0551,17.9105,01/07/22,2.62
MAHABUBABAD,Kothaguda,Madagudem,80.175691,17.835962,01/07/22,1.06
MAHABUBABAD,Kothaguda,Sidireddypally,80.0451,17.9941,01/07/22,4.26
MAHABUBABAD,Mahabubabad,Amanagal,79.9099,17.594,01/07/22,0.75
MAHABUBABAD,Mahabubabad,Mahabubabad,80.0011,17.5983,01/07/22,2.16
MAHABUBABAD,Maripeda,Giripuram,79.878278,17.369232,01/07/22,5.54
MAHABUBABAD,Maripeda,Marripeda,79.8941,17.3852,01/07/22,2.65
MAHABUBABAD,Maripeda,Yellampet,79.8631,17.4501,01/07/22,0.64
MAHABUBABAD,Narsimhulapet,Komalavancha,79.789,17.53,01/07/22,4.11
MAHABUBABAD,Inugurthy,"Chinna Nagaram",79.7746,17.6377,01/07/22,5.1
MAHABUBABAD,Nellikudur,Nellikudur,79.7597,17.5897,01/07/22,1.1
MAHABUBABAD,Nellikudur,Ramanjapuram,79.7249,17.6159,01/07/22,3.22
MAHABUBABAD,Peddavangara,Waddekothapalli,79.558433,17.527081,01/07/22,1.14
MAHABUBABAD,Thorrur,Haripirala,79.645,17.5225,01/07/22,0.51
MAHABUBABAD,Thorrur,Torrur,79.6611,17.5836,01/07/22,1.61
MAHABUBNAGAR,Addakal,Addakal,77.954489,16.487109,01/07/22,5.39
MAHABUBNAGAR,Balanagar,Udityal,78.12,16.97,01/07/22,10.73
MAHABUBNAGAR,Bhoothpur,Bhoothpur,78.055246,16.697147,01/07/22,2.46
MAHABUBNAGAR,Bhoothpur,Elkicherla,78.116,16.623,01/07/22,6.51
MAHABUBNAGAR,Chinna_Chintha_Kunta,Damagnapur,77.7554,16.4997,01/07/22,2.17
MAHABUBNAGAR,Chinna_Chintha_Kunta,Kurumurthy,77.816757,16.441442,01/07/22,15.26
MAHABUBNAGAR,Koukuntla,Thirmalapur,77.824269,16.48271,01/07/22,2.94
MAHABUBNAGAR,Devarkadara,Chinnarajmoor,77.774,16.68,01/07/22,6.77
MAHABUBNAGAR,Devarkadara,Devarakadra,77.832836,16.6058,01/07/22,8.61
MAHABUBNAGAR,Koukuntla,Koukuntla,77.857,16.522,01/07/22,6.76
MAHABUBNAGAR,Devarkadara,Meenuguvanipally,77.814497,16.58695,01/07/22,4.83
MAHABUBNAGAR,Gandeed,Mohammadabad,77.898,16.904,01/07/22,3.72
MAHABUBNAGAR,Gandeed,Salkerpet,77.798,16.948,01/07/22,9.44
MAHABUBNAGAR,Hanwada,Hanwada,77.897252,16.808381,01/07/22,9.11
MAHABUBNAGAR,Hanwada,Vepur,77.79,16.84,01/07/22,11.2
MAHABUBNAGAR,Jadcherla,Jadcherla,78.122404,16.774181,01/07/22,16.85
MAHABUBNAGAR,Jadcherla,Konded,78.26586,16.834188,01/07/22,10.59
MAHABUBNAGAR,Koilkonda,Dammaipally,77.89946,16.759993,01/07/22,2.66
MAHABUBNAGAR,Koilkonda,Koilkonda,77.790148,16.75775,01/07/22,4.2
MAHABUBNAGAR,Mahabubnagar_Rural,Kodur,77.924,16.68,01/07/22,5.83
MAHABUBNAGAR,Mahabubnagar_Urban,Yenugonda,78.020981,16.761294,01/07/22,7.42
MAHABUBNAGAR,Midjil,Kothapalli,78.2315,16.7506,01/07/22,5.08
MAHABUBNAGAR,Midjil,Midjil,78.318739,16.726583,01/07/22,12.99
MAHABUBNAGAR,Musapet,MOOSPET,77.98,16.6,01/07/22,5.11
MAHABUBNAGAR,Nawabpet,Nawabpet,78.0239,16.888,01/07/22,5.58
MAHABUBNAGAR,Rajapur,Rajapur,78.1538,16.8378,01/07/22,14.24
MANCHERIAL,Bellampalle,"Bellampally I",79.503111,19.072027,01/07/22,13.75
MANCHERIAL,Bheemini,Rampur,79.58394,19.1695,01/07/22,0
MANCHERIAL,Chennur,"Chennur I",79.780222,18.852222,01/07/22,5.13
MANCHERIAL,Chennur,Kommera,79.79981,18.7725,01/07/22,1.35
MANCHERIAL,Dandepalle,Myadaripet,79.144671,19.005028,01/07/22,0.62
MANCHERIAL,Hajipur,Hazipur,79.322716,18.874803,01/07/22,3.2
MANCHERIAL,Jaipur,Jaipur,79.579972,18.844277,01/07/22,3.38
MANCHERIAL,Jaipur,Kundaram,79.631578,18.787918,01/07/22,4.2
MANCHERIAL,Jannaram,Indanpally,78.942222,19.148888,01/07/22,0.9
MANCHERIAL,Kannepalli,Jankapur,79.408055,19,01/07/22,0
MANCHERIAL,Kasipet,Kondapur,79.397808,19.039139,01/07/22,0.07
MANCHERIAL,Kotapalle,Kotapally,79.881944,18.95,01/07/22,11.65
MANCHERIAL,Luxettipet,Luxettipet,79.202054,18.877722,01/07/22,0.48
MANCHERIAL,Mandamarri,Mandamarri,79.477854,18.978679,01/07/22,1.22
MANCHERIAL,Mandamarri,Ponnaram,79.544712,18.940004,01/07/22,15.1
MANCHERIAL,Nennal,Nennel,79.627194,19.079833,01/07/22,1.55
MANCHERIAL,Tandur,Tandur,79.456254,19.157871,01/07/22,10.48
MANCHERIAL,Vemanpalle,Neelwai,79.81505,19.04799,01/07/22,0
MEDAK,Alladurg,Alladurg,77.9379,17.967169,01/07/22,13.73
MEDAK,Alladurg,Muslapur,77.986111,17.918055,01/07/22,
MEDAK,Chegunta,Chegunta,78.5186,17.9341,01/07/22,6.75
MEDAK,Chegunta,Chandiapet,78.459722,17.978333,01/07/22,12.15
MEDAK,Chilipched,Chilipade,78.124868,17.866623,01/07/22,15.55
MEDAK,Havelighanpur,Mutayapally,78.2189,18.0845,01/07/22,3.67
MEDAK,Havelighanpur,"Nagaram (Fareedpur)",78.2005,18.0709,01/07/22,7.85
MEDAK,Kowdipalle,Kowdipally,78.205,17.903,01/07/22,9.33
MEDAK,Kulcharam,Rangampet,78.1176,17.9451,01/07/22,16.24
MEDAK,Manoharabad,Manaharabad,78.467042,17.755675,01/07/22,6.33
MEDAK,Medak,Medak,78.2708,18.0528,01/07/22,9.2
MEDAK,Medak,Pillikotal,78.2723,18.0398,01/07/22,5.23
MEDAK,Narsapur,Narasapur,78.2819,17.735,01/07/22,13.03
MEDAK,Narsingi,Narasingi,78.422942,18.046612,01/07/22,15.12
MEDAK,Narsapur,Reddypally,78.2633,17.7856,01/07/22,16.52
MEDAK,Nizampet,Naskal,78.5476,18.1614,01/07/22,11.3
MEDAK,Papannapet,Papannapet,78.085354,18.04217,01/07/22,6.76
MEDAK,Ramayampet,Ramayampet,78.430927,18.115852,01/07/22,8.33
MEDAK,Regode,T.lingampally,77.827959,17.943349,01/07/22,4.18
MEDAK,Shankarampet_A,Gavvalapalli,77.9172,18.0517,01/07/22,5.02
MEDAK,Shankarampet_R,Shankarampet,78.372,17.971,01/07/22,4.85
MEDAK,Shivampet,Shivampet,78.37,17.7863,01/07/22,6.33
MEDAK,Shivampet,Gudur,78.3674,17.7817,01/07/22,17.15
MEDAK,Shivampet,Usrikapally,78.3949,17.8211,01/07/22,13.21
MEDAK,Tekmal,Tekmal,78.0304,17.9754,01/07/22,9.21
MEDAK,Tupran,Islampur,78.4746,17.8772,01/07/22,2.2
MEDAK,Tupran,Toopran,78.4775,17.8413,01/07/22,10.33
MEDAK,Yeldurthy,Edulapally,78.3492,17.9672,01/07/22,24.01
MEDAK,Yeldurthy,Kukunoor,78.3208,17.9146,01/07/22,1.93
MEDAK,Yeldurthy,Ramayapally,78.3213,17.9453,01/07/22,11.23
MEDAK,Yeldurthy,Yeldurthy,78.9505,18.7766,01/07/22,22.53
MEDAK,Alladurg,Peddapur,77.983111,17.901389,01/07/22,17.12
MEDAK,Chilipched,Chilipched,78.128444,17.855139,01/07/22,15.76
MEDAK,Havelighanpur,Kuchanpally,78.230789,18.070072,01/07/22,9.83
MEDAK,Havelighanpur,Nagapur,78.257278,18.12,01/07/22,17.12
MEDAK,Havelighanpur,Rajpet,78.195289,18.164219,01/07/22,11.05
MEDAK,Havelighanpur,Sardana,78.186769,18.086494,01/07/22,10.93
MEDAK,Kulcharam,Kulcharam,78.192583,17.959417,01/07/22,10.82
MEDAK,Manoharabad,Muppireddypally,78.483889,17.72625,01/07/22,15.62
MEDAK,Masaipet,Masaipet,78.463056,17.912917,01/07/22,17.7
MEDAK,Medak,Pathur,78.315528,18.091583,01/07/22,14.29
MEDAK,Medak,Perur,78.219917,18.030361,01/07/22,8.1
MEDAK,Medak,Rajpally,78.303389,18.025111,01/07/22,17.73
MEDAK,Narsapur,Chippalthurthy,78.223417,17.774028,01/07/22,21.7
MEDAK,Narsapur,Kagazmaddur,78.284944,17.693139,01/07/22,19.15
MEDAK,Narsapur,Lingapur,78.296694,17.780556,01/07/22,16.79
MEDAK,Narsingi,Narsingi,78.435472,18.046806,01/07/22,27.41
MEDAK,Papannapet,Kodapaka,78.133806,17.981778,01/07/22,11.95
MEDAK,Ramayampet,Dharmaram,78.490278,18.069278,01/07/22,23.79
MEDAK,Ramayampet,Katriyal,78.343861,18.152083,01/07/22,16.05
MEDAK,Ramayampet,Ramayampet,78.427361,18.114278,01/07/22,13.82
MEDAK,Regode,Gajwada,77.830167,17.917167,01/07/22,25.09
MEDAK,Shankarampet_R,Dharpally,78.385722,17.921278,01/07/22,9.98
MEDAK,Shankarampet_R,Shankarampet-R,78.413128,17.983897,01/07/22,24.57
MEDAK,Shivampet,Sikindlapur,78.42075,17.744583,01/07/22,4.34
MEDAK,Tekmal,Dhannaram,78.047472,17.943278,01/07/22,17.1
MEDAK,Tekmal,Yellupet,78.019694,18.033972,01/07/22,9.15
MEDAK,Tupran,Malkapur,78.528472,17.868972,01/07/22,5.89
MEDAK,Tupran,Nagulapally,78.460167,17.863167,01/07/22,19.73
MEDCHAL,Alwal,"Old Alwal",78.508,17.494,01/07/22,7.75
MEDCHAL,Bachpalle,Nizampet,78.38,17.52,01/07/22,3.79
MEDCHAL,Balanagar,"Balanagar 1",78.45,17.47,01/07/22,3.47
MEDCHAL,Balanagar,"Balanagar 2",78.448,17.466,01/07/22,2.73
MEDCHAL,Balanagar,Fethenagar,78.44,17.46,01/07/22,9.7
MEDCHAL,"Gandimaisamma Dundigal",Dulapally,78.46,17.55,01/07/22,18.3
MEDCHAL,"Gandimaisamma Dundigal",Dundigal,78.416,17.608,01/07/22,26.85
MEDCHAL,"Gandimaisamma Dundigal",Shambhirpur,78.370275,17.564805,01/07/22,10.01
