year,month,city_1,city_2,passengers_to_city_2,passengers_from_city_2
2017,April,HYDERABAD,AGARTALA,49,55
2017,April,HYDERABAD,AURANGABAD,1461,1791
2017,April,HYDERABAD,BAGDOGRA,0,422
2017,April,HYDERABAD,CHANDIGARH,4195,3661
2017,April,HYDERABAD,CHENNAI,48886,49131
2017,April,HYDERABAD,INDORE,5533,5943
2017,April,HYDERABAD,JABALPUR,2237,2802
2017,April,HYDERABAD,JAIPUR,9770,9775
2017,April,HYDERABAD,LUCKNOW,5063,4455
2017,April,HYDERABAD,MADURAI,5704,5764
2017,April,HYDERABAD,MANGALORE,2746,2782
2017,April,HYDERABAD,NANDED,121,149
2017,April,HYDERABAD,"PORT BLAIR",4401,4652
2017,April,HYDERABAD,PUNE,14430,15324
2017,April,HYDERABAD,RAIPUR,8205,9941
2017,April,HYDERABAD,RAJAHMUNDRY,8195,8312
2017,April,HYDERABAD,TIRUPATI,18072,17933
2017,April,HYDERABAD,TRIVANDRUM,2187,2344
2017,April,HYDERABAD,UDAIPUR,0,532
2017,April,HYDERABAD,VARANASI,9802,9071
2017,April,HYDERABAD,VIJAYAWADA,9624,11751
2017,April,HYDERABAD,VISAKHAPATNAM,32179,32548
2017,April,HYDERABAD,AHMEDABAD,21679,19360
2017,April,HYDERABAD,BENGALURU,67590,69564
2017,April,HYDERABAD,BHOPAL,1124,0
2017,April,HYDERABAD,BHUBANESWAR,26488,21998
2017,April,HYDERABAD,COIMBATORE,16208,17223
2017,April,HYDERABAD,CUDDAPAH,158,220
2017,April,HYDERABAD,"DEHRA DUN",745,598
2017,April,HYDERABAD,DELHI,106733,93808
2017,April,HYDERABAD,GOA,21278,23085
2017,April,HYDERABAD,GUWAHATI,3115,3473
2017,April,HYDERABAD,KOCHI,26646,27774
2017,April,HYDERABAD,KOLKATA,27579,21966
2017,April,HYDERABAD,MUMBAI,84667,84543
2017,April,HYDERABAD,VADODARA,145,510
2017,August,HYDERABAD,AGARTALA,0,293
2017,August,HYDERABAD,AURANGABAD,1716,1847
2017,August,HYDERABAD,BAGDOGRA,0,341
2017,August,HYDERABAD,CHANDIGARH,6983,6821
2017,August,HYDERABAD,CHENNAI,49715,47851
2017,August,HYDERABAD,IMPHAL,212,218
2017,August,HYDERABAD,INDORE,6388,7064
2017,August,HYDERABAD,JABALPUR,2651,2904
2017,August,HYDERABAD,JAIPUR,11768,12462
2017,August,HYDERABAD,LUCKNOW,4795,4442
2017,August,HYDERABAD,MADURAI,2788,2231
2017,August,HYDERABAD,MANGALORE,2151,1735
2017,August,HYDERABAD,NANDED,1260,1238
2017,August,HYDERABAD,PATNA,4652,4592
2017,August,HYDERABAD,"PORT BLAIR",398,471
2017,August,HYDERABAD,PUDUCHERRY,1139,1069
2017,August,HYDERABAD,PUNE,18188,20199
2017,August,HYDERABAD,RAIPUR,8033,9164
2017,August,HYDERABAD,RAJAHMUNDRY,7690,8167
2017,August,HYDERABAD,SURAT,4208,4215
2017,August,HYDERABAD,TIRUPATI,22166,22152
2017,August,HYDERABAD,TRIVANDRUM,3665,4326
2017,August,HYDERABAD,UDAIPUR,0,558
2017,August,HYDERABAD,VARANASI,9649,9517
2017,August,HYDERABAD,VIJAYAWADA,10280,11506
2017,August,HYDERABAD,VISAKHAPATNAM,26393,27305
2017,August,HYDERABAD,AHMEDABAD,17762,17978
2017,August,HYDERABAD,BENGALURU,82846,83555
2017,August,HYDERABAD,BHOPAL,711,766
2017,August,HYDERABAD,BHUBANESWAR,12764,13343
2017,August,HYDERABAD,COIMBATORE,5251,5285
2017,August,HYDERABAD,CUDDAPAH,1600,1617
2017,August,HYDERABAD,"DEHRA DUN",397,362
2017,August,HYDERABAD,DELHI,102410,98701
2017,August,HYDERABAD,GOA,17013,17788
2017,August,HYDERABAD,GUWAHATI,2620,2939
2017,August,HYDERABAD,KOCHI,27721,28139
2017,August,HYDERABAD,KOLKATA,28043,26582
2017,August,HYDERABAD,MUMBAI,97172,96315
2017,August,HYDERABAD,VADODARA,491,474
2017,February,HYDERABAD,AGARTALA,75,57
2017,February,HYDERABAD,AURANGABAD,1610,1606
2017,February,HYDERABAD,BAGDOGRA,3838,252
2017,February,HYDERABAD,CHANDIGARH,1309,1322
2017,February,HYDERABAD,CHENNAI,48656,49419
2017,February,HYDERABAD,INDORE,6434,7089
2017,February,HYDERABAD,JABALPUR,2829,2399
2017,February,HYDERABAD,JAIPUR,12719,13089
2017,February,HYDERABAD,LUCKNOW,4718,4602
2017,February,HYDERABAD,MADURAI,3389,3396
2017,February,HYDERABAD,MANGALORE,2561,2552
2017,February,HYDERABAD,NAGPUR,89,0
2017,February,HYDERABAD,"PORT BLAIR",3342,3429
2017,February,HYDERABAD,PUNE,15531,15867
2017,February,HYDERABAD,RAIPUR,7078,8811
2017,February,HYDERABAD,RAJAHMUNDRY,8150,8540
2017,February,HYDERABAD,SRINAGAR,12,0
2017,February,HYDERABAD,TIRUPATI,17864,17793
2017,February,HYDERABAD,TRIVANDRUM,896,774
2017,February,HYDERABAD,UDAIPUR,0,685
2017,February,HYDERABAD,VARANASI,9778,9688
2017,February,HYDERABAD,VIJAYAWADA,8607,9166
2017,February,HYDERABAD,VISAKHAPATNAM,31830,34943
2017,February,HYDERABAD,AHMEDABAD,18098,15631
2017,February,HYDERABAD,BENGALURU,64761,64554
2017,February,HYDERABAD,BHUBANESWAR,21261,19644
2017,February,HYDERABAD,COIMBATORE,13078,13652
2017,February,HYDERABAD,"DEHRA DUN",804,497
2017,February,HYDERABAD,DELHI,94055,90576
2017,February,HYDERABAD,GOA,22110,24352
2017,February,HYDERABAD,GUWAHATI,1710,4304
2017,February,HYDERABAD,KOCHI,20159,21014
2017,February,HYDERABAD,KOLKATA,28588,27300
2017,February,HYDERABAD,MUMBAI,77278,78993
2017,February,HYDERABAD,VADODARA,301,539
2017,January,HYDERABAD,AGARTALA,109,54
2017,January,HYDERABAD,AURANGABAD,1594,1482
2017,January,HYDERABAD,BAGDOGRA,0,476
2017,January,HYDERABAD,CHENNAI,55581,52542
2017,January,HYDERABAD,INDORE,7824,7976
2017,January,HYDERABAD,JABALPUR,2409,2506
2017,January,HYDERABAD,JAIPUR,7521,7576
2017,January,HYDERABAD,LUCKNOW,5571,4998
2017,January,HYDERABAD,MADURAI,2279,2311
2017,January,HYDERABAD,MANGALORE,3008,2858
2017,January,HYDERABAD,NAGPUR,568,505
2017,January,HYDERABAD,"PORT BLAIR",956,940
2017,January,HYDERABAD,PUNE,12821,13637
2017,January,HYDERABAD,RAIPUR,6246,7918
2017,January,HYDERABAD,RAJAHMUNDRY,8261,8430
2017,January,HYDERABAD,TIRUPATI,18123,17997
2017,January,HYDERABAD,TRIVANDRUM,975,1303
2017,January,HYDERABAD,UDAIPUR,147,852
2017,January,HYDERABAD,VARANASI,10565,10118
2017,January,HYDERABAD,VIJAYAWADA,8628,9397
2017,January,HYDERABAD,VISAKHAPATNAM,34376,36455
2017,January,HYDERABAD,AHMEDABAD,14388,14646
2017,January,HYDERABAD,BENGALURU,74035,74669
2017,January,HYDERABAD,BHUBANESWAR,23403,21074
2017,January,HYDERABAD,COIMBATORE,18374,18614
2017,January,HYDERABAD,"DEHRA DUN",793,483
2017,January,HYDERABAD,DELHI,101563,95390
2017,January,HYDERABAD,GOA,20214,23288
2017,January,HYDERABAD,GUWAHATI,1219,1189
2017,January,HYDERABAD,KOCHI,24962,25963
2017,January,HYDERABAD,KOLKATA,31391,30602
2017,January,HYDERABAD,MUMBAI,89739,89918
2017,January,HYDERABAD,VADODARA,413,323
2017,July,HYDERABAD,AGARTALA,0,122
2017,July,HYDERABAD,AURANGABAD,1836,1925
2017,July,HYDERABAD,BAGDOGRA,0,259
2017,July,HYDERABAD,CHANDIGARH,7073,7027
2017,July,HYDERABAD,CHENNAI,54971,52384
2017,July,HYDERABAD,IMPHAL,175,195
2017,July,HYDERABAD,INDORE,5160,6053
2017,July,HYDERABAD,JABALPUR,2597,3641
2017,July,HYDERABAD,JAIPUR,10936,12720
2017,July,HYDERABAD,LUCKNOW,5177,5087
2017,July,HYDERABAD,MADURAI,2714,2387
2017,July,HYDERABAD,MANGALORE,2974,2954
2017,July,HYDERABAD,NANDED,870,1020
2017,July,HYDERABAD,PATNA,4307,5002
2017,July,HYDERABAD,"PORT BLAIR",342,441
2017,July,HYDERABAD,PUNE,17837,20021
2017,July,HYDERABAD,RAIPUR,8904,12382
2017,July,HYDERABAD,RAJAHMUNDRY,7791,7689
2017,July,HYDERABAD,SURAT,3605,3046
2017,July,HYDERABAD,TIRUPATI,21803,21929
2017,July,HYDERABAD,TRIVANDRUM,2807,3523
2017,July,HYDERABAD,UDAIPUR,0,359
2017,July,HYDERABAD,VARANASI,10028,10495
2017,July,HYDERABAD,VIJAYAWADA,10114,10882
2017,July,HYDERABAD,VISAKHAPATNAM,31204,31407
2017,July,HYDERABAD,AHMEDABAD,15948,17824
2017,July,HYDERABAD,BENGALURU,81108,81795
2017,July,HYDERABAD,BHOPAL,183,882
2017,July,HYDERABAD,BHUBANESWAR,13196,17214
2017,July,HYDERABAD,COIMBATORE,9297,9164
2017,July,HYDERABAD,CUDDAPAH,1401,1410
2017,July,HYDERABAD,"DEHRA DUN",363,353
2017,July,HYDERABAD,DELHI,99221,106824
2017,July,HYDERABAD,GOA,20555,22565
2017,July,HYDERABAD,GUWAHATI,2824,3420
2017,July,HYDERABAD,KOCHI,22732,24151
2017,July,HYDERABAD,KOLKATA,25744,28033
2017,July,HYDERABAD,MUMBAI,89568,98349
2017,July,HYDERABAD,VADODARA,503,433
2017,June,HYDERABAD,AGARTALA,81,231
2017,June,HYDERABAD,AURANGABAD,1668,1838
2017,June,HYDERABAD,BAGDOGRA,0,145
2017,June,HYDERABAD,CHANDIGARH,3705,4108
2017,June,HYDERABAD,CHENNAI,46080,49034
2017,June,HYDERABAD,IMPHAL,168,184
2017,June,HYDERABAD,INDORE,7117,8089
2017,June,HYDERABAD,JABALPUR,2478,2981
2017,June,HYDERABAD,JAIPUR,4837,5716
2017,June,HYDERABAD,LUCKNOW,5116,5126
2017,June,HYDERABAD,MADURAI,2432,2295
2017,June,HYDERABAD,MANGALORE,962,800
2017,June,HYDERABAD,NANDED,909,999
2017,June,HYDERABAD,PATNA,114,0
2017,June,HYDERABAD,"PORT BLAIR",599,743
2017,June,HYDERABAD,PUNE,15854,16707
2017,June,HYDERABAD,RAIPUR,7892,9227
2017,June,HYDERABAD,RAJAHMUNDRY,8074,8016
2017,June,HYDERABAD,SURAT,2265,2057
2017,June,HYDERABAD,TIRUPATI,18051,18320
2017,June,HYDERABAD,TRIVANDRUM,2903,4660
2017,June,HYDERABAD,UDAIPUR,0,326
2017,June,HYDERABAD,VARANASI,9999,10428
2017,June,HYDERABAD,VIJAYAWADA,7109,7689
2017,June,HYDERABAD,VISAKHAPATNAM,35354,36256
2017,June,HYDERABAD,AHMEDABAD,17519,18131
2017,June,HYDERABAD,BENGALURU,74310,79310
2017,June,HYDERABAD,BHOPAL,451,934
2017,June,HYDERABAD,BHUBANESWAR,18417,19141
2017,June,HYDERABAD,COIMBATORE,12269,14369
2017,June,HYDERABAD,CUDDAPAH,1276,1204
2017,June,HYDERABAD,"DEHRA DUN",826,430
2017,June,HYDERABAD,DELHI,96511,107113
2017,June,HYDERABAD,GOA,19927,22437
2017,June,HYDERABAD,GUWAHATI,2549,2924
2017,June,HYDERABAD,KOCHI,22398,25369
2017,June,HYDERABAD,KOLKATA,26010,26311
2017,June,HYDERABAD,MUMBAI,84031,93425
2017,June,HYDERABAD,VADODARA,412,502
2017,March,HYDERABAD,AGARTALA,131,32
2017,March,HYDERABAD,AURANGABAD,1607,1493
2017,March,HYDERABAD,BAGDOGRA,3798,1017
2017,March,HYDERABAD,CHANDIGARH,3946,3360
2017,March,HYDERABAD,CHENNAI,50733,52474
2017,March,HYDERABAD,INDORE,5852,6967
2017,March,HYDERABAD,JABALPUR,2556,2522
2017,March,HYDERABAD,JAIPUR,11821,11944
2017,March,HYDERABAD,LUCKNOW,4856,4850
2017,March,HYDERABAD,MADURAI,3752,3839
2017,March,HYDERABAD,MANGALORE,2551,2718
2017,March,HYDERABAD,NAGPUR,191,0
2017,March,HYDERABAD,"PORT BLAIR",3178,3702
2017,March,HYDERABAD,PUNE,16354,17065
2017,March,HYDERABAD,RAIPUR,9407,11750
2017,March,HYDERABAD,RAJAHMUNDRY,8148,8185
2017,March,HYDERABAD,SRINAGAR,21,0
2017,March,HYDERABAD,TIRUPATI,17882,17858
2017,March,HYDERABAD,TRIVANDRUM,857,532
2017,March,HYDERABAD,UDAIPUR,0,582
2017,March,HYDERABAD,VARANASI,10347,9754
2017,March,HYDERABAD,VIJAYAWADA,10111,11184
2017,March,HYDERABAD,VISAKHAPATNAM,31979,34959
2017,March,HYDERABAD,AHMEDABAD,17221,17335
2017,March,HYDERABAD,BENGALURU,64648,64847
2017,March,HYDERABAD,BHUBANESWAR,24537,21941
2017,March,HYDERABAD,COIMBATORE,13284,14442
2017,March,HYDERABAD,"DEHRA DUN",948,476
2017,March,HYDERABAD,DELHI,95827,95820
2017,March,HYDERABAD,GOA,23211,26597
2017,March,HYDERABAD,GUWAHATI,4326,5754
2017,March,HYDERABAD,KOCHI,19280,22142
2017,March,HYDERABAD,KOLKATA,28398,25198
2017,March,HYDERABAD,MUMBAI,77499,76686
2017,March,HYDERABAD,VADODARA,227,471
2017,May,HYDERABAD,AGARTALA,135,122
2017,May,HYDERABAD,AURANGABAD,1880,1896
2017,May,HYDERABAD,BAGDOGRA,0,419
2017,May,HYDERABAD,CHANDIGARH,3872,4368
2017,May,HYDERABAD,CHENNAI,53866,52327
2017,May,HYDERABAD,INDORE,6037,8520
2017,May,HYDERABAD,JABALPUR,2501,2979
2017,May,HYDERABAD,JAIPUR,5073,5347
2017,May,HYDERABAD,LUCKNOW,5262,5302
2017,May,HYDERABAD,MADURAI,2281,2346
2017,May,HYDERABAD,MANGALORE,2086,1741
2017,May,HYDERABAD,NANDED,1043,1201
2017,May,HYDERABAD,"PORT BLAIR",601,384
2017,May,HYDERABAD,PUNE,14993,15899
2017,May,HYDERABAD,RAIPUR,7448,9423
2017,May,HYDERABAD,RAJAHMUNDRY,8587,9075
2017,May,HYDERABAD,TIRUPATI,18373,18022
2017,May,HYDERABAD,TRIVANDRUM,3491,4126
2017,May,HYDERABAD,UDAIPUR,0,462
2017,May,HYDERABAD,VARANASI,11152,10305
2017,May,HYDERABAD,VIJAYAWADA,7799,8633
2017,May,HYDERABAD,VISAKHAPATNAM,38235,41838
2017,May,HYDERABAD,AHMEDABAD,18898,20691
2017,May,HYDERABAD,BENGALURU,78089,72935
2017,May,HYDERABAD,BHOPAL,1689,147
2017,May,HYDERABAD,BHUBANESWAR,18143,18872
2017,May,HYDERABAD,COIMBATORE,16652,16937
2017,May,HYDERABAD,CUDDAPAH,1446,1408
2017,May,HYDERABAD,"DEHRA DUN",732,603
2017,May,HYDERABAD,DELHI,105850,114562
2017,May,HYDERABAD,GOA,22627,24171
2017,May,HYDERABAD,GUWAHATI,1878,1218
2017,May,HYDERABAD,KOCHI,28549,27151
2017,May,HYDERABAD,KOLKATA,29909,30288
2017,May,HYDERABAD,MUMBAI,90864,97056
2017,May,HYDERABAD,VADODARA,318,432
2017,October,HYDERABAD,AGARTALA,0,127
2017,October,HYDERABAD,AURANGABAD,1502,1687
2017,October,HYDERABAD,BAGDOGRA,0,70
2017,October,HYDERABAD,CHANDIGARH,4121,4084
2017,October,HYDERABAD,CHENNAI,59309,56085
2017,October,HYDERABAD,IMPHAL,190,292
2017,October,HYDERABAD,INDORE,8037,8481
2017,October,HYDERABAD,JABALPUR,2823,2868
2017,October,HYDERABAD,JAIPUR,15811,16749
2017,October,HYDERABAD,LUCKNOW,5123,4726
2017,October,HYDERABAD,MADURAI,2495,2231
2017,October,HYDERABAD,MANGALORE,2775,2709
2017,October,HYDERABAD,NANDED,1022,1072
2017,October,HYDERABAD,PATNA,4136,3755
2017,October,HYDERABAD,"PORT BLAIR",290,423
2017,October,HYDERABAD,PUDUCHERRY,1972,1815
2017,October,HYDERABAD,PUNE,18043,21282
2017,October,HYDERABAD,RAIPUR,10631,13139
2017,October,HYDERABAD,RAJAHMUNDRY,7562,7707
2017,October,HYDERABAD,RANCHI,3936,3388
2017,October,HYDERABAD,SHIRDI,1036,1245
2017,October,HYDERABAD,SURAT,2194,2307
2017,October,HYDERABAD,TIRUPATI,18392,18431
2017,October,HYDERABAD,TRIVANDRUM,4275,5591
2017,October,HYDERABAD,UDAIPUR,20,302
2017,October,HYDERABAD,VARANASI,10501,9530
2017,October,HYDERABAD,VIDYANAGAR,939,1329
2017,October,HYDERABAD,VIJAYAWADA,9922,11176
2017,October,HYDERABAD,VISAKHAPATNAM,32767,32714
2017,October,HYDERABAD,AHMEDABAD,17868,19252
2017,October,HYDERABAD,BENGALURU,96495,92816
2017,October,HYDERABAD,BHUBANESWAR,18858,19799
2017,October,HYDERABAD,COIMBATORE,8906,8981
2017,October,HYDERABAD,CUDDAPAH,1162,1194
2017,October,HYDERABAD,"DEHRA DUN",346,349
2017,October,HYDERABAD,DELHI,108792,110931
2017,October,HYDERABAD,GOA,19387,20392
2017,October,HYDERABAD,GUWAHATI,3013,3533
2017,October,HYDERABAD,KOCHI,27615,28332
2017,October,HYDERABAD,KOLKATA,38409,36858
2017,October,HYDERABAD,MUMBAI,94694,100719
2017,October,HYDERABAD,VADODARA,535,580
2017,September,HYDERABAD,INDORE,7537,7378
2017,September,HYDERABAD,IMPHAL,275,180
2017,September,HYDERABAD,AGARTALA,0,230
2017,September,HYDERABAD,BAGDOGRA,0,166
2017,September,HYDERABAD,CHANDIGARH,7267,6340
2017,September,HYDERABAD,MANGALORE,3017,2817
2017,September,HYDERABAD,MADURAI,2519,2205
2017,September,HYDERABAD,AURANGABAD,1551,1597
2017,September,HYDERABAD,"PORT BLAIR",281,407
2017,September,HYDERABAD,JAIPUR,15868,15675
2017,September,HYDERABAD,JABALPUR,2858,2979
2017,September,HYDERABAD,LUCKNOW,4767,3685
2017,September,HYDERABAD,CHENNAI,53236,51612
2017,September,HYDERABAD,NANDED,1176,1103
2017,September,HYDERABAD,PATNA,4460,3979
2017,September,HYDERABAD,PUNE,16452,18132
2017,September,HYDERABAD,PUDUCHERRY,2070,2030
2017,September,HYDERABAD,RAJKOT,0,85
2017,September,HYDERABAD,RAJAHMUNDRY,7410,7148
2017,September,HYDERABAD,RAIPUR,7630,8637
2017,September,HYDERABAD,SURAT,2257,2198
2017,September,HYDERABAD,TIRUPATI,18520,18597
2017,September,HYDERABAD,TRIVANDRUM,4950,6326
2017,September,HYDERABAD,UDAIPUR,0,464
2017,September,HYDERABAD,VIJAYAWADA,10093,11051
2017,September,HYDERABAD,VARANASI,10360,9287
2017,September,HYDERABAD,VISAKHAPATNAM,26048,26718
2017,September,HYDERABAD,AHMEDABAD,17570,16270
2017,September,HYDERABAD,BHUBANESWAR,13099,12782
2017,September,HYDERABAD,VADODARA,537,528
2017,September,HYDERABAD,BHOPAL,62,136
2017,September,HYDERABAD,BENGALURU,82599,84144
2017,September,HYDERABAD,MUMBAI,97518,89049
2017,September,HYDERABAD,KOLKATA,31251,26682
2017,September,HYDERABAD,CUDDAPAH,1320,1255
2017,September,HYDERABAD,COIMBATORE,5060,5138
2017,September,HYDERABAD,KOCHI,29339,28435
2017,September,HYDERABAD,"DEHRA DUN",394,541
2017,September,HYDERABAD,DELHI,100815,93644
2017,September,HYDERABAD,GUWAHATI,2484,3349
2017,September,HYDERABAD,GOA,17112,16787
