year,month,districtname,jurisdiction,service,total,underprocess,approved,rejected
2019,January,Medak,Circle-I,"Boiler Registration",1,0,1,0
2019,January,Medchal,Circle-I,"Boiler Registration",1,0,1,0
2019,January,Sangareddy,Circle-I,"Boiler Registration",1,0,0,1
2019,January,Sangareddy,Circle-IV,"Boiler Registration",1,0,1,0
2019,January,Yadadri,"Nalgonda Region","Boiler Registration",1,0,1,0
2019,January,Kamareddy,"Hyderabad Region","Boiler Registration",1,0,1,0
2019,January,Nalgonda,"Hyderabad Region","Boiler Registration",2,0,2,0
2019,January,Khammam,"Warangal Region","Boiler Registration",1,0,1,0
2019,January,Rangareddy,JDBTS,"Boiler Registration",1,0,0,1
2019,January,Kamareddy,Circle-I,"Boiler Renewal",3,0,3,0
2019,January,Medak,Circle-I,"Boiler Renewal",1,0,1,0
2019,January,Medchal,Circle-I,"Boiler Renewal",6,0,6,0
2019,January,Sangareddy,Circle-I,"Boiler Renewal",2,0,2,0
2019,January,Siddipet,Circle-I,"Boiler Renewal",2,0,2,0
2019,January,Hyderabad,Circle-II,"Boiler Renewal",3,0,3,0
2019,January,Medchal,Circle-III,"Boiler Renewal",9,0,9,0
2019,January,Rangareddy,Circle-III,"Boiler Renewal",8,0,8,0
2019,January,Vikarabad,Circle-III,"Boiler Renewal",2,0,2,0
2019,January,Sangareddy,Circle-IV,"Boiler Renewal",6,0,5,1
2019,January,Karimnagar,"Karimnagar Region","Boiler Renewal",4,0,4,0
2019,January,Mancherial,"Karimnagar Region","Boiler Renewal",1,0,1,0
2019,January,Peddapalli,"Karimnagar Region","Boiler Renewal",4,0,4,0
2019,January,Warangal-Rural,"Karimnagar Region","Boiler Renewal",1,0,1,0
2019,January,Warangal-Urban,"Karimnagar Region","Boiler Renewal",1,0,1,0
2019,January,Khammam,"Nalgonda Region","Boiler Renewal",1,0,1,0
2019,January,Nalgonda,"Nalgonda Region","Boiler Renewal",4,0,4,0
2019,January,Suryapet,"Nalgonda Region","Boiler Renewal",2,0,2,0
2019,January,Yadadri,"Nalgonda Region","Boiler Renewal",4,0,3,1
2019,January,Gadwal,"Hyderabad Region","Boiler Renewal",2,0,2,0
2019,January,Kamareddy,"Hyderabad Region","Boiler Renewal",1,0,1,0
2019,January,Mahbubnagar,"Hyderabad Region","Boiler Renewal",7,1,6,0
2019,January,Nalgonda,"Hyderabad Region","Boiler Renewal",20,0,20,0
2019,January,Narayanpet,"Hyderabad Region","Boiler Renewal",2,0,2,0
2019,January,Nizamabad,"Hyderabad Region","Boiler Renewal",6,0,6,0
2019,January,Suryapet,"Hyderabad Region","Boiler Renewal",6,0,6,0
2019,January,Wanaparthy,"Hyderabad Region","Boiler Renewal",1,0,1,0
2019,January,Yadadri,"Hyderabad Region","Boiler Renewal",4,0,4,0
2019,January,Kothagudem,DCIBSO,"Boiler Renewal",3,0,3,0
2019,January,Nalgonda,DCIBSO,"Boiler Renewal",3,0,3,0
2019,January,Jangaon,"Warangal Region","Boiler Renewal",2,0,2,0
2019,January,Karimnagar,"Warangal Region","Boiler Renewal",1,0,1,0
2019,January,Khammam,"Warangal Region","Boiler Renewal",1,0,1,0
2019,January,Kothagudem,"Warangal Region","Boiler Renewal",1,0,1,0
2019,January,Peddapalli,"Warangal Region","Boiler Renewal",8,0,8,0
2019,January,Warangal-Rural,"Warangal Region","Boiler Renewal",1,0,1,0
2019,January,Medak,JDBTS,"Boiler Renewal",7,0,7,0
2019,January,Medchal,JDBTS,"Boiler Renewal",6,0,6,0
2019,January,Rangareddy,JDBTS,"Boiler Renewal",2,0,2,0
2019,January,Sangareddy,JDBTS,"Boiler Renewal",12,0,12,0
2019,January,Siddipet,JDBTS,"Boiler Renewal",6,1,5,0
2019,January,Vikarabad,JDBTS,"Boiler Renewal",2,0,2,0
2019,January,Kamareddy,"Hyderabad Region","Steam Pipe Line Registration",1,0,1,0
