year,month,districtname,jurisdiction,service,total,underprocess,approved,rejected
2023,December,Medchal,Circle-I,"Boiler Registration",1,1,0,0
2023,December,Medchal,Circle-III,"Boiler Registration",2,0,2,0
2023,December,Karimnagar,"Karimnagar Region","Boiler Registration",2,0,2,0
2023,December,Nalgonda,"Hyderabad Region","Boiler Registration",2,1,1,0
2023,December,Rangareddy,JDBTS,"Boiler Registration",1,0,1,0
2023,December,Sangareddy,JDBTS,"Boiler Registration",3,1,2,0
2023,December,Siddipet,JDBTS,"Boiler Registration",2,0,2,0
2023,December,Medak,Circle-I,"Boiler Renewal",1,0,1,0
2023,December,Medchal,Circle-I,"Boiler Renewal",3,0,3,0
2023,December,Sangareddy,Circle-I,"Boiler Renewal",9,0,7,2
2023,December,Hyderabad,Circle-II,"Boiler Renewal",1,0,1,0
2023,December,Nalgonda,Circle-II,"Boiler Renewal",2,0,2,0
2023,December,Suryapet,Circle-II,"Boiler Renewal",1,0,1,0
2023,December,Yadadri,Circle-II,"Boiler Renewal",4,0,4,0
2023,December,Karimnagar,Circle-III,"Boiler Renewal",3,0,3,0
2023,December,Medchal,Circle-III,"Boiler Renewal",3,0,3,0
2023,December,Peddapalli,Circle-III,"Boiler Renewal",3,0,3,0
2023,December,Rangareddy,Circle-III,"Boiler Renewal",11,0,11,0
2023,December,Sircilla,Circle-III,"Boiler Renewal",1,0,1,0
2023,December,Warangal-Rural,Circle-III,"Boiler Renewal",1,0,1,0
2023,December,Warangal-Urban,Circle-III,"Boiler Renewal",1,0,1,0
2023,December,Medchal,Circle-IV,"Boiler Renewal",3,0,3,0
2023,December,Sangareddy,Circle-IV,"Boiler Renewal",4,0,4,0
2023,December,Siddipet,Circle-IV,"Boiler Renewal",2,0,2,0
2023,December,Karimnagar,"Karimnagar Region","Boiler Renewal",1,0,1,0
2023,December,Medchal,"Karimnagar Region","Boiler Renewal",12,0,12,0
2023,December,Rangareddy,"Karimnagar Region","Boiler Renewal",5,0,5,0
2023,December,Warangal-Urban,"Karimnagar Region","Boiler Renewal",1,0,1,0
2023,December,Hyderabad,"Nalgonda Region","Boiler Renewal",1,0,1,0
2023,December,Kothagudem,"Nalgonda Region","Boiler Renewal",1,0,1,0
2023,December,Nalgonda,"Nalgonda Region","Boiler Renewal",2,0,2,0
2023,December,Yadadri,"Nalgonda Region","Boiler Renewal",2,0,2,0
2023,December,Jagtial,"Hyderabad Region","Boiler Renewal",1,0,1,0
2023,December,Jangaon,"Hyderabad Region","Boiler Renewal",1,0,1,0
2023,December,Kamareddy,"Hyderabad Region","Boiler Renewal",1,0,1,0
2023,December,Karimnagar,"Hyderabad Region","Boiler Renewal",6,0,6,0
2023,December,Khammam,"Hyderabad Region","Boiler Renewal",2,0,2,0
2023,December,Mahabubabad,"Hyderabad Region","Boiler Renewal",1,0,1,0
2023,December,Mahbubnagar,"Hyderabad Region","Boiler Renewal",2,0,2,0
2023,December,Nagarkurnool,"Hyderabad Region","Boiler Renewal",1,0,1,0
2023,December,Nalgonda,"Hyderabad Region","Boiler Renewal",10,0,10,0
2023,December,Nizamabad,"Hyderabad Region","Boiler Renewal",1,0,1,0
2023,December,Peddapalli,"Hyderabad Region","Boiler Renewal",1,0,1,0
2023,December,Suryapet,"Hyderabad Region","Boiler Renewal",2,0,2,0
2023,December,Wanaparthy,"Hyderabad Region","Boiler Renewal",2,0,2,0
2023,December,Warangal-Rural,"Hyderabad Region","Boiler Renewal",1,0,1,0
2023,December,Yadadri,"Hyderabad Region","Boiler Renewal",3,0,3,0
2023,December,Kothagudem,DCIBSO,"Boiler Renewal",1,0,1,0
2023,December,Medak,DCIBSO,"Boiler Renewal",1,0,1,0
2023,December,Medchal,DCIBSO,"Boiler Renewal",2,0,2,0
2023,December,Peddapalli,DCIBSO,"Boiler Renewal",2,0,2,0
2023,December,Rangareddy,DCIBSO,"Boiler Renewal",2,0,2,0
2023,December,Sangareddy,DCIBSO,"Boiler Renewal",4,0,4,0
2023,December,Siddipet,DCIBSO,"Boiler Renewal",1,0,1,0
2023,December,Suryapet,DCIBSO,"Boiler Renewal",1,0,1,0
2023,December,Jagtial,"Warangal Region","Boiler Renewal",2,0,2,0
2023,December,Kamareddy,"Warangal Region","Boiler Renewal",3,0,3,0
2023,December,Karimnagar,"Warangal Region","Boiler Renewal",4,0,3,1
2023,December,Nalgonda,"Warangal Region","Boiler Renewal",11,0,11,0
2023,December,Nizamabad,"Warangal Region","Boiler Renewal",3,0,3,0
2023,December,Peddapalli,"Warangal Region","Boiler Renewal",2,0,2,0
2023,December,Suryapet,"Warangal Region","Boiler Renewal",2,0,2,0
2023,December,Wanaparthy,"Warangal Region","Boiler Renewal",1,0,1,0
2023,December,Yadadri,"Warangal Region","Boiler Renewal",4,0,4,0
2023,December,Medak,JDBTS,"Boiler Renewal",6,0,6,0
2023,December,Medchal,JDBTS,"Boiler Renewal",12,0,12,0
2023,December,Peddapalli,JDBTS,"Boiler Renewal",1,0,1,0
2023,December,Rangareddy,JDBTS,"Boiler Renewal",5,0,5,0
2023,December,Sangareddy,JDBTS,"Boiler Renewal",23,0,23,0
2023,December,Siddipet,JDBTS,"Boiler Renewal",2,0,2,0
2023,December,Suryapet,JDBTS,"Boiler Renewal",7,0,7,0
2023,December,Medchal,Circle-I,"Steam Pipe Line Registration",1,1,0,0
2023,December,Rangareddy,Circle-III,"Steam Pipe Line Registration",1,0,1,0
2023,December,Karimnagar,"Karimnagar Region","Steam Pipe Line Registration",1,0,1,0
2023,December,Yadadri,"Nalgonda Region","Steam Pipe Line Registration",1,0,1,0
2023,December,Mahbubnagar,"Hyderabad Region","Steam Pipe Line Registration",1,1,0,0
2023,December,Rangareddy,JDBTS,"Steam Pipe Line Registration",1,0,1,0
2023,December,Sangareddy,JDBTS,"Steam Pipe Line Registration",1,0,1,0
2023,December,Siddipet,JDBTS,"Steam Pipe Line Registration",1,0,1,0
