year,month,districtname,jurisdiction,service,total,underprocess,approved,rejected
2020,March,Kothagudem,"Nalgonda Region","Boiler Registration",1,0,1,0
2020,March,Kamareddy,"Hyderabad Region","Boiler Registration",1,0,1,0
2020,March,Nizamabad,"Hyderabad Region","Boiler Registration",1,0,1,0
2020,March,Nirmal,"Warangal Region","Boiler Registration",1,0,1,0
2020,March,Peddapalli,"Warangal Region","Boiler Registration",1,0,1,0
2020,March,Sircilla,"Warangal Region","Boiler Registration",1,0,1,0
2020,March,Medchal,JDBTS,"Boiler Registration",2,0,2,0
2020,March,Rangareddy,JDBTS,"Boiler Registration",1,0,1,0
2020,March,Sangareddy,JDBTS,"Boiler Registration",2,0,2,0
2020,March,Siddipet,JDBTS,"Boiler Registration",1,0,1,0
2020,March,Kamareddy,Circle-I,"Boiler Renewal",1,0,1,0
2020,March,Medak,Circle-I,"Boiler Renewal",1,0,1,0
2020,March,Medchal,Circle-I,"Boiler Renewal",3,0,3,0
2020,March,Nizamabad,Circle-I,"Boiler Renewal",3,0,1,2
2020,March,Sangareddy,Circle-I,"Boiler Renewal",4,0,4,0
2020,March,Siddipet,Circle-I,"Boiler Renewal",1,0,1,0
2020,March,Khammam,Circle-II,"Boiler Renewal",3,0,3,0
2020,March,Suryapet,Circle-II,"Boiler Renewal",1,0,1,0
2020,March,Yadadri,Circle-II,"Boiler Renewal",4,0,4,0
2020,March,Karimnagar,Circle-III,"Boiler Renewal",1,0,1,0
2020,March,Medchal,Circle-III,"Boiler Renewal",5,0,5,0
2020,March,Peddapalli,Circle-III,"Boiler Renewal",3,0,3,0
2020,March,Rangareddy,Circle-III,"Boiler Renewal",2,0,2,0
2020,March,Sircilla,Circle-III,"Boiler Renewal",3,0,3,0
2020,March,Warangal-Rural,Circle-III,"Boiler Renewal",1,0,1,0
2020,March,Warangal-Urban,Circle-III,"Boiler Renewal",1,0,1,0
2020,March,Medchal,Circle-IV,"Boiler Renewal",4,0,4,0
2020,March,Nizamabad,Circle-IV,"Boiler Renewal",3,0,3,0
2020,March,Sangareddy,Circle-IV,"Boiler Renewal",3,0,3,0
2020,March,Medchal,"Karimnagar Region","Boiler Renewal",2,0,2,0
2020,March,Rangareddy,"Karimnagar Region","Boiler Renewal",8,0,8,0
2020,March,Hyderabad,"Nalgonda Region","Boiler Renewal",3,0,3,0
2020,March,Mahbubnagar,"Nalgonda Region","Boiler Renewal",2,0,2,0
2020,March,Suryapet,"Nalgonda Region","Boiler Renewal",2,0,2,0
2020,March,Yadadri,"Nalgonda Region","Boiler Renewal",1,0,1,0
2020,March,Jangaon,"Hyderabad Region","Boiler Renewal",1,0,1,0
2020,March,Kamareddy,"Hyderabad Region","Boiler Renewal",1,0,1,0
2020,March,Karimnagar,"Hyderabad Region","Boiler Renewal",4,0,4,0
2020,March,Nalgonda,"Hyderabad Region","Boiler Renewal",1,0,0,1
2020,March,Peddapalli,"Hyderabad Region","Boiler Renewal",2,0,2,0
2020,March,Sircilla,"Hyderabad Region","Boiler Renewal",1,0,1,0
2020,March,Suryapet,"Hyderabad Region","Boiler Renewal",5,0,5,0
2020,March,Warangal-Urban,"Hyderabad Region","Boiler Renewal",2,0,2,0
2020,March,Yadadri,"Hyderabad Region","Boiler Renewal",1,0,1,0
2020,March,Medchal,DCIBSO,"Boiler Renewal",3,0,3,0
2020,March,Peddapalli,DCIBSO,"Boiler Renewal",2,0,2,0
2020,March,Rangareddy,DCIBSO,"Boiler Renewal",3,0,3,0
2020,March,Sangareddy,DCIBSO,"Boiler Renewal",6,0,5,1
2020,March,Siddipet,DCIBSO,"Boiler Renewal",1,0,1,0
2020,March,Suryapet,DCIBSO,"Boiler Renewal",4,0,4,0
2020,March,Khammam,"Warangal Region","Boiler Renewal",1,0,1,0
2020,March,Kothagudem,"Warangal Region","Boiler Renewal",1,0,1,0
2020,March,Nalgonda,"Warangal Region","Boiler Renewal",6,0,6,0
2020,March,Peddapalli,"Warangal Region","Boiler Renewal",4,0,4,0
2020,March,Suryapet,"Warangal Region","Boiler Renewal",3,0,3,0
2020,March,Warangal-Urban,"Warangal Region","Boiler Renewal",1,0,1,0
2020,March,Yadadri,"Warangal Region","Boiler Renewal",6,0,6,0
2020,March,Jangaon,JDBTS,"Boiler Renewal",1,0,1,0
2020,March,Kothagudem,JDBTS,"Boiler Renewal",1,0,1,0
2020,March,Medak,JDBTS,"Boiler Renewal",1,0,1,0
2020,March,Medchal,JDBTS,"Boiler Renewal",4,0,4,0
2020,March,Peddapalli,JDBTS,"Boiler Renewal",1,0,1,0
2020,March,Rangareddy,JDBTS,"Boiler Renewal",6,0,5,1
2020,March,Sangareddy,JDBTS,"Boiler Renewal",9,0,8,1
2020,March,Siddipet,JDBTS,"Boiler Renewal",2,0,1,1
2020,March,Kamareddy,"Hyderabad Region","Steam Pipe Line Registration",1,0,1,0
2020,March,Suryapet,DCIBSO,"Steam Pipe Line Registration",1,0,1,0
2020,March,Nirmal,"Warangal Region","Steam Pipe Line Registration",1,0,1,0
2020,March,Peddapalli,"Warangal Region","Steam Pipe Line Registration",1,0,1,0
2020,March,Sircilla,"Warangal Region","Steam Pipe Line Registration",1,0,1,0
2020,March,Medchal,JDBTS,"Steam Pipe Line Registration",1,1,0,0
2020,March,Siddipet,JDBTS,"Steam Pipe Line Registration",1,0,1,0
2020,March,Medchal,DCIBSO,"Manufacturer Registration",1,0,1,0
2020,March,Sangareddy,DCIBSO,"Manufacturer Renewal",1,0,1,0
