year,month,districtname,jurisdiction,service,total,underprocess,approved,rejected
2019,August,Kamareddy,Circle-I,"Boiler Registration",1,0,1,0
2019,August,Mahbubnagar,Circle-II,"Boiler Registration",1,0,1,0
2019,August,Medchal,Circle-III,"Boiler Registration",1,0,1,0
2019,August,Rangareddy,Circle-III,"Boiler Registration",1,0,1,0
2019,August,Yadadri,"Nalgonda Region","Boiler Registration",1,0,1,0
2019,August,Yadadri,"Hyderabad Region","Boiler Registration",1,0,1,0
2019,August,Jagtial,"Warangal Region","Boiler Registration",1,0,1,0
2019,August,Kamareddy,Circle-I,"Boiler Renewal",1,0,1,0
2019,August,Medchal,Circle-I,"Boiler Renewal",4,0,4,0
2019,August,Sangareddy,Circle-I,"Boiler Renewal",4,0,4,0
2019,August,Khammam,Circle-II,"Boiler Renewal",3,1,2,0
2019,August,Nalgonda,Circle-II,"Boiler Renewal",3,0,2,1
2019,August,Suryapet,Circle-II,"Boiler Renewal",1,0,1,0
2019,August,Yadadri,Circle-II,"Boiler Renewal",3,0,3,0
2019,August,Medchal,Circle-III,"Boiler Renewal",2,0,2,0
2019,August,Peddapalli,Circle-III,"Boiler Renewal",3,0,1,2
2019,August,Rangareddy,Circle-III,"Boiler Renewal",1,0,1,0
2019,August,Sircilla,Circle-III,"Boiler Renewal",4,0,3,1
2019,August,Warangal-Urban,Circle-III,"Boiler Renewal",1,0,1,0
2019,August,Medchal,Circle-IV,"Boiler Renewal",4,0,4,0
2019,August,Sangareddy,Circle-IV,"Boiler Renewal",3,0,3,0
2019,August,Medchal,"Karimnagar Region","Boiler Renewal",6,0,6,0
2019,August,Rangareddy,"Karimnagar Region","Boiler Renewal",4,0,4,0
2019,August,Vikarabad,"Karimnagar Region","Boiler Renewal",1,0,1,0
2019,August,Hyderabad,"Nalgonda Region","Boiler Renewal",4,0,4,0
2019,August,Mahbubnagar,"Nalgonda Region","Boiler Renewal",1,0,1,0
2019,August,Nalgonda,"Nalgonda Region","Boiler Renewal",1,0,1,0
2019,August,Yadadri,"Nalgonda Region","Boiler Renewal",5,0,5,0
2019,August,Asifabad,"Hyderabad Region","Boiler Renewal",3,0,3,0
2019,August,Jangaon,"Hyderabad Region","Boiler Renewal",1,0,1,0
2019,August,Karimnagar,"Hyderabad Region","Boiler Renewal",1,0,1,0
2019,August,Nagarkurnool,"Hyderabad Region","Boiler Renewal",1,0,1,0
2019,August,Nalgonda,"Hyderabad Region","Boiler Renewal",6,0,6,0
2019,August,Peddapalli,"Hyderabad Region","Boiler Renewal",1,0,1,0
2019,August,Sircilla,"Hyderabad Region","Boiler Renewal",3,0,3,0
2019,August,Yadadri,"Hyderabad Region","Boiler Renewal",5,0,5,0
2019,August,Medak,DCIBSO,"Boiler Renewal",1,0,1,0
2019,August,Medchal,DCIBSO,"Boiler Renewal",1,0,1,0
2019,August,Nalgonda,DCIBSO,"Boiler Renewal",2,0,2,0
2019,August,Rangareddy,DCIBSO,"Boiler Renewal",5,0,5,0
2019,August,Sangareddy,DCIBSO,"Boiler Renewal",3,0,3,0
2019,August,Siddipet,DCIBSO,"Boiler Renewal",4,0,4,0
2019,August,Mahbubnagar,"Warangal Region","Boiler Renewal",3,0,3,0
2019,August,Nagarkurnool,"Warangal Region","Boiler Renewal",1,0,1,0
2019,August,Nalgonda,"Warangal Region","Boiler Renewal",15,0,15,0
2019,August,Nirmal,"Warangal Region","Boiler Renewal",1,0,1,0
2019,August,Nizamabad,"Warangal Region","Boiler Renewal",8,0,8,0
2019,August,Suryapet,"Warangal Region","Boiler Renewal",3,0,3,0
2019,August,Yadadri,"Warangal Region","Boiler Renewal",1,0,1,0
2019,August,Khammam,JDBTS,"Boiler Renewal",1,0,1,0
2019,August,Kothagudem,JDBTS,"Boiler Renewal",1,0,1,0
2019,August,Medak,JDBTS,"Boiler Renewal",2,0,2,0
2019,August,Medchal,JDBTS,"Boiler Renewal",7,0,7,0
2019,August,Peddapalli,JDBTS,"Boiler Renewal",1,0,1,0
2019,August,Rangareddy,JDBTS,"Boiler Renewal",5,0,5,0
2019,August,Sangareddy,JDBTS,"Boiler Renewal",9,0,9,0
2019,August,Siddipet,JDBTS,"Boiler Renewal",1,0,1,0
2019,August,Suryapet,JDBTS,"Boiler Renewal",2,0,2,0
2019,August,Medak,Circle-I,"Steam Pipe Line Registration",1,0,1,0
2019,August,Mahbubnagar,Circle-II,"Steam Pipe Line Registration",1,0,1,0
2019,August,Medchal,Circle-III,"Steam Pipe Line Registration",1,0,1,0
2019,August,Rangareddy,Circle-III,"Steam Pipe Line Registration",3,1,2,0
2019,August,Sangareddy,Circle-IV,"Steam Pipe Line Registration",1,0,1,0
2019,August,Yadadri,"Nalgonda Region","Steam Pipe Line Registration",1,0,1,0
2019,August,Nalgonda,"Hyderabad Region","Steam Pipe Line Registration",3,0,3,0
2019,August,Yadadri,"Hyderabad Region","Steam Pipe Line Registration",2,0,2,0
2019,August,Jagtial,"Warangal Region","Steam Pipe Line Registration",1,0,1,0
2019,August,Sangareddy,JDBTS,"Steam Pipe Line Registration",1,1,0,0
2019,August,Hyderabad,DCIBSO,"Manufacturer Registration",1,0,1,0
2019,August,Medchal,DCIBSO,"Manufacturer Registration",1,0,1,0
