year,month,districtname,jurisdiction,service,total,underprocess,approved,rejected
2021,May,Rangareddy,Circle-III,"Boiler Registration",1,0,1,0
2021,May,Warangal-Urban,"Karimnagar Region","Boiler Registration",1,0,1,0
2021,May,Gadwal,"Hyderabad Region","Boiler Registration",1,0,1,0
2021,May,Kamareddy,"Hyderabad Region","Boiler Registration",1,0,1,0
2021,May,Mahbubnagar,"Hyderabad Region","Boiler Registration",1,0,1,0
2021,May,Nalgonda,"Hyderabad Region","Boiler Registration",3,0,3,0
2021,May,Suryapet,"Hyderabad Region","Boiler Registration",1,0,1,0
2021,May,Yadadri,"Hyderabad Region","Boiler Registration",2,1,1,0
2021,May,Karimnagar,"Warangal Region","Boiler Registration",1,0,1,0
2021,May,Mulugu,"Warangal Region","Boiler Registration",1,0,1,0
2021,May,Peddapalli,"Warangal Region","Boiler Registration",1,0,1,0
2021,May,Sircilla,"Warangal Region","Boiler Registration",1,0,1,0
2021,May,Warangal-Rural,"Warangal Region","Boiler Registration",1,0,1,0
2021,May,Warangal-Urban,"Warangal Region","Boiler Registration",1,0,1,0
2021,May,Rangareddy,JDBTS,"Boiler Registration",1,0,1,0
2021,May,Sangareddy,JDBTS,"Boiler Registration",1,0,1,0
2021,May,Medchal,Circle-I,"Boiler Renewal",1,0,1,0
2021,May,Sangareddy,Circle-I,"Boiler Renewal",7,0,6,1
2021,May,Siddipet,Circle-I,"Boiler Renewal",3,0,3,0
2021,May,Mahbubnagar,Circle-II,"Boiler Renewal",1,0,1,0
2021,May,Yadadri,Circle-II,"Boiler Renewal",2,0,2,0
2021,May,Karimnagar,Circle-III,"Boiler Renewal",1,0,0,1
2021,May,Medchal,Circle-III,"Boiler Renewal",3,0,3,0
2021,May,Rangareddy,Circle-III,"Boiler Renewal",2,0,2,0
2021,May,Vikarabad,Circle-III,"Boiler Renewal",1,0,1,0
2021,May,Medak,Circle-IV,"Boiler Renewal",2,0,2,0
2021,May,Medchal,Circle-IV,"Boiler Renewal",5,0,5,0
2021,May,Sangareddy,Circle-IV,"Boiler Renewal",5,0,5,0
2021,May,Siddipet,Circle-IV,"Boiler Renewal",1,0,1,0
2021,May,Mancherial,"Karimnagar Region","Boiler Renewal",1,0,1,0
2021,May,Medchal,"Karimnagar Region","Boiler Renewal",4,0,4,0
2021,May,Rangareddy,"Karimnagar Region","Boiler Renewal",3,0,2,1
2021,May,Nalgonda,"Nalgonda Region","Boiler Renewal",1,0,0,1
2021,May,Suryapet,"Nalgonda Region","Boiler Renewal",1,0,1,0
2021,May,Yadadri,"Nalgonda Region","Boiler Renewal",2,0,1,1
2021,May,Jagtial,"Hyderabad Region","Boiler Renewal",1,0,1,0
2021,May,Jangaon,"Hyderabad Region","Boiler Renewal",1,0,1,0
2021,May,Kothagudem,"Hyderabad Region","Boiler Renewal",2,0,2,0
2021,May,Mahbubnagar,"Hyderabad Region","Boiler Renewal",1,0,1,0
2021,May,Nalgonda,"Hyderabad Region","Boiler Renewal",4,0,4,0
2021,May,Nizamabad,"Hyderabad Region","Boiler Renewal",4,0,4,0
2021,May,Wanaparthy,"Hyderabad Region","Boiler Renewal",1,0,1,0
2021,May,Warangal-Rural,"Hyderabad Region","Boiler Renewal",1,0,1,0
2021,May,Yadadri,"Hyderabad Region","Boiler Renewal",1,0,1,0
2021,May,Hyderabad,DCIBSO,"Boiler Renewal",1,0,1,0
2021,May,Medchal,DCIBSO,"Boiler Renewal",1,0,1,0
2021,May,Peddapalli,DCIBSO,"Boiler Renewal",1,0,1,0
2021,May,Rangareddy,DCIBSO,"Boiler Renewal",5,0,5,0
2021,May,Sangareddy,DCIBSO,"Boiler Renewal",1,0,1,0
2021,May,Siddipet,DCIBSO,"Boiler Renewal",1,0,1,0
2021,May,Jagtial,"Warangal Region","Boiler Renewal",6,0,6,0
2021,May,Karimnagar,"Warangal Region","Boiler Renewal",1,0,1,0
2021,May,Khammam,"Warangal Region","Boiler Renewal",1,0,1,0
2021,May,Kothagudem,"Warangal Region","Boiler Renewal",1,0,1,0
2021,May,Nalgonda,"Warangal Region","Boiler Renewal",1,0,1,0
2021,May,Nizamabad,"Warangal Region","Boiler Renewal",1,0,1,0
2021,May,Suryapet,"Warangal Region","Boiler Renewal",5,0,5,0
2021,May,Warangal-Rural,"Warangal Region","Boiler Renewal",4,0,4,0
2021,May,Yadadri,"Warangal Region","Boiler Renewal",2,0,2,0
2021,May,Mancherial,JDBTS,"Boiler Renewal",2,0,2,0
2021,May,Medak,JDBTS,"Boiler Renewal",1,0,0,1
2021,May,Medchal,JDBTS,"Boiler Renewal",2,0,2,0
2021,May,Rangareddy,JDBTS,"Boiler Renewal",3,0,3,0
2021,May,Sangareddy,JDBTS,"Boiler Renewal",8,0,7,1
2021,May,Siddipet,JDBTS,"Boiler Renewal",5,0,4,1
2021,May,Suryapet,JDBTS,"Boiler Renewal",1,0,1,0
2021,May,Warangal-Urban,"Karimnagar Region","Steam Pipe Line Registration",1,0,1,0
2021,May,Kamareddy,"Hyderabad Region","Steam Pipe Line Registration",1,0,1,0
2021,May,Peddapalli,"Warangal Region","Steam Pipe Line Registration",1,0,1,0
2021,May,Sangareddy,JDBTS,"Steam Pipe Line Registration",1,1,0,0
2021,May,Sangareddy,DCIBSO,"Manufacturer Registration",1,0,1,0
