year,month,districtname,jurisdiction,service,total,underprocess,approved,rejected
2019,May,Rangareddy,Circle-III,"Boiler Registration",1,0,1,0
2019,May,Kamareddy,"Hyderabad Region","Boiler Registration",4,0,4,0
2019,May,Mahbubnagar,"Hyderabad Region","Boiler Registration",1,0,1,0
2019,May,Wanaparthy,"Hyderabad Region","Boiler Registration",1,0,1,0
2019,May,Bhupalpally,"Warangal Region","Boiler Registration",1,0,1,0
2019,May,Jagtial,"Warangal Region","Boiler Registration",3,0,3,0
2019,May,Peddapalli,"Warangal Region","Boiler Registration",2,0,2,0
2019,May,Medak,JDBTS,"Boiler Registration",1,0,1,0
2019,May,Rangareddy,JDBTS,"Boiler Registration",1,0,1,0
2019,May,Siddipet,JDBTS,"Boiler Registration",1,0,1,0
2019,May,Sangareddy,Circle-I,"Boiler Renewal",16,0,15,1
2019,May,Siddipet,Circle-I,"Boiler Renewal",1,0,1,0
2019,May,Suryapet,Circle-II,"Boiler Renewal",2,0,2,0
2019,May,Yadadri,Circle-II,"Boiler Renewal",7,0,7,0
2019,May,Jagtial,Circle-III,"Boiler Renewal",2,0,1,1
2019,May,Karimnagar,Circle-III,"Boiler Renewal",3,0,3,0
2019,May,Medchal,Circle-III,"Boiler Renewal",5,0,5,0
2019,May,Peddapalli,Circle-III,"Boiler Renewal",5,0,5,0
2019,May,Rangareddy,Circle-III,"Boiler Renewal",5,0,4,1
2019,May,Warangal-Rural,Circle-III,"Boiler Renewal",2,0,2,0
2019,May,Warangal-Urban,Circle-III,"Boiler Renewal",1,0,1,0
2019,May,Kamareddy,Circle-IV,"Boiler Renewal",2,0,1,1
2019,May,Medak,Circle-IV,"Boiler Renewal",3,0,3,0
2019,May,Medchal,Circle-IV,"Boiler Renewal",11,0,11,0
2019,May,Sangareddy,Circle-IV,"Boiler Renewal",4,0,4,0
2019,May,Siddipet,Circle-IV,"Boiler Renewal",1,0,1,0
2019,May,Jagtial,"Karimnagar Region","Boiler Renewal",1,0,1,0
2019,May,Medchal,"Karimnagar Region","Boiler Renewal",11,0,10,1
2019,May,Rangareddy,"Karimnagar Region","Boiler Renewal",4,0,4,0
2019,May,Mahbubnagar,"Nalgonda Region","Boiler Renewal",5,0,5,0
2019,May,Nalgonda,"Nalgonda Region","Boiler Renewal",2,0,2,0
2019,May,Suryapet,"Nalgonda Region","Boiler Renewal",2,0,2,0
2019,May,Jagtial,"Hyderabad Region","Boiler Renewal",6,0,6,0
2019,May,Jangaon,"Hyderabad Region","Boiler Renewal",1,0,1,0
2019,May,Karimnagar,"Hyderabad Region","Boiler Renewal",7,0,7,0
2019,May,Khammam,"Hyderabad Region","Boiler Renewal",1,0,1,0
2019,May,Kothagudem,"Hyderabad Region","Boiler Renewal",4,0,4,0
2019,May,Mancherial,"Hyderabad Region","Boiler Renewal",1,0,1,0
2019,May,Peddapalli,"Hyderabad Region","Boiler Renewal",12,0,11,1
2019,May,Sircilla,"Hyderabad Region","Boiler Renewal",1,0,1,0
2019,May,Warangal-Rural,"Hyderabad Region","Boiler Renewal",1,0,1,0
2019,May,Warangal-Urban,"Hyderabad Region","Boiler Renewal",3,0,2,1
2019,May,Yadadri,"Hyderabad Region","Boiler Renewal",2,0,2,0
2019,May,Medak,DCIBSO,"Boiler Renewal",1,0,1,0
2019,May,Medchal,DCIBSO,"Boiler Renewal",4,0,4,0
2019,May,Rangareddy,DCIBSO,"Boiler Renewal",5,0,5,0
2019,May,Sangareddy,DCIBSO,"Boiler Renewal",1,0,1,0
2019,May,Siddipet,DCIBSO,"Boiler Renewal",1,0,1,0
2019,May,Suryapet,DCIBSO,"Boiler Renewal",1,0,1,0
2019,May,Nalgonda,"Warangal Region","Boiler Renewal",11,0,10,1
2019,May,Nizamabad,"Warangal Region","Boiler Renewal",6,0,6,0
2019,May,Suryapet,"Warangal Region","Boiler Renewal",3,0,3,0
2019,May,Wanaparthy,"Warangal Region","Boiler Renewal",1,0,1,0
2019,May,Yadadri,"Warangal Region","Boiler Renewal",7,0,7,0
2019,May,Kothagudem,JDBTS,"Boiler Renewal",2,0,2,0
2019,May,Mancherial,JDBTS,"Boiler Renewal",1,0,1,0
2019,May,Medak,JDBTS,"Boiler Renewal",2,1,1,0
2019,May,Medchal,JDBTS,"Boiler Renewal",4,0,4,0
2019,May,Rangareddy,JDBTS,"Boiler Renewal",1,0,1,0
2019,May,Sangareddy,JDBTS,"Boiler Renewal",14,0,14,0
2019,May,Siddipet,JDBTS,"Boiler Renewal",1,0,1,0
2019,May,Suryapet,JDBTS,"Boiler Renewal",1,0,1,0
2019,May,Vikarabad,JDBTS,"Boiler Renewal",1,0,1,0
2019,May,Medak,Circle-I,"Steam Pipe Line Registration",1,0,1,0
2019,May,Mahbubnagar,Circle-II,"Steam Pipe Line Registration",1,0,1,0
2019,May,Medchal,Circle-III,"Steam Pipe Line Registration",1,0,1,0
2019,May,Sangareddy,Circle-IV,"Steam Pipe Line Registration",2,2,0,0
2019,May,Kamareddy,"Hyderabad Region","Steam Pipe Line Registration",4,0,4,0
2019,May,Nalgonda,"Hyderabad Region","Steam Pipe Line Registration",1,0,1,0
2019,May,Bhupalpally,"Warangal Region","Steam Pipe Line Registration",2,0,2,0
2019,May,Jagtial,"Warangal Region","Steam Pipe Line Registration",3,0,3,0
2019,May,Peddapalli,"Warangal Region","Steam Pipe Line Registration",1,0,1,0
2019,May,Medak,JDBTS,"Steam Pipe Line Registration",1,1,0,0
2019,May,Medchal,JDBTS,"Steam Pipe Line Registration",1,0,1,0
2019,May,Rangareddy,JDBTS,"Steam Pipe Line Registration",1,0,1,0
2019,May,Siddipet,JDBTS,"Steam Pipe Line Registration",1,1,0,0
