year,month,districtname,jurisdiction,service,total,underprocess,approved,rejected
2023,June,Mahbubnagar,Circle-II,"Boiler Registration",1,0,1,0
2023,June,Nalgonda,"Nalgonda Region","Boiler Registration",1,1,0,0
2023,June,Nalgonda,"Hyderabad Region","Boiler Registration",1,1,0,0
2023,June,Jagtial,"Warangal Region","Boiler Registration",1,1,0,0
2023,June,Rangareddy,JDBTS,"Boiler Registration",1,0,1,0
2023,June,Sangareddy,JDBTS,"Boiler Registration",3,0,3,0
2023,June,Medak,Circle-I,"Boiler Renewal",1,0,1,0
2023,June,Medchal,Circle-I,"Boiler Renewal",3,0,3,0
2023,June,Sangareddy,Circle-I,"Boiler Renewal",6,0,6,0
2023,June,Khammam,Circle-II,"Boiler Renewal",1,1,0,0
2023,June,Mahbubnagar,Circle-II,"Boiler Renewal",1,0,1,0
2023,June,Nalgonda,Circle-II,"Boiler Renewal",3,1,2,0
2023,June,Suryapet,Circle-II,"Boiler Renewal",2,1,1,0
2023,June,Yadadri,Circle-II,"Boiler Renewal",1,0,1,0
2023,June,Medchal,Circle-III,"Boiler Renewal",3,0,3,0
2023,June,Peddapalli,Circle-III,"Boiler Renewal",1,1,0,0
2023,June,Rangareddy,Circle-III,"Boiler Renewal",7,1,6,0
2023,June,Warangal-Urban,Circle-III,"Boiler Renewal",1,1,0,0
2023,June,Medchal,Circle-IV,"Boiler Renewal",2,0,2,0
2023,June,Sangareddy,Circle-IV,"Boiler Renewal",4,1,3,0
2023,June,Siddipet,Circle-IV,"Boiler Renewal",3,0,3,0
2023,June,Karimnagar,"Karimnagar Region","Boiler Renewal",2,0,1,1
2023,June,Medchal,"Karimnagar Region","Boiler Renewal",2,0,2,0
2023,June,Rangareddy,"Karimnagar Region","Boiler Renewal",5,0,5,0
2023,June,Hyderabad,"Nalgonda Region","Boiler Renewal",1,0,1,0
2023,June,Khammam,"Nalgonda Region","Boiler Renewal",1,0,1,0
2023,June,Suryapet,"Nalgonda Region","Boiler Renewal",1,0,1,0
2023,June,Yadadri,"Nalgonda Region","Boiler Renewal",2,0,2,0
2023,June,Jagtial,"Hyderabad Region","Boiler Renewal",2,0,2,0
2023,June,Jangaon,"Hyderabad Region","Boiler Renewal",3,0,3,0
2023,June,Kamareddy,"Hyderabad Region","Boiler Renewal",3,0,3,0
2023,June,Karimnagar,"Hyderabad Region","Boiler Renewal",3,0,2,1
2023,June,Kothagudem,"Hyderabad Region","Boiler Renewal",3,0,3,0
2023,June,Mahbubnagar,"Hyderabad Region","Boiler Renewal",1,0,1,0
2023,June,Nalgonda,"Hyderabad Region","Boiler Renewal",1,0,1,0
2023,June,Nizamabad,"Hyderabad Region","Boiler Renewal",1,0,1,0
2023,June,Sircilla,"Hyderabad Region","Boiler Renewal",2,0,2,0
2023,June,Suryapet,"Hyderabad Region","Boiler Renewal",1,0,1,0
2023,June,Warangal-Rural,"Hyderabad Region","Boiler Renewal",1,1,0,0
2023,June,Warangal-Urban,"Hyderabad Region","Boiler Renewal",2,0,2,0
2023,June,Yadadri,"Hyderabad Region","Boiler Renewal",6,0,5,1
2023,June,Bhupalpally,DCIBSO,"Boiler Renewal",1,0,1,0
2023,June,Kothagudem,DCIBSO,"Boiler Renewal",2,0,2,0
2023,June,Medchal,DCIBSO,"Boiler Renewal",1,0,1,0
2023,June,Peddapalli,DCIBSO,"Boiler Renewal",1,0,1,0
2023,June,Rangareddy,DCIBSO,"Boiler Renewal",2,0,2,0
2023,June,Sangareddy,DCIBSO,"Boiler Renewal",7,0,7,0
2023,June,Siddipet,DCIBSO,"Boiler Renewal",4,1,2,1
2023,June,Suryapet,DCIBSO,"Boiler Renewal",1,0,1,0
2023,June,Jagtial,"Warangal Region","Boiler Renewal",5,0,5,0
2023,June,Karimnagar,"Warangal Region","Boiler Renewal",5,0,5,0
2023,June,Mahbubnagar,"Warangal Region","Boiler Renewal",1,0,1,0
2023,June,Nalgonda,"Warangal Region","Boiler Renewal",6,0,6,0
2023,June,Narayanpet,"Warangal Region","Boiler Renewal",1,0,1,0
2023,June,Peddapalli,"Warangal Region","Boiler Renewal",3,0,3,0
2023,June,Suryapet,"Warangal Region","Boiler Renewal",5,0,5,0
2023,June,Warangal-Rural,"Warangal Region","Boiler Renewal",1,0,0,1
2023,June,Yadadri,"Warangal Region","Boiler Renewal",4,0,4,0
2023,June,Mancherial,JDBTS,"Boiler Renewal",1,0,1,0
2023,June,Medak,JDBTS,"Boiler Renewal",2,0,2,0
2023,June,Medchal,JDBTS,"Boiler Renewal",7,0,7,0
2023,June,Rangareddy,JDBTS,"Boiler Renewal",14,0,14,0
2023,June,Sangareddy,JDBTS,"Boiler Renewal",14,0,14,0
2023,June,Siddipet,JDBTS,"Boiler Renewal",2,0,2,0
2023,June,Suryapet,JDBTS,"Boiler Renewal",4,0,4,0
2023,June,Vikarabad,JDBTS,"Boiler Renewal",1,0,1,0
2023,June,Mahbubnagar,Circle-II,"Steam Pipe Line Registration",1,0,1,0
2023,June,Rangareddy,Circle-III,"Steam Pipe Line Registration",1,0,1,0
2023,June,Sangareddy,JDBTS,"Steam Pipe Line Registration",1,0,1,0
