year,month,districtname,jurisdiction,service,total,underprocess,approved,rejected
2022,June,Sangareddy,Circle-IV,"Boiler Registration",1,1,0,0
2022,June,Yadadri,"Nalgonda Region","Boiler Registration",1,0,1,0
2022,June,Mahbubnagar,"Hyderabad Region","Boiler Registration",1,0,1,0
2022,June,Nagarkurnool,"Hyderabad Region","Boiler Registration",1,0,1,0
2022,June,Narayanpet,"Hyderabad Region","Boiler Registration",1,1,0,0
2022,June,Kothagudem,"Warangal Region","Boiler Registration",1,0,1,0
2022,June,Medak,Circle-I,"Boiler Renewal",2,0,2,0
2022,June,Medchal,Circle-I,"Boiler Renewal",4,0,4,0
2022,June,Sangareddy,Circle-I,"Boiler Renewal",4,0,4,0
2022,June,Siddipet,Circle-I,"Boiler Renewal",1,0,1,0
2022,June,Hyderabad,Circle-II,"Boiler Renewal",1,0,1,0
2022,June,Mahbubnagar,Circle-II,"Boiler Renewal",2,0,2,0
2022,June,Nalgonda,Circle-II,"Boiler Renewal",2,0,2,0
2022,June,Yadadri,Circle-II,"Boiler Renewal",1,0,1,0
2022,June,Medchal,Circle-III,"Boiler Renewal",3,0,3,0
2022,June,Rangareddy,Circle-III,"Boiler Renewal",5,0,5,0
2022,June,Medak,Circle-IV,"Boiler Renewal",1,0,1,0
2022,June,Medchal,Circle-IV,"Boiler Renewal",2,0,2,0
2022,June,Sangareddy,Circle-IV,"Boiler Renewal",9,0,8,1
2022,June,Asifabad,"Karimnagar Region","Boiler Renewal",1,0,1,0
2022,June,Medchal,"Karimnagar Region","Boiler Renewal",5,0,5,0
2022,June,Peddapalli,"Karimnagar Region","Boiler Renewal",1,0,1,0
2022,June,Rangareddy,"Karimnagar Region","Boiler Renewal",6,0,4,2
2022,June,Vikarabad,"Karimnagar Region","Boiler Renewal",1,0,1,0
2022,June,Warangal-Rural,"Karimnagar Region","Boiler Renewal",1,0,1,0
2022,June,Warangal-Urban,"Karimnagar Region","Boiler Renewal",1,0,1,0
2022,June,Nalgonda,"Nalgonda Region","Boiler Renewal",2,0,2,0
2022,June,Suryapet,"Nalgonda Region","Boiler Renewal",1,0,1,0
2022,June,Yadadri,"Nalgonda Region","Boiler Renewal",1,0,1,0
2022,June,Jagtial,"Hyderabad Region","Boiler Renewal",5,0,5,0
2022,June,Karimnagar,"Hyderabad Region","Boiler Renewal",4,0,4,0
2022,June,Mahbubnagar,"Hyderabad Region","Boiler Renewal",2,0,2,0
2022,June,Nalgonda,"Hyderabad Region","Boiler Renewal",9,0,9,0
2022,June,Suryapet,"Hyderabad Region","Boiler Renewal",6,0,6,0
2022,June,Yadadri,"Hyderabad Region","Boiler Renewal",5,0,5,0
2022,June,Kothagudem,DCIBSO,"Boiler Renewal",1,0,1,0
2022,June,Mancherial,DCIBSO,"Boiler Renewal",1,0,1,0
2022,June,Medak,DCIBSO,"Boiler Renewal",1,0,1,0
2022,June,Medchal,DCIBSO,"Boiler Renewal",7,0,6,1
2022,June,Rangareddy,DCIBSO,"Boiler Renewal",4,0,4,0
2022,June,Sangareddy,DCIBSO,"Boiler Renewal",10,0,10,0
2022,June,Siddipet,DCIBSO,"Boiler Renewal",2,0,2,0
2022,June,Suryapet,DCIBSO,"Boiler Renewal",4,0,4,0
2022,June,Jagtial,"Warangal Region","Boiler Renewal",2,0,2,0
2022,June,Jangaon,"Warangal Region","Boiler Renewal",1,0,1,0
2022,June,Kamareddy,"Warangal Region","Boiler Renewal",4,0,4,0
2022,June,Karimnagar,"Warangal Region","Boiler Renewal",3,0,3,0
2022,June,Kothagudem,"Warangal Region","Boiler Renewal",2,0,2,0
2022,June,Mahbubnagar,"Warangal Region","Boiler Renewal",1,0,1,0
2022,June,Nalgonda,"Warangal Region","Boiler Renewal",1,0,1,0
2022,June,Peddapalli,"Warangal Region","Boiler Renewal",1,0,1,0
2022,June,Sircilla,"Warangal Region","Boiler Renewal",2,0,2,0
2022,June,Warangal-Rural,"Warangal Region","Boiler Renewal",1,0,1,0
2022,June,Yadadri,"Warangal Region","Boiler Renewal",1,0,1,0
2022,June,Kothagudem,JDBTS,"Boiler Renewal",2,0,2,0
2022,June,Medak,JDBTS,"Boiler Renewal",2,0,2,0
2022,June,Medchal,JDBTS,"Boiler Renewal",1,0,1,0
2022,June,Rangareddy,JDBTS,"Boiler Renewal",9,0,9,0
2022,June,Sangareddy,JDBTS,"Boiler Renewal",7,0,7,0
2022,June,Siddipet,JDBTS,"Boiler Renewal",3,0,3,0
2022,June,Suryapet,JDBTS,"Boiler Renewal",1,0,1,0
2022,June,Yadadri,"Nalgonda Region","Steam Pipe Line Registration",1,0,1,0
2022,June,Mahbubnagar,"Hyderabad Region","Steam Pipe Line Registration",1,0,1,0
2022,June,Nagarkurnool,"Hyderabad Region","Steam Pipe Line Registration",1,0,1,0
2022,June,Nalgonda,"Hyderabad Region","Steam Pipe Line Registration",1,1,0,0
2022,June,Medchal,DCIBSO,"Steam Pipe Line Registration",1,1,0,0
2022,June,Kothagudem,"Warangal Region","Steam Pipe Line Registration",1,0,1,0
2022,June,Rangareddy,JDBTS,"Steam Pipe Line Registration",2,0,1,1
2022,June,Medchal,JDBTS,"Manufacturer Registration",1,0,1,0
