licensetype,licensename,name_frim,license_validity,constitution_particulars,mfg_districtname,mfg_mandalname,mfg_villagename
NDPS,NDPS-2,"ASIAN VASCULAR HOSPITALS PHARMACY (A UNIT OF ASIAN VASCULAR HOSPITALS PRIVATE LIMITED)",31/12/2022,"Private Ltd Company",HYDERABAD,Ameerpet,"Banjara Hills"
NDPS,NDPS-2,"Gayatrika Hospitals India Pvt Ltd",31/12/2022,"Private Ltd Company","RANGA REDDY",Saroornagar,Saroornagar
NDPS,NDPS-1,"NATCO PHARMA LIMITED",31/12/2022,"Limited Company",NALGONDA,Peddavoora,"Vijayapuri North"
NDPS,NDPS-2,"M/S. MAHESHWARA PHARMACY",31/12/2023,Society,SANGAREDDY,Patancheru,Chitkul
NDPS,NDPS-2,"RAVINDRANATH GE MEDICAL ASSOCIATES PVT LTD/3600038726/3600038726",31/12/2023,"Private Ltd Company","RANGA REDDY",Saroornagar,Lingojiguda
NDPS,NDPS-2,"VENKATESHWARA ORTHO HEALTHCARE PRIVATE LIMITED (O.P PHARMACY)",31/12/2022,"Private Ltd Company",HYDERABAD,Abids,Zamisthanpur
NDPS,NDPS-2,"OMEGA O.P PHARMACY ( A UNIT OF HARIKRISHNA INSTITUTE OF ONCOLOGY PRIVATE LIMITED)",31/12/2022,"Private Ltd Company","RANGA REDDY",Serilingampally,Gachibowli
NDPS,NDPS-2,"NETDOX HEALTH PRIVATE LIMITED (IN THE PREMISES OF ONCO CANCER CARE)",31/12/2022,"Private Ltd Company","RANGA REDDY",Serilingampally,Gachibowli
NDPS,NDPS-1,"NATCO PHARMA LIMITED",31/12/2022,"Limited Company",HYDERABAD,"Vengalrao Nagar","Sanath Nagar"
NDPS,NDPS-2,"APOLLO HOSPITALS ENTERPRISE LTD(UNIT APOLLO  PHARMACY-OT)",31/12/2023,"Limited Company",HYDERABAD,Secunderabad,"St.Jhons Road"
NDPS,NDPS-1,"SRI KRISHNA PHARMACEUTICALS LIMITED - UNIT - II",31/12/2022,"Limited Company","MEDCHAL - MALKAJGIRI",Uppal,Nacharam
NDPS,NDPS-2,"APARNA PHARMACY (A Unit of KN RAO  HEALTH CARE  PRIVATE LIMITED)",31/12/2022,"Private Ltd Company","RANGA REDDY",Serilingampally,Nalagandla
NDPS,NDPS-2,"HEGDE HEALTHCARE PVT LTD",31/12/2022,"Private Ltd Company","RANGA REDDY",Serilingampally,Madhapur
NDPS,NDPS-2,"STAR HOSPITALS ( A UNIT OF UNIMED HEALTH CARE PVT LTD)",31/12/2023,"Private Ltd Company",HYDERABAD,Ameerpet,"Banjara Hills"
NDPS,NDPS-1,"SRI KRISHNA PHARMACEUTICALS LIMITED - UNIT - II",31/12/2022,"Limited Company","MEDCHAL - MALKAJGIRI",Uppal,Nacharam
NDPS,NDPS-1,"NATCO PHARMA LIMITED",31/12/2022,"Limited Company",HYDERABAD,"Vengalrao Nagar","Sanath Nagar"
NDPS,NDPS-2,"KASTURI MEDICAL AND GENERAL STORES (A UNIT OF KASTURI MULTI SPECIALITY MEDICARE PRIVATE LIMITED)",31/12/2022,"Private Ltd Company",HYDERABAD,Secunderabad,"St.Jhons Road"
NDPS,NDPS-1,"SRI KRISHNA PHARMACEUTICALS LIMITED - UNIT - II",31/12/2022,"Limited Company","MEDCHAL - MALKAJGIRI",Uppal,Nacharam
NDPS,NDPS-2,"JC PHARMACY",31/12/2022,Partnership,"RANGA REDDY",Serilingampally,Hafeezpet
