licensetype,licensename,name_frim,license_validity,constitution_particulars,mfg_districtname,mfg_mandalname,mfg_villagename
NDPS,NDPS-2,"AMVI PHARMACY (IN THE PREMISES OF AMVI HOSPITAL)",31/12/2022,Partnership,"RANGA REDDY",Gandipet,Puppalguda
NDPS,NDPS-2,"AREA HOSPITAL STORES",31/12/2022,Others,JAYASHANKAR,Mulug,Mulug
NDPS,NDPS-2,"SADGURU VIJAYA MEDICALS (A UNIT OF SADGURU VIJAYA HOSPITALS PVT LTD)",31/12/2022,"Private Ltd Company","MEDCHAL - MALKAJGIRI",Uppal,"Ramanthapur Khalsa"
NDPS,NDPS-2,"SRINIVASA PHARMACY",31/12/2022,Proprietary,NALGONDA,Miryalaguda,Miryalaguda
NDPS,NDPS-2,"K K REDDY PHARMACY (IP)",31/12/2022,Proprietary,"MEDCHAL - MALKAJGIRI",Kukatpally,Kukatpally
NDPS,NDPS-2,"DRRAOS ENT HOSPITAL LLP",31/12/2022,LLP,"MEDCHAL - MALKAJGIRI",Kukatpally,Kukatpally
NDPS,NDPS-2,"N. OZONE PHARMACY",31/12/2022,Partnership,"MEDCHAL - MALKAJGIRI",Alwal,Alwal
NDPS,NDPS-2,"CARE IP PHARMACY (A UNIT OF QUALITY CARE INDIA LIMITED)",31/12/2022,"Limited Company",HYDERABAD,Gowliguda,Chaderghat
NDPS,NDPS-2,"HYDERABAD NURSING HOME PRIVATE LIMITED",31/12/2022,"Private Ltd Company",HYDERABAD,Khairatabad,Basheerbagh
NDPS,NDPS-2,"MAMATHA EDUCATIONAL SOCIETY UNIT MAMATHA PHARMACY",31/12/2022,Partnership,KHAMMAM,"Khammam (Urban)",Papakabanda
NDPS,NDPS-2,"SUNRISE PHARMACY (A UNIT OF SLB HOSPITAL PRIVATE LIMITED)",31/12/2022,"Private Ltd Company",HYDERABAD,Chikkadpally,Narayanaguda
NDPS,NDPS-2,"SRI HARINYA HOSPITALS PRIVATE LIMITED",31/12/2022,"Private Ltd Company",SANGAREDDY,Ameenpur,Ameenpur
