dmcode,district,mandal,date,rain,humidity_min,humidity_max
0101,Adilabad,Bheempoor,2020-04-01,0.0,29.3,85.4
0101,Adilabad,Bheempoor,2020-04-02,0.0,26.2,84.6
0101,Adilabad,Bheempoor,2020-04-03,0.0,20.4,72.4
0101,Adilabad,Bheempoor,2020-04-04,1.3,32.7,91.9
0101,Adilabad,Bheempoor,2020-04-05,0.0,22.0,80.3
0101,Adilabad,Bheempoor,2020-04-06,0.0,24.0,73.4
0101,Adilabad,Bheempoor,2020-04-07,0.3,28.1,87.7
0101,Adilabad,Bheempoor,2020-04-08,0.0,17.7,62.0
0101,Adilabad,Bheempoor,2020-04-09,0.0,18.9,63.6
0101,Adilabad,Bheempoor,2020-04-10,0.0,17.5,70.8
0101,Adilabad,Bheempoor,2020-04-11,0.5,23.4,79.8
0101,Adilabad,Bheempoor,2020-04-12,0.0,23.5,68.8
0101,Adilabad,Bheempoor,2020-04-13,0.0,19.1,63.2
0101,Adilabad,Bheempoor,2020-04-14,1.5,22.0,70.4
0101,Adilabad,Bheempoor,2020-04-15,0.0,21.4,53.7
0101,Adilabad,Bheempoor,2020-04-16,0.0,19.7,53.4
0101,Adilabad,Bheempoor,2020-04-17,0.0,20.3,55.0
0101,Adilabad,Bheempoor,2020-04-18,0.0,16.2,55.0
0101,Adilabad,Bheempoor,2020-04-19,0.0,18.4,68.8
0101,Adilabad,Bheempoor,2020-04-20,0.0,28.6,63.9
0101,Adilabad,Bheempoor,2020-04-21,0.0,20.2,55.9
0101,Adilabad,Bheempoor,2020-04-22,0.0,18.3,50.0
0101,Adilabad,Bheempoor,2020-04-23,0.0,18.0,54.2
0101,Adilabad,Bheempoor,2020-04-24,0.0,17.0,48.4
0101,Adilabad,Bheempoor,2020-04-25,0.0,21.3,48.3
0101,Adilabad,Bheempoor,2020-04-26,0.0,20.4,40.0
0101,Adilabad,Bheempoor,2020-04-27,0.0,18.9,37.9
0101,Adilabad,Bheempoor,2020-04-28,0.0,23.9,63.2
0101,Adilabad,Bheempoor,2020-04-29,0.0,24.3,58.1
0101,Adilabad,Bheempoor,2020-04-30,0.0,19.0,50.7
0101,Adilabad,Bheempoor,2020-05-01,0.0,20.7,49.5
0101,Adilabad,Bheempoor,2020-05-02,0.0,19.6,48.4
0101,Adilabad,Bheempoor,2020-05-03,0.0,15.0,34.7
0101,Adilabad,Bheempoor,2020-05-04,0.0,14.8,31.8
0101,Adilabad,Bheempoor,2020-05-05,0.0,16.0,44.1
0101,Adilabad,Bheempoor,2020-05-06,0.0,14.9,35.3
0101,Adilabad,Bheempoor,2020-05-07,0.0,19.2,60.8
0101,Adilabad,Bheempoor,2020-05-08,0.0,22.0,57.6
0101,Adilabad,Bheempoor,2020-05-09,0.0,22.5,56.8
0101,Adilabad,Bheempoor,2020-05-10,0.0,19.5,50.7
0101,Adilabad,Bheempoor,2020-05-11,0.5,26.7,78.1
0101,Adilabad,Bheempoor,2020-05-12,0.0,23.5,48.4
0101,Adilabad,Bheempoor,2020-05-13,0.0,22.6,61.8
0101,Adilabad,Bheempoor,2020-05-14,0.0,30.5,57.2
0101,Adilabad,Bheempoor,2020-05-15,0.0,24.1,55.8
0101,Adilabad,Bheempoor,2020-05-16,0.8,26.8,80.6
0101,Adilabad,Bheempoor,2020-05-17,0.0,25.3,68.6
0101,Adilabad,Bheempoor,2020-05-18,0.0,23.5,48.5
0101,Adilabad,Bheempoor,2020-05-19,0.0,17.9,49.3
0101,Adilabad,Bheempoor,2020-05-20,0.0,16.0,39.0
0101,Adilabad,Bheempoor,2020-05-21,0.0,11.9,33.4
0101,Adilabad,Bheempoor,2020-05-22,0.0,9.2,26.4
0101,Adilabad,Bheempoor,2020-05-23,0.0,11.5,30.1
0101,Adilabad,Bheempoor,2020-05-24,0.0,12.8,28.6
0101,Adilabad,Bheempoor,2020-05-25,0.0,12.3,32.0
0101,Adilabad,Bheempoor,2020-05-26,0.0,12.6,37.8
0101,Adilabad,Bheempoor,2020-05-27,0.0,14.3,27.7
0101,Adilabad,Bheempoor,2020-05-28,0.0,16.9,33.3
0101,Adilabad,Bheempoor,2020-05-29,0.0,15.3,40.5
0101,Adilabad,Bheempoor,2020-05-30,0.0,19.1,59.3
0101,Adilabad,Bheempoor,2020-05-31,0.0,24.9,54.7
0102,Adilabad,Jainad,2020-04-01,0.0,29.6,74.1
0102,Adilabad,Jainad,2020-04-02,0.0,23.3,75.7
0102,Adilabad,Jainad,2020-04-03,0.0,20.1,67.8
0102,Adilabad,Jainad,2020-04-04,0.0,33.2,84.1
0102,Adilabad,Jainad,2020-04-05,0.0,23.8,79.0
0102,Adilabad,Jainad,2020-04-06,0.0,24.3,68.1
0102,Adilabad,Jainad,2020-04-07,0.0,27.5,78.7
0102,Adilabad,Jainad,2020-04-08,0.0,25.7,68.1
0102,Adilabad,Jainad,2020-04-09,0.0,19.4,63.2
0102,Adilabad,Jainad,2020-04-10,0.0,15.9,71.7
0102,Adilabad,Jainad,2020-04-11,0.0,21.3,60.9
0102,Adilabad,Jainad,2020-04-12,2.0,27.3,70.8
0102,Adilabad,Jainad,2020-04-13,0.0,21.6,57.8
0102,Adilabad,Jainad,2020-04-14,2.4,23.3,69.5
0102,Adilabad,Jainad,2020-04-15,0.0,18.6,52.1
0102,Adilabad,Jainad,2020-04-16,0.0,19.5,55.8
0102,Adilabad,Jainad,2020-04-17,0.0,18.9,52.5
0102,Adilabad,Jainad,2020-04-18,0.0,14.9,51.3
0102,Adilabad,Jainad,2020-04-19,0.0,17.9,70.1
0102,Adilabad,Jainad,2020-04-20,0.0,28.9,59.9
0102,Adilabad,Jainad,2020-04-21,0.0,19.3,57.7
0102,Adilabad,Jainad,2020-04-22,0.0,21.4,54.4
0102,Adilabad,Jainad,2020-04-23,0.0,18.9,58.2
0102,Adilabad,Jainad,2020-04-24,0.0,18.2,61.9
0102,Adilabad,Jainad,2020-04-25,0.0,19.3,57.5
0102,Adilabad,Jainad,2020-04-26,0.0,19.3,52.1
0102,Adilabad,Jainad,2020-04-27,0.0,18.6,53.6
0102,Adilabad,Jainad,2020-04-28,0.0,23.5,63.3
0102,Adilabad,Jainad,2020-04-29,0.0,26.2,66.6
0102,Adilabad,Jainad,2020-04-30,0.0,17.7,55.2
0102,Adilabad,Jainad,2020-05-01,0.0,19.4,47.8
0102,Adilabad,Jainad,2020-05-02,0.0,21.3,49.1
0102,Adilabad,Jainad,2020-05-03,0.0,14.2,40.9
0102,Adilabad,Jainad,2020-05-04,0.0,13.7,40.5
0102,Adilabad,Jainad,2020-05-05,0.0,13.8,46.7
0102,Adilabad,Jainad,2020-05-06,0.0,13.9,48.2
0102,Adilabad,Jainad,2020-05-07,0.0,20.2,61.2
0102,Adilabad,Jainad,2020-05-08,0.0,25.1,55.9
0102,Adilabad,Jainad,2020-05-09,0.0,25.3,60.4
0102,Adilabad,Jainad,2020-05-10,1.1,21.9,59.4
0102,Adilabad,Jainad,2020-05-11,0.0,24.3,55.6
0102,Adilabad,Jainad,2020-05-12,0.0,22.3,48.1
0102,Adilabad,Jainad,2020-05-13,0.7,22.5,73.8
0102,Adilabad,Jainad,2020-05-14,0.8,35.3,72.9
0102,Adilabad,Jainad,2020-05-15,0.0,24.2,58.1
0102,Adilabad,Jainad,2020-05-16,0.0,25.9,71.7
0102,Adilabad,Jainad,2020-05-17,0.0,24.0,71.1
0102,Adilabad,Jainad,2020-05-18,0.0,24.0,52.9
0102,Adilabad,Jainad,2020-05-19,0.0,15.1,51.4
0102,Adilabad,Jainad,2020-05-20,0.0,20.4,38.6
0102,Adilabad,Jainad,2020-05-21,0.0,11.4,32.8
0102,Adilabad,Jainad,2020-05-22,0.0,7.9,28.5
0102,Adilabad,Jainad,2020-05-23,0.0,9.6,28.8
0102,Adilabad,Jainad,2020-05-24,0.0,11.1,28.7
0102,Adilabad,Jainad,2020-05-25,0.0,10.2,40.3
0102,Adilabad,Jainad,2020-05-26,0.0,11.0,39.3
0102,Adilabad,Jainad,2020-05-27,0.0,11.7,40.1
0102,Adilabad,Jainad,2020-05-28,0.0,13.1,29.5
0102,Adilabad,Jainad,2020-05-29,0.0,14.5,35.2
0102,Adilabad,Jainad,2020-05-30,0.0,18.6,61.3
0102,Adilabad,Jainad,2020-05-31,0.0,24.9,55.3
0103,Adilabad,Bela,2020-04-01,0.0,29.9,78.3
0103,Adilabad,Bela,2020-04-02,0.0,28.9,80.0
0103,Adilabad,Bela,2020-04-03,0.0,24.4,70.9
0103,Adilabad,Bela,2020-04-04,0.8,33.8,88.0
0103,Adilabad,Bela,2020-04-05,0.0,23.5,84.4
0103,Adilabad,Bela,2020-04-06,0.0,25.1,65.5
0103,Adilabad,Bela,2020-04-07,2.5,28.2,83.9
0103,Adilabad,Bela,2020-04-08,0.0,26.8,69.8
0103,Adilabad,Bela,2020-04-09,0.0,21.1,50.5
0103,Adilabad,Bela,2020-04-10,0.0,18.1,78.5
0103,Adilabad,Bela,2020-04-11,0.0,26.4,69.0
0103,Adilabad,Bela,2020-04-12,0.0,27.5,69.2
0103,Adilabad,Bela,2020-04-13,0.0,21.9,58.1
0103,Adilabad,Bela,2020-04-14,0.0,23.3,57.5
0103,Adilabad,Bela,2020-04-15,10.0,20.1,65.8
0103,Adilabad,Bela,2020-04-16,0.0,22.5,55.9
0103,Adilabad,Bela,2020-04-17,0.0,21.3,50.2
0103,Adilabad,Bela,2020-04-18,0.0,20.2,56.2
0103,Adilabad,Bela,2020-04-19,1.7,20.8,83.0
0103,Adilabad,Bela,2020-04-20,0.0,30.7,65.7
0103,Adilabad,Bela,2020-04-21,0.0,23.0,62.3
0103,Adilabad,Bela,2020-04-22,0.0,24.4,57.4
0103,Adilabad,Bela,2020-04-23,0.0,22.0,57.1
0103,Adilabad,Bela,2020-04-24,0.0,21.5,62.8
0103,Adilabad,Bela,2020-04-25,0.0,21.4,54.5
0103,Adilabad,Bela,2020-04-26,0.0,21.3,45.1
0103,Adilabad,Bela,2020-04-27,0.0,20.5,53.3
0103,Adilabad,Bela,2020-04-28,0.0,25.2,73.4
0103,Adilabad,Bela,2020-04-29,0.0,26.1,65.3
0103,Adilabad,Bela,2020-04-30,0.0,21.1,53.2
0103,Adilabad,Bela,2020-05-01,0.0,23.2,48.9
0103,Adilabad,Bela,2020-05-02,2.5,22.9,53.0
0103,Adilabad,Bela,2020-05-03,0.0,16.0,41.5
0103,Adilabad,Bela,2020-05-04,0.0,15.8,39.2
0103,Adilabad,Bela,2020-05-05,0.0,15.9,45.1
0103,Adilabad,Bela,2020-05-06,0.0,15.2,51.5
0103,Adilabad,Bela,2020-05-07,0.0,20.5,66.2
0103,Adilabad,Bela,2020-05-08,0.0,26.9,59.5
0103,Adilabad,Bela,2020-05-09,0.0,28.7,60.5
0103,Adilabad,Bela,2020-05-10,0.0,25.5,62.4
0103,Adilabad,Bela,2020-05-11,0.3,26.2,62.0
0103,Adilabad,Bela,2020-05-12,0.0,25.6,48.6
0103,Adilabad,Bela,2020-05-13,0.0,23.6,62.0
0103,Adilabad,Bela,2020-05-14,0.0,35.5,62.0
0103,Adilabad,Bela,2020-05-15,0.0,25.2,54.5
0103,Adilabad,Bela,2020-05-16,0.0,28.3,64.3
0103,Adilabad,Bela,2020-05-17,0.0,25.9,80.3
0103,Adilabad,Bela,2020-05-18,0.0,29.1,54.4
0103,Adilabad,Bela,2020-05-19,0.0,17.9,52.4
0103,Adilabad,Bela,2020-05-20,0.0,16.0,40.3
0103,Adilabad,Bela,2020-05-21,0.0,11.5,32.6
0103,Adilabad,Bela,2020-05-22,0.0,8.9,25.1
0103,Adilabad,Bela,2020-05-23,0.0,9.9,26.8
0103,Adilabad,Bela,2020-05-24,0.0,12.1,28.6
0103,Adilabad,Bela,2020-05-25,0.0,11.2,40.3
0103,Adilabad,Bela,2020-05-26,0.0,11.7,42.9
0103,Adilabad,Bela,2020-05-27,0.0,13.4,48.9
0103,Adilabad,Bela,2020-05-28,0.0,15.4,31.8
0103,Adilabad,Bela,2020-05-29,0.0,15.0,34.5
0103,Adilabad,Bela,2020-05-30,0.0,18.7,60.2
0103,Adilabad,Bela,2020-05-31,0.0,27.0,54.0
0104,Adilabad,Gadiguda,2020-04-01,0.0,28.9,77.3
0104,Adilabad,Gadiguda,2020-04-02,0.0,29.0,78.2
0104,Adilabad,Gadiguda,2020-04-03,0.0,24.1,70.1
0104,Adilabad,Gadiguda,2020-04-04,0.0,30.7,87.9
0104,Adilabad,Gadiguda,2020-04-05,0.0,20.1,84.1
0104,Adilabad,Gadiguda,2020-04-06,0.0,23.2,63.7
0104,Adilabad,Gadiguda,2020-04-07,10.8,27.5,81.0
0104,Adilabad,Gadiguda,2020-04-08,0.0,23.5,66.7
0104,Adilabad,Gadiguda,2020-04-09,0.0,13.3,59.7
0104,Adilabad,Gadiguda,2020-04-10,0.0,16.7,77.3
0104,Adilabad,Gadiguda,2020-04-11,0.0,25.5,73.2
0104,Adilabad,Gadiguda,2020-04-12,0.0,25.6,69.4
0104,Adilabad,Gadiguda,2020-04-13,0.0,18.2,61.5
0104,Adilabad,Gadiguda,2020-04-14,0.0,14.5,49.6
0104,Adilabad,Gadiguda,2020-04-15,0.0,14.4,74.8
0104,Adilabad,Gadiguda,2020-04-16,0.0,22.3,55.8
0104,Adilabad,Gadiguda,2020-04-17,0.0,20.1,47.8
0104,Adilabad,Gadiguda,2020-04-18,0.0,20.9,56.6
0104,Adilabad,Gadiguda,2020-04-19,0.0,20.6,85.1
0104,Adilabad,Gadiguda,2020-04-20,0.0,29.7,65.1
0104,Adilabad,Gadiguda,2020-04-21,0.0,22.6,62.0
0104,Adilabad,Gadiguda,2020-04-22,0.0,23.5,57.4
0104,Adilabad,Gadiguda,2020-04-23,0.0,21.0,55.0
0104,Adilabad,Gadiguda,2020-04-24,0.0,20.3,60.8
0104,Adilabad,Gadiguda,2020-04-25,0.0,21.0,52.8
0104,Adilabad,Gadiguda,2020-04-26,0.0,20.8,44.7
0104,Adilabad,Gadiguda,2020-04-27,0.0,20.1,51.4
0104,Adilabad,Gadiguda,2020-04-28,0.0,24.7,74.4
0104,Adilabad,Gadiguda,2020-04-29,0.0,25.2,62.7
0104,Adilabad,Gadiguda,2020-04-30,0.0,20.9,50.0
0104,Adilabad,Gadiguda,2020-05-01,0.0,23.2,48.9
0104,Adilabad,Gadiguda,2020-05-02,0.0,23.0,54.3
0104,Adilabad,Gadiguda,2020-05-03,0.0,15.8,40.6
0104,Adilabad,Gadiguda,2020-05-04,0.0,15.2,37.7
0104,Adilabad,Gadiguda,2020-05-05,0.0,15.4,42.8
0104,Adilabad,Gadiguda,2020-05-06,0.0,14.8,51.9
0104,Adilabad,Gadiguda,2020-05-07,0.0,20.1,66.7
0104,Adilabad,Gadiguda,2020-05-08,0.0,26.7,59.1
0104,Adilabad,Gadiguda,2020-05-09,0.0,28.8,61.1
0104,Adilabad,Gadiguda,2020-05-10,0.0,25.2,65.3
0104,Adilabad,Gadiguda,2020-05-11,0.0,25.9,62.5
0104,Adilabad,Gadiguda,2020-05-12,0.0,25.5,48.4
0104,Adilabad,Gadiguda,2020-05-13,0.0,23.3,57.0
0104,Adilabad,Gadiguda,2020-05-14,0.0,33.6,56.2
0104,Adilabad,Gadiguda,2020-05-15,0.0,24.4,51.6
0104,Adilabad,Gadiguda,2020-05-16,0.0,28.0,62.1
0104,Adilabad,Gadiguda,2020-05-17,0.0,25.4,81.4
0104,Adilabad,Gadiguda,2020-05-18,0.0,28.9,53.8
0104,Adilabad,Gadiguda,2020-05-19,0.0,17.8,52.3
0104,Adilabad,Gadiguda,2020-05-20,0.0,15.5,40.1
0104,Adilabad,Gadiguda,2020-05-21,0.0,11.2,32.6
0104,Adilabad,Gadiguda,2020-05-22,0.0,5.1,20.9
0104,Adilabad,Gadiguda,2020-05-23,0.0,4.3,19.5
0104,Adilabad,Gadiguda,2020-05-24,0.0,6.6,33.0
0104,Adilabad,Gadiguda,2020-05-25,0.0,5.8,41.7
0104,Adilabad,Gadiguda,2020-05-26,0.0,5.8,46.8
0104,Adilabad,Gadiguda,2020-05-27,0.0,9.9,47.5
0104,Adilabad,Gadiguda,2020-05-28,0.0,15.5,31.4
0104,Adilabad,Gadiguda,2020-05-29,0.0,10.1,28.2
0104,Adilabad,Gadiguda,2020-05-30,0.0,12.1,66.6
0104,Adilabad,Gadiguda,2020-05-31,0.0,21.4,58.6
0105,Adilabad,Narnoor,2020-04-01,0.0,35.4,69.2
0105,Adilabad,Narnoor,2020-04-02,0.0,26.2,64.5
0105,Adilabad,Narnoor,2020-04-03,0.0,30.0,70.4
0105,Adilabad,Narnoor,2020-04-04,0.0,31.8,74.4
0105,Adilabad,Narnoor,2020-04-05,0.0,27.3,62.8
0105,Adilabad,Narnoor,2020-04-06,0.0,22.6,67.8
0105,Adilabad,Narnoor,2020-04-07,1.2,33.1,75.1
0105,Adilabad,Narnoor,2020-04-08,0.2,26.8,81.8
0105,Adilabad,Narnoor,2020-04-09,0.0,18.7,57.5
0105,Adilabad,Narnoor,2020-04-10,0.0,28.8,85.2
0105,Adilabad,Narnoor,2020-04-11,1.8,30.2,81.6
0105,Adilabad,Narnoor,2020-04-12,0.0,33.1,63.2
0105,Adilabad,Narnoor,2020-04-13,0.0,24.6,59.1
0105,Adilabad,Narnoor,2020-04-14,0.0,22.1,50.0
0105,Adilabad,Narnoor,2020-04-15,2.0,20.4,58.0
0105,Adilabad,Narnoor,2020-04-16,0.0,23.3,50.8
0105,Adilabad,Narnoor,2020-04-17,0.0,21.7,54.9
0105,Adilabad,Narnoor,2020-04-18,0.0,24.1,65.6
0105,Adilabad,Narnoor,2020-04-19,0.0,32.7,73.4
0105,Adilabad,Narnoor,2020-04-20,0.0,35.2,67.5
0105,Adilabad,Narnoor,2020-04-21,0.0,25.9,64.3
0105,Adilabad,Narnoor,2020-04-22,0.0,28.0,66.3
0105,Adilabad,Narnoor,2020-04-23,8.0,31.9,67.5
0105,Adilabad,Narnoor,2020-04-24,0.0,25.8,75.7
0105,Adilabad,Narnoor,2020-04-25,0.0,32.5,72.0
0105,Adilabad,Narnoor,2020-04-26,0.0,22.2,90.1
0105,Adilabad,Narnoor,2020-04-27,0.0,23.2,73.9
0105,Adilabad,Narnoor,2020-04-28,0.0,23.1,75.4
0105,Adilabad,Narnoor,2020-04-29,0.0,38.8,74.7
0105,Adilabad,Narnoor,2020-04-30,0.0,39.5,67.6
0105,Adilabad,Narnoor,2020-05-01,0.0,29.1,61.6
0105,Adilabad,Narnoor,2020-05-02,0.8,33.4,58.0
0105,Adilabad,Narnoor,2020-05-03,0.0,17.1,58.2
0105,Adilabad,Narnoor,2020-05-04,0.0,16.3,51.4
0105,Adilabad,Narnoor,2020-05-05,0.0,17.8,58.5
0105,Adilabad,Narnoor,2020-05-06,0.0,16.2,62.5
0105,Adilabad,Narnoor,2020-05-07,0.0,31.5,72.1
0105,Adilabad,Narnoor,2020-05-08,0.0,43.7,64.1
0105,Adilabad,Narnoor,2020-05-09,0.0,30.9,80.6
0105,Adilabad,Narnoor,2020-05-10,0.5,28.7,63.6
0105,Adilabad,Narnoor,2020-05-11,4.8,30.7,76.4
0105,Adilabad,Narnoor,2020-05-12,0.0,28.3,68.4
0105,Adilabad,Narnoor,2020-05-13,2.9,29.9,67.4
0105,Adilabad,Narnoor,2020-05-14,0.0,34.4,63.2
0105,Adilabad,Narnoor,2020-05-15,6.9,35.0,74.1
0105,Adilabad,Narnoor,2020-05-16,7.9,32.1,75.8
0105,Adilabad,Narnoor,2020-05-17,1.2,32.2,84.4
0105,Adilabad,Narnoor,2020-05-18,0.0,31.4,69.1
0105,Adilabad,Narnoor,2020-05-19,0.0,26.2,64.4
0105,Adilabad,Narnoor,2020-05-20,0.0,20.1,51.4
0105,Adilabad,Narnoor,2020-05-21,0.0,13.5,30.6
0105,Adilabad,Narnoor,2020-05-22,0.0,9.6,25.7
0105,Adilabad,Narnoor,2020-05-23,0.0,9.7,27.2
0105,Adilabad,Narnoor,2020-05-24,0.0,12.2,44.2
0105,Adilabad,Narnoor,2020-05-25,0.0,11.2,49.7
0105,Adilabad,Narnoor,2020-05-26,0.0,11.4,63.4
0105,Adilabad,Narnoor,2020-05-27,0.0,22.9,58.0
0105,Adilabad,Narnoor,2020-05-28,0.0,16.2,51.0
0105,Adilabad,Narnoor,2020-05-29,0.0,16.3,41.5
0105,Adilabad,Narnoor,2020-05-30,3.4,19.6,75.9
0105,Adilabad,Narnoor,2020-05-31,0.0,29.7,75.3
0106,Adilabad,Inderavelly,2020-04-01,0.0,34.1,73.6
0106,Adilabad,Inderavelly,2020-04-02,0.0,19.0,65.9
0106,Adilabad,Inderavelly,2020-04-03,0.0,15.4,61.7
0106,Adilabad,Inderavelly,2020-04-04,3.0,22.9,76.6
0106,Adilabad,Inderavelly,2020-04-05,0.0,14.1,59.7
0106,Adilabad,Inderavelly,2020-04-06,0.0,12.8,65.5
0106,Adilabad,Inderavelly,2020-04-07,13.3,19.7,77.7
0106,Adilabad,Inderavelly,2020-04-08,0.0,23.1,76.4
0106,Adilabad,Inderavelly,2020-04-09,0.0,14.3,57.3
0106,Adilabad,Inderavelly,2020-04-10,0.0,10.8,83.7
0106,Adilabad,Inderavelly,2020-04-11,0.0,19.5,65.9
0106,Adilabad,Inderavelly,2020-04-12,1.0,21.7,69.7
0106,Adilabad,Inderavelly,2020-04-13,0.0,17.7,61.7
0106,Adilabad,Inderavelly,2020-04-14,0.0,15.6,63.3
0106,Adilabad,Inderavelly,2020-04-15,0.0,23.0,54.3
0106,Adilabad,Inderavelly,2020-04-16,0.0,17.1,49.8
0106,Adilabad,Inderavelly,2020-04-17,0.0,16.3,61.9
0106,Adilabad,Inderavelly,2020-04-18,0.0,14.3,63.3
0106,Adilabad,Inderavelly,2020-04-19,0.0,15.1,63.6
0106,Adilabad,Inderavelly,2020-04-20,0.0,31.0,63.9
0106,Adilabad,Inderavelly,2020-04-21,0.0,23.3,64.7
0106,Adilabad,Inderavelly,2020-04-22,0.0,24.1,62.2
0106,Adilabad,Inderavelly,2020-04-23,0.0,26.6,62.2
0106,Adilabad,Inderavelly,2020-04-24,0.0,16.7,70.4
0106,Adilabad,Inderavelly,2020-04-25,0.0,26.0,66.1
0106,Adilabad,Inderavelly,2020-04-26,0.0,18.0,83.1
0106,Adilabad,Inderavelly,2020-04-27,0.0,23.1,69.4
0106,Adilabad,Inderavelly,2020-04-28,0.0,23.2,65.5
0106,Adilabad,Inderavelly,2020-04-29,0.0,33.4,69.4
0106,Adilabad,Inderavelly,2020-04-30,0.0,48.4,55.0
0106,Adilabad,Inderavelly,2020-05-01,0.0,23.2,62.2
0106,Adilabad,Inderavelly,2020-05-02,0.0,24.2,56.7
0106,Adilabad,Inderavelly,2020-05-03,0.0,14.1,54.6
0106,Adilabad,Inderavelly,2020-05-04,0.0,14.2,55.2
0106,Adilabad,Inderavelly,2020-05-05,0.0,14.2,54.3
0106,Adilabad,Inderavelly,2020-05-06,0.0,14.2,56.4
0106,Adilabad,Inderavelly,2020-05-07,0.0,23.4,77.0
0106,Adilabad,Inderavelly,2020-05-08,0.0,39.3,62.6
0106,Adilabad,Inderavelly,2020-05-09,2.2,26.4,72.5
0106,Adilabad,Inderavelly,2020-05-10,0.8,31.2,65.5
0106,Adilabad,Inderavelly,2020-05-11,3.3,29.6,85.1
0106,Adilabad,Inderavelly,2020-05-12,0.0,23.2,58.1
0106,Adilabad,Inderavelly,2020-05-13,0.0,25.2,62.1
0106,Adilabad,Inderavelly,2020-05-14,0.0,39.4,69.9
0106,Adilabad,Inderavelly,2020-05-15,4.5,31.2,73.6
0106,Adilabad,Inderavelly,2020-05-16,6.5,31.3,74.4
0106,Adilabad,Inderavelly,2020-05-17,0.0,25.0,80.1
0106,Adilabad,Inderavelly,2020-05-18,0.0,26.6,57.7
0106,Adilabad,Inderavelly,2020-05-19,0.0,14.5,56.3
0106,Adilabad,Inderavelly,2020-05-20,0.0,14.2,44.3
0106,Adilabad,Inderavelly,2020-05-21,0.0,7.5,37.5
0106,Adilabad,Inderavelly,2020-05-22,0.0,5.7,29.1
0106,Adilabad,Inderavelly,2020-05-23,0.0,7.3,23.7
0106,Adilabad,Inderavelly,2020-05-24,0.0,8.6,34.7
0106,Adilabad,Inderavelly,2020-05-25,0.0,7.6,46.5
0106,Adilabad,Inderavelly,2020-05-26,0.0,7.7,55.0
0106,Adilabad,Inderavelly,2020-05-27,0.0,14.3,55.0
0106,Adilabad,Inderavelly,2020-05-28,0.0,14.2,39.1
0106,Adilabad,Inderavelly,2020-05-29,0.0,14.2,36.1
0106,Adilabad,Inderavelly,2020-05-30,0.0,17.4,61.0
0106,Adilabad,Inderavelly,2020-05-31,0.0,31.4,65.9
0107,Adilabad,Gudihathnur,2020-04-01,0.0,45.1,82.7
0107,Adilabad,Gudihathnur,2020-04-02,0.0,29.9,71.5
0107,Adilabad,Gudihathnur,2020-04-03,0.0,24.5,61.4
0107,Adilabad,Gudihathnur,2020-04-04,0.0,35.4,67.8
0107,Adilabad,Gudihathnur,2020-04-05,0.0,27.1,67.7
0107,Adilabad,Gudihathnur,2020-04-06,0.0,25.0,70.6
0107,Adilabad,Gudihathnur,2020-04-07,0.6,33.0,69.6
0107,Adilabad,Gudihathnur,2020-04-08,0.0,23.8,65.5
0107,Adilabad,Gudihathnur,2020-04-09,0.0,21.0,51.4
0107,Adilabad,Gudihathnur,2020-04-10,0.0,20.3,65.9
0107,Adilabad,Gudihathnur,2020-04-11,0.0,25.0,62.9
0107,Adilabad,Gudihathnur,2020-04-12,0.0,27.3,59.4
0107,Adilabad,Gudihathnur,2020-04-13,0.0,25.5,56.8
0107,Adilabad,Gudihathnur,2020-04-14,0.0,24.0,67.4
0107,Adilabad,Gudihathnur,2020-04-15,0.0,21.9,52.8
0107,Adilabad,Gudihathnur,2020-04-16,0.0,21.7,49.5
0107,Adilabad,Gudihathnur,2020-04-17,0.0,19.8,54.8
0107,Adilabad,Gudihathnur,2020-04-18,0.0,19.1,53.8
0107,Adilabad,Gudihathnur,2020-04-19,0.0,20.5,59.9
0107,Adilabad,Gudihathnur,2020-04-20,0.0,31.6,57.4
0107,Adilabad,Gudihathnur,2020-04-21,0.0,24.1,76.2
0107,Adilabad,Gudihathnur,2020-04-22,0.0,23.4,61.4
0107,Adilabad,Gudihathnur,2020-04-23,0.0,25.2,58.9
0107,Adilabad,Gudihathnur,2020-04-24,0.0,20.5,63.5
0107,Adilabad,Gudihathnur,2020-04-25,0.0,25.2,61.9
0107,Adilabad,Gudihathnur,2020-04-26,0.0,22.7,75.9
0107,Adilabad,Gudihathnur,2020-04-27,0.0,23.8,57.4
0107,Adilabad,Gudihathnur,2020-04-28,0.0,25.9,62.4
0107,Adilabad,Gudihathnur,2020-04-29,0.0,37.7,69.6
0107,Adilabad,Gudihathnur,2020-04-30,0.0,23.4,57.4
0107,Adilabad,Gudihathnur,2020-05-01,0.0,23.4,57.3
0107,Adilabad,Gudihathnur,2020-05-02,0.0,31.6,50.7
0107,Adilabad,Gudihathnur,2020-05-03,0.0,17.7,54.8
0107,Adilabad,Gudihathnur,2020-05-04,0.0,17.7,49.1
0107,Adilabad,Gudihathnur,2020-05-05,0.0,16.3,54.3
0107,Adilabad,Gudihathnur,2020-05-06,0.0,17.7,56.3
0107,Adilabad,Gudihathnur,2020-05-07,0.0,41.5,77.0
0107,Adilabad,Gudihathnur,2020-05-08,0.0,38.1,61.8
0107,Adilabad,Gudihathnur,2020-05-09,0.0,31.7,67.0
0107,Adilabad,Gudihathnur,2020-05-10,0.0,30.4,57.3
0107,Adilabad,Gudihathnur,2020-05-11,3.1,29.5,84.3
0107,Adilabad,Gudihathnur,2020-05-12,0.0,29.2,56.8
0107,Adilabad,Gudihathnur,2020-05-13,0.0,29.0,63.5
0107,Adilabad,Gudihathnur,2020-05-14,0.0,37.1,59.9
0107,Adilabad,Gudihathnur,2020-05-15,0.0,26.2,68.3
0107,Adilabad,Gudihathnur,2020-05-16,6.8,28.3,83.2
0107,Adilabad,Gudihathnur,2020-05-17,1.0,26.9,86.6
0107,Adilabad,Gudihathnur,2020-05-18,0.0,29.0,58.4
0107,Adilabad,Gudihathnur,2020-05-19,0.0,21.7,58.9
0107,Adilabad,Gudihathnur,2020-05-20,0.0,20.5,44.3
0107,Adilabad,Gudihathnur,2020-05-21,0.0,14.9,32.8
0107,Adilabad,Gudihathnur,2020-05-22,0.0,12.1,28.6
0107,Adilabad,Gudihathnur,2020-05-23,0.0,13.6,32.8
0107,Adilabad,Gudihathnur,2020-05-24,0.0,15.7,29.3
0107,Adilabad,Gudihathnur,2020-05-25,0.0,13.6,41.8
0107,Adilabad,Gudihathnur,2020-05-26,0.0,15.0,48.2
0107,Adilabad,Gudihathnur,2020-05-27,0.0,16.5,52.7
0107,Adilabad,Gudihathnur,2020-05-28,0.0,16.5,33.5
0107,Adilabad,Gudihathnur,2020-05-29,0.0,17.7,37.7
0107,Adilabad,Gudihathnur,2020-05-30,0.4,20.8,75.2
0107,Adilabad,Gudihathnur,2020-05-31,0.0,28.3,59.9
0108,Adilabad,"Adilabad Rural",2020-04-01,0.0,34.6,74.7
0108,Adilabad,"Adilabad Rural",2020-04-02,0.0,28.5,76.4
0108,Adilabad,"Adilabad Rural",2020-04-03,0.0,24.3,65.6
0108,Adilabad,"Adilabad Rural",2020-04-04,3.3,32.3,90.2
0108,Adilabad,"Adilabad Rural",2020-04-05,0.0,25.2,75.8
0108,Adilabad,"Adilabad Rural",2020-04-06,0.0,26.1,69.9
0108,Adilabad,"Adilabad Rural",2020-04-07,6.5,31.6,86.4
0108,Adilabad,"Adilabad Rural",2020-04-08,0.0,30.1,69.6
0108,Adilabad,"Adilabad Rural",2020-04-09,0.0,25.1,61.6
0108,Adilabad,"Adilabad Rural",2020-04-10,0.0,23.3,76.4
0108,Adilabad,"Adilabad Rural",2020-04-11,0.0,23.8,69.4
0108,Adilabad,"Adilabad Rural",2020-04-12,0.0,31.9,69.5
0108,Adilabad,"Adilabad Rural",2020-04-13,0.0,22.6,61.0
0108,Adilabad,"Adilabad Rural",2020-04-14,0.0,26.5,64.5
0108,Adilabad,"Adilabad Rural",2020-04-15,0.0,23.9,54.3
0108,Adilabad,"Adilabad Rural",2020-04-16,0.0,21.2,54.2
0108,Adilabad,"Adilabad Rural",2020-04-17,0.0,19.8,54.6
0108,Adilabad,"Adilabad Rural",2020-04-18,0.0,23.6,54.7
0108,Adilabad,"Adilabad Rural",2020-04-19,0.0,19.1,69.9
0108,Adilabad,"Adilabad Rural",2020-04-20,0.0,31.4,62.6
0108,Adilabad,"Adilabad Rural",2020-04-21,0.0,23.4,65.0
0108,Adilabad,"Adilabad Rural",2020-04-22,0.0,25.1,60.7
0108,Adilabad,"Adilabad Rural",2020-04-23,0.0,23.3,60.2
0108,Adilabad,"Adilabad Rural",2020-04-24,0.0,23.0,50.6
0108,Adilabad,"Adilabad Rural",2020-04-25,0.0,21.0,58.3
0108,Adilabad,"Adilabad Rural",2020-04-26,0.0,31.2,55.3
0108,Adilabad,"Adilabad Rural",2020-04-27,0.0,21.2,41.6
0108,Adilabad,"Adilabad Rural",2020-04-28,0.0,26.2,64.4
0108,Adilabad,"Adilabad Rural",2020-04-29,0.0,31.5,70.2
0108,Adilabad,"Adilabad Rural",2020-04-30,0.0,28.8,49.6
0108,Adilabad,"Adilabad Rural",2020-05-01,0.0,22.8,53.0
0108,Adilabad,"Adilabad Rural",2020-05-02,0.0,31.2,53.1
0108,Adilabad,"Adilabad Rural",2020-05-03,0.0,23.5,39.7
0108,Adilabad,"Adilabad Rural",2020-05-04,0.0,14.9,50.2
0108,Adilabad,"Adilabad Rural",2020-05-05,0.0,15.2,52.4
0108,Adilabad,"Adilabad Rural",2020-05-06,0.0,15.2,51.7
0108,Adilabad,"Adilabad Rural",2020-05-07,0.0,22.8,63.1
0108,Adilabad,"Adilabad Rural",2020-05-08,0.0,30.3,59.9
0108,Adilabad,"Adilabad Rural",2020-05-09,0.0,29.8,63.0
0108,Adilabad,"Adilabad Rural",2020-05-10,0.0,25.3,59.6
0108,Adilabad,"Adilabad Rural",2020-05-11,0.0,26.6,65.6
0108,Adilabad,"Adilabad Rural",2020-05-12,0.0,24.8,51.0
0108,Adilabad,"Adilabad Rural",2020-05-13,5.3,24.5,79.5
0108,Adilabad,"Adilabad Rural",2020-05-14,0.0,40.0,74.0
0108,Adilabad,"Adilabad Rural",2020-05-15,0.0,28.2,63.7
0108,Adilabad,"Adilabad Rural",2020-05-16,0.0,29.0,70.2
0108,Adilabad,"Adilabad Rural",2020-05-17,0.0,25.7,71.8
0108,Adilabad,"Adilabad Rural",2020-05-18,0.0,27.5,55.4
0108,Adilabad,"Adilabad Rural",2020-05-19,0.0,16.5,53.3
0108,Adilabad,"Adilabad Rural",2020-05-20,0.0,15.8,42.6
0108,Adilabad,"Adilabad Rural",2020-05-21,0.0,9.6,32.4
0108,Adilabad,"Adilabad Rural",2020-05-22,0.0,7.2,28.0
0108,Adilabad,"Adilabad Rural",2020-05-23,0.0,9.4,28.9
0108,Adilabad,"Adilabad Rural",2020-05-24,0.0,11.7,32.0
0108,Adilabad,"Adilabad Rural",2020-05-25,0.0,11.2,45.3
0108,Adilabad,"Adilabad Rural",2020-05-26,0.0,11.0,45.8
0108,Adilabad,"Adilabad Rural",2020-05-27,0.0,14.0,48.2
0108,Adilabad,"Adilabad Rural",2020-05-28,0.0,14.7,34.2
0108,Adilabad,"Adilabad Rural",2020-05-29,0.0,14.8,34.4
0108,Adilabad,"Adilabad Rural",2020-05-30,0.0,20.4,62.1
0108,Adilabad,"Adilabad Rural",2020-05-31,0.0,27.6,57.1
0109,Adilabad,"Adilabad Urban",2020-04-01,0.0,31.1,82.4
0109,Adilabad,"Adilabad Urban",2020-04-02,0.0,22.8,78.6
0109,Adilabad,"Adilabad Urban",2020-04-03,0.0,17.1,66.2
0109,Adilabad,"Adilabad Urban",2020-04-04,10.6,26.9,94.7
0109,Adilabad,"Adilabad Urban",2020-04-05,0.0,22.3,85.8
0109,Adilabad,"Adilabad Urban",2020-04-06,0.0,18.7,76.2
0109,Adilabad,"Adilabad Urban",2020-04-07,14.2,25.8,92.7
0109,Adilabad,"Adilabad Urban",2020-04-08,0.0,23.5,67.6
0109,Adilabad,"Adilabad Urban",2020-04-09,0.0,17.9,60.0
0109,Adilabad,"Adilabad Urban",2020-04-10,0.0,13.4,74.1
0109,Adilabad,"Adilabad Urban",2020-04-11,0.8,17.0,76.1
0109,Adilabad,"Adilabad Urban",2020-04-12,0.0,24.9,68.1
