dmcode,district,mandal,date,rain,humidity_min,humidity_max
0101,Adilabad,Bheempoor,2020-07-01,2.5,51.8,92.8
0101,Adilabad,Bheempoor,2020-07-02,4.0,50.4,90.3
0101,Adilabad,Bheempoor,2020-07-03,5.0,57.1,96.3
0101,Adilabad,Bheempoor,2020-07-04,0.0,64.4,89.6
0101,Adilabad,Bheempoor,2020-07-05,1.8,69.4,96.2
0101,Adilabad,Bheempoor,2020-07-06,32.5,63.2,96.9
0101,Adilabad,Bheempoor,2020-07-07,0.5,77.5,95.8
0101,Adilabad,Bheempoor,2020-07-08,1.8,64.8,94.7
0101,Adilabad,Bheempoor,2020-07-09,0.0,56.5,90.9
0101,Adilabad,Bheempoor,2020-07-10,0.5,62.8,96.6
0101,Adilabad,Bheempoor,2020-07-11,0.0,70.0,88.3
0101,Adilabad,Bheempoor,2020-07-12,0.0,58.1,85.5
0101,Adilabad,Bheempoor,2020-07-13,9.8,54.4,97.2
0101,Adilabad,Bheempoor,2020-07-14,0.0,63.2,94.3
0101,Adilabad,Bheempoor,2020-07-15,24.5,68.5,98.0
0101,Adilabad,Bheempoor,2020-07-16,13.5,87.8,97.5
0101,Adilabad,Bheempoor,2020-07-17,0.0,73.1,93.4
0101,Adilabad,Bheempoor,2020-07-18,0.0,63.5,95.7
0101,Adilabad,Bheempoor,2020-07-19,0.0,56.8,91.3
0101,Adilabad,Bheempoor,2020-07-20,18.3,60.1,96.7
0101,Adilabad,Bheempoor,2020-07-21,0.0,72.9,95.6
0101,Adilabad,Bheempoor,2020-07-22,0.0,61.4,96.6
0101,Adilabad,Bheempoor,2020-07-23,27.8,59.7,97.9
0101,Adilabad,Bheempoor,2020-07-24,13.0,90.5,98.5
0101,Adilabad,Bheempoor,2020-07-25,2.0,67.0,96.6
0101,Adilabad,Bheempoor,2020-07-26,0.0,61.2,96.3
0101,Adilabad,Bheempoor,2020-07-27,0.0,61.0,96.3
0101,Adilabad,Bheempoor,2020-07-28,0.5,49.3,97.2
0101,Adilabad,Bheempoor,2020-07-29,23.5,59.0,98.6
0101,Adilabad,Bheempoor,2020-07-30,0.0,68.9,97.9
0101,Adilabad,Bheempoor,2020-07-31,1.5,66.9,98.5
0101,Adilabad,Bheempoor,2020-08-01,3.3,62.5,97.8
0101,Adilabad,Bheempoor,2020-08-02,0.0,72.6,97.7
0101,Adilabad,Bheempoor,2020-08-03,3.0,59.7,97.6
0101,Adilabad,Bheempoor,2020-08-04,0.0,74.8,96.2
0101,Adilabad,Bheempoor,2020-08-05,0.0,75.3,92.4
0101,Adilabad,Bheempoor,2020-08-06,0.0,74.9,86.2
0101,Adilabad,Bheempoor,2020-08-07,0.0,68.8,93.2
0101,Adilabad,Bheempoor,2020-08-08,0.0,60.7,85.3
0101,Adilabad,Bheempoor,2020-08-09,0.0,70.1,95.9
0101,Adilabad,Bheempoor,2020-08-10,9.8,82.9,96.9
0101,Adilabad,Bheempoor,2020-08-11,12.5,88.1,97.3
0101,Adilabad,Bheempoor,2020-08-12,0.0,84.5,93.7
0101,Adilabad,Bheempoor,2020-08-13,32.5,76.6,97.7
0101,Adilabad,Bheempoor,2020-08-14,1.8,85.3,96.7
0101,Adilabad,Bheempoor,2020-08-15,11.8,78.1,96.1
0101,Adilabad,Bheempoor,2020-08-16,0.0,83.9,94.3
0101,Adilabad,Bheempoor,2020-08-17,27.8,91.8,97.4
0101,Adilabad,Bheempoor,2020-08-18,28.5,89.9,98.3
0101,Adilabad,Bheempoor,2020-08-19,13.3,89.2,98.1
0101,Adilabad,Bheempoor,2020-08-20,14.0,81.4,97.7
0101,Adilabad,Bheempoor,2020-08-21,1.0,85.1,94.7
0101,Adilabad,Bheempoor,2020-08-22,0.0,80.9,92.9
0101,Adilabad,Bheempoor,2020-08-23,0.0,75.1,94.8
0101,Adilabad,Bheempoor,2020-08-24,0.0,64.7,96.8
0101,Adilabad,Bheempoor,2020-08-25,0.0,64.2,96.4
0101,Adilabad,Bheempoor,2020-08-26,11.3,62.1,98.3
0101,Adilabad,Bheempoor,2020-08-27,0.0,72.6,96.5
0101,Adilabad,Bheempoor,2020-08-28,2.8,87.4,95.8
0101,Adilabad,Bheempoor,2020-08-29,1.5,83.5,97.7
0101,Adilabad,Bheempoor,2020-08-30,0.0,76.4,96.1
0101,Adilabad,Bheempoor,2020-08-31,0.0,65.0,98.6
0102,Adilabad,Jainad,2020-07-01,0.0,68.75,93.9
0102,Adilabad,Jainad,2020-07-02,0.0,61.7,90.65
0102,Adilabad,Jainad,2020-07-03,6.1,56.2,95.05
0102,Adilabad,Jainad,2020-07-04,12.0,65.5,95.25
0102,Adilabad,Jainad,2020-07-05,2.3,74.05,95.35
0102,Adilabad,Jainad,2020-07-06,18.5,64.85,98.85
0102,Adilabad,Jainad,2020-07-07,3.2,83.45,96.4
0102,Adilabad,Jainad,2020-07-08,4.1,68.8,97.7
0102,Adilabad,Jainad,2020-07-09,2.7,57.05,94.1
0102,Adilabad,Jainad,2020-07-10,47.4,65.65,99.0
0102,Adilabad,Jainad,2020-07-11,3.7,80.7,96.55
0102,Adilabad,Jainad,2020-07-12,0.0,67.75,94.25
0102,Adilabad,Jainad,2020-07-13,5.2,60.4,99.25
0102,Adilabad,Jainad,2020-07-14,10.1,70.8,96.3
0102,Adilabad,Jainad,2020-07-15,67.3,71.35,99.65
0102,Adilabad,Jainad,2020-07-16,17.8,91.25,99.05
0102,Adilabad,Jainad,2020-07-17,0.3,78.05,94.05
0102,Adilabad,Jainad,2020-07-18,0.0,66.5,93.35
0102,Adilabad,Jainad,2020-07-19,0.0,63.25,92.65
0102,Adilabad,Jainad,2020-07-20,30.4,59.95,98.95
0102,Adilabad,Jainad,2020-07-21,12.7,73.95,98.9
0102,Adilabad,Jainad,2020-07-22,0.0,67.8,98.85
0102,Adilabad,Jainad,2020-07-23,57.5,74.25,99.75
0102,Adilabad,Jainad,2020-07-24,10.9,90.75,98.85
0102,Adilabad,Jainad,2020-07-25,0.0,70.4,96.8
0102,Adilabad,Jainad,2020-07-26,0.4,65.8,97.15
0102,Adilabad,Jainad,2020-07-27,0.0,61.8,97.35
0102,Adilabad,Jainad,2020-07-28,3.2,55.15,96.05
0102,Adilabad,Jainad,2020-07-29,11.7,63.65,99.5
0102,Adilabad,Jainad,2020-07-30,0.0,72.4,98.45
0102,Adilabad,Jainad,2020-07-31,0.0,67.55,98.45
0102,Adilabad,Jainad,2020-08-01,0.0,65.05,98.15
0102,Adilabad,Jainad,2020-08-02,0.0,70.9,98.35
0102,Adilabad,Jainad,2020-08-03,4.4,57.75,99.2
0102,Adilabad,Jainad,2020-08-04,0.7,80.5,96.75
0102,Adilabad,Jainad,2020-08-05,0.0,79.25,93.05
0102,Adilabad,Jainad,2020-08-06,0.0,75.2,91.05
0102,Adilabad,Jainad,2020-08-07,3.6,72.65,93.15
0102,Adilabad,Jainad,2020-08-08,0.0,64.25,88.95
0102,Adilabad,Jainad,2020-08-09,1.8,72.25,96.9
0102,Adilabad,Jainad,2020-08-10,18.9,90.35,99.6
0102,Adilabad,Jainad,2020-08-11,10.9,94.7,99.55
0102,Adilabad,Jainad,2020-08-12,0.0,89.65,96.15
0102,Adilabad,Jainad,2020-08-13,31.5,83.8,99.7
0102,Adilabad,Jainad,2020-08-14,5.3,89.8,99.0
0102,Adilabad,Jainad,2020-08-15,10.4,86.05,99.25
0102,Adilabad,Jainad,2020-08-16,0.6,88.9,96.55
0102,Adilabad,Jainad,2020-08-17,62.8,97.45,99.8
0102,Adilabad,Jainad,2020-08-18,30.6,96.95,100.0
0102,Adilabad,Jainad,2020-08-19,36.3,95.25,99.7
0102,Adilabad,Jainad,2020-08-20,16.9,86.2,99.7
0102,Adilabad,Jainad,2020-08-21,6.0,89.5,99.2
0102,Adilabad,Jainad,2020-08-22,1.0,86.5,98.8
0102,Adilabad,Jainad,2020-08-23,0.0,77.55,94.95
0102,Adilabad,Jainad,2020-08-24,5.3,69.4,97.45
0102,Adilabad,Jainad,2020-08-25,0.3,65.65,97.1
0102,Adilabad,Jainad,2020-08-26,2.5,64.15,99.35
0102,Adilabad,Jainad,2020-08-27,0.6,75.75,98.45
0102,Adilabad,Jainad,2020-08-28,4.6,89.6,99.0
0102,Adilabad,Jainad,2020-08-29,0.9,87.6,97.5
0102,Adilabad,Jainad,2020-08-30,0.2,80.3,98.75
0102,Adilabad,Jainad,2020-08-31,2.7,70.9,98.8
0103,Adilabad,Bela,2020-07-01,15.9,61.7,93.3
0103,Adilabad,Bela,2020-07-02,0.0,57.65,88.95
0103,Adilabad,Bela,2020-07-03,14.9,58.75,93.75
0103,Adilabad,Bela,2020-07-04,8.1,69.3,93.6
0103,Adilabad,Bela,2020-07-05,0.9,78.55,93.0
0103,Adilabad,Bela,2020-07-06,14.7,63.25,97.15
0103,Adilabad,Bela,2020-07-07,1.2,79.55,93.6
0103,Adilabad,Bela,2020-07-08,0.0,65.4,95.4
0103,Adilabad,Bela,2020-07-09,6.3,55.1,94.6
0103,Adilabad,Bela,2020-07-10,55.5,66.2,97.75
0103,Adilabad,Bela,2020-07-11,12.3,79.3,95.4
0103,Adilabad,Bela,2020-07-12,0.0,64.4,93.35
0103,Adilabad,Bela,2020-07-13,22.3,59.25,97.55
0103,Adilabad,Bela,2020-07-14,5.8,70.15,93.65
0103,Adilabad,Bela,2020-07-15,5.4,71.45,97.75
0103,Adilabad,Bela,2020-07-16,40.1,87.95,97.35
0103,Adilabad,Bela,2020-07-17,0.0,79.0,92.4
0103,Adilabad,Bela,2020-07-18,0.0,64.5,88.5
0103,Adilabad,Bela,2020-07-19,0.0,57.45,90.2
0103,Adilabad,Bela,2020-07-20,25.2,59.15,96.7
0103,Adilabad,Bela,2020-07-21,3.9,70.9,96.35
0103,Adilabad,Bela,2020-07-22,0.1,63.1,96.65
0103,Adilabad,Bela,2020-07-23,47.6,70.5,98.05
0103,Adilabad,Bela,2020-07-24,10.4,86.7,96.2
0103,Adilabad,Bela,2020-07-25,30.9,66.75,95.65
0103,Adilabad,Bela,2020-07-26,0.0,64.25,95.4
0103,Adilabad,Bela,2020-07-27,0.0,60.0,94.9
0103,Adilabad,Bela,2020-07-28,0.0,54.1,92.2
0103,Adilabad,Bela,2020-07-29,84.4,63.35,98.3
0103,Adilabad,Bela,2020-07-30,1.0,72.1,96.9
0103,Adilabad,Bela,2020-07-31,0.4,64.85,97.1
0103,Adilabad,Bela,2020-08-01,0.0,63.7,96.1
0103,Adilabad,Bela,2020-08-02,0.0,71.95,96.7
0103,Adilabad,Bela,2020-08-03,33.0,58.15,98.15
0103,Adilabad,Bela,2020-08-04,6.0,75.05,96.4
0103,Adilabad,Bela,2020-08-05,0.0,75.7,92.7
0103,Adilabad,Bela,2020-08-06,0.0,75.0,88.1
0103,Adilabad,Bela,2020-08-07,0.0,69.55,86.75
0103,Adilabad,Bela,2020-08-08,0.0,63.7,89.4
0103,Adilabad,Bela,2020-08-09,0.0,71.75,93.55
0103,Adilabad,Bela,2020-08-10,14.0,88.4,97.9
0103,Adilabad,Bela,2020-08-11,2.7,91.45,97.35
0103,Adilabad,Bela,2020-08-12,0.0,87.55,93.65
0103,Adilabad,Bela,2020-08-13,13.5,80.55,98.0
0103,Adilabad,Bela,2020-08-14,0.4,87.95,96.55
0103,Adilabad,Bela,2020-08-15,7.3,82.85,97.25
0103,Adilabad,Bela,2020-08-16,0.9,87.15,94.25
0103,Adilabad,Bela,2020-08-17,50.3,96.25,98.6
0103,Adilabad,Bela,2020-08-18,16.6,93.85,98.3
0103,Adilabad,Bela,2020-08-19,21.1,91.05,98.5
0103,Adilabad,Bela,2020-08-20,11.1,85.65,98.4
0103,Adilabad,Bela,2020-08-21,2.1,87.7,96.8
0103,Adilabad,Bela,2020-08-22,0.3,84.1,96.25
0103,Adilabad,Bela,2020-08-23,0.0,73.3,91.0
0103,Adilabad,Bela,2020-08-24,2.9,68.2,94.75
0103,Adilabad,Bela,2020-08-25,0.0,64.2,93.8
0103,Adilabad,Bela,2020-08-26,2.7,66.65,97.95
0103,Adilabad,Bela,2020-08-27,0.0,73.7,96.2
0103,Adilabad,Bela,2020-08-28,3.8,88.65,96.35
0103,Adilabad,Bela,2020-08-29,0.0,84.45,94.95
0103,Adilabad,Bela,2020-08-30,0.0,75.25,95.9
0103,Adilabad,Bela,2020-08-31,0.1,64.75,96.55
0104,Adilabad,Gadiguda,2020-07-01,27.8,57.1,94.8
0104,Adilabad,Gadiguda,2020-07-02,0.0,64.7,93.9
0104,Adilabad,Gadiguda,2020-07-03,0.0,60.2,95.4
0104,Adilabad,Gadiguda,2020-07-04,16.2,72.1,94.5
0104,Adilabad,Gadiguda,2020-07-05,0.0,79.9,94.1
0104,Adilabad,Gadiguda,2020-07-06,28.2,66.9,98.4
0104,Adilabad,Gadiguda,2020-07-07,10.4,82.7,95.2
0104,Adilabad,Gadiguda,2020-07-08,1.3,70.3,96.5
0104,Adilabad,Gadiguda,2020-07-09,0.0,55.9,94.7
0104,Adilabad,Gadiguda,2020-07-10,1.8,74.9,95.6
0104,Adilabad,Gadiguda,2020-07-11,4.3,80.3,95.8
0104,Adilabad,Gadiguda,2020-07-12,0.0,64.3,91.4
0104,Adilabad,Gadiguda,2020-07-13,22.5,61.6,98.1
0104,Adilabad,Gadiguda,2020-07-14,0.0,72.9,95.0
0104,Adilabad,Gadiguda,2020-07-15,5.3,73.2,98.5
0104,Adilabad,Gadiguda,2020-07-16,18.3,93.3,98.1
0104,Adilabad,Gadiguda,2020-07-17,4.0,83.5,94.6
0104,Adilabad,Gadiguda,2020-07-18,0.0,64.2,92.0
0104,Adilabad,Gadiguda,2020-07-19,0.5,63.1,90.2
0104,Adilabad,Gadiguda,2020-07-20,9.5,65.3,97.0
0104,Adilabad,Gadiguda,2020-07-21,31.0,70.8,96.3
0104,Adilabad,Gadiguda,2020-07-22,0.5,69.7,96.2
0104,Adilabad,Gadiguda,2020-07-23,14.0,75.0,98.3
0104,Adilabad,Gadiguda,2020-07-24,3.0,86.7,96.6
0104,Adilabad,Gadiguda,2020-07-25,0.0,69.6,94.8
0104,Adilabad,Gadiguda,2020-07-26,0.0,67.6,96.0
0104,Adilabad,Gadiguda,2020-07-27,0.0,58.7,94.4
0104,Adilabad,Gadiguda,2020-07-28,0.0,53.9,91.0
0104,Adilabad,Gadiguda,2020-07-29,12.3,68.0,98.1
0104,Adilabad,Gadiguda,2020-07-30,0.0,73.4,96.9
0104,Adilabad,Gadiguda,2020-07-31,5.0,68.0,96.9
0104,Adilabad,Gadiguda,2020-08-01,0.0,68.3,96.2
0104,Adilabad,Gadiguda,2020-08-02,0.0,73.1,96.5
0104,Adilabad,Gadiguda,2020-08-03,2.0,62.4,97.4
0104,Adilabad,Gadiguda,2020-08-04,0.0,73.8,96.3
0104,Adilabad,Gadiguda,2020-08-05,0.0,78.1,94.5
0104,Adilabad,Gadiguda,2020-08-06,0.0,77.5,92.4
0104,Adilabad,Gadiguda,2020-08-07,2.8,74.4,91.5
0104,Adilabad,Gadiguda,2020-08-08,0.0,65.1,91.6
0104,Adilabad,Gadiguda,2020-08-09,1.0,74.4,92.5
0104,Adilabad,Gadiguda,2020-08-10,14.0,88.2,97.1
0104,Adilabad,Gadiguda,2020-08-11,8.0,93.6,96.5
0104,Adilabad,Gadiguda,2020-08-12,0.0,86.3,92.0
0104,Adilabad,Gadiguda,2020-08-13,9.3,77.7,95.8
0104,Adilabad,Gadiguda,2020-08-14,1.3,87.6,95.7
0104,Adilabad,Gadiguda,2020-08-15,3.0,80.7,93.9
0104,Adilabad,Gadiguda,2020-08-16,1.0,87.2,93.9
0104,Adilabad,Gadiguda,2020-08-17,49.3,95.3,97.2
0104,Adilabad,Gadiguda,2020-08-18,20.5,92.2,96.8
0104,Adilabad,Gadiguda,2020-08-19,29.5,90.4,95.7
0104,Adilabad,Gadiguda,2020-08-20,4.3,84.1,95.4
0104,Adilabad,Gadiguda,2020-08-21,3.3,86.9,95.9
0104,Adilabad,Gadiguda,2020-08-22,1.8,83.2,95.3
0104,Adilabad,Gadiguda,2020-08-23,0.0,73.5,87.7
0104,Adilabad,Gadiguda,2020-08-24,10.5,69.5,92.2
0104,Adilabad,Gadiguda,2020-08-25,0.0,65.6,89.6
0104,Adilabad,Gadiguda,2020-08-26,0.0,66.6,92.4
0104,Adilabad,Gadiguda,2020-08-27,0.0,72.6,91.5
0104,Adilabad,Gadiguda,2020-08-28,2.3,86.6,93.4
0104,Adilabad,Gadiguda,2020-08-29,0.0,81.5,90.7
0104,Adilabad,Gadiguda,2020-08-30,4.3,73.8,94.1
0104,Adilabad,Gadiguda,2020-08-31,0.8,65.0,91.8
0105,Adilabad,Narnoor,2020-07-01,28.9,53.1,97.5
0105,Adilabad,Narnoor,2020-07-02,7.9,71.2,99.1
0105,Adilabad,Narnoor,2020-07-03,2.4,60.3,97.5
0105,Adilabad,Narnoor,2020-07-04,11.8,72.9,98.5
0105,Adilabad,Narnoor,2020-07-05,4.4,80.0,98.9
0105,Adilabad,Narnoor,2020-07-06,39.8,69.6,100.0
0105,Adilabad,Narnoor,2020-07-07,6.0,86.1,98.0
0105,Adilabad,Narnoor,2020-07-08,0.0,72.0,98.0
0105,Adilabad,Narnoor,2020-07-09,0.0,56.8,96.5
0105,Adilabad,Narnoor,2020-07-10,3.4,73.4,97.5
0105,Adilabad,Narnoor,2020-07-11,4.9,80.8,97.0
0105,Adilabad,Narnoor,2020-07-12,0.0,62.3,94.9
0105,Adilabad,Narnoor,2020-07-13,66.4,63.3,99.2
0105,Adilabad,Narnoor,2020-07-14,0.4,76.3,97.6
0105,Adilabad,Narnoor,2020-07-15,18.3,74.5,99.9
0105,Adilabad,Narnoor,2020-07-16,19.5,92.4,99.9
0105,Adilabad,Narnoor,2020-07-17,0.0,85.7,96.9
0105,Adilabad,Narnoor,2020-07-18,0.0,69.4,96.9
0105,Adilabad,Narnoor,2020-07-19,0.0,70.9,97.6
0105,Adilabad,Narnoor,2020-07-20,4.5,70.9,98.7
0105,Adilabad,Narnoor,2020-07-21,65.0,69.9,99.6
0105,Adilabad,Narnoor,2020-07-22,0.0,76.7,97.0
0105,Adilabad,Narnoor,2020-07-23,50.9,80.1,99.3
0105,Adilabad,Narnoor,2020-07-24,11.7,91.9,98.9
0105,Adilabad,Narnoor,2020-07-25,2.6,77.5,97.0
0105,Adilabad,Narnoor,2020-07-26,0.0,72.8,97.1
0105,Adilabad,Narnoor,2020-07-27,0.0,62.7,97.3
0105,Adilabad,Narnoor,2020-07-28,0.0,59.4,95.0
0105,Adilabad,Narnoor,2020-07-29,52.1,72.4,98.8
0105,Adilabad,Narnoor,2020-07-30,2.5,76.3,97.5
0105,Adilabad,Narnoor,2020-07-31,33.7,71.9,97.3
0105,Adilabad,Narnoor,2020-08-01,0.0,67.5,96.9
0105,Adilabad,Narnoor,2020-08-02,61.4,72.4,97.3
0105,Adilabad,Narnoor,2020-08-03,2.5,67.6,97.5
0105,Adilabad,Narnoor,2020-08-04,0.0,76.7,97.8
0105,Adilabad,Narnoor,2020-08-05,0.0,78.9,96.9
0105,Adilabad,Narnoor,2020-08-06,0.3,83.9,96.9
0105,Adilabad,Narnoor,2020-08-07,7.1,79.0,97.1
0105,Adilabad,Narnoor,2020-08-08,0.0,72.2,96.9
0105,Adilabad,Narnoor,2020-08-09,0.9,76.9,95.0
0105,Adilabad,Narnoor,2020-08-10,18.0,87.9,98.6
0105,Adilabad,Narnoor,2020-08-11,5.7,93.2,98.1
0105,Adilabad,Narnoor,2020-08-12,0.0,83.9,91.0
0105,Adilabad,Narnoor,2020-08-13,2.6,74.8,94.4
0105,Adilabad,Narnoor,2020-08-14,0.5,84.1,99.0
0105,Adilabad,Narnoor,2020-08-15,5.6,78.9,92.1
0105,Adilabad,Narnoor,2020-08-16,5.6,94.6,98.4
0105,Adilabad,Narnoor,2020-08-17,54.6,95.1,99.6
0105,Adilabad,Narnoor,2020-08-18,26.9,89.6,99.3
0105,Adilabad,Narnoor,2020-08-19,25.3,90.5,94.9
0105,Adilabad,Narnoor,2020-08-20,3.0,80.8,92.9
0105,Adilabad,Narnoor,2020-08-21,7.1,84.3,98.7
0105,Adilabad,Narnoor,2020-08-22,1.5,80.3,100.0
0105,Adilabad,Narnoor,2020-08-23,0.3,73.4,88.6
0105,Adilabad,Narnoor,2020-08-24,13.5,70.6,92.9
0105,Adilabad,Narnoor,2020-08-25,0.3,67.3,88.1
0105,Adilabad,Narnoor,2020-08-26,0.4,65.3,88.1
0105,Adilabad,Narnoor,2020-08-27,0.0,71.1,88.1
0105,Adilabad,Narnoor,2020-08-28,5.5,84.3,91.5
0105,Adilabad,Narnoor,2020-08-29,0.0,78.9,89.1
0105,Adilabad,Narnoor,2020-08-30,7.5,71.9,93.4
0105,Adilabad,Narnoor,2020-08-31,0.0,65.8,89.1
0106,Adilabad,Inderavelly,2020-07-01,5.1,55.7,100.0
0106,Adilabad,Inderavelly,2020-07-02,30.8,75.1,100.0
0106,Adilabad,Inderavelly,2020-07-03,8.1,56.5,100.0
0106,Adilabad,Inderavelly,2020-07-04,19.6,89.2,100.0
0106,Adilabad,Inderavelly,2020-07-05,3.8,73.9,100.0
0106,Adilabad,Inderavelly,2020-07-06,54.2,90.8,100.0
0106,Adilabad,Inderavelly,2020-07-07,1.0,56.5,100.0
0106,Adilabad,Inderavelly,2020-07-08,5.0,56.5,100.0
0106,Adilabad,Inderavelly,2020-07-09,4.6,56.5,100.0
0106,Adilabad,Inderavelly,2020-07-10,15.0,65.2,95.0
0106,Adilabad,Inderavelly,2020-07-11,5.5,73.9,93.6
0106,Adilabad,Inderavelly,2020-07-12,0.0,60.6,88.2
0106,Adilabad,Inderavelly,2020-07-13,82.3,58.0,99.9
0106,Adilabad,Inderavelly,2020-07-14,0.0,71.3,99.9
0106,Adilabad,Inderavelly,2020-07-15,71.0,82.8,99.9
0106,Adilabad,Inderavelly,2020-07-16,12.1,89.6,99.9
0106,Adilabad,Inderavelly,2020-07-17,0.0,81.9,99.9
0106,Adilabad,Inderavelly,2020-07-18,0.0,60.3,99.9
0106,Adilabad,Inderavelly,2020-07-19,0.0,71.1,99.9
0106,Adilabad,Inderavelly,2020-07-20,27.1,72.3,99.9
0106,Adilabad,Inderavelly,2020-07-21,0.0,89.8,99.9
0106,Adilabad,Inderavelly,2020-07-22,0.0,69.5,99.9
0106,Adilabad,Inderavelly,2020-07-23,67.8,72.9,99.9
0106,Adilabad,Inderavelly,2020-07-24,13.1,96.7,99.9
0106,Adilabad,Inderavelly,2020-07-25,0.0,78.1,99.9
0106,Adilabad,Inderavelly,2020-07-26,0.0,73.2,99.9
0106,Adilabad,Inderavelly,2020-07-27,0.0,56.6,99.9
0106,Adilabad,Inderavelly,2020-07-28,0.0,56.9,99.9
0106,Adilabad,Inderavelly,2020-07-29,38.7,75.7,99.9
0106,Adilabad,Inderavelly,2020-07-30,15.4,68.5,99.9
0106,Adilabad,Inderavelly,2020-07-31,0.0,64.4,99.9
0106,Adilabad,Inderavelly,2020-08-01,0.0,62.1,99.9
0106,Adilabad,Inderavelly,2020-08-02,50.5,71.1,99.9
0106,Adilabad,Inderavelly,2020-08-03,0.3,70.2,99.9
0106,Adilabad,Inderavelly,2020-08-04,3.5,84.7,99.9
0106,Adilabad,Inderavelly,2020-08-05,0.0,76.6,99.9
0106,Adilabad,Inderavelly,2020-08-06,0.0,79.6,99.9
0106,Adilabad,Inderavelly,2020-08-07,0.5,72.1,99.9
0106,Adilabad,Inderavelly,2020-08-08,0.0,65.0,99.9
0106,Adilabad,Inderavelly,2020-08-09,0.0,78.5,99.9
0106,Adilabad,Inderavelly,2020-08-10,17.1,82.0,99.9
0106,Adilabad,Inderavelly,2020-08-11,21.1,94.6,99.9
0106,Adilabad,Inderavelly,2020-08-12,0.0,86.4,99.9
0106,Adilabad,Inderavelly,2020-08-13,19.5,79.6,99.9
0106,Adilabad,Inderavelly,2020-08-14,8.2,88.5,99.9
0106,Adilabad,Inderavelly,2020-08-15,4.2,83.5,99.9
0106,Adilabad,Inderavelly,2020-08-16,2.6,86.7,94.4
0106,Adilabad,Inderavelly,2020-08-17,68.7,92.9,99.9
0106,Adilabad,Inderavelly,2020-08-18,39.0,92.5,97.6
0106,Adilabad,Inderavelly,2020-08-19,23.5,92.5,98.0
0106,Adilabad,Inderavelly,2020-08-20,28.3,84.5,99.9
0106,Adilabad,Inderavelly,2020-08-21,8.5,93.4,99.9
0106,Adilabad,Inderavelly,2020-08-22,2.1,88.0,99.9
0106,Adilabad,Inderavelly,2020-08-23,0.0,71.2,95.0
0106,Adilabad,Inderavelly,2020-08-24,26.4,67.7,95.0
0106,Adilabad,Inderavelly,2020-08-25,0.7,71.6,90.8
0106,Adilabad,Inderavelly,2020-08-26,0.0,61.1,99.9
0106,Adilabad,Inderavelly,2020-08-27,0.0,68.1,94.0
0106,Adilabad,Inderavelly,2020-08-28,5.6,88.2,96.3
0106,Adilabad,Inderavelly,2020-08-29,0.0,82.2,100.0
0106,Adilabad,Inderavelly,2020-08-30,7.3,74.0,100.0
0106,Adilabad,Inderavelly,2020-08-31,1.2,65.1,97.8
0107,Adilabad,Gudihathnur,2020-07-01,8.9,56.2,93.4
0107,Adilabad,Gudihathnur,2020-07-02,2.3,60.4,91.9
0107,Adilabad,Gudihathnur,2020-07-03,0.4,55.2,89.5
0107,Adilabad,Gudihathnur,2020-07-04,62.4,58.3,93.9
0107,Adilabad,Gudihathnur,2020-07-05,0.0,67.5,88.5
0107,Adilabad,Gudihathnur,2020-07-06,50.2,61.4,93.5
0107,Adilabad,Gudihathnur,2020-07-07,0.0,69.4,91.9
0107,Adilabad,Gudihathnur,2020-07-08,0.0,61.4,90.6
0107,Adilabad,Gudihathnur,2020-07-09,0.0,49.0,87.1
0107,Adilabad,Gudihathnur,2020-07-10,3.1,56.2,90.0
0107,Adilabad,Gudihathnur,2020-07-11,0.8,67.5,87.5
0107,Adilabad,Gudihathnur,2020-07-12,0.0,55.7,86.6
0107,Adilabad,Gudihathnur,2020-07-13,29.5,51.9,93.9
0107,Adilabad,Gudihathnur,2020-07-14,0.0,63.5,93.9
0107,Adilabad,Gudihathnur,2020-07-15,6.6,59.9,94.1
0107,Adilabad,Gudihathnur,2020-07-16,4.5,84.6,94.9
0107,Adilabad,Gudihathnur,2020-07-17,0.0,69.0,90.0
0107,Adilabad,Gudihathnur,2020-07-18,0.0,55.2,93.8
0107,Adilabad,Gudihathnur,2020-07-19,0.0,58.8,95.9
0107,Adilabad,Gudihathnur,2020-07-20,17.5,63.2,100.0
0107,Adilabad,Gudihathnur,2020-07-21,2.3,72.5,99.9
0107,Adilabad,Gudihathnur,2020-07-22,0.0,69.9,99.7
0107,Adilabad,Gudihathnur,2020-07-23,49.7,66.9,98.7
0107,Adilabad,Gudihathnur,2020-07-24,9.5,96.3,99.0
0107,Adilabad,Gudihathnur,2020-07-25,2.6,65.3,97.1
0107,Adilabad,Gudihathnur,2020-07-26,0.0,59.1,99.3
0107,Adilabad,Gudihathnur,2020-07-27,0.0,56.8,97.7
0107,Adilabad,Gudihathnur,2020-07-28,0.0,55.8,96.5
0107,Adilabad,Gudihathnur,2020-07-29,11.4,63.0,99.7
0107,Adilabad,Gudihathnur,2020-07-30,39.5,69.6,99.9
0107,Adilabad,Gudihathnur,2020-07-31,0.0,65.1,98.6
0107,Adilabad,Gudihathnur,2020-08-01,0.0,63.5,93.2
0107,Adilabad,Gudihathnur,2020-08-02,6.8,65.6,99.5
0107,Adilabad,Gudihathnur,2020-08-03,3.6,65.3,97.0
0107,Adilabad,Gudihathnur,2020-08-04,2.3,73.7,96.9
0107,Adilabad,Gudihathnur,2020-08-05,0.0,74.9,94.7
0107,Adilabad,Gudihathnur,2020-08-06,1.7,73.1,93.5
0107,Adilabad,Gudihathnur,2020-08-07,0.0,72.3,96.6
0107,Adilabad,Gudihathnur,2020-08-08,0.0,59.3,83.6
0107,Adilabad,Gudihathnur,2020-08-09,0.0,61.9,84.1
0107,Adilabad,Gudihathnur,2020-08-10,12.8,72.8,92.9
0107,Adilabad,Gudihathnur,2020-08-11,3.9,85.6,92.6
0107,Adilabad,Gudihathnur,2020-08-12,0.0,79.3,88.0
0107,Adilabad,Gudihathnur,2020-08-13,16.4,74.2,93.0
0107,Adilabad,Gudihathnur,2020-08-14,10.2,83.6,93.0
0107,Adilabad,Gudihathnur,2020-08-15,9.8,73.2,92.0
0107,Adilabad,Gudihathnur,2020-08-16,0.7,81.7,88.5
0107,Adilabad,Gudihathnur,2020-08-17,61.1,86.6,93.5
0107,Adilabad,Gudihathnur,2020-08-18,27.6,90.1,93.5
0107,Adilabad,Gudihathnur,2020-08-19,18.1,89.5,94.4
0107,Adilabad,Gudihathnur,2020-08-20,26.6,76.1,93.9
0107,Adilabad,Gudihathnur,2020-08-21,9.9,84.6,93.4
0107,Adilabad,Gudihathnur,2020-08-22,0.8,77.1,93.0
0107,Adilabad,Gudihathnur,2020-08-23,0.0,67.5,90.9
0107,Adilabad,Gudihathnur,2020-08-24,6.9,63.0,90.6
0107,Adilabad,Gudihathnur,2020-08-25,0.0,59.3,90.9
0107,Adilabad,Gudihathnur,2020-08-26,0.0,59.9,89.5
0107,Adilabad,Gudihathnur,2020-08-27,3.8,64.0,93.4
0107,Adilabad,Gudihathnur,2020-08-28,4.0,82.2,92.9
0107,Adilabad,Gudihathnur,2020-08-29,0.0,78.5,90.0
0107,Adilabad,Gudihathnur,2020-08-30,2.0,70.9,93.5
0107,Adilabad,Gudihathnur,2020-08-31,2.4,62.5,94.1
0108,Adilabad,"Adilabad Rural",2020-07-01,1.5,65.7,91.3
0108,Adilabad,"Adilabad Rural",2020-07-02,0.0,59.5,84.3
0108,Adilabad,"Adilabad Rural",2020-07-03,12.5,59.1,95.0
0108,Adilabad,"Adilabad Rural",2020-07-04,1.3,71.4,95.3
0108,Adilabad,"Adilabad Rural",2020-07-05,0.0,77.2,90.0
0108,Adilabad,"Adilabad Rural",2020-07-06,25.0,70.9,97.2
0108,Adilabad,"Adilabad Rural",2020-07-07,0.0,74.6,96.6
0108,Adilabad,"Adilabad Rural",2020-07-08,0.0,63.2,94.9
0108,Adilabad,"Adilabad Rural",2020-07-09,0.0,84.3,87.3
0108,Adilabad,"Adilabad Rural",2020-07-10,1.8,63.5,97.1
0108,Adilabad,"Adilabad Rural",2020-07-11,4.8,76.9,97.2
0108,Adilabad,"Adilabad Rural",2020-07-12,0.0,63.7,85.2
0108,Adilabad,"Adilabad Rural",2020-07-13,60.2,58.6,99.7
0108,Adilabad,"Adilabad Rural",2020-07-14,0.0,71.4,97.6
0108,Adilabad,"Adilabad Rural",2020-07-15,18.3,71.0,98.8
0108,Adilabad,"Adilabad Rural",2020-07-16,5.5,90.8,97.8
0108,Adilabad,"Adilabad Rural",2020-07-17,2.5,83.8,98.0
0108,Adilabad,"Adilabad Rural",2020-07-18,0.0,68.2,96.0
0108,Adilabad,"Adilabad Rural",2020-07-19,0.0,66.7,95.1
0108,Adilabad,"Adilabad Rural",2020-07-20,14.4,57.9,91.5
0108,Adilabad,"Adilabad Rural",2020-07-21,6.4,73.7,99.9
0108,Adilabad,"Adilabad Rural",2020-07-22,9.0,65.9,99.9
0108,Adilabad,"Adilabad Rural",2020-07-23,39.0,74.3,99.7
0108,Adilabad,"Adilabad Rural",2020-07-24,15.3,93.0,99.6
0108,Adilabad,"Adilabad Rural",2020-07-25,0.0,70.9,97.2
0108,Adilabad,"Adilabad Rural",2020-07-26,0.0,63.5,96.9
0108,Adilabad,"Adilabad Rural",2020-07-27,0.5,60.8,97.6
0108,Adilabad,"Adilabad Rural",2020-07-28,0.0,51.6,97.6
0108,Adilabad,"Adilabad Rural",2020-07-29,54.0,65.2,99.8
0108,Adilabad,"Adilabad Rural",2020-07-30,0.0,72.2,99.7
0108,Adilabad,"Adilabad Rural",2020-07-31,0.0,66.1,99.5
0108,Adilabad,"Adilabad Rural",2020-08-01,0.0,59.5,97.1
0108,Adilabad,"Adilabad Rural",2020-08-02,1.3,66.3,99.8
0108,Adilabad,"Adilabad Rural",2020-08-03,4.0,63.6,99.6
0108,Adilabad,"Adilabad Rural",2020-08-04,0.0,77.5,93.8
0108,Adilabad,"Adilabad Rural",2020-08-05,0.0,77.1,93.0
0108,Adilabad,"Adilabad Rural",2020-08-06,0.0,77.5,93.3
0108,Adilabad,"Adilabad Rural",2020-08-07,0.0,73.2,90.8
0108,Adilabad,"Adilabad Rural",2020-08-08,2.5,66.9,91.9
0108,Adilabad,"Adilabad Rural",2020-08-09,0.0,75.2,97.6
0108,Adilabad,"Adilabad Rural",2020-08-10,17.0,86.7,99.9
0108,Adilabad,"Adilabad Rural",2020-08-11,14.3,94.5,99.9
0108,Adilabad,"Adilabad Rural",2020-08-12,0.0,89.7,97.2
0108,Adilabad,"Adilabad Rural",2020-08-13,23.0,80.1,99.9
0108,Adilabad,"Adilabad Rural",2020-08-14,4.3,90.1,99.9
0108,Adilabad,"Adilabad Rural",2020-08-15,6.8,85.7,99.4
0108,Adilabad,"Adilabad Rural",2020-08-16,0.0,89.4,97.1
0108,Adilabad,"Adilabad Rural",2020-08-17,76.0,97.2,99.9
0108,Adilabad,"Adilabad Rural",2020-08-18,74.5,94.0,99.9
0108,Adilabad,"Adilabad Rural",2020-08-19,64.5,94.1,99.9
0108,Adilabad,"Adilabad Rural",2020-08-20,33.0,81.4,99.9
0108,Adilabad,"Adilabad Rural",2020-08-21,0.8,85.4,99.9
0108,Adilabad,"Adilabad Rural",2020-08-22,0.0,85.5,99.6
0108,Adilabad,"Adilabad Rural",2020-08-23,0.0,70.8,86.6
0108,Adilabad,"Adilabad Rural",2020-08-24,0.5,64.1,90.9
0108,Adilabad,"Adilabad Rural",2020-08-25,0.0,66.6,97.2
0108,Adilabad,"Adilabad Rural",2020-08-26,0.5,58.9,99.9
0108,Adilabad,"Adilabad Rural",2020-08-27,0.5,68.0,99.9
0108,Adilabad,"Adilabad Rural",2020-08-28,4.5,86.2,99.0
0108,Adilabad,"Adilabad Rural",2020-08-29,0.0,79.2,93.3
0108,Adilabad,"Adilabad Rural",2020-08-30,2.3,76.9,98.4
0108,Adilabad,"Adilabad Rural",2020-08-31,2.8,64.3,99.9
0109,Adilabad,"Adilabad Urban",2020-07-01,0.0,74.2,96.4
0109,Adilabad,"Adilabad Urban",2020-07-02,0.7,68.45,93.9
0109,Adilabad,"Adilabad Urban",2020-07-03,25.1,56.75,97.2
0109,Adilabad,"Adilabad Urban",2020-07-04,0.3,70.9,95.75
