year,season,districtname,mandalname,crop,normalareasown,actualareasown
2018-2019,Kharif,Siddipet,Dubbak,Paddy,2089.152,1968.4
2018-2019,Kharif,Siddipet,"Siddipet Rural",Paddy,1771.712,1540.4
2018-2019,Kharif,Siddipet,Chinnakodur,Paddy,2084.192,1740.8
2018-2019,Kharif,Siddipet,Bejjanki,Paddy,1217.184,792
2018-2019,Kharif,Siddipet,Koheda,Paddy,2346.08,2324.8
2018-2019,Kharif,Siddipet,Husnabad,Paddy,1270.752,1720.8
2018-2019,Kharif,Siddipet,Akkannapet,Paddy,1933.408,2280.8
2018-2019,Kharif,Siddipet,Nanganoor,Paddy,1869.92,1809.2
2018-2019,Kharif,Siddipet,"Siddipet Urban",Paddy,1212.224,1141.2
2018-2019,Kharif,Siddipet,Thoguta,Paddy,1815.36,1726
2018-2019,Kharif,Siddipet,Mirdoddi,Paddy,2010.784,1946.8
2018-2019,Kharif,Siddipet,Doulthabad,Paddy,722.176,530
2018-2019,Kharif,Siddipet,Raypole,Paddy,694.4,668
2018-2019,Kharif,Siddipet,Wargal,Paddy,1029.696,730.8
2018-2019,Kharif,Siddipet,Mulugu,Paddy,1008.864,773.76
2018-2019,Kharif,Siddipet,Markook,Paddy,508.896,394.8
2018-2019,Kharif,Siddipet,Jagdevpur,Paddy,906.688,756.8
2018-2019,Kharif,Siddipet,Gajwel,Paddy,1162.624,820.4
2018-2019,Kharif,Siddipet,Kondapak,Paddy,1527.68,1286
2018-2019,Kharif,Siddipet,Komuravelly,Paddy,709.28,880
2018-2019,Kharif,Siddipet,Cherial,Paddy,1609.024,1685.408
2018-2019,Kharif,Siddipet,Maddur,Paddy,1744.928,2420.8
2018-2019,Kharif,Siddipet,Dubbak,Maize,8729.6,8086
2018-2019,Kharif,Siddipet,"Siddipet Rural",Maize,6127.584,5296
2018-2019,Kharif,Siddipet,Chinnakodur,Maize,5765.504,5926
2018-2019,Kharif,Siddipet,Bejjanki,Maize,585.28,540
2018-2019,Kharif,Siddipet,Koheda,Maize,1681.44,1754
2018-2019,Kharif,Siddipet,Husnabad,Maize,1723.104,1261.824
2018-2019,Kharif,Siddipet,Akkannapet,Maize,3727.936,3608
2018-2019,Kharif,Siddipet,Nanganoor,Maize,4485.824,4328.4
2018-2019,Kharif,Siddipet,"Siddipet Urban",Maize,2588.128,2404
2018-2019,Kharif,Siddipet,Thoguta,Maize,4787.392,3661.6
2018-2019,Kharif,Siddipet,Mirdoddi,Maize,8073.888,7794.8
2018-2019,Kharif,Siddipet,Doulthabad,Maize,5414.336,5240.8
2018-2019,Kharif,Siddipet,Raypole,Maize,3563.264,3025.6
2018-2019,Kharif,Siddipet,Wargal,Maize,2278.624,2323.2
2018-2019,Kharif,Siddipet,Mulugu,Maize,1842.144,1800.8
2018-2019,Kharif,Siddipet,Markook,Maize,2524.64,2492.4
2018-2019,Kharif,Siddipet,Jagdevpur,Maize,4831.04,4356.8
2018-2019,Kharif,Siddipet,Gajwel,Maize,5286.368,5221.6
2018-2019,Kharif,Siddipet,Kondapak,Maize,3319.232,3273.6
2018-2019,Kharif,Siddipet,Komuravelly,Maize,986.048,615.04
2018-2019,Kharif,Siddipet,Cherial,Maize,3364.864,3185.6
2018-2019,Kharif,Siddipet,Maddur,Maize,2586.144,2636
2018-2019,Kharif,Siddipet,Dubbak,Cotton,669.6,952.8
2018-2019,Kharif,Siddipet,"Siddipet Rural",Cotton,1168.576,2063.36
2018-2019,Kharif,Siddipet,Chinnakodur,Cotton,2101.056,2008.4
2018-2019,Kharif,Siddipet,Bejjanki,Cotton,7465.792,7500
2018-2019,Kharif,Siddipet,Koheda,Cotton,6239.68,6085.6
2018-2019,Kharif,Siddipet,Husnabad,Cotton,2572.256,2542
2018-2019,Kharif,Siddipet,Akkannapet,Cotton,4590.976,4252
2018-2019,Kharif,Siddipet,Nanganoor,Cotton,2869.856,2780.4
2018-2019,Kharif,Siddipet,"Siddipet Urban",Cotton,636.864,1525.696
2018-2019,Kharif,Siddipet,Thoguta,Cotton,2366.912,3237.888
2018-2019,Kharif,Siddipet,Mirdoddi,Cotton,774.752,978.112
2018-2019,Kharif,Siddipet,Doulthabad,Cotton,1413.6,1649.6
2018-2019,Kharif,Siddipet,Raypole,Cotton,2057.408,2144.704
2018-2019,Kharif,Siddipet,Wargal,Cotton,1839.168,2279.2
2018-2019,Kharif,Siddipet,Mulugu,Cotton,1302.496,1593.6
2018-2019,Kharif,Siddipet,Markook,Cotton,2337.152,2209.6
2018-2019,Kharif,Siddipet,Jagdevpur,Cotton,5288.352,6428.8
2018-2019,Kharif,Siddipet,Gajwel,Cotton,5807.168,6049.6
2018-2019,Kharif,Siddipet,Kondapak,Cotton,3921.376,3941.6
2018-2019,Kharif,Siddipet,Komuravelly,Cotton,1514.784,1880
2018-2019,Kharif,Siddipet,Cherial,Cotton,6010.528,5848
2018-2019,Kharif,Siddipet,Maddur,Cotton,4381.664,3546
2018-2019,Kharif,Siddipet,Dubbak,"Red Gram",431.52,316
2018-2019,Kharif,Siddipet,"Siddipet Rural","Red Gram",3290.464,3025.6
2018-2019,Kharif,Siddipet,Chinnakodur,"Red Gram",558.496,715.2
2018-2019,Kharif,Siddipet,Bejjanki,"Red Gram",36.704,31.6
2018-2019,Kharif,Siddipet,Koheda,"Red Gram",127.968,91.2
2018-2019,Kharif,Siddipet,Husnabad,"Red Gram",41.664,152.8
2018-2019,Kharif,Siddipet,Akkannapet,"Red Gram",81.344,180.8
2018-2019,Kharif,Siddipet,Nanganoor,"Red Gram",623.968,646
2018-2019,Kharif,Siddipet,"Siddipet Urban","Red Gram",294.624,336
2018-2019,Kharif,Siddipet,Thoguta,"Red Gram",185.504,182.8
2018-2019,Kharif,Siddipet,Mirdoddi,"Red Gram",90.272,172.8
2018-2019,Kharif,Siddipet,Doulthabad,"Red Gram",78.368,166.8
2018-2019,Kharif,Siddipet,Raypole,"Red Gram",496,410
2018-2019,Kharif,Siddipet,Wargal,"Red Gram",106.144,179.2
2018-2019,Kharif,Siddipet,Mulugu,"Red Gram",87.296,108.4
2018-2019,Kharif,Siddipet,Markook,"Red Gram",84.32,97.2
2018-2019,Kharif,Siddipet,Jagdevpur,"Red Gram",214.272,186
2018-2019,Kharif,Siddipet,Gajwel,"Red Gram",278.752,304.4
2018-2019,Kharif,Siddipet,Kondapak,"Red Gram",451.36,409.6
2018-2019,Kharif,Siddipet,Komuravelly,"Red Gram",196.416,204.4
2018-2019,Kharif,Siddipet,Cherial,"Red Gram",607.104,585.2
2018-2019,Kharif,Siddipet,Maddur,"Red Gram",319.424,324.8
2018-2019,Kharif,Siddipet,Dubbak,"Green Gram",42.656,96.4
2018-2019,Kharif,Siddipet,"Siddipet Rural","Green Gram",149.792,84
2018-2019,Kharif,Siddipet,Chinnakodur,"Green Gram",38.688,15.2
2018-2019,Kharif,Siddipet,Bejjanki,"Green Gram",57.536,16.4
2018-2019,Kharif,Siddipet,Koheda,"Green Gram",145.824,31.2
2018-2019,Kharif,Siddipet,Husnabad,"Green Gram",30.752,2
2018-2019,Kharif,Siddipet,Akkannapet,"Green Gram",28.768,21.6
2018-2019,Kharif,Siddipet,Nanganoor,"Green Gram",54.56,56.4
2018-2019,Kharif,Siddipet,"Siddipet Urban","Green Gram",64.48,80.4
2018-2019,Kharif,Siddipet,Thoguta,"Green Gram",19.84,7.2
2018-2019,Kharif,Siddipet,Mirdoddi,"Green Gram",9.92,0
2018-2019,Kharif,Siddipet,Doulthabad,"Green Gram",0,6
2018-2019,Kharif,Siddipet,Raypole,"Green Gram",0,0
2018-2019,Kharif,Siddipet,Wargal,"Green Gram",1.984,2.4
2018-2019,Kharif,Siddipet,Mulugu,"Green Gram",3.968,4.4
2018-2019,Kharif,Siddipet,Markook,"Green Gram",0,2.4
2018-2019,Kharif,Siddipet,Jagdevpur,"Green Gram",17.856,18.4
2018-2019,Kharif,Siddipet,Gajwel,"Green Gram",0,3.2
2018-2019,Kharif,Siddipet,Kondapak,"Green Gram",47.616,4.8
2018-2019,Kharif,Siddipet,Komuravelly,"Green Gram",0,0
2018-2019,Kharif,Siddipet,Cherial,"Green Gram",0,61.6
2018-2019,Kharif,Siddipet,Maddur,"Green Gram",0,0
2018-2019,Kharif,Siddipet,Dubbak,"Black Gram",0,0
2018-2019,Kharif,Siddipet,"Siddipet Rural","Black Gram",0,0
2018-2019,Kharif,Siddipet,Chinnakodur,"Black Gram",0,0
2018-2019,Kharif,Siddipet,Bejjanki,"Black Gram",0,6.4
2018-2019,Kharif,Siddipet,Koheda,"Black Gram",0.992,35.2
2018-2019,Kharif,Siddipet,Husnabad,"Black Gram",0.992,2
2018-2019,Kharif,Siddipet,Akkannapet,"Black Gram",0.992,23.2
2018-2019,Kharif,Siddipet,Nanganoor,"Black Gram",0,0
2018-2019,Kharif,Siddipet,"Siddipet Urban","Black Gram",0,0
2018-2019,Kharif,Siddipet,Thoguta,"Black Gram",0,0
2018-2019,Kharif,Siddipet,Mirdoddi,"Black Gram",0,0
2018-2019,Kharif,Siddipet,Doulthabad,"Black Gram",0,0
2018-2019,Kharif,Siddipet,Raypole,"Black Gram",0,0
2018-2019,Kharif,Siddipet,Wargal,"Black Gram",11.904,8.8
2018-2019,Kharif,Siddipet,Mulugu,"Black Gram",0,0
2018-2019,Kharif,Siddipet,Markook,"Black Gram",0,0.8
2018-2019,Kharif,Siddipet,Jagdevpur,"Black Gram",0,0
2018-2019,Kharif,Siddipet,Gajwel,"Black Gram",0,1.2
2018-2019,Kharif,Siddipet,Kondapak,"Black Gram",8.928,16.8
2018-2019,Kharif,Siddipet,Komuravelly,"Black Gram",0,0
2018-2019,Kharif,Siddipet,Cherial,"Black Gram",0,24.8
2018-2019,Kharif,Siddipet,Maddur,"Black Gram",0,0
2018-2019,Kharif,Siddipet,Dubbak,Soyabean,24,0
2018-2019,Kharif,Siddipet,"Siddipet Rural",Soyabean,0,0
2018-2019,Kharif,Siddipet,Chinnakodur,Soyabean,4,0
2018-2019,Kharif,Siddipet,Bejjanki,Soyabean,0,0
2018-2019,Kharif,Siddipet,Koheda,Soyabean,10,0
2018-2019,Kharif,Siddipet,Husnabad,Soyabean,0,0
2018-2019,Kharif,Siddipet,Akkannapet,Soyabean,2,0
2018-2019,Kharif,Siddipet,Nanganoor,Soyabean,0,0
2018-2019,Kharif,Siddipet,"Siddipet Urban",Soyabean,0,0
2018-2019,Kharif,Siddipet,Thoguta,Soyabean,0,0
2018-2019,Kharif,Siddipet,Mirdoddi,Soyabean,0,0
2018-2019,Kharif,Siddipet,Doulthabad,Soyabean,2,0
2018-2019,Kharif,Siddipet,Raypole,Soyabean,3,0
2018-2019,Kharif,Siddipet,Wargal,Soyabean,0,18.8
2018-2019,Kharif,Siddipet,Mulugu,Soyabean,3,1.2
2018-2019,Kharif,Siddipet,Markook,Soyabean,98,23.2
2018-2019,Kharif,Siddipet,Jagdevpur,Soyabean,0,0
2018-2019,Kharif,Siddipet,Gajwel,Soyabean,28,1.6
2018-2019,Kharif,Siddipet,Kondapak,Soyabean,0,0
2018-2019,Kharif,Siddipet,Komuravelly,Soyabean,0,0
2018-2019,Kharif,Siddipet,Cherial,Soyabean,0,0
2018-2019,Kharif,Siddipet,Maddur,Soyabean,0,0
2018-2019,Kharif,Siddipet,Dubbak,Jowar,0,0
2018-2019,Kharif,Siddipet,"Siddipet Rural",Jowar,0,0
2018-2019,Kharif,Siddipet,Chinnakodur,Jowar,0,0
2018-2019,Kharif,Siddipet,Bejjanki,Jowar,0,0
2018-2019,Kharif,Siddipet,Koheda,Jowar,0,0
2018-2019,Kharif,Siddipet,Husnabad,Jowar,1.984,0
2018-2019,Kharif,Siddipet,Akkannapet,Jowar,2.976,8
2018-2019,Kharif,Siddipet,Nanganoor,Jowar,0,0
2018-2019,Kharif,Siddipet,"Siddipet Urban",Jowar,0,0
2018-2019,Kharif,Siddipet,Thoguta,Jowar,0,0
2018-2019,Kharif,Siddipet,Mirdoddi,Jowar,0,0
2018-2019,Kharif,Siddipet,Doulthabad,Jowar,0,0
2018-2019,Kharif,Siddipet,Raypole,Jowar,0,0
2018-2019,Kharif,Siddipet,Wargal,Jowar,0,0
2018-2019,Kharif,Siddipet,Mulugu,Jowar,0,0
2018-2019,Kharif,Siddipet,Markook,Jowar,2.976,3.2
2018-2019,Kharif,Siddipet,Jagdevpur,Jowar,2.976,8
2018-2019,Kharif,Siddipet,Gajwel,Jowar,0,0
2018-2019,Kharif,Siddipet,Kondapak,Jowar,39.68,88
2018-2019,Kharif,Siddipet,Komuravelly,Jowar,0,0
2018-2019,Kharif,Siddipet,Cherial,Jowar,0,0
2018-2019,Kharif,Siddipet,Maddur,Jowar,3.968,4
2018-2019,Kharif,Siddipet,Dubbak,Total,4794.6112,4567.84
2018-2019,Kharif,Siddipet,"Siddipet Rural",Total,5003.2512,4803.744
2018-2019,Kharif,Siddipet,Chinnakodur,Total,4220.7744,4162.24
2018-2019,Kharif,Siddipet,Bejjanki,Total,3744.9984,3554.56
2018-2019,Kharif,Siddipet,Koheda,Total,4220.7936,4128.8
2018-2019,Kharif,Siddipet,Husnabad,Total,2256.6016,2272.5696
2018-2019,Kharif,Siddipet,Akkannapet,Total,4147.36,4149.76
2018-2019,Kharif,Siddipet,Nanganoor,Total,3961.6512,3848.16
2018-2019,Kharif,Siddipet,"Siddipet Urban",Total,1918.528,2194.9184
2018-2019,Kharif,Siddipet,Thoguta,Total,3670.0032,3526.1952
2018-2019,Kharif,Siddipet,Mirdoddi,Total,4383.8464,4357.0048
2018-2019,Kharif,Siddipet,Doulthabad,Total,3052.192,3037.28
2018-2019,Kharif,Siddipet,Raypole,Total,2725.6288,2499.3216
2018-2019,Kharif,Siddipet,Wargal,Total,2107.008,2216.96
2018-2019,Kharif,Siddipet,Mulugu,Total,1699.1072,1712.864
2018-2019,Kharif,Siddipet,Markook,Total,2222.3936,2089.44
2018-2019,Kharif,Siddipet,Jagdevpur,Total,4504.4736,4701.92
2018-2019,Kharif,Siddipet,Gajwel,Total,5025.1648,4960.8
2018-2019,Kharif,Siddipet,Kondapak,Total,3726.3488,3608.16
2018-2019,Kharif,Siddipet,Komuravelly,Total,1362.6112,1431.776
2018-2019,Kharif,Siddipet,Cherial,Total,4636.608,4556.2432
2018-2019,Kharif,Siddipet,Maddur,Total,3614.4512,3572.64
