year,season,districtname,mandalname,crop,normalareasown,actualareasown
2017-2018,Rabi,Nizamabad,"Nizamabad North",Paddy,23.2,113
2017-2018,Rabi,Nizamabad,"Nizamabad South",Paddy,37.4,286
2017-2018,Rabi,Nizamabad,"Nizamabad Rural",Paddy,3766.2,3580
2017-2018,Rabi,Nizamabad,Mugpal,Paddy,564.2,1675
2017-2018,Rabi,Nizamabad,Dichpalle,Paddy,2934.6,2430
2017-2018,Rabi,Nizamabad,Indalwai,Paddy,629.4,2550
2017-2018,Rabi,Nizamabad,Jakranpalle,Paddy,1381,1184
2017-2018,Rabi,Nizamabad,Dharpalle,Paddy,2117.2,1694
2017-2018,Rabi,Nizamabad,Sirkonda,Paddy,3186.8,1768
2017-2018,Rabi,Nizamabad,Armur,Paddy,2169.4,3157
2017-2018,Rabi,Nizamabad,Makloor,Paddy,2844.4,6178
2017-2018,Rabi,Nizamabad,Nandipet,Paddy,3426.6,4268
2017-2018,Rabi,Nizamabad,Bheemgal,Paddy,3074.8,2023
2017-2018,Rabi,Nizamabad,Mortad,Paddy,1853.4,1151
2017-2018,Rabi,Nizamabad,Yergatla,Paddy,282.2,1314
2017-2018,Rabi,Nizamabad,Kammarpalle,Paddy,1572.8,1374
2017-2018,Rabi,Nizamabad,Balkonda,Paddy,1510.4,987
2017-2018,Rabi,Nizamabad,Mupkal,Paddy,208.8,1036
2017-2018,Rabi,Nizamabad,Mendora,Paddy,283.2,1295
2017-2018,Rabi,Nizamabad,Vailpur,Paddy,1167,1319
2017-2018,Rabi,Nizamabad,Bodhan,Paddy,6024,9799
2017-2018,Rabi,Nizamabad,Yeda_Palle,Paddy,2558.6,4329
2017-2018,Rabi,Nizamabad,Ranjal,Paddy,2245.4,3829
2017-2018,Rabi,Nizamabad,Navipet,Paddy,2931,5774
2017-2018,Rabi,Nizamabad,Kotgiri,Paddy,4013.2,8611
2017-2018,Rabi,Nizamabad,Rudrur,Paddy,473.6,2720
2017-2018,Rabi,Nizamabad,Varni,Paddy,5121,7087
2017-2018,Rabi,Nizamabad,"Nizamabad North",Wheat,0,0
2017-2018,Rabi,Nizamabad,"Nizamabad South",Wheat,0,0
2017-2018,Rabi,Nizamabad,"Nizamabad Rural",Wheat,5,0
2017-2018,Rabi,Nizamabad,Mugpal,Wheat,0,0
2017-2018,Rabi,Nizamabad,Dichpalle,Wheat,5,0
2017-2018,Rabi,Nizamabad,Indalwai,Wheat,0,0
2017-2018,Rabi,Nizamabad,Jakranpalle,Wheat,0,0
2017-2018,Rabi,Nizamabad,Dharpalle,Wheat,14.8,0
2017-2018,Rabi,Nizamabad,Sirkonda,Wheat,43.4,11
2017-2018,Rabi,Nizamabad,Armur,Wheat,2.6,0
2017-2018,Rabi,Nizamabad,Makloor,Wheat,2.6,0
2017-2018,Rabi,Nizamabad,Nandipet,Wheat,0.8,0
2017-2018,Rabi,Nizamabad,Bheemgal,Wheat,7.2,2
2017-2018,Rabi,Nizamabad,Mortad,Wheat,0,0
2017-2018,Rabi,Nizamabad,Yergatla,Wheat,0,0
2017-2018,Rabi,Nizamabad,Kammarpalle,Wheat,16.6,0
2017-2018,Rabi,Nizamabad,Balkonda,Wheat,0,0
2017-2018,Rabi,Nizamabad,Mupkal,Wheat,0,0
2017-2018,Rabi,Nizamabad,Mendora,Wheat,0,0
2017-2018,Rabi,Nizamabad,Vailpur,Wheat,0,0
2017-2018,Rabi,Nizamabad,Bodhan,Wheat,49.4,21
2017-2018,Rabi,Nizamabad,Yeda_Palle,Wheat,10.6,0
2017-2018,Rabi,Nizamabad,Ranjal,Wheat,13.4,2
2017-2018,Rabi,Nizamabad,Navipet,Wheat,18.2,0
2017-2018,Rabi,Nizamabad,Kotgiri,Wheat,22.8,26
2017-2018,Rabi,Nizamabad,Rudrur,Wheat,0,0
2017-2018,Rabi,Nizamabad,Varni,Wheat,35.4,22
2017-2018,Rabi,Nizamabad,"Nizamabad North",Jowar,0,0
2017-2018,Rabi,Nizamabad,"Nizamabad South",Jowar,0,0
2017-2018,Rabi,Nizamabad,"Nizamabad Rural",Jowar,0,0
2017-2018,Rabi,Nizamabad,Mugpal,Jowar,0,0
2017-2018,Rabi,Nizamabad,Dichpalle,Jowar,8.8,14
2017-2018,Rabi,Nizamabad,Indalwai,Jowar,0,4
2017-2018,Rabi,Nizamabad,Jakranpalle,Jowar,0,0
2017-2018,Rabi,Nizamabad,Dharpalle,Jowar,0,0
2017-2018,Rabi,Nizamabad,Sirkonda,Jowar,0,0
2017-2018,Rabi,Nizamabad,Armur,Jowar,0,14
2017-2018,Rabi,Nizamabad,Makloor,Jowar,0,0
2017-2018,Rabi,Nizamabad,Nandipet,Jowar,0,0
2017-2018,Rabi,Nizamabad,Bheemgal,Jowar,0,0
2017-2018,Rabi,Nizamabad,Mortad,Jowar,0.4,0
2017-2018,Rabi,Nizamabad,Yergatla,Jowar,0,0
2017-2018,Rabi,Nizamabad,Kammarpalle,Jowar,0,0
2017-2018,Rabi,Nizamabad,Balkonda,Jowar,0,0
2017-2018,Rabi,Nizamabad,Mupkal,Jowar,0,0
2017-2018,Rabi,Nizamabad,Mendora,Jowar,0,0
2017-2018,Rabi,Nizamabad,Vailpur,Jowar,0,0
2017-2018,Rabi,Nizamabad,Bodhan,Jowar,238.4,62
2017-2018,Rabi,Nizamabad,Yeda_Palle,Jowar,3.4,0
2017-2018,Rabi,Nizamabad,Ranjal,Jowar,19.2,13
2017-2018,Rabi,Nizamabad,Navipet,Jowar,26,0
2017-2018,Rabi,Nizamabad,Kotgiri,Jowar,184,60
2017-2018,Rabi,Nizamabad,Rudrur,Jowar,0,0
2017-2018,Rabi,Nizamabad,Varni,Jowar,39.4,0
2017-2018,Rabi,Nizamabad,"Nizamabad North",Maize,0,0
2017-2018,Rabi,Nizamabad,"Nizamabad South",Maize,0,0
2017-2018,Rabi,Nizamabad,"Nizamabad Rural",Maize,1402.6,83
2017-2018,Rabi,Nizamabad,Mugpal,Maize,212.6,614
2017-2018,Rabi,Nizamabad,Dichpalle,Maize,783.8,208
2017-2018,Rabi,Nizamabad,Indalwai,Maize,53,309
2017-2018,Rabi,Nizamabad,Jakranpalle,Maize,123.2,138
2017-2018,Rabi,Nizamabad,Dharpalle,Maize,391.8,14
2017-2018,Rabi,Nizamabad,Sirkonda,Maize,211.2,152
2017-2018,Rabi,Nizamabad,Armur,Maize,209.6,162
2017-2018,Rabi,Nizamabad,Makloor,Maize,516.8,297
2017-2018,Rabi,Nizamabad,Nandipet,Maize,1029.8,564
2017-2018,Rabi,Nizamabad,Bheemgal,Maize,113.8,38
2017-2018,Rabi,Nizamabad,Mortad,Maize,191.2,38
2017-2018,Rabi,Nizamabad,Yergatla,Maize,44.6,321
2017-2018,Rabi,Nizamabad,Kammarpalle,Maize,150,70
2017-2018,Rabi,Nizamabad,Balkonda,Maize,321.4,67
2017-2018,Rabi,Nizamabad,Mupkal,Maize,23.4,121
2017-2018,Rabi,Nizamabad,Mendora,Maize,101.4,456
2017-2018,Rabi,Nizamabad,Vailpur,Maize,113.8,76
2017-2018,Rabi,Nizamabad,Bodhan,Maize,630.2,795
2017-2018,Rabi,Nizamabad,Yeda_Palle,Maize,55.6,0
2017-2018,Rabi,Nizamabad,Ranjal,Maize,127.6,38
2017-2018,Rabi,Nizamabad,Navipet,Maize,727.8,500
2017-2018,Rabi,Nizamabad,Kotgiri,Maize,386.8,567
2017-2018,Rabi,Nizamabad,Rudrur,Maize,25,49
2017-2018,Rabi,Nizamabad,Varni,Maize,945.4,684
2017-2018,Rabi,Nizamabad,"Nizamabad North",Bajra,0,0
2017-2018,Rabi,Nizamabad,"Nizamabad South",Bajra,0,0
2017-2018,Rabi,Nizamabad,"Nizamabad Rural",Bajra,17,0
2017-2018,Rabi,Nizamabad,Mugpal,Bajra,0,0
2017-2018,Rabi,Nizamabad,Dichpalle,Bajra,1.8,12
2017-2018,Rabi,Nizamabad,Indalwai,Bajra,0,0
2017-2018,Rabi,Nizamabad,Jakranpalle,Bajra,205.2,36
2017-2018,Rabi,Nizamabad,Dharpalle,Bajra,96.2,46
2017-2018,Rabi,Nizamabad,Sirkonda,Bajra,50,36
2017-2018,Rabi,Nizamabad,Armur,Bajra,598.4,241
2017-2018,Rabi,Nizamabad,Makloor,Bajra,8.8,0
2017-2018,Rabi,Nizamabad,Nandipet,Bajra,597.8,620
2017-2018,Rabi,Nizamabad,Bheemgal,Bajra,40.8,8
2017-2018,Rabi,Nizamabad,Mortad,Bajra,1007.6,947
2017-2018,Rabi,Nizamabad,Yergatla,Bajra,225.6,511
2017-2018,Rabi,Nizamabad,Kammarpalle,Bajra,805.4,864
2017-2018,Rabi,Nizamabad,Balkonda,Bajra,1166.2,413
2017-2018,Rabi,Nizamabad,Mupkal,Bajra,142.8,705
2017-2018,Rabi,Nizamabad,Mendora,Bajra,165.2,284
2017-2018,Rabi,Nizamabad,Vailpur,Bajra,270.6,28
2017-2018,Rabi,Nizamabad,Bodhan,Bajra,14.4,0
2017-2018,Rabi,Nizamabad,Yeda_Palle,Bajra,0,0
2017-2018,Rabi,Nizamabad,Ranjal,Bajra,0,0
2017-2018,Rabi,Nizamabad,Navipet,Bajra,0,0
2017-2018,Rabi,Nizamabad,Kotgiri,Bajra,0,0
2017-2018,Rabi,Nizamabad,Rudrur,Bajra,0,0
2017-2018,Rabi,Nizamabad,Varni,Bajra,0,0
2017-2018,Rabi,Nizamabad,"Nizamabad North","Green Gram",0,0
2017-2018,Rabi,Nizamabad,"Nizamabad South","Green Gram",0,0
2017-2018,Rabi,Nizamabad,"Nizamabad Rural","Green Gram",1.6,0
2017-2018,Rabi,Nizamabad,Mugpal,"Green Gram",0,0
2017-2018,Rabi,Nizamabad,Dichpalle,"Green Gram",34,0
2017-2018,Rabi,Nizamabad,Indalwai,"Green Gram",0.2,0
2017-2018,Rabi,Nizamabad,Jakranpalle,"Green Gram",28,15
2017-2018,Rabi,Nizamabad,Dharpalle,"Green Gram",4.2,5
2017-2018,Rabi,Nizamabad,Sirkonda,"Green Gram",165.8,170
2017-2018,Rabi,Nizamabad,Armur,"Green Gram",6.2,0
2017-2018,Rabi,Nizamabad,Makloor,"Green Gram",22,0
2017-2018,Rabi,Nizamabad,Nandipet,"Green Gram",5.4,0
2017-2018,Rabi,Nizamabad,Bheemgal,"Green Gram",34.4,12
2017-2018,Rabi,Nizamabad,Mortad,"Green Gram",33.6,5
2017-2018,Rabi,Nizamabad,Yergatla,"Green Gram",6.8,10
2017-2018,Rabi,Nizamabad,Kammarpalle,"Green Gram",55.8,21
2017-2018,Rabi,Nizamabad,Balkonda,"Green Gram",20.6,5
2017-2018,Rabi,Nizamabad,Mupkal,"Green Gram",0.6,0
2017-2018,Rabi,Nizamabad,Mendora,"Green Gram",1.2,6
2017-2018,Rabi,Nizamabad,Vailpur,"Green Gram",0.4,1
2017-2018,Rabi,Nizamabad,Bodhan,"Green Gram",32.8,1
2017-2018,Rabi,Nizamabad,Yeda_Palle,"Green Gram",11.6,0
2017-2018,Rabi,Nizamabad,Ranjal,"Green Gram",16.8,2
2017-2018,Rabi,Nizamabad,Navipet,"Green Gram",18.4,3
2017-2018,Rabi,Nizamabad,Kotgiri,"Green Gram",13.6,0
2017-2018,Rabi,Nizamabad,Rudrur,"Green Gram",0,0
2017-2018,Rabi,Nizamabad,Varni,"Green Gram",17,0
2017-2018,Rabi,Nizamabad,"Nizamabad North","Black Gram",0,0
2017-2018,Rabi,Nizamabad,"Nizamabad South","Black Gram",0,0
2017-2018,Rabi,Nizamabad,"Nizamabad Rural","Black Gram",3.8,0
2017-2018,Rabi,Nizamabad,Mugpal,"Black Gram",0,0
2017-2018,Rabi,Nizamabad,Dichpalle,"Black Gram",45.2,0
2017-2018,Rabi,Nizamabad,Indalwai,"Black Gram",0.2,0
2017-2018,Rabi,Nizamabad,Jakranpalle,"Black Gram",39.6,0
2017-2018,Rabi,Nizamabad,Dharpalle,"Black Gram",18,6
2017-2018,Rabi,Nizamabad,Sirkonda,"Black Gram",45.2,4
2017-2018,Rabi,Nizamabad,Armur,"Black Gram",25.4,4
2017-2018,Rabi,Nizamabad,Makloor,"Black Gram",18.6,0
2017-2018,Rabi,Nizamabad,Nandipet,"Black Gram",14.6,0
2017-2018,Rabi,Nizamabad,Bheemgal,"Black Gram",19.6,0
2017-2018,Rabi,Nizamabad,Mortad,"Black Gram",88.2,5
2017-2018,Rabi,Nizamabad,Yergatla,"Black Gram",0,3
2017-2018,Rabi,Nizamabad,Kammarpalle,"Black Gram",57.6,0
2017-2018,Rabi,Nizamabad,Balkonda,"Black Gram",58.8,0
2017-2018,Rabi,Nizamabad,Mupkal,"Black Gram",0,0
2017-2018,Rabi,Nizamabad,Mendora,"Black Gram",0,0
2017-2018,Rabi,Nizamabad,Vailpur,"Black Gram",0,0
2017-2018,Rabi,Nizamabad,Bodhan,"Black Gram",153.4,8
2017-2018,Rabi,Nizamabad,Yeda_Palle,"Black Gram",14.6,0
2017-2018,Rabi,Nizamabad,Ranjal,"Black Gram",23,0
2017-2018,Rabi,Nizamabad,Navipet,"Black Gram",69.6,0
2017-2018,Rabi,Nizamabad,Kotgiri,"Black Gram",119.6,0
2017-2018,Rabi,Nizamabad,Rudrur,"Black Gram",0,0
2017-2018,Rabi,Nizamabad,Varni,"Black Gram",41.6,0
2017-2018,Rabi,Nizamabad,"Nizamabad North","Bengal Gram",0,0
2017-2018,Rabi,Nizamabad,"Nizamabad South","Bengal Gram",0,0
2017-2018,Rabi,Nizamabad,"Nizamabad Rural","Bengal Gram",153.2,15
2017-2018,Rabi,Nizamabad,Mugpal,"Bengal Gram",0.4,88
2017-2018,Rabi,Nizamabad,Dichpalle,"Bengal Gram",174,192
2017-2018,Rabi,Nizamabad,Indalwai,"Bengal Gram",4,20
2017-2018,Rabi,Nizamabad,Jakranpalle,"Bengal Gram",121.8,52
2017-2018,Rabi,Nizamabad,Dharpalle,"Bengal Gram",44.8,0
2017-2018,Rabi,Nizamabad,Sirkonda,"Bengal Gram",60.6,41
2017-2018,Rabi,Nizamabad,Armur,"Bengal Gram",42.8,2
2017-2018,Rabi,Nizamabad,Makloor,"Bengal Gram",5,0
2017-2018,Rabi,Nizamabad,Nandipet,"Bengal Gram",1,0
2017-2018,Rabi,Nizamabad,Bheemgal,"Bengal Gram",46,5
2017-2018,Rabi,Nizamabad,Mortad,"Bengal Gram",0.2,0
2017-2018,Rabi,Nizamabad,Yergatla,"Bengal Gram",0,0
2017-2018,Rabi,Nizamabad,Kammarpalle,"Bengal Gram",16.4,0
2017-2018,Rabi,Nizamabad,Balkonda,"Bengal Gram",0,4
2017-2018,Rabi,Nizamabad,Mupkal,"Bengal Gram",0,0
2017-2018,Rabi,Nizamabad,Mendora,"Bengal Gram",0,0
2017-2018,Rabi,Nizamabad,Vailpur,"Bengal Gram",123.2,147
2017-2018,Rabi,Nizamabad,Bodhan,"Bengal Gram",2770.2,5763
2017-2018,Rabi,Nizamabad,Yeda_Palle,"Bengal Gram",10,15
2017-2018,Rabi,Nizamabad,Ranjal,"Bengal Gram",1036.6,2865
2017-2018,Rabi,Nizamabad,Navipet,"Bengal Gram",80.2,57
2017-2018,Rabi,Nizamabad,Kotgiri,"Bengal Gram",1388.8,1337
2017-2018,Rabi,Nizamabad,Rudrur,"Bengal Gram",2.4,4
2017-2018,Rabi,Nizamabad,Varni,"Bengal Gram",208,130
2017-2018,Rabi,Nizamabad,"Nizamabad North",Chilles,0,0
2017-2018,Rabi,Nizamabad,"Nizamabad South",Chilles,0,0
2017-2018,Rabi,Nizamabad,"Nizamabad Rural",Chilles,0,0
2017-2018,Rabi,Nizamabad,Mugpal,Chilles,0,0
2017-2018,Rabi,Nizamabad,Dichpalle,Chilles,18.4,0
2017-2018,Rabi,Nizamabad,Indalwai,Chilles,0,0
2017-2018,Rabi,Nizamabad,Jakranpalle,Chilles,2,0
2017-2018,Rabi,Nizamabad,Dharpalle,Chilles,51,30
2017-2018,Rabi,Nizamabad,Sirkonda,Chilles,50.8,41
2017-2018,Rabi,Nizamabad,Armur,Chilles,36,6
2017-2018,Rabi,Nizamabad,Makloor,Chilles,21.6,0
2017-2018,Rabi,Nizamabad,Nandipet,Chilles,33.8,0
2017-2018,Rabi,Nizamabad,Bheemgal,Chilles,42.2,46
2017-2018,Rabi,Nizamabad,Mortad,Chilles,22.6,24
2017-2018,Rabi,Nizamabad,Yergatla,Chilles,0,31
2017-2018,Rabi,Nizamabad,Kammarpalle,Chilles,25.6,0
2017-2018,Rabi,Nizamabad,Balkonda,Chilles,1.2,6
2017-2018,Rabi,Nizamabad,Mupkal,Chilles,0,6
2017-2018,Rabi,Nizamabad,Mendora,Chilles,0,0
2017-2018,Rabi,Nizamabad,Vailpur,Chilles,16,10
2017-2018,Rabi,Nizamabad,Bodhan,Chilles,57.8,8
2017-2018,Rabi,Nizamabad,Yeda_Palle,Chilles,0,0
2017-2018,Rabi,Nizamabad,Ranjal,Chilles,17.4,0
2017-2018,Rabi,Nizamabad,Navipet,Chilles,7,12
2017-2018,Rabi,Nizamabad,Kotgiri,Chilles,0.2,0
2017-2018,Rabi,Nizamabad,Rudrur,Chilles,0,0
2017-2018,Rabi,Nizamabad,Varni,Chilles,0,0
2017-2018,Rabi,Nizamabad,"Nizamabad North",Onion,0,0
2017-2018,Rabi,Nizamabad,"Nizamabad South",Onion,0,0
2017-2018,Rabi,Nizamabad,"Nizamabad Rural",Onion,159.6,1
2017-2018,Rabi,Nizamabad,Mugpal,Onion,46.6,129
2017-2018,Rabi,Nizamabad,Dichpalle,Onion,675,308
2017-2018,Rabi,Nizamabad,Indalwai,Onion,10.6,38
2017-2018,Rabi,Nizamabad,Jakranpalle,Onion,32.2,6
2017-2018,Rabi,Nizamabad,Dharpalle,Onion,107.2,40
2017-2018,Rabi,Nizamabad,Sirkonda,Onion,149.2,110
2017-2018,Rabi,Nizamabad,Armur,Onion,75.6,38
2017-2018,Rabi,Nizamabad,Makloor,Onion,22,0
2017-2018,Rabi,Nizamabad,Nandipet,Onion,90.6,44
2017-2018,Rabi,Nizamabad,Bheemgal,Onion,45.4,55
2017-2018,Rabi,Nizamabad,Mortad,Onion,40.8,15
2017-2018,Rabi,Nizamabad,Yergatla,Onion,1.6,11
2017-2018,Rabi,Nizamabad,Kammarpalle,Onion,29.2,18
2017-2018,Rabi,Nizamabad,Balkonda,Onion,7.4,7
2017-2018,Rabi,Nizamabad,Mupkal,Onion,1,15
2017-2018,Rabi,Nizamabad,Mendora,Onion,0.8,12
2017-2018,Rabi,Nizamabad,Vailpur,Onion,23.2,33
2017-2018,Rabi,Nizamabad,Bodhan,Onion,33,11
2017-2018,Rabi,Nizamabad,Yeda_Palle,Onion,0,0
2017-2018,Rabi,Nizamabad,Ranjal,Onion,14.8,5
2017-2018,Rabi,Nizamabad,Navipet,Onion,12.6,5
2017-2018,Rabi,Nizamabad,Kotgiri,Onion,5.8,1
2017-2018,Rabi,Nizamabad,Rudrur,Onion,0,0
2017-2018,Rabi,Nizamabad,Varni,Onion,7.6,8
2017-2018,Rabi,Nizamabad,"Nizamabad North",Coriander,0,0
2017-2018,Rabi,Nizamabad,"Nizamabad South",Coriander,0,0
2017-2018,Rabi,Nizamabad,"Nizamabad Rural",Coriander,0,0
2017-2018,Rabi,Nizamabad,Mugpal,Coriander,0,0
2017-2018,Rabi,Nizamabad,Dichpalle,Coriander,5,0
2017-2018,Rabi,Nizamabad,Indalwai,Coriander,0,0
2017-2018,Rabi,Nizamabad,Jakranpalle,Coriander,19.4,0
2017-2018,Rabi,Nizamabad,Dharpalle,Coriander,0,0
2017-2018,Rabi,Nizamabad,Sirkonda,Coriander,0,0
2017-2018,Rabi,Nizamabad,Armur,Coriander,43,24
2017-2018,Rabi,Nizamabad,Makloor,Coriander,0,0
2017-2018,Rabi,Nizamabad,Nandipet,Coriander,0,0
2017-2018,Rabi,Nizamabad,Bheemgal,Coriander,0,0
2017-2018,Rabi,Nizamabad,Mortad,Coriander,1,0
2017-2018,Rabi,Nizamabad,Yergatla,Coriander,0,0
2017-2018,Rabi,Nizamabad,Kammarpalle,Coriander,28.6,0
2017-2018,Rabi,Nizamabad,Balkonda,Coriander,0,0
2017-2018,Rabi,Nizamabad,Mupkal,Coriander,0,0
2017-2018,Rabi,Nizamabad,Mendora,Coriander,0,0
2017-2018,Rabi,Nizamabad,Vailpur,Coriander,6.8,0
2017-2018,Rabi,Nizamabad,Bodhan,Coriander,0.8,0
2017-2018,Rabi,Nizamabad,Yeda_Palle,Coriander,0,0
2017-2018,Rabi,Nizamabad,Ranjal,Coriander,0,0
2017-2018,Rabi,Nizamabad,Navipet,Coriander,0,0
2017-2018,Rabi,Nizamabad,Kotgiri,Coriander,0,0
2017-2018,Rabi,Nizamabad,Rudrur,Coriander,0,0
2017-2018,Rabi,Nizamabad,Varni,Coriander,0,
2017-2018,Rabi,Nizamabad,"Nizamabad North",Groundnut,0,0
2017-2018,Rabi,Nizamabad,"Nizamabad South",Groundnut,0,0
2017-2018,Rabi,Nizamabad,"Nizamabad Rural",Groundnut,0,0
2017-2018,Rabi,Nizamabad,Mugpal,Groundnut,0,0
2017-2018,Rabi,Nizamabad,Dichpalle,Groundnut,4.4,0
2017-2018,Rabi,Nizamabad,Indalwai,Groundnut,0,0
2017-2018,Rabi,Nizamabad,Jakranpalle,Groundnut,28.8,25
2017-2018,Rabi,Nizamabad,Dharpalle,Groundnut,23.6,1
2017-2018,Rabi,Nizamabad,Sirkonda,Groundnut,0,0
2017-2018,Rabi,Nizamabad,Armur,Groundnut,36.6,19
2017-2018,Rabi,Nizamabad,Makloor,Groundnut,4,0
2017-2018,Rabi,Nizamabad,Nandipet,Groundnut,0.8,0
2017-2018,Rabi,Nizamabad,Bheemgal,Groundnut,21.6,3
2017-2018,Rabi,Nizamabad,Mortad,Groundnut,55,2
2017-2018,Rabi,Nizamabad,Yergatla,Groundnut,2,2
2017-2018,Rabi,Nizamabad,Kammarpalle,Groundnut,17.2,5
2017-2018,Rabi,Nizamabad,Balkonda,Groundnut,231,0
2017-2018,Rabi,Nizamabad,Mupkal,Groundnut,11.4,6
2017-2018,Rabi,Nizamabad,Mendora,Groundnut,26.8,87
2017-2018,Rabi,Nizamabad,Vailpur,Groundnut,3,6
2017-2018,Rabi,Nizamabad,Bodhan,Groundnut,18.6,6
2017-2018,Rabi,Nizamabad,Yeda_Palle,Groundnut,0,1
2017-2018,Rabi,Nizamabad,Ranjal,Groundnut,2,0
2017-2018,Rabi,Nizamabad,Navipet,Groundnut,5.6,0
2017-2018,Rabi,Nizamabad,Kotgiri,Groundnut,16.6,2
2017-2018,Rabi,Nizamabad,Rudrur,Groundnut,0,0
2017-2018,Rabi,Nizamabad,Varni,Groundnut,2.2,0
2017-2018,Rabi,Nizamabad,"Nizamabad North",Sesamum,0,0
2017-2018,Rabi,Nizamabad,"Nizamabad South",Sesamum,0,0
2017-2018,Rabi,Nizamabad,"Nizamabad Rural",Sesamum,48.2,0
2017-2018,Rabi,Nizamabad,Mugpal,Sesamum,0.4,0
2017-2018,Rabi,Nizamabad,Dichpalle,Sesamum,93.6,11
2017-2018,Rabi,Nizamabad,Indalwai,Sesamum,3.2,0
2017-2018,Rabi,Nizamabad,Jakranpalle,Sesamum,152.4,314
2017-2018,Rabi,Nizamabad,Dharpalle,Sesamum,73.6,29
2017-2018,Rabi,Nizamabad,Sirkonda,Sesamum,95.2,90
2017-2018,Rabi,Nizamabad,Armur,Sesamum,558.8,327
2017-2018,Rabi,Nizamabad,Makloor,Sesamum,95.4,114
2017-2018,Rabi,Nizamabad,Nandipet,Sesamum,226.8,142
2017-2018,Rabi,Nizamabad,Bheemgal,Sesamum,108.4,109
2017-2018,Rabi,Nizamabad,Mortad,Sesamum,611.8,535
2017-2018,Rabi,Nizamabad,Yergatla,Sesamum,70.2,332
2017-2018,Rabi,Nizamabad,Kammarpalle,Sesamum,130,173
2017-2018,Rabi,Nizamabad,Balkonda,Sesamum,664.6,412
2017-2018,Rabi,Nizamabad,Mupkal,Sesamum,38.4,167
2017-2018,Rabi,Nizamabad,Mendora,Sesamum,87,195
2017-2018,Rabi,Nizamabad,Vailpur,Sesamum,641.4,893
2017-2018,Rabi,Nizamabad,Bodhan,Sesamum,1.2,4
2017-2018,Rabi,Nizamabad,Yeda_Palle,Sesamum,8.6,0
2017-2018,Rabi,Nizamabad,Ranjal,Sesamum,3.6,0
2017-2018,Rabi,Nizamabad,Navipet,Sesamum,38.8,6
2017-2018,Rabi,Nizamabad,Kotgiri,Sesamum,0,0
2017-2018,Rabi,Nizamabad,Rudrur,Sesamum,0,0
2017-2018,Rabi,Nizamabad,Varni,Sesamum,9.4,0
2017-2018,Rabi,Nizamabad,"Nizamabad North",Safflower,0,0
2017-2018,Rabi,Nizamabad,"Nizamabad South",Safflower,0,0
2017-2018,Rabi,Nizamabad,"Nizamabad Rural",Safflower,89.2,0
2017-2018,Rabi,Nizamabad,Mugpal,Safflower,0,5
2017-2018,Rabi,Nizamabad,Dichpalle,Safflower,74.6,127
2017-2018,Rabi,Nizamabad,Indalwai,Safflower,0,0
2017-2018,Rabi,Nizamabad,Jakranpalle,Safflower,5.8,2
2017-2018,Rabi,Nizamabad,Dharpalle,Safflower,0.8,0
2017-2018,Rabi,Nizamabad,Sirkonda,Safflower,0,11
2017-2018,Rabi,Nizamabad,Armur,Safflower,0,0
2017-2018,Rabi,Nizamabad,Makloor,Safflower,0,0
2017-2018,Rabi,Nizamabad,Nandipet,Safflower,0,0
2017-2018,Rabi,Nizamabad,Bheemgal,Safflower,2.8,0
2017-2018,Rabi,Nizamabad,Mortad,Safflower,0,0
2017-2018,Rabi,Nizamabad,Yergatla,Safflower,0,0
2017-2018,Rabi,Nizamabad,Kammarpalle,Safflower,0,0
2017-2018,Rabi,Nizamabad,Balkonda,Safflower,0,0
2017-2018,Rabi,Nizamabad,Mupkal,Safflower,0,0
2017-2018,Rabi,Nizamabad,Mendora,Safflower,0,0
2017-2018,Rabi,Nizamabad,Vailpur,Safflower,0,0
2017-2018,Rabi,Nizamabad,Bodhan,Safflower,411,125
2017-2018,Rabi,Nizamabad,Yeda_Palle,Safflower,2.6,0
2017-2018,Rabi,Nizamabad,Ranjal,Safflower,35.4,15
2017-2018,Rabi,Nizamabad,Navipet,Safflower,20.4,3
2017-2018,Rabi,Nizamabad,Kotgiri,Safflower,332.4,163
2017-2018,Rabi,Nizamabad,Rudrur,Safflower,0,0
2017-2018,Rabi,Nizamabad,Varni,Safflower,17,0
2017-2018,Rabi,Nizamabad,"Nizamabad North",Sunflower,0,0
2017-2018,Rabi,Nizamabad,"Nizamabad South",Sunflower,0,0
2017-2018,Rabi,Nizamabad,"Nizamabad Rural",Sunflower,46,0
2017-2018,Rabi,Nizamabad,Mugpal,Sunflower,0,0
2017-2018,Rabi,Nizamabad,Dichpalle,Sunflower,33.2,0
2017-2018,Rabi,Nizamabad,Indalwai,Sunflower,0,0
2017-2018,Rabi,Nizamabad,Jakranpalle,Sunflower,5.2,0
2017-2018,Rabi,Nizamabad,Dharpalle,Sunflower,65.6,0
2017-2018,Rabi,Nizamabad,Sirkonda,Sunflower,481.4,8
2017-2018,Rabi,Nizamabad,Armur,Sunflower,0,0
2017-2018,Rabi,Nizamabad,Makloor,Sunflower,121.2,0
2017-2018,Rabi,Nizamabad,Nandipet,Sunflower,115.8,0
2017-2018,Rabi,Nizamabad,Bheemgal,Sunflower,212.8,1
2017-2018,Rabi,Nizamabad,Mortad,Sunflower,0,0
2017-2018,Rabi,Nizamabad,Yergatla,Sunflower,0,0
2017-2018,Rabi,Nizamabad,Kammarpalle,Sunflower,4,0
2017-2018,Rabi,Nizamabad,Balkonda,Sunflower,0,0
2017-2018,Rabi,Nizamabad,Mupkal,Sunflower,0,0
2017-2018,Rabi,Nizamabad,Mendora,Sunflower,0,0
2017-2018,Rabi,Nizamabad,Vailpur,Sunflower,0.4,0
2017-2018,Rabi,Nizamabad,Bodhan,Sunflower,2300.8,15
2017-2018,Rabi,Nizamabad,Yeda_Palle,Sunflower,57.6,0
2017-2018,Rabi,Nizamabad,Ranjal,Sunflower,124.4,0
2017-2018,Rabi,Nizamabad,Navipet,Sunflower,326.6,0
2017-2018,Rabi,Nizamabad,Kotgiri,Sunflower,1001,37
2017-2018,Rabi,Nizamabad,Rudrur,Sunflower,2.2,0
2017-2018,Rabi,Nizamabad,Varni,Sunflower,78.2,0
2017-2018,Rabi,Nizamabad,"Nizamabad North","Rape & Mustard",0,0
2017-2018,Rabi,Nizamabad,"Nizamabad South","Rape & Mustard",0,0
2017-2018,Rabi,Nizamabad,"Nizamabad Rural","Rape & Mustard",1.2,0
2017-2018,Rabi,Nizamabad,Mugpal,"Rape & Mustard",0,0
2017-2018,Rabi,Nizamabad,Dichpalle,"Rape & Mustard",3.6,1
2017-2018,Rabi,Nizamabad,Indalwai,"Rape & Mustard",0,0
2017-2018,Rabi,Nizamabad,Jakranpalle,"Rape & Mustard",0,0
2017-2018,Rabi,Nizamabad,Dharpalle,"Rape & Mustard",4.8,0
2017-2018,Rabi,Nizamabad,Sirkonda,"Rape & Mustard",6.4,9
2017-2018,Rabi,Nizamabad,Armur,"Rape & Mustard",5.2,4
2017-2018,Rabi,Nizamabad,Makloor,"Rape & Mustard",5.8,16
2017-2018,Rabi,Nizamabad,Nandipet,"Rape & Mustard",33.2,15
2017-2018,Rabi,Nizamabad,Bheemgal,"Rape & Mustard",9.6,11
2017-2018,Rabi,Nizamabad,Mortad,"Rape & Mustard",109.4,99
2017-2018,Rabi,Nizamabad,Yergatla,"Rape & Mustard",47.6,312
2017-2018,Rabi,Nizamabad,Kammarpalle,"Rape & Mustard",27.6,8
2017-2018,Rabi,Nizamabad,Balkonda,"Rape & Mustard",20.8,4
2017-2018,Rabi,Nizamabad,Mupkal,"Rape & Mustard",0.2,0
2017-2018,Rabi,Nizamabad,Mendora,"Rape & Mustard",3.6,13
2017-2018,Rabi,Nizamabad,Vailpur,"Rape & Mustard",4.6,
2017-2018,Rabi,Nizamabad,Bodhan,"Rape & Mustard",0,0
2017-2018,Rabi,Nizamabad,Yeda_Palle,"Rape & Mustard",4,0
2017-2018,Rabi,Nizamabad,Ranjal,"Rape & Mustard",0,0
2017-2018,Rabi,Nizamabad,Navipet,"Rape & Mustard",5.8,0
2017-2018,Rabi,Nizamabad,Kotgiri,"Rape & Mustard",0,0
2017-2018,Rabi,Nizamabad,Rudrur,"Rape & Mustard",0,0
2017-2018,Rabi,Nizamabad,Varni,"Rape & Mustard",0,0
2017-2018,Rabi,Nizamabad,"Nizamabad North","Sugarcane (Planted)",0,0
2017-2018,Rabi,Nizamabad,"Nizamabad South","Sugarcane (Planted)",0,0
2017-2018,Rabi,Nizamabad,"Nizamabad Rural","Sugarcane (Planted)",9.4,0
2017-2018,Rabi,Nizamabad,Mugpal,"Sugarcane (Planted)",0,0
2017-2018,Rabi,Nizamabad,Dichpalle,"Sugarcane (Planted)",9.4,0
2017-2018,Rabi,Nizamabad,Indalwai,"Sugarcane (Planted)",0,0
2017-2018,Rabi,Nizamabad,Jakranpalle,"Sugarcane (Planted)",0,0
2017-2018,Rabi,Nizamabad,Dharpalle,"Sugarcane (Planted)",6.6,0
2017-2018,Rabi,Nizamabad,Sirkonda,"Sugarcane (Planted)",8,0
2017-2018,Rabi,Nizamabad,Armur,"Sugarcane (Planted)",0,0
2017-2018,Rabi,Nizamabad,Makloor,"Sugarcane (Planted)",0.2,2
2017-2018,Rabi,Nizamabad,Nandipet,"Sugarcane (Planted)",0,0
2017-2018,Rabi,Nizamabad,Bheemgal,"Sugarcane (Planted)",0.4,0
2017-2018,Rabi,Nizamabad,Mortad,"Sugarcane (Planted)",0,0
2017-2018,Rabi,Nizamabad,Yergatla,"Sugarcane (Planted)",0,0
2017-2018,Rabi,Nizamabad,Kammarpalle,"Sugarcane (Planted)",6.2,0
2017-2018,Rabi,Nizamabad,Balkonda,"Sugarcane (Planted)",0,0
2017-2018,Rabi,Nizamabad,Mupkal,"Sugarcane (Planted)",0,0
2017-2018,Rabi,Nizamabad,Mendora,"Sugarcane (Planted)",0,0
2017-2018,Rabi,Nizamabad,Vailpur,"Sugarcane (Planted)",0,0
2017-2018,Rabi,Nizamabad,Bodhan,"Sugarcane (Planted)",242.8,128
2017-2018,Rabi,Nizamabad,Yeda_Palle,"Sugarcane (Planted)",31.2,0
2017-2018,Rabi,Nizamabad,Ranjal,"Sugarcane (Planted)",38.4,0
2017-2018,Rabi,Nizamabad,Navipet,"Sugarcane (Planted)",16,31
2017-2018,Rabi,Nizamabad,Kotgiri,"Sugarcane (Planted)",12,0
2017-2018,Rabi,Nizamabad,Rudrur,"Sugarcane (Planted)",0.2,4
2017-2018,Rabi,Nizamabad,Varni,"Sugarcane (Planted)",11,0
2017-2018,Rabi,Nizamabad,"Nizamabad North","Sugarcane (Ratoon)",0,0
2017-2018,Rabi,Nizamabad,"Nizamabad South","Sugarcane (Ratoon)",0,0
2017-2018,Rabi,Nizamabad,"Nizamabad Rural","Sugarcane (Ratoon)",7.2,0
2017-2018,Rabi,Nizamabad,Mugpal,"Sugarcane (Ratoon)",0,2
2017-2018,Rabi,Nizamabad,Dichpalle,"Sugarcane (Ratoon)",6.4,1
2017-2018,Rabi,Nizamabad,Indalwai,"Sugarcane (Ratoon)",0,0
2017-2018,Rabi,Nizamabad,Jakranpalle,"Sugarcane (Ratoon)",0,0
2017-2018,Rabi,Nizamabad,Dharpalle,"Sugarcane (Ratoon)",2.4,0
2017-2018,Rabi,Nizamabad,Sirkonda,"Sugarcane (Ratoon)",1.6,0
2017-2018,Rabi,Nizamabad,Armur,"Sugarcane (Ratoon)",0,0
2017-2018,Rabi,Nizamabad,Makloor,"Sugarcane (Ratoon)",2.6,0
2017-2018,Rabi,Nizamabad,Nandipet,"Sugarcane (Ratoon)",0.2,0
2017-2018,Rabi,Nizamabad,Bheemgal,"Sugarcane (Ratoon)",0.8,0
2017-2018,Rabi,Nizamabad,Mortad,"Sugarcane (Ratoon)",0.4,0
2017-2018,Rabi,Nizamabad,Yergatla,"Sugarcane (Ratoon)",0,0
2017-2018,Rabi,Nizamabad,Kammarpalle,"Sugarcane (Ratoon)",2.8,3
2017-2018,Rabi,Nizamabad,Balkonda,"Sugarcane (Ratoon)",0,0
2017-2018,Rabi,Nizamabad,Mupkal,"Sugarcane (Ratoon)",0,0
2017-2018,Rabi,Nizamabad,Mendora,"Sugarcane (Ratoon)",0,0
2017-2018,Rabi,Nizamabad,Vailpur,"Sugarcane (Ratoon)",0,0
2017-2018,Rabi,Nizamabad,Bodhan,"Sugarcane (Ratoon)",237.4,106
2017-2018,Rabi,Nizamabad,Yeda_Palle,"Sugarcane (Ratoon)",21,19
2017-2018,Rabi,Nizamabad,Ranjal,"Sugarcane (Ratoon)",13.2,6
2017-2018,Rabi,Nizamabad,Navipet,"Sugarcane (Ratoon)",20,2
2017-2018,Rabi,Nizamabad,Kotgiri,"Sugarcane (Ratoon)",8,0
2017-2018,Rabi,Nizamabad,Rudrur,"Sugarcane (Ratoon)",0,0
2017-2018,Rabi,Nizamabad,Varni,"Sugarcane (Ratoon)",5.6,0
2017-2018,Rabi,Nizamabad,"Nizamabad North",Tobacco,0,0
2017-2018,Rabi,Nizamabad,"Nizamabad South",Tobacco,0,0
2017-2018,Rabi,Nizamabad,"Nizamabad Rural",Tobacco,0,0
2017-2018,Rabi,Nizamabad,Mugpal,Tobacco,0,0
2017-2018,Rabi,Nizamabad,Dichpalle,Tobacco,0,0
2017-2018,Rabi,Nizamabad,Indalwai,Tobacco,0,0
2017-2018,Rabi,Nizamabad,Jakranpalle,Tobacco,0,0
2017-2018,Rabi,Nizamabad,Dharpalle,Tobacco,0,0
2017-2018,Rabi,Nizamabad,Sirkonda,Tobacco,0,0
2017-2018,Rabi,Nizamabad,Armur,Tobacco,0,0
2017-2018,Rabi,Nizamabad,Makloor,Tobacco,0,0
2017-2018,Rabi,Nizamabad,Nandipet,Tobacco,0,0
2017-2018,Rabi,Nizamabad,Bheemgal,Tobacco,0,0
2017-2018,Rabi,Nizamabad,Mortad,Tobacco,0,0
