year,season,districtname,mandalname,crop,normalareasown,actualareasown
2016-2017,Kharif,Kamareddy,Banswada,Paddy,3456.4,3254
2016-2017,Kharif,Kamareddy,Birkoor,Paddy,6589.4,5637
2016-2017,Kharif,Kamareddy,Bichkunda,Paddy,2820.6,1643
2016-2017,Kharif,Kamareddy,Madnoor,Paddy,1795.8,1750
2016-2017,Kharif,Kamareddy,Jukkal,Paddy,479.6,352
2016-2017,Kharif,Kamareddy,Pitlam,Paddy,2897,475
2016-2017,Kharif,Kamareddy,"Nizam sagar",Paddy,2742.4,210
2016-2017,Kharif,Kamareddy,Yellareddy,Paddy,2591.2,1785
2016-2017,Kharif,Kamareddy,Nagireddypet,Paddy,2537.2,1723
2016-2017,Kharif,Kamareddy,Lingampet,Paddy,2115.2,1825
2016-2017,Kharif,Kamareddy,Tadwai,Paddy,1177,710
2016-2017,Kharif,Kamareddy,Sadashivanagar,Paddy,2060.8,1530
2016-2017,Kharif,Kamareddy,Gandhari,Paddy,2255.4,732
2016-2017,Kharif,Kamareddy,Kamareddy,Paddy,1371.4,1008
2016-2017,Kharif,Kamareddy,Domakonda,Paddy,2188.4,1925
2016-2017,Kharif,Kamareddy,Biknoor,Paddy,1987.6,1680
2016-2017,Kharif,Kamareddy,Machareddy,Paddy,2297.2,2200
2016-2017,Kharif,Kamareddy,Banswada,Jowar,1.6,0
2016-2017,Kharif,Kamareddy,Birkoor,Jowar,2.8,0
2016-2017,Kharif,Kamareddy,Bichkunda,Jowar,116.6,75
2016-2017,Kharif,Kamareddy,Madnoor,Jowar,40.6,0
2016-2017,Kharif,Kamareddy,Jukkal,Jowar,518.6,165
2016-2017,Kharif,Kamareddy,Pitlam,Jowar,47.2,20
2016-2017,Kharif,Kamareddy,"Nizam sagar",Jowar,10,0
2016-2017,Kharif,Kamareddy,Yellareddy,Jowar,5,0
2016-2017,Kharif,Kamareddy,Nagireddypet,Jowar,7.8,0
2016-2017,Kharif,Kamareddy,Lingampet,Jowar,0.4,0
2016-2017,Kharif,Kamareddy,Tadwai,Jowar,0,0
2016-2017,Kharif,Kamareddy,Sadashivanagar,Jowar,0,0
2016-2017,Kharif,Kamareddy,Gandhari,Jowar,0,0
2016-2017,Kharif,Kamareddy,Kamareddy,Jowar,0,0
2016-2017,Kharif,Kamareddy,Domakonda,Jowar,0,0
2016-2017,Kharif,Kamareddy,Biknoor,Jowar,0,0
2016-2017,Kharif,Kamareddy,Machareddy,Jowar,0,0
2016-2017,Kharif,Kamareddy,Banswada,Bajra,0,0
2016-2017,Kharif,Kamareddy,Birkoor,Bajra,0,0
2016-2017,Kharif,Kamareddy,Bichkunda,Bajra,0,0
2016-2017,Kharif,Kamareddy,Madnoor,Bajra,0,0
2016-2017,Kharif,Kamareddy,Jukkal,Bajra,0,0
2016-2017,Kharif,Kamareddy,Pitlam,Bajra,0,0
2016-2017,Kharif,Kamareddy,"Nizam sagar",Bajra,0,0
2016-2017,Kharif,Kamareddy,Yellareddy,Bajra,0,0
2016-2017,Kharif,Kamareddy,Nagireddypet,Bajra,0,0
2016-2017,Kharif,Kamareddy,Lingampet,Bajra,0,0
2016-2017,Kharif,Kamareddy,Tadwai,Bajra,0,0
2016-2017,Kharif,Kamareddy,Sadashivanagar,Bajra,0,0
2016-2017,Kharif,Kamareddy,Gandhari,Bajra,0,0
2016-2017,Kharif,Kamareddy,Kamareddy,Bajra,0,0
2016-2017,Kharif,Kamareddy,Domakonda,Bajra,0,0
2016-2017,Kharif,Kamareddy,Biknoor,Bajra,0,0
2016-2017,Kharif,Kamareddy,Machareddy,Bajra,0,0
2016-2017,Kharif,Kamareddy,Banswada,Maize,616.6,106
2016-2017,Kharif,Kamareddy,Birkoor,Maize,208.4,62
2016-2017,Kharif,Kamareddy,Bichkunda,Maize,1266.4,265
2016-2017,Kharif,Kamareddy,Madnoor,Maize,3.6,0
2016-2017,Kharif,Kamareddy,Jukkal,Maize,452.2,225
2016-2017,Kharif,Kamareddy,Pitlam,Maize,2159,2050
2016-2017,Kharif,Kamareddy,"Nizam sagar",Maize,599.2,25
2016-2017,Kharif,Kamareddy,Yellareddy,Maize,348.2,362
2016-2017,Kharif,Kamareddy,Nagireddypet,Maize,317.8,150
2016-2017,Kharif,Kamareddy,Lingampet,Maize,912,1238
2016-2017,Kharif,Kamareddy,Tadwai,Maize,4663.4,5028
2016-2017,Kharif,Kamareddy,Sadashivanagar,Maize,2309.2,2660
2016-2017,Kharif,Kamareddy,Gandhari,Maize,6385.2,4732
2016-2017,Kharif,Kamareddy,Kamareddy,Maize,1199.8,1365
2016-2017,Kharif,Kamareddy,Domakonda,Maize,2477,3425
2016-2017,Kharif,Kamareddy,Biknoor,Maize,3154.6,4125
2016-2017,Kharif,Kamareddy,Machareddy,Maize,2712.6,3355
2016-2017,Kharif,Kamareddy,Banswada,"Red Gram",1.6,55
2016-2017,Kharif,Kamareddy,Birkoor,"Red Gram",8.6,50
2016-2017,Kharif,Kamareddy,Bichkunda,"Red Gram",733.8,1250
2016-2017,Kharif,Kamareddy,Madnoor,"Red Gram",776.8,1293
2016-2017,Kharif,Kamareddy,Jukkal,"Red Gram",796.4,1752
2016-2017,Kharif,Kamareddy,Pitlam,"Red Gram",198,120
2016-2017,Kharif,Kamareddy,"Nizam sagar","Red Gram",2.4,10
2016-2017,Kharif,Kamareddy,Yellareddy,"Red Gram",2,28
2016-2017,Kharif,Kamareddy,Nagireddypet,"Red Gram",1,20
2016-2017,Kharif,Kamareddy,Lingampet,"Red Gram",7.4,15
2016-2017,Kharif,Kamareddy,Tadwai,"Red Gram",42.4,213
2016-2017,Kharif,Kamareddy,Sadashivanagar,"Red Gram",193.8,360
2016-2017,Kharif,Kamareddy,Gandhari,"Red Gram",24,428
2016-2017,Kharif,Kamareddy,Kamareddy,"Red Gram",16.8,25
2016-2017,Kharif,Kamareddy,Domakonda,"Red Gram",66.8,73
2016-2017,Kharif,Kamareddy,Biknoor,"Red Gram",35.2,68
2016-2017,Kharif,Kamareddy,Machareddy,"Red Gram",67.6,42
2016-2017,Kharif,Kamareddy,Banswada,"Green Gram",6.4,55
2016-2017,Kharif,Kamareddy,Birkoor,"Green Gram",27.2,82
2016-2017,Kharif,Kamareddy,Bichkunda,"Green Gram",1216,250
2016-2017,Kharif,Kamareddy,Madnoor,"Green Gram",2797.8,430
2016-2017,Kharif,Kamareddy,Jukkal,"Green Gram",2789.2,1106
2016-2017,Kharif,Kamareddy,Pitlam,"Green Gram",372.6,60
2016-2017,Kharif,Kamareddy,"Nizam sagar","Green Gram",61.2,15
2016-2017,Kharif,Kamareddy,Yellareddy,"Green Gram",8.2,25
2016-2017,Kharif,Kamareddy,Nagireddypet,"Green Gram",5.6,30
2016-2017,Kharif,Kamareddy,Lingampet,"Green Gram",7.2,15
2016-2017,Kharif,Kamareddy,Tadwai,"Green Gram",46.4,45
2016-2017,Kharif,Kamareddy,Sadashivanagar,"Green Gram",102.2,292
2016-2017,Kharif,Kamareddy,Gandhari,"Green Gram",78.4,51
2016-2017,Kharif,Kamareddy,Kamareddy,"Green Gram",21.6,29
2016-2017,Kharif,Kamareddy,Domakonda,"Green Gram",81.2,95
2016-2017,Kharif,Kamareddy,Biknoor,"Green Gram",55,65
2016-2017,Kharif,Kamareddy,Machareddy,"Green Gram",61.8,92
2016-2017,Kharif,Kamareddy,Banswada,"Black Gram",2.4,45
2016-2017,Kharif,Kamareddy,Birkoor,"Black Gram",24,76
2016-2017,Kharif,Kamareddy,Bichkunda,"Black Gram",923.8,385
2016-2017,Kharif,Kamareddy,Madnoor,"Black Gram",2079.2,638
2016-2017,Kharif,Kamareddy,Jukkal,"Black Gram",1620.6,1320
2016-2017,Kharif,Kamareddy,Pitlam,"Black Gram",298.4,60
2016-2017,Kharif,Kamareddy,"Nizam sagar","Black Gram",30.6,20
2016-2017,Kharif,Kamareddy,Yellareddy,"Black Gram",6,26
2016-2017,Kharif,Kamareddy,Nagireddypet,"Black Gram",11.4,16
2016-2017,Kharif,Kamareddy,Lingampet,"Black Gram",11.2,12
2016-2017,Kharif,Kamareddy,Tadwai,"Black Gram",44.6,51
2016-2017,Kharif,Kamareddy,Sadashivanagar,"Black Gram",138.6,265
2016-2017,Kharif,Kamareddy,Gandhari,"Black Gram",92.8,36
2016-2017,Kharif,Kamareddy,Kamareddy,"Black Gram",21.6,27
2016-2017,Kharif,Kamareddy,Domakonda,"Black Gram",193.2,125
2016-2017,Kharif,Kamareddy,Biknoor,"Black Gram",105.8,53
2016-2017,Kharif,Kamareddy,Machareddy,"Black Gram",146.8,55
2016-2017,Kharif,Kamareddy,Banswada,"Horse Gram",0,0
2016-2017,Kharif,Kamareddy,Birkoor,"Horse Gram",0,0
2016-2017,Kharif,Kamareddy,Bichkunda,"Horse Gram",0,0
2016-2017,Kharif,Kamareddy,Madnoor,"Horse Gram",0,0
2016-2017,Kharif,Kamareddy,Jukkal,"Horse Gram",0,0
2016-2017,Kharif,Kamareddy,Pitlam,"Horse Gram",0,0
2016-2017,Kharif,Kamareddy,"Nizam sagar","Horse Gram",0,0
2016-2017,Kharif,Kamareddy,Yellareddy,"Horse Gram",0,0
2016-2017,Kharif,Kamareddy,Nagireddypet,"Horse Gram",0,0
2016-2017,Kharif,Kamareddy,Lingampet,"Horse Gram",0,0
2016-2017,Kharif,Kamareddy,Tadwai,"Horse Gram",0,0
2016-2017,Kharif,Kamareddy,Sadashivanagar,"Horse Gram",0,0
2016-2017,Kharif,Kamareddy,Gandhari,"Horse Gram",0,0
2016-2017,Kharif,Kamareddy,Kamareddy,"Horse Gram",0,0
2016-2017,Kharif,Kamareddy,Domakonda,"Horse Gram",0,0
2016-2017,Kharif,Kamareddy,Biknoor,"Horse Gram",0,0
2016-2017,Kharif,Kamareddy,Machareddy,"Horse Gram",0,0
2016-2017,Kharif,Kamareddy,Banswada,"Other pulses",0,0
2016-2017,Kharif,Kamareddy,Birkoor,"Other pulses",0,0
2016-2017,Kharif,Kamareddy,Bichkunda,"Other pulses",0,0
2016-2017,Kharif,Kamareddy,Madnoor,"Other pulses",0,0
2016-2017,Kharif,Kamareddy,Jukkal,"Other pulses",0,0
2016-2017,Kharif,Kamareddy,Pitlam,"Other pulses",0,0
2016-2017,Kharif,Kamareddy,"Nizam sagar","Other pulses",0,0
2016-2017,Kharif,Kamareddy,Yellareddy,"Other pulses",0,0
2016-2017,Kharif,Kamareddy,Nagireddypet,"Other pulses",0,0
2016-2017,Kharif,Kamareddy,Lingampet,"Other pulses",0,0
2016-2017,Kharif,Kamareddy,Tadwai,"Other pulses",0,0
2016-2017,Kharif,Kamareddy,Sadashivanagar,"Other pulses",0,145
2016-2017,Kharif,Kamareddy,Gandhari,"Other pulses",0,35
2016-2017,Kharif,Kamareddy,Kamareddy,"Other pulses",0,0
2016-2017,Kharif,Kamareddy,Domakonda,"Other pulses",0,0
2016-2017,Kharif,Kamareddy,Biknoor,"Other pulses",0,0
2016-2017,Kharif,Kamareddy,Machareddy,"Other pulses",0,0
2016-2017,Kharif,Kamareddy,Banswada,Groundnut,0,0
2016-2017,Kharif,Kamareddy,Birkoor,Groundnut,0,0
2016-2017,Kharif,Kamareddy,Bichkunda,Groundnut,0,0
2016-2017,Kharif,Kamareddy,Madnoor,Groundnut,0,0
2016-2017,Kharif,Kamareddy,Jukkal,Groundnut,0,0
2016-2017,Kharif,Kamareddy,Pitlam,Groundnut,0,0
2016-2017,Kharif,Kamareddy,"Nizam sagar",Groundnut,0,0
2016-2017,Kharif,Kamareddy,Yellareddy,Groundnut,0.2,0
2016-2017,Kharif,Kamareddy,Nagireddypet,Groundnut,0,0
2016-2017,Kharif,Kamareddy,Lingampet,Groundnut,0,0
2016-2017,Kharif,Kamareddy,Tadwai,Groundnut,0,0
2016-2017,Kharif,Kamareddy,Sadashivanagar,Groundnut,0,0
2016-2017,Kharif,Kamareddy,Gandhari,Groundnut,0,0
2016-2017,Kharif,Kamareddy,Kamareddy,Groundnut,0,0
2016-2017,Kharif,Kamareddy,Domakonda,Groundnut,0,0
2016-2017,Kharif,Kamareddy,Biknoor,Groundnut,0,0
2016-2017,Kharif,Kamareddy,Machareddy,Groundnut,0,0
2016-2017,Kharif,Kamareddy,Banswada,Soyabean,930.6,2200
2016-2017,Kharif,Kamareddy,Birkoor,Soyabean,743.4,1602
2016-2017,Kharif,Kamareddy,Bichkunda,Soyabean,6221.8,13440
2016-2017,Kharif,Kamareddy,Madnoor,Soyabean,7852.6,15250
2016-2017,Kharif,Kamareddy,Jukkal,Soyabean,5830.2,10800
2016-2017,Kharif,Kamareddy,Pitlam,Soyabean,1122,1160
2016-2017,Kharif,Kamareddy,"Nizam sagar",Soyabean,111.8,80
2016-2017,Kharif,Kamareddy,Yellareddy,Soyabean,38.6,112
2016-2017,Kharif,Kamareddy,Nagireddypet,Soyabean,46.2,55
2016-2017,Kharif,Kamareddy,Lingampet,Soyabean,617.4,850
2016-2017,Kharif,Kamareddy,Tadwai,Soyabean,4541.6,4215
2016-2017,Kharif,Kamareddy,Sadashivanagar,Soyabean,4110.4,6325
2016-2017,Kharif,Kamareddy,Gandhari,Soyabean,5077.4,12134
2016-2017,Kharif,Kamareddy,Kamareddy,Soyabean,585.6,660
2016-2017,Kharif,Kamareddy,Domakonda,Soyabean,298.6,145
2016-2017,Kharif,Kamareddy,Biknoor,Soyabean,820.2,890
2016-2017,Kharif,Kamareddy,Machareddy,Soyabean,727.4,840
2016-2017,Kharif,Kamareddy,Banswada,"Other oil seeds",0,0
2016-2017,Kharif,Kamareddy,Birkoor,"Other oil seeds",0,0
2016-2017,Kharif,Kamareddy,Bichkunda,"Other oil seeds",0,0
2016-2017,Kharif,Kamareddy,Madnoor,"Other oil seeds",0,0
2016-2017,Kharif,Kamareddy,Jukkal,"Other oil seeds",0,0
2016-2017,Kharif,Kamareddy,Pitlam,"Other oil seeds",0,0
2016-2017,Kharif,Kamareddy,"Nizam sagar","Other oil seeds",0,0
2016-2017,Kharif,Kamareddy,Yellareddy,"Other oil seeds",0,0
2016-2017,Kharif,Kamareddy,Nagireddypet,"Other oil seeds",0,0
2016-2017,Kharif,Kamareddy,Lingampet,"Other oil seeds",0,0
2016-2017,Kharif,Kamareddy,Tadwai,"Other oil seeds",0,0
2016-2017,Kharif,Kamareddy,Sadashivanagar,"Other oil seeds",0,0
2016-2017,Kharif,Kamareddy,Gandhari,"Other oil seeds",0,0
2016-2017,Kharif,Kamareddy,Kamareddy,"Other oil seeds",0,0
2016-2017,Kharif,Kamareddy,Domakonda,"Other oil seeds",0,0
2016-2017,Kharif,Kamareddy,Biknoor,"Other oil seeds",0,0
2016-2017,Kharif,Kamareddy,Machareddy,"Other oil seeds",0,0
2016-2017,Kharif,Kamareddy,Banswada,Cotton,4.4,0
2016-2017,Kharif,Kamareddy,Birkoor,Cotton,0,
2016-2017,Kharif,Kamareddy,Bichkunda,Cotton,2104.2,225
2016-2017,Kharif,Kamareddy,Madnoor,Cotton,3468,385
2016-2017,Kharif,Kamareddy,Jukkal,Cotton,3765.8,325
2016-2017,Kharif,Kamareddy,Pitlam,Cotton,865.8,65
2016-2017,Kharif,Kamareddy,"Nizam sagar",Cotton,8.8,0
2016-2017,Kharif,Kamareddy,Yellareddy,Cotton,0.2,0
2016-2017,Kharif,Kamareddy,Nagireddypet,Cotton,104.2,0
2016-2017,Kharif,Kamareddy,Lingampet,Cotton,202.8,103
2016-2017,Kharif,Kamareddy,Tadwai,Cotton,1579.6,926
2016-2017,Kharif,Kamareddy,Sadashivanagar,Cotton,1346,1820
2016-2017,Kharif,Kamareddy,Gandhari,Cotton,443.2,477
2016-2017,Kharif,Kamareddy,Kamareddy,Cotton,68.2,20
2016-2017,Kharif,Kamareddy,Domakonda,Cotton,202.8,15
2016-2017,Kharif,Kamareddy,Biknoor,Cotton,173.6,34
2016-2017,Kharif,Kamareddy,Machareddy,Cotton,361.4,67
2016-2017,Kharif,Kamareddy,Banswada,Tobacco,0,0
2016-2017,Kharif,Kamareddy,Birkoor,Tobacco,0,0
2016-2017,Kharif,Kamareddy,Bichkunda,Tobacco,0,0
2016-2017,Kharif,Kamareddy,Madnoor,Tobacco,0,0
2016-2017,Kharif,Kamareddy,Jukkal,Tobacco,0,0
2016-2017,Kharif,Kamareddy,Pitlam,Tobacco,0,0
2016-2017,Kharif,Kamareddy,"Nizam sagar",Tobacco,0,0
2016-2017,Kharif,Kamareddy,Yellareddy,Tobacco,0,0
2016-2017,Kharif,Kamareddy,Nagireddypet,Tobacco,0,0
2016-2017,Kharif,Kamareddy,Lingampet,Tobacco,0,0
2016-2017,Kharif,Kamareddy,Tadwai,Tobacco,0,0
2016-2017,Kharif,Kamareddy,Sadashivanagar,Tobacco,0,0
2016-2017,Kharif,Kamareddy,Gandhari,Tobacco,0,0
2016-2017,Kharif,Kamareddy,Kamareddy,Tobacco,0,0
2016-2017,Kharif,Kamareddy,Domakonda,Tobacco,0,0
2016-2017,Kharif,Kamareddy,Biknoor,Tobacco,0,0
2016-2017,Kharif,Kamareddy,Machareddy,Tobacco,0,0
2016-2017,Kharif,Kamareddy,Banswada,Chillies,0.2,0
2016-2017,Kharif,Kamareddy,Birkoor,Chillies,5.6,0
2016-2017,Kharif,Kamareddy,Bichkunda,Chillies,11.2,
2016-2017,Kharif,Kamareddy,Madnoor,Chillies,24.6,5
2016-2017,Kharif,Kamareddy,Jukkal,Chillies,22.8,0
2016-2017,Kharif,Kamareddy,Pitlam,Chillies,0,0
2016-2017,Kharif,Kamareddy,"Nizam sagar",Chillies,0,0
2016-2017,Kharif,Kamareddy,Yellareddy,Chillies,0,0
2016-2017,Kharif,Kamareddy,Nagireddypet,Chillies,0,0
2016-2017,Kharif,Kamareddy,Lingampet,Chillies,0,0
2016-2017,Kharif,Kamareddy,Tadwai,Chillies,4.2,0
2016-2017,Kharif,Kamareddy,Sadashivanagar,Chillies,0,45
2016-2017,Kharif,Kamareddy,Gandhari,Chillies,1.2,12
2016-2017,Kharif,Kamareddy,Kamareddy,Chillies,6.6,0
2016-2017,Kharif,Kamareddy,Domakonda,Chillies,2,0
2016-2017,Kharif,Kamareddy,Biknoor,Chillies,0,0
2016-2017,Kharif,Kamareddy,Machareddy,Chillies,0,0
2016-2017,Kharif,Kamareddy,Banswada,"Sugarcane (Planted harvest)",18.4,0
2016-2017,Kharif,Kamareddy,Birkoor,"Sugarcane (Planted harvest)",24.4,0
2016-2017,Kharif,Kamareddy,Bichkunda,"Sugarcane (Planted harvest)",44.4,85
2016-2017,Kharif,Kamareddy,Madnoor,"Sugarcane (Planted harvest)",15,45
2016-2017,Kharif,Kamareddy,Jukkal,"Sugarcane (Planted harvest)",8.4,0
2016-2017,Kharif,Kamareddy,Pitlam,"Sugarcane (Planted harvest)",38.4,32
2016-2017,Kharif,Kamareddy,"Nizam sagar","Sugarcane (Planted harvest)",51,0
2016-2017,Kharif,Kamareddy,Yellareddy,"Sugarcane (Planted harvest)",49.4,79
2016-2017,Kharif,Kamareddy,Nagireddypet,"Sugarcane (Planted harvest)",110,121
2016-2017,Kharif,Kamareddy,Lingampet,"Sugarcane (Planted harvest)",326.2,126
2016-2017,Kharif,Kamareddy,Tadwai,"Sugarcane (Planted harvest)",200.8,81
2016-2017,Kharif,Kamareddy,Sadashivanagar,"Sugarcane (Planted harvest)",518.4,200
2016-2017,Kharif,Kamareddy,Gandhari,"Sugarcane (Planted harvest)",197.8,204
2016-2017,Kharif,Kamareddy,Kamareddy,"Sugarcane (Planted harvest)",361.2,0
2016-2017,Kharif,Kamareddy,Domakonda,"Sugarcane (Planted harvest)",391.8,0
2016-2017,Kharif,Kamareddy,Biknoor,"Sugarcane (Planted harvest)",505.8,0
2016-2017,Kharif,Kamareddy,Machareddy,"Sugarcane (Planted harvest)",403.4,0
2016-2017,Kharif,Kamareddy,Banswada,"Sugarcane (Ratoon harvest)",23.4,0
2016-2017,Kharif,Kamareddy,Birkoor,"Sugarcane (Ratoon harvest)",10.2,0
2016-2017,Kharif,Kamareddy,Bichkunda,"Sugarcane (Ratoon harvest)",44.4,0
2016-2017,Kharif,Kamareddy,Madnoor,"Sugarcane (Ratoon harvest)",10,0
2016-2017,Kharif,Kamareddy,Jukkal,"Sugarcane (Ratoon harvest)",9,0
2016-2017,Kharif,Kamareddy,Pitlam,"Sugarcane (Ratoon harvest)",57.8,0
2016-2017,Kharif,Kamareddy,"Nizam sagar","Sugarcane (Ratoon harvest)",56.2,0
2016-2017,Kharif,Kamareddy,Yellareddy,"Sugarcane (Ratoon harvest)",27.2,29
2016-2017,Kharif,Kamareddy,Nagireddypet,"Sugarcane (Ratoon harvest)",132.6,165
2016-2017,Kharif,Kamareddy,Lingampet,"Sugarcane (Ratoon harvest)",174.6,260
2016-2017,Kharif,Kamareddy,Tadwai,"Sugarcane (Ratoon harvest)",85.4,17
2016-2017,Kharif,Kamareddy,Sadashivanagar,"Sugarcane (Ratoon harvest)",465,232
2016-2017,Kharif,Kamareddy,Gandhari,"Sugarcane (Ratoon harvest)",90.2,24
2016-2017,Kharif,Kamareddy,Kamareddy,"Sugarcane (Ratoon harvest)",253.2,626
2016-2017,Kharif,Kamareddy,Domakonda,"Sugarcane (Ratoon harvest)",322.8,667
2016-2017,Kharif,Kamareddy,Biknoor,"Sugarcane (Ratoon harvest)",430.4,956
2016-2017,Kharif,Kamareddy,Machareddy,"Sugarcane (Ratoon harvest)",275.8,391
2016-2017,Kharif,Kamareddy,Banswada,Onion,0,0
2016-2017,Kharif,Kamareddy,Birkoor,Onion,0,0
2016-2017,Kharif,Kamareddy,Bichkunda,Onion,6,0
2016-2017,Kharif,Kamareddy,Madnoor,Onion,8,0
2016-2017,Kharif,Kamareddy,Jukkal,Onion,0,0
2016-2017,Kharif,Kamareddy,Pitlam,Onion,0.6,0
2016-2017,Kharif,Kamareddy,"Nizam sagar",Onion,0,0
2016-2017,Kharif,Kamareddy,Yellareddy,Onion,0,6
2016-2017,Kharif,Kamareddy,Nagireddypet,Onion,0,12
2016-2017,Kharif,Kamareddy,Lingampet,Onion,0,0
2016-2017,Kharif,Kamareddy,Tadwai,Onion,0,0
2016-2017,Kharif,Kamareddy,Sadashivanagar,Onion,0,15
2016-2017,Kharif,Kamareddy,Gandhari,Onion,0,0
2016-2017,Kharif,Kamareddy,Kamareddy,Onion,0,0
2016-2017,Kharif,Kamareddy,Domakonda,Onion,0,0
2016-2017,Kharif,Kamareddy,Biknoor,Onion,0,0
2016-2017,Kharif,Kamareddy,Machareddy,Onion,0,0
2016-2017,Kharif,Kamareddy,Banswada,Turmeric,0,0
2016-2017,Kharif,Kamareddy,Birkoor,Turmeric,2.4,0
2016-2017,Kharif,Kamareddy,Bichkunda,Turmeric,11.8,0
2016-2017,Kharif,Kamareddy,Madnoor,Turmeric,1.2,0
2016-2017,Kharif,Kamareddy,Jukkal,Turmeric,20,0
2016-2017,Kharif,Kamareddy,Pitlam,Turmeric,5.6,3
2016-2017,Kharif,Kamareddy,"Nizam sagar",Turmeric,4.4,0
2016-2017,Kharif,Kamareddy,Yellareddy,Turmeric,3.6,0
2016-2017,Kharif,Kamareddy,Nagireddypet,Turmeric,0.2,0
2016-2017,Kharif,Kamareddy,Lingampet,Turmeric,3.6,0
2016-2017,Kharif,Kamareddy,Tadwai,Turmeric,13.6,0
2016-2017,Kharif,Kamareddy,Sadashivanagar,Turmeric,2,12
2016-2017,Kharif,Kamareddy,Gandhari,Turmeric,7.2,18
2016-2017,Kharif,Kamareddy,Kamareddy,Turmeric,36,0
2016-2017,Kharif,Kamareddy,Domakonda,Turmeric,0.8,0
2016-2017,Kharif,Kamareddy,Biknoor,Turmeric,2.2,0
2016-2017,Kharif,Kamareddy,Machareddy,Turmeric,0,0
2016-2017,Kharif,Kamareddy,Banswada,"Other food crops",1.6,0
2016-2017,Kharif,Kamareddy,Birkoor,"Other food crops",28.4,16
2016-2017,Kharif,Kamareddy,Bichkunda,"Other food crops",57,0
2016-2017,Kharif,Kamareddy,Madnoor,"Other food crops",75.6,0
2016-2017,Kharif,Kamareddy,Jukkal,"Other food crops",19.6,0
2016-2017,Kharif,Kamareddy,Pitlam,"Other food crops",13.2,0
2016-2017,Kharif,Kamareddy,"Nizam sagar","Other food crops",15.2,0
2016-2017,Kharif,Kamareddy,Yellareddy,"Other food crops",39.2,49
2016-2017,Kharif,Kamareddy,Nagireddypet,"Other food crops",44.2,22
2016-2017,Kharif,Kamareddy,Lingampet,"Other food crops",15.6,0
2016-2017,Kharif,Kamareddy,Tadwai,"Other food crops",96,0
2016-2017,Kharif,Kamareddy,Sadashivanagar,"Other food crops",72,145
2016-2017,Kharif,Kamareddy,Gandhari,"Other food crops",23.4,155
2016-2017,Kharif,Kamareddy,Kamareddy,"Other food crops",80.6,120
2016-2017,Kharif,Kamareddy,Domakonda,"Other food crops",94.8,25
2016-2017,Kharif,Kamareddy,Biknoor,"Other food crops",128.4,140
2016-2017,Kharif,Kamareddy,Machareddy,"Other food crops",55,10
2016-2017,Kharif,Kamareddy,Banswada,"Other non-food crops",0,0
2016-2017,Kharif,Kamareddy,Birkoor,"Other non-food crops",0,0
2016-2017,Kharif,Kamareddy,Bichkunda,"Other non-food crops",0,0
2016-2017,Kharif,Kamareddy,Madnoor,"Other non-food crops",0,0
2016-2017,Kharif,Kamareddy,Jukkal,"Other non-food crops",0,0
2016-2017,Kharif,Kamareddy,Pitlam,"Other non-food crops",0,0
2016-2017,Kharif,Kamareddy,"Nizam sagar","Other non-food crops",0.6,0
2016-2017,Kharif,Kamareddy,Yellareddy,"Other non-food crops",1.6,0
2016-2017,Kharif,Kamareddy,Nagireddypet,"Other non-food crops",4.4,0
2016-2017,Kharif,Kamareddy,Lingampet,"Other non-food crops",0,0
2016-2017,Kharif,Kamareddy,Tadwai,"Other non-food crops",25,0
2016-2017,Kharif,Kamareddy,Sadashivanagar,"Other non-food crops",0,0
2016-2017,Kharif,Kamareddy,Gandhari,"Other non-food crops",0,0
2016-2017,Kharif,Kamareddy,Kamareddy,"Other non-food crops",9,0
2016-2017,Kharif,Kamareddy,Domakonda,"Other non-food crops",0,0
2016-2017,Kharif,Kamareddy,Biknoor,"Other non-food crops",0,0
2016-2017,Kharif,Kamareddy,Machareddy,"Other non-food crops",0,0
2016-2017,Kharif,Kamareddy,Banswada,Total,5063.6,5715
2016-2017,Kharif,Kamareddy,Birkoor,Total,7674.8,7525
2016-2017,Kharif,Kamareddy,Bichkunda,Total,15578,17618
2016-2017,Kharif,Kamareddy,Madnoor,Total,18948.8,19796
2016-2017,Kharif,Kamareddy,Jukkal,Total,16332.4,16045
2016-2017,Kharif,Kamareddy,Pitlam,Total,8075.6,4045
2016-2017,Kharif,Kamareddy,"Nizam sagar",Total,3693.8,360
2016-2017,Kharif,Kamareddy,Yellareddy,Total,3119.6,2501
2016-2017,Kharif,Kamareddy,Nagireddypet,Total,3320.8,2314
2016-2017,Kharif,Kamareddy,Lingampet,Total,4393.6,4444
2016-2017,Kharif,Kamareddy,Tadwai,Total,12507,11286
2016-2017,Kharif,Kamareddy,Sadashivanagar,Total,11318.4,14046
2016-2017,Kharif,Kamareddy,Gandhari,Total,14676,19038
2016-2017,Kharif,Kamareddy,Kamareddy,Total,4031,3880
2016-2017,Kharif,Kamareddy,Domakonda,Total,6320.2,6495
2016-2017,Kharif,Kamareddy,Biknoor,Total,7398.8,8011
2016-2017,Kharif,Kamareddy,Machareddy,Total,7109,7052
