year,season,districtname,mandalname,crop,normalareasown,actualareasown
2016-2017,Kharif,Medchal,Medchal,Paddy,725,220
2016-2017,Kharif,Medchal,Shamirpet,Paddy,599,240
2016-2017,Kharif,Medchal,Keesara,Paddy,428,386
2016-2017,Kharif,Medchal,Ghatkesar,Paddy,1026,985
2016-2017,Kharif,Medchal,Qutbullapur,Paddy,279,40
2016-2017,Kharif,Medchal,Medchal,Maize,350,355
2016-2017,Kharif,Medchal,Shamirpet,Maize,538,750
2016-2017,Kharif,Medchal,Keesara,Maize,21,50
2016-2017,Kharif,Medchal,Ghatkesar,Maize,1,1
2016-2017,Kharif,Medchal,Qutbullapur,Maize,51,108
2016-2017,Kharif,Medchal,Medchal,Jowar,15,15
2016-2017,Kharif,Medchal,Shamirpet,Jowar,24,20
2016-2017,Kharif,Medchal,Keesara,Jowar,3,2
2016-2017,Kharif,Medchal,Ghatkesar,Jowar,2,1
2016-2017,Kharif,Medchal,Qutbullapur,Jowar,3,0
2016-2017,Kharif,Medchal,Medchal,"Red Gram",24,23
2016-2017,Kharif,Medchal,Shamirpet,"Red Gram",51,95
2016-2017,Kharif,Medchal,Keesara,"Red Gram",1,66
2016-2017,Kharif,Medchal,Ghatkesar,"Red Gram",1,1
2016-2017,Kharif,Medchal,Qutbullapur,"Red Gram",12,20
2016-2017,Kharif,Medchal,Medchal,"Green Gram",0,0
2016-2017,Kharif,Medchal,Shamirpet,"Green Gram",1,20
2016-2017,Kharif,Medchal,Keesara,"Green Gram",0,0
2016-2017,Kharif,Medchal,Ghatkesar,"Green Gram",0,0
2016-2017,Kharif,Medchal,Qutbullapur,"Green Gram",0,0
2016-2017,Kharif,Medchal,Medchal,Chillies,0,0
2016-2017,Kharif,Medchal,Shamirpet,Chillies,1,0
2016-2017,Kharif,Medchal,Keesara,Chillies,0,0
2016-2017,Kharif,Medchal,Ghatkesar,Chillies,0,0
2016-2017,Kharif,Medchal,Qutbullapur,Chillies,0,0
2016-2017,Kharif,Medchal,Medchal,Cotton,10,4
2016-2017,Kharif,Medchal,Shamirpet,Cotton,106,50
2016-2017,Kharif,Medchal,Keesara,Cotton,4,0
2016-2017,Kharif,Medchal,Ghatkesar,Cotton,0,0
2016-2017,Kharif,Medchal,Qutbullapur,Cotton,5,8
2016-2017,Kharif,Medchal,Medchal,Castor,3,0
2016-2017,Kharif,Medchal,Shamirpet,Castor,14,2
2016-2017,Kharif,Medchal,Keesara,Castor,0,0
2016-2017,Kharif,Medchal,Ghatkesar,Castor,0,0
2016-2017,Kharif,Medchal,Qutbullapur,Castor,0,0
2016-2017,Kharif,Medchal,Medchal,Soyabean,0,0
2016-2017,Kharif,Medchal,Shamirpet,Soyabean,11,0
2016-2017,Kharif,Medchal,Keesara,Soyabean,0,0
2016-2017,Kharif,Medchal,Ghatkesar,Soyabean,0,0
2016-2017,Kharif,Medchal,Qutbullapur,Soyabean,0,0
2016-2017,Kharif,Medchal,Medchal,"Other food crops",464,323
2016-2017,Kharif,Medchal,Shamirpet,"Other food crops",1202,1100
2016-2017,Kharif,Medchal,Keesara,"Other food crops",208,393
2016-2017,Kharif,Medchal,Ghatkesar,"Other food crops",178,106
2016-2017,Kharif,Medchal,Qutbullapur,"Other food crops",159,106
2016-2017,Kharif,Medchal,Medchal,"Other non-food crops",20,8
2016-2017,Kharif,Medchal,Shamirpet,"Other non-food crops",135,98
2016-2017,Kharif,Medchal,Keesara,"Other non-food crops",17,10
2016-2017,Kharif,Medchal,Ghatkesar,"Other non-food crops",397,336
2016-2017,Kharif,Medchal,Qutbullapur,"Other non-food crops",10,8
2016-2017,Kharif,Medchal,Medchal,Total,1611,948
2016-2017,Kharif,Medchal,Shamirpet,Total,2682,2375
2016-2017,Kharif,Medchal,Keesara,Total,682,907
2016-2017,Kharif,Medchal,Ghatkesar,Total,1605,1430
2016-2017,Kharif,Medchal,Qutbullapur,Total,519,290
